{"type": "FeatureCollection", "features": [{"type": "Feature", "geometry": {"type": "LineString", "coordinates": [[-82.4089, 23.0047], [-80.287, 25.7959]]}, "properties": {"locationID": "rte001", "Location/feature name (incl. historical names)": "Havana - Miami international airport", "COMPLETE": "TRUE", "Geometry type": "line", "Geography type": "route", "Country": "", "Region": "", "State/Province": "", "County": "", "City": "Havana - Miami international airport", "Neighborhood (incl. boroughs)": "", "Street address": "", "Notes": "", "Source": ""}}, {"type": "Feature", "geometry": {"type": "LineString", "coordinates": [[-82.45873, 27.95171, 0], [-82.45906, 27.95245, 0], [-82.45936, 27.95319, 0], [-82.45941, 27.95329, 0], [-82.45946, 27.95342, 0], [-82.45947, 27.95347, 0], [-82.45948, 27.95349, 0], [-82.45949, 27.95352, 0], [-82.4595, 27.95357, 0], [-82.45951, 27.9536, 0], [-82.45951, 27.95481, 0], [-82.45952, 27.95491, 0], [-82.45952, 27.95526, 0], [-82.45951, 27.95542, 0], [-82.4595, 27.95544, 0], [-82.4595, 27.95716, 0], [-82.45949, 27.95729, 0], [-82.45956, 27.95729, 0], [-82.45984, 27.95727, 0], [-82.46011, 27.95719, 0], [-82.46021, 27.95715, 0], [-82.46069, 27.9571, 0], [-82.46093, 27.9571, 0], [-82.46105, 27.95706, 0], [-82.46113, 27.95702, 0], [-82.46116, 27.957, 0], [-82.4612, 27.95698, 0], [-82.46123, 27.95697, 0], [-82.46125, 27.95697, 0], [-82.4613, 27.95695, 0], [-82.46136, 27.95693, 0], [-82.46139, 27.95693, 0], [-82.46143, 27.95692, 0], [-82.46144, 27.95692, 0], [-82.46151, 27.95691, 0], [-82.46154, 27.95691, 0], [-82.46163, 27.9569, 0], [-82.4619, 27.95688, 0], [-82.46213, 27.95685, 0], [-82.46217, 27.95685, 0], [-82.46257, 27.95681, 0], [-82.46264, 27.95681, 0], [-82.46312, 27.95676, 0], [-82.46326, 27.95675, 0], [-82.46328, 27.95674, 0], [-82.4633, 27.95674, 0], [-82.46336, 27.95673, 0], [-82.46354, 27.95671, 0], [-82.46379, 27.95666, 0], [-82.46386, 27.95665, 0], [-82.46434, 27.95653, 0], [-82.46445, 27.95651, 0], [-82.46447, 27.9565, 0], [-82.46449, 27.9565, 0], [-82.46455, 27.95649, 0], [-82.46458, 27.95648, 0], [-82.46459, 27.95648, 0], [-82.46464, 27.95647, 0], [-82.46465, 27.95647, 0], [-82.46484, 27.95633, 0], [-82.46494, 27.95631, 0], [-82.46503, 27.9563, 0], [-82.46522, 27.95627, 0], [-82.46548, 27.95622, 0], [-82.46573, 27.95618, 0], [-82.46576, 27.95617, 0], [-82.46611, 27.95611, 0], [-82.46639, 27.95608, 0], [-82.46714, 27.95605, 0], [-82.46739, 27.95606, 0], [-82.4675, 27.95606, 0], [-82.46773, 27.95608, 0], [-82.4681, 27.9561, 0], [-82.46821, 27.9561, 0], [-82.46828, 27.95611, 0], [-82.46848, 27.95612, 0], [-82.46861, 27.95612, 0], [-82.46873, 27.95613, 0], [-82.4692, 27.95615, 0], [-82.46947, 27.95617, 0], [-82.46961, 27.95617, 0], [-82.47, 27.9562, 0], [-82.47084, 27.95623, 0], [-82.47096, 27.95623, 0], [-82.4713, 27.95624, 0], [-82.47198, 27.95624, 0], [-82.47213, 27.95623, 0], [-82.47244, 27.95623, 0], [-82.47251, 27.95622, 0], [-82.47261, 27.95622, 0], [-82.4727, 27.95621, 0], [-82.47282, 27.95621, 0], [-82.473, 27.9562, 0], [-82.47318, 27.9562, 0], [-82.47421, 27.95616, 0], [-82.47431, 27.95615, 0], [-82.47457, 27.95615, 0], [-82.47467, 27.95614, 0], [-82.4752, 27.95613, 0], [-82.47562, 27.95613, 0], [-82.47594, 27.95612, 0], [-82.47709, 27.95612, 0], [-82.47759, 27.95613, 0], [-82.47788, 27.95613, 0], [-82.47818, 27.95614, 0], [-82.47827, 27.95614, 0], [-82.4783, 27.95615, 0], [-82.47852, 27.95615, 0], [-82.47887, 27.95616, 0], [-82.47925, 27.95618, 0], [-82.47951, 27.95618, 0], [-82.47978, 27.95619, 0], [-82.48191, 27.95623, 0], [-82.4826, 27.95623, 0], [-82.48267, 27.95624, 0], [-82.48337, 27.95624, 0], [-82.48362, 27.95625, 0], [-82.48416, 27.95625, 0], [-82.48466, 27.95626, 0], [-82.48544, 27.95626, 0], [-82.48576, 27.95627, 0], [-82.48857, 27.95629, 0], [-82.48869, 27.9563, 0], [-82.49033, 27.95631, 0], [-82.49071, 27.95632, 0], [-82.49307, 27.95633, 0], [-82.49309, 27.95632, 0], [-82.49381, 27.95632, 0], [-82.49527, 27.95628, 0], [-82.49652, 27.95623, 0], [-82.49667, 27.95622, 0], [-82.49698, 27.95622, 0], [-82.49718, 27.95621, 0], [-82.49735, 27.95621, 0], [-82.49749, 27.9562, 0], [-82.49919, 27.9562, 0], [-82.49997, 27.95622, 0], [-82.50143, 27.95622, 0], [-82.50212, 27.95618, 0], [-82.50223, 27.95617, 0], [-82.50238, 27.95615, 0], [-82.5025, 27.95614, 0], [-82.50309, 27.95606, 0], [-82.50354, 27.95598, 0], [-82.50385, 27.95591, 0], [-82.50401, 27.95589, 0], [-82.50427, 27.95582, 0], [-82.50434, 27.95581, 0], [-82.50442, 27.95579, 0], [-82.50453, 27.95575, 0], [-82.50458, 27.95574, 0], [-82.50465, 27.95572, 0], [-82.50519, 27.95554, 0], [-82.5057, 27.95535, 0], [-82.50585, 27.9553, 0], [-82.50665, 27.95495, 0], [-82.50715, 27.95469, 0], [-82.50723, 27.95464, 0], [-82.50729, 27.95461, 0], [-82.50828, 27.95404, 0], [-82.50832, 27.95402, 0], [-82.50966, 27.95325, 0], [-82.50972, 27.95322, 0], [-82.5111, 27.95242, 0], [-82.51116, 27.95239, 0], [-82.51123, 27.95235, 0], [-82.51127, 27.95233, 0], [-82.5114, 27.95225, 0], [-82.512, 27.95191, 0], [-82.51208, 27.95187, 0], [-82.5122, 27.95179, 0], [-82.51242, 27.95168, 0], [-82.51248, 27.95166, 0], [-82.51284, 27.95148, 0], [-82.51293, 27.95145, 0], [-82.51331, 27.95129, 0], [-82.51379, 27.95112, 0], [-82.51442, 27.95094, 0], [-82.51484, 27.95084, 0], [-82.51508, 27.9508, 0], [-82.51523, 27.95078, 0], [-82.5156, 27.95072, 0], [-82.51593, 27.95069, 0], [-82.51626, 27.95067, 0], [-82.51632, 27.95067, 0], [-82.5165, 27.95066, 0], [-82.51727, 27.95066, 0], [-82.5175, 27.95067, 0], [-82.51822, 27.95067, 0], [-82.52068, 27.95072, 0], [-82.52092, 27.95072, 0], [-82.52103, 27.95073, 0], [-82.52126, 27.95074, 0], [-82.52151, 27.95074, 0], [-82.52174, 27.95075, 0], [-82.52193, 27.95074, 0], [-82.52211, 27.95074, 0], [-82.52233, 27.95073, 0], [-82.52262, 27.9507, 0], [-82.52289, 27.95066, 0], [-82.52306, 27.95063, 0], [-82.5234, 27.95056, 0], [-82.52388, 27.95043, 0], [-82.52397, 27.95041, 0], [-82.52424, 27.95033, 0], [-82.52457, 27.95024, 0], [-82.52476, 27.95018, 0], [-82.52577, 27.94983, 0], [-82.52621, 27.94967, 0], [-82.5263, 27.94963, 0], [-82.52673, 27.94948, 0], [-82.52697, 27.94939, 0], [-82.5274, 27.94924, 0], [-82.52752, 27.94926, 0], [-82.52764, 27.94924, 0], [-82.5278, 27.94919, 0], [-82.52782, 27.94919, 0], [-82.52784, 27.94918, 0], [-82.52857, 27.94897, 0], [-82.52881, 27.94889, 0], [-82.52893, 27.94886, 0], [-82.52926, 27.94876, 0], [-82.52931, 27.94875, 0], [-82.52946, 27.9487, 0], [-82.52988, 27.94858, 0], [-82.53, 27.94854, 0], [-82.53014, 27.9485, 0], [-82.53025, 27.94848, 0], [-82.53029, 27.94847, 0], [-82.53038, 27.94844, 0], [-82.53053, 27.94842, 0], [-82.53058, 27.94842, 0], [-82.53064, 27.94841, 0], [-82.53084, 27.94841, 0], [-82.53113, 27.94845, 0], [-82.53117, 27.94847, 0], [-82.53122, 27.94848, 0], [-82.53127, 27.9485, 0], [-82.53134, 27.94852, 0], [-82.53148, 27.94859, 0], [-82.53152, 27.9486, 0], [-82.53157, 27.94863, 0], [-82.53162, 27.94867, 0], [-82.53168, 27.94871, 0], [-82.53172, 27.94873, 0], [-82.53176, 27.94877, 0], [-82.53181, 27.94881, 0], [-82.53197, 27.94897, 0], [-82.53202, 27.94901, 0], [-82.53205, 27.94905, 0], [-82.53215, 27.94915, 0], [-82.53216, 27.94915, 0], [-82.5323, 27.94919, 0], [-82.53235, 27.94926, 0], [-82.53242, 27.94933, 0], [-82.5326, 27.94953, 0], [-82.53279, 27.94972, 0], [-82.53299, 27.94993, 0], [-82.53304, 27.94997, 0], [-82.53308, 27.95001, 0], [-82.53336, 27.95033, 0], [-82.53339, 27.95037, 0], [-82.53347, 27.95046, 0], [-82.53352, 27.95054, 0], [-82.53358, 27.95061, 0], [-82.5336, 27.95065, 0], [-82.53363, 27.95069, 0], [-82.53369, 27.95078, 0], [-82.53373, 27.95085, 0], [-82.53383, 27.95101, 0], [-82.53389, 27.95113, 0], [-82.53394, 27.95122, 0], [-82.53399, 27.95132, 0], [-82.53411, 27.95153, 0], [-82.53429, 27.95187, 0], [-82.53441, 27.95207, 0], [-82.5345, 27.95225, 0], [-82.53461, 27.95244, 0], [-82.53465, 27.9525, 0], [-82.53477, 27.95271, 0], [-82.53509, 27.9532, 0], [-82.53511, 27.95324, 0], [-82.5353, 27.95353, 0], [-82.53535, 27.9536, 0], [-82.5357, 27.95415, 0], [-82.53616, 27.95483, 0], [-82.53624, 27.95496, 0], [-82.53634, 27.95509, 0], [-82.5365, 27.95531, 0], [-82.53658, 27.95541, 0], [-82.53665, 27.95551, 0], [-82.53666, 27.95552, 0], [-82.53676, 27.95565, 0], [-82.53683, 27.95573, 0], [-82.5369, 27.95582, 0], [-82.53735, 27.95633, 0], [-82.53751, 27.95649, 0], [-82.53758, 27.95657, 0], [-82.53767, 27.95666, 0], [-82.53785, 27.95682, 0], [-82.53793, 27.9569, 0], [-82.53801, 27.95697, 0], [-82.53823, 27.95714, 0], [-82.53842, 27.9573, 0], [-82.5385, 27.95735, 0], [-82.53877, 27.95754, 0], [-82.53883, 27.95757, 0], [-82.53892, 27.95764, 0], [-82.53904, 27.9577, 0], [-82.53908, 27.95773, 0], [-82.53924, 27.95781, 0], [-82.53933, 27.95786, 0], [-82.53957, 27.95798, 0], [-82.5398, 27.95808, 0], [-82.53993, 27.95813, 0], [-82.54019, 27.95824, 0], [-82.5402, 27.95824, 0], [-82.54043, 27.95832, 0], [-82.54045, 27.95833, 0], [-82.54151, 27.95864, 0], [-82.54172, 27.95871, 0], [-82.54219, 27.95885, 0], [-82.54244, 27.95895, 0], [-82.54255, 27.95899, 0], [-82.54275, 27.95907, 0], [-82.54303, 27.95919, 0], [-82.54358, 27.95948, 0], [-82.54381, 27.95962, 0], [-82.54385, 27.95965, 0], [-82.54395, 27.95971, 0], [-82.54406, 27.95979, 0], [-82.54421, 27.95989, 0], [-82.54457, 27.96017, 0], [-82.54472, 27.9603, 0], [-82.54502, 27.96058, 0], [-82.54517, 27.96074, 0], [-82.54528, 27.96085, 0], [-82.54541, 27.961, 0], [-82.54555, 27.96118, 0], [-82.54562, 27.96126, 0], [-82.54569, 27.96136, 0], [-82.54576, 27.96145, 0], [-82.54587, 27.96162, 0], [-82.5459, 27.96166, 0], [-82.54595, 27.96175, 0], [-82.54599, 27.96183, 0], [-82.54604, 27.9619, 0], [-82.54609, 27.962, 0], [-82.54614, 27.96208, 0], [-82.54626, 27.96232, 0], [-82.54631, 27.96241, 0], [-82.54638, 27.96255, 0], [-82.54641, 27.96263, 0], [-82.54642, 27.96264, 0], [-82.54659, 27.96309, 0], [-82.54665, 27.96328, 0], [-82.54666, 27.9633, 0], [-82.54668, 27.96338, 0], [-82.54675, 27.96361, 0], [-82.5468, 27.96384, 0], [-82.54683, 27.96394, 0], [-82.54686, 27.96407, 0], [-82.5469, 27.96431, 0], [-82.54692, 27.9644, 0], [-82.54694, 27.96457, 0], [-82.54696, 27.96468, 0], [-82.54701, 27.96517, 0], [-82.54703, 27.9653, 0], [-82.54703, 27.9654, 0], [-82.54705, 27.96555, 0], [-82.54707, 27.96588, 0], [-82.54707, 27.96611, 0], [-82.54708, 27.96626, 0], [-82.54708, 27.96687, 0], [-82.54707, 27.96696, 0], [-82.54707, 27.96715, 0], [-82.54704, 27.96765, 0], [-82.54701, 27.968, 0], [-82.54696, 27.96834, 0], [-82.54693, 27.96861, 0], [-82.54685, 27.96915, 0], [-82.5468, 27.96944, 0], [-82.54679, 27.96954, 0], [-82.54677, 27.96962, 0], [-82.54675, 27.96975, 0], [-82.54673, 27.96985, 0], [-82.54672, 27.96995, 0], [-82.54671, 27.97001, 0], [-82.54669, 27.97009, 0], [-82.54666, 27.97032, 0], [-82.54664, 27.97041, 0], [-82.54664, 27.97044, 0], [-82.54663, 27.97048, 0], [-82.54663, 27.97051, 0], [-82.5466, 27.9707, 0], [-82.5466, 27.97078, 0], [-82.54655, 27.97118, 0], [-82.54655, 27.97126, 0], [-82.54654, 27.97133, 0], [-82.54651, 27.97172, 0], [-82.54651, 27.97181, 0], [-82.5465, 27.97191, 0], [-82.54649, 27.9728, 0], [-82.54647, 27.97353, 0], [-82.54647, 27.97366, 0], [-82.5464, 27.97643, 0], [-82.54639, 27.97908, 0], [-82.54638, 27.97933, 0], [-82.54638, 27.97962, 0], [-82.54635, 27.98041, 0], [-82.54633, 27.98132, 0], [-82.54632, 27.98143, 0], [-82.54632, 27.98153, 0], [-82.54625, 27.98291, 0], [-82.54619, 27.98358, 0], [-82.54614, 27.98428, 0], [-82.54613, 27.98463, 0], [-82.5461, 27.98498, 0], [-82.54609, 27.985, 0], [-82.54607, 27.98526, 0], [-82.54603, 27.98566, 0], [-82.54602, 27.98583, 0], [-82.54601, 27.9859, 0], [-82.54598, 27.98627, 0], [-82.54598, 27.98634, 0], [-82.54597, 27.98649, 0], [-82.54597, 27.98652, 0], [-82.54596, 27.9866, 0], [-82.54593, 27.98704, 0], [-82.54593, 27.98715, 0], [-82.54592, 27.98723, 0], [-82.54592, 27.98733, 0], [-82.54581, 27.98919, 0], [-82.54575, 27.99053, 0], [-82.54574, 27.99066, 0], [-82.54574, 27.99085, 0], [-82.54573, 27.99091, 0], [-82.54573, 27.99197, 0], [-82.54575, 27.99271, 0], [-82.54577, 27.9931, 0], [-82.54578, 27.9932, 0], [-82.54579, 27.99349, 0], [-82.54582, 27.99389, 0], [-82.54582, 27.99404, 0], [-82.54587, 27.99509, 0], [-82.54587, 27.99513, 0], [-82.54588, 27.99523, 0], [-82.54588, 27.99589, 0], [-82.54587, 27.99603, 0], [-82.54587, 27.99616, 0], [-82.54584, 27.99664, 0], [-82.5458, 27.9971, 0], [-82.54576, 27.9974, 0], [-82.54576, 27.99746, 0], [-82.54573, 27.99769, 0], [-82.54554, 27.99871, 0], [-82.54553, 27.99872, 0], [-82.54552, 27.9988, 0], [-82.54548, 27.99898, 0], [-82.54545, 27.99915, 0], [-82.54541, 27.99932, 0], [-82.54536, 27.99958, 0], [-82.54535, 27.99962, 0], [-82.54533, 27.99974, 0], [-82.54529, 27.99992, 0], [-82.54523, 28.00024, 0], [-82.54519, 28.0004, 0], [-82.5451, 28.00085, 0], [-82.545, 28.0014, 0], [-82.54499, 28.00151, 0], [-82.54497, 28.00165, 0], [-82.54493, 28.00233, 0], [-82.54493, 28.00273, 0], [-82.54494, 28.00283, 0], [-82.54495, 28.003, 0], [-82.54498, 28.00331, 0], [-82.54502, 28.0036, 0], [-82.54504, 28.00378, 0], [-82.54507, 28.00393, 0], [-82.54528, 28.00518, 0], [-82.5453, 28.00528, 0], [-82.5453, 28.00531, 0], [-82.54532, 28.00539, 0], [-82.54533, 28.00548, 0], [-82.5454, 28.00585, 0], [-82.54549, 28.00638, 0], [-82.54551, 28.00652, 0], [-82.54553, 28.00663, 0], [-82.54555, 28.00677, 0], [-82.54555, 28.00678, 0], [-82.54562, 28.00746, 0], [-82.54562, 28.00762, 0], [-82.54564, 28.00808, 0], [-82.54563, 28.00827, 0], [-82.54563, 28.00839, 0], [-82.54559, 28.00889, 0], [-82.54558, 28.0092, 0], [-82.54553, 28.01002, 0], [-82.54553, 28.01008, 0], [-82.54552, 28.0102, 0], [-82.54542, 28.01203, 0], [-82.54541, 28.01244, 0], [-82.54536, 28.01351, 0], [-82.54535, 28.01357, 0], [-82.54535, 28.0137, 0], [-82.54533, 28.01417, 0], [-82.54532, 28.01428, 0], [-82.54531, 28.01456, 0], [-82.54531, 28.01469, 0], [-82.54528, 28.01517, 0], [-82.54525, 28.01594, 0], [-82.54523, 28.01625, 0], [-82.54523, 28.01652, 0], [-82.54522, 28.01679, 0], [-82.54522, 28.01707, 0], [-82.54517, 28.01809, 0], [-82.54514, 28.01839, 0], [-82.54514, 28.01842, 0], [-82.54512, 28.01855, 0], [-82.5451, 28.01861, 0], [-82.54509, 28.01869, 0], [-82.54504, 28.0189, 0], [-82.54502, 28.01895, 0], [-82.54489, 28.01941, 0], [-82.54478, 28.01976, 0], [-82.54453, 28.02049, 0], [-82.54453, 28.02051, 0], [-82.54446, 28.02075, 0], [-82.54435, 28.02107, 0], [-82.54431, 28.02125, 0], [-82.54426, 28.02189, 0], [-82.54426, 28.02214, 0], [-82.54425, 28.02236, 0], [-82.54426, 28.02247, 0], [-82.54426, 28.02276, 0], [-82.54427, 28.02283, 0], [-82.54427, 28.02355, 0], [-82.54426, 28.0238, 0], [-82.54425, 28.02612, 0], [-82.54424, 28.02625, 0], [-82.54424, 28.02742, 0], [-82.54423, 28.02754, 0], [-82.54423, 28.02846, 0], [-82.54422, 28.02857, 0], [-82.54422, 28.02965, 0], [-82.54421, 28.02999, 0], [-82.54421, 28.03067, 0], [-82.5442, 28.0309, 0], [-82.5442, 28.03168, 0], [-82.54421, 28.03175, 0], [-82.54421, 28.03183, 0], [-82.54422, 28.03188, 0], [-82.54422, 28.03194, 0], [-82.54425, 28.03215, 0], [-82.54427, 28.03224, 0], [-82.54428, 28.0323, 0], [-82.54429, 28.03234, 0], [-82.5443, 28.03241, 0], [-82.54431, 28.03245, 0], [-82.54432, 28.03252, 0], [-82.54433, 28.03256, 0], [-82.54435, 28.03262, 0], [-82.54438, 28.03274, 0], [-82.5444, 28.03279, 0], [-82.54441, 28.03284, 0], [-82.54448, 28.03303, 0], [-82.54449, 28.03308, 0], [-82.54453, 28.03319, 0], [-82.54457, 28.03327, 0], [-82.54461, 28.03338, 0], [-82.54465, 28.03347, 0], [-82.54482, 28.03379, 0], [-82.54485, 28.03386, 0], [-82.54491, 28.03396, 0], [-82.54494, 28.034, 0], [-82.54502, 28.03412, 0], [-82.54505, 28.03417, 0], [-82.54516, 28.03433, 0], [-82.54529, 28.0345, 0], [-82.54536, 28.03458, 0], [-82.54544, 28.03468, 0], [-82.54551, 28.03475, 0], [-82.54562, 28.03488, 0], [-82.5458, 28.03506, 0], [-82.54588, 28.03513, 0], [-82.54593, 28.03518, 0], [-82.54598, 28.03522, 0], [-82.54601, 28.03525, 0], [-82.54607, 28.0353, 0], [-82.54611, 28.03533, 0], [-82.54615, 28.03537, 0], [-82.54621, 28.03542, 0], [-82.54625, 28.03545, 0], [-82.54628, 28.03548, 0], [-82.54632, 28.0355, 0], [-82.5465, 28.03564, 0], [-82.54655, 28.03567, 0], [-82.54673, 28.03579, 0], [-82.54679, 28.03582, 0], [-82.54684, 28.03586, 0], [-82.54689, 28.03589, 0], [-82.54693, 28.03591, 0], [-82.54696, 28.03593, 0], [-82.54698, 28.03594, 0], [-82.54701, 28.03595, 0], [-82.54703, 28.03597, 0], [-82.54707, 28.03599, 0], [-82.5471, 28.03601, 0], [-82.54713, 28.03602, 0], [-82.54717, 28.03604, 0], [-82.5472, 28.03606, 0], [-82.54734, 28.03613, 0], [-82.54741, 28.03616, 0], [-82.54745, 28.03618, 0], [-82.54748, 28.0362, 0], [-82.54758, 28.03624, 0], [-82.54764, 28.03627, 0], [-82.54771, 28.0363, 0], [-82.54785, 28.03635, 0], [-82.54791, 28.03638, 0], [-82.54798, 28.0364, 0], [-82.548, 28.03641, 0], [-82.54821, 28.03648, 0], [-82.54836, 28.03652, 0], [-82.54849, 28.03655, 0], [-82.54851, 28.03656, 0], [-82.54915, 28.03672, 0], [-82.54921, 28.03674, 0], [-82.54978, 28.03689, 0], [-82.54992, 28.03692, 0], [-82.55033, 28.03703, 0], [-82.55043, 28.03705, 0], [-82.55118, 28.03725, 0], [-82.55128, 28.03727, 0], [-82.55144, 28.03732, 0], [-82.55178, 28.0374, 0], [-82.55298, 28.03772, 0], [-82.55332, 28.0378, 0], [-82.55379, 28.03793, 0], [-82.55406, 28.03799, 0], [-82.55436, 28.03807, 0], [-82.55502, 28.03823, 0], [-82.55525, 28.03828, 0], [-82.55543, 28.03833, 0], [-82.55575, 28.03841, 0], [-82.55586, 28.03845, 0], [-82.55601, 28.03849, 0], [-82.55615, 28.03854, 0], [-82.55626, 28.03859, 0], [-82.55633, 28.03861, 0], [-82.55654, 28.0387, 0], [-82.55667, 28.03877, 0], [-82.55681, 28.03883, 0], [-82.55683, 28.03885, 0], [-82.55709, 28.03899, 0], [-82.55731, 28.03912, 0], [-82.5575, 28.03925, 0], [-82.55768, 28.03939, 0], [-82.55806, 28.03971, 0], [-82.55825, 28.0399, 0], [-82.55834, 28.03998, 0], [-82.55847, 28.04013, 0], [-82.55859, 28.04026, 0], [-82.55883, 28.04055, 0], [-82.55902, 28.04076, 0], [-82.55946, 28.0413, 0], [-82.55953, 28.04138, 0], [-82.56007, 28.04204, 0], [-82.56065, 28.04271, 0], [-82.5609, 28.04296, 0], [-82.56097, 28.04304, 0], [-82.56106, 28.04312, 0], [-82.56114, 28.0432, 0], [-82.56122, 28.04327, 0], [-82.56139, 28.04344, 0], [-82.56156, 28.04359, 0], [-82.56212, 28.04404, 0], [-82.56228, 28.04415, 0], [-82.56231, 28.04418, 0], [-82.56286, 28.04455, 0], [-82.56294, 28.04461, 0], [-82.56327, 28.04481, 0], [-82.56378, 28.0451, 0], [-82.56378, 28.04511, 0], [-82.56429, 28.04536, 0], [-82.56517, 28.04575, 0], [-82.56576, 28.046, 0], [-82.56657, 28.04636, 0], [-82.56707, 28.04662, 0], [-82.56727, 28.04675, 0], [-82.56734, 28.0468, 0], [-82.56754, 28.04693, 0], [-82.56773, 28.04709, 0], [-82.56782, 28.04716, 0], [-82.56785, 28.04719, 0], [-82.568, 28.04732, 0], [-82.56807, 28.04739, 0], [-82.56816, 28.04747, 0], [-82.56829, 28.0476, 0], [-82.56832, 28.04764, 0], [-82.56842, 28.04774, 0], [-82.56854, 28.04788, 0], [-82.56859, 28.04795, 0], [-82.56866, 28.04804, 0], [-82.56879, 28.04822, 0], [-82.56894, 28.04845, 0], [-82.569, 28.04853, 0], [-82.56909, 28.04869, 0], [-82.56913, 28.04877, 0], [-82.56915, 28.04882, 0], [-82.56922, 28.04896, 0], [-82.56925, 28.04903, 0], [-82.56927, 28.04907, 0], [-82.56929, 28.04913, 0], [-82.56935, 28.04926, 0], [-82.56937, 28.04931, 0], [-82.56939, 28.04938, 0], [-82.56941, 28.04942, 0], [-82.56942, 28.04947, 0], [-82.56947, 28.0496, 0], [-82.56951, 28.04976, 0], [-82.56955, 28.0499, 0], [-82.56957, 28.04995, 0], [-82.56958, 28.05003, 0], [-82.5696, 28.05011, 0], [-82.56962, 28.05027, 0], [-82.56965, 28.05045, 0], [-82.56965, 28.05051, 0], [-82.56966, 28.05054, 0], [-82.56966, 28.05062, 0], [-82.56967, 28.05071, 0], [-82.56967, 28.05122, 0], [-82.56966, 28.05141, 0], [-82.56965, 28.05284, 0], [-82.56964, 28.05303, 0], [-82.56964, 28.0532, 0], [-82.56963, 28.05333, 0], [-82.56963, 28.05351, 0], [-82.56962, 28.05367, 0], [-82.56962, 28.05384, 0], [-82.56961, 28.0541, 0], [-82.56961, 28.05476, 0], [-82.5696, 28.05491, 0], [-82.5696, 28.05816, 0], [-82.56961, 28.05832, 0], [-82.5696, 28.05863, 0], [-82.5696, 28.05934, 0], [-82.56959, 28.05966, 0], [-82.56959, 28.06064, 0], [-82.56957, 28.06085, 0], [-82.56957, 28.06086, 0], [-82.56955, 28.06096, 0], [-82.56953, 28.06118, 0], [-82.56948, 28.06143, 0], [-82.56947, 28.0615, 0], [-82.56945, 28.0616, 0], [-82.56942, 28.06171, 0], [-82.56942, 28.06172, 0], [-82.5694, 28.06182, 0], [-82.56937, 28.06194, 0], [-82.56931, 28.06214, 0], [-82.56924, 28.06234, 0], [-82.5692, 28.06247, 0], [-82.56915, 28.06261, 0], [-82.56907, 28.0628, 0], [-82.56905, 28.06286, 0], [-82.56903, 28.06291, 0], [-82.56898, 28.06301, 0], [-82.56892, 28.06315, 0], [-82.56888, 28.06323, 0], [-82.56887, 28.06327, 0], [-82.56882, 28.06336, 0], [-82.56877, 28.06346, 0], [-82.56861, 28.06375, 0], [-82.56853, 28.06388, 0], [-82.56848, 28.06397, 0], [-82.56832, 28.06423, 0], [-82.56826, 28.06432, 0], [-82.56826, 28.06433, 0], [-82.56821, 28.0644, 0], [-82.56762, 28.06537, 0], [-82.56757, 28.06546, 0], [-82.56738, 28.06576, 0], [-82.56723, 28.06602, 0], [-82.56715, 28.06614, 0], [-82.56709, 28.06625, 0], [-82.567, 28.06637, 0], [-82.56687, 28.06657, 0], [-82.56673, 28.06682, 0], [-82.56664, 28.06697, 0], [-82.56663, 28.06698, 0], [-82.56626, 28.0676, 0], [-82.56602, 28.06798, 0], [-82.5659, 28.06818, 0], [-82.56584, 28.06829, 0], [-82.56558, 28.0687, 0], [-82.56519, 28.06935, 0], [-82.56477, 28.07002, 0], [-82.56442, 28.07061, 0], [-82.56425, 28.07096, 0], [-82.56413, 28.07124, 0], [-82.56408, 28.07133, 0], [-82.564, 28.07154, 0], [-82.5639, 28.07176, 0], [-82.56377, 28.07208, 0], [-82.56363, 28.07251, 0], [-82.56336, 28.07355, 0], [-82.56334, 28.07365, 0], [-82.56312, 28.07453, 0], [-82.56311, 28.07458, 0], [-82.5628, 28.07581, 0], [-82.5627, 28.07617, 0], [-82.56264, 28.07643, 0], [-82.56255, 28.07676, 0], [-82.56242, 28.0773, 0], [-82.5624, 28.07736, 0], [-82.56238, 28.07747, 0], [-82.56236, 28.07756, 0], [-82.56234, 28.07762, 0], [-82.56232, 28.07771, 0], [-82.5623, 28.07782, 0], [-82.56227, 28.07792, 0], [-82.56206, 28.07878, 0], [-82.56206, 28.0788, 0], [-82.56193, 28.07931, 0], [-82.56185, 28.07967, 0], [-82.56177, 28.07995, 0], [-82.56175, 28.08, 0], [-82.56172, 28.0801, 0], [-82.56169, 28.08018, 0], [-82.56166, 28.08028, 0], [-82.56164, 28.08031, 0], [-82.56158, 28.08048, 0], [-82.56152, 28.08063, 0], [-82.56149, 28.08069, 0], [-82.56145, 28.08079, 0], [-82.56133, 28.08104, 0], [-82.56128, 28.08113, 0], [-82.56126, 28.08119, 0], [-82.56123, 28.08123, 0], [-82.56106, 28.08153, 0], [-82.56103, 28.08159, 0], [-82.56098, 28.08167, 0], [-82.56092, 28.08175, 0], [-82.56073, 28.08205, 0], [-82.56068, 28.08211, 0], [-82.56065, 28.08216, 0], [-82.56054, 28.0823, 0], [-82.56052, 28.08232, 0], [-82.56051, 28.08234, 0], [-82.56048, 28.08238, 0], [-82.56041, 28.08246, 0], [-82.56035, 28.08254, 0], [-82.56024, 28.08267, 0], [-82.56012, 28.0828, 0], [-82.55998, 28.08294, 0], [-82.55993, 28.083, 0], [-82.55982, 28.08311, 0], [-82.55974, 28.08318, 0], [-82.55962, 28.0833, 0], [-82.55937, 28.08351, 0], [-82.55934, 28.08354, 0], [-82.55918, 28.08367, 0], [-82.55884, 28.08393, 0], [-82.55867, 28.08405, 0], [-82.55847, 28.08418, 0], [-82.55835, 28.08425, 0], [-82.55806, 28.08443, 0], [-82.55785, 28.08454, 0], [-82.55782, 28.08456, 0], [-82.55765, 28.08464, 0], [-82.55758, 28.08468, 0], [-82.55727, 28.08483, 0], [-82.55714, 28.08488, 0], [-82.55661, 28.0851, 0], [-82.55659, 28.08511, 0], [-82.55587, 28.08534, 0], [-82.55558, 28.08542, 0], [-82.55539, 28.08546, 0], [-82.55514, 28.08552, 0], [-82.55512, 28.08552, 0], [-82.55474, 28.0856, 0], [-82.55404, 28.08572, 0], [-82.55389, 28.08575, 0], [-82.55339, 28.08583, 0], [-82.55326, 28.08586, 0], [-82.55312, 28.08588, 0], [-82.55206, 28.08607, 0], [-82.55179, 28.08611, 0], [-82.55172, 28.08613, 0], [-82.55162, 28.08614, 0], [-82.55152, 28.08616, 0], [-82.55144, 28.08617, 0], [-82.5513, 28.0862, 0], [-82.55108, 28.08624, 0], [-82.5509, 28.08626, 0], [-82.55069, 28.0863, 0], [-82.55059, 28.08631, 0], [-82.55053, 28.08632, 0], [-82.55044, 28.08634, 0], [-82.55033, 28.08636, 0], [-82.5502, 28.08639, 0], [-82.54998, 28.08645, 0], [-82.54977, 28.0865, 0], [-82.54963, 28.08655, 0], [-82.54962, 28.08655, 0], [-82.54951, 28.08659, 0], [-82.54941, 28.08662, 0], [-82.54937, 28.08664, 0], [-82.54915, 28.08672, 0], [-82.54906, 28.08676, 0], [-82.54896, 28.0868, 0], [-82.5486, 28.08698, 0], [-82.54846, 28.08706, 0], [-82.54834, 28.08712, 0], [-82.54829, 28.08715, 0], [-82.54823, 28.08719, 0], [-82.54822, 28.0872, 0], [-82.54816, 28.08723, 0], [-82.54804, 28.08731, 0], [-82.5479, 28.08741, 0], [-82.5478, 28.08749, 0], [-82.54769, 28.08756, 0], [-82.54767, 28.08759, 0], [-82.5476, 28.08764, 0], [-82.54752, 28.08771, 0], [-82.54743, 28.08778, 0], [-82.54735, 28.08786, 0], [-82.54725, 28.08795, 0], [-82.547, 28.0882, 0], [-82.5469, 28.08833, 0], [-82.54685, 28.08838, 0], [-82.54671, 28.08855, 0], [-82.54669, 28.08858, 0], [-82.54665, 28.08863, 0], [-82.54657, 28.08875, 0], [-82.54651, 28.08883, 0], [-82.54651, 28.08884, 0], [-82.54638, 28.08903, 0], [-82.54633, 28.08913, 0], [-82.54629, 28.08919, 0], [-82.54625, 28.08927, 0], [-82.54621, 28.08934, 0], [-82.54615, 28.08946, 0], [-82.54614, 28.08949, 0], [-82.54611, 28.08956, 0], [-82.54607, 28.08963, 0], [-82.54605, 28.08969, 0], [-82.54589, 28.09009, 0], [-82.54586, 28.09014, 0], [-82.54574, 28.09044, 0], [-82.54573, 28.09047, 0], [-82.54568, 28.09057, 0], [-82.54559, 28.09079, 0], [-82.54538, 28.09126, 0], [-82.54537, 28.0913, 0], [-82.545, 28.09214, 0], [-82.54489, 28.09241, 0], [-82.54486, 28.09246, 0], [-82.54472, 28.0928, 0], [-82.54454, 28.0932, 0], [-82.54449, 28.09333, 0], [-82.54448, 28.09335, 0], [-82.54424, 28.09392, 0], [-82.54416, 28.09409, 0], [-82.54412, 28.09419, 0], [-82.54407, 28.09429, 0], [-82.54398, 28.09451, 0], [-82.54396, 28.09454, 0], [-82.54394, 28.09461, 0], [-82.54392, 28.09464, 0], [-82.5439, 28.0947, 0], [-82.5437, 28.09514, 0], [-82.54366, 28.09524, 0], [-82.54362, 28.09532, 0], [-82.54354, 28.09553, 0], [-82.54353, 28.09554, 0], [-82.54283, 28.09715, 0], [-82.54253, 28.09793, 0], [-82.54241, 28.0983, 0], [-82.54235, 28.09851, 0], [-82.54233, 28.0986, 0], [-82.54233, 28.09862, 0], [-82.5423, 28.09873, 0], [-82.54229, 28.09878, 0], [-82.54228, 28.0988, 0], [-82.5422, 28.09917, 0], [-82.54217, 28.09938, 0], [-82.54215, 28.09948, 0], [-82.54211, 28.09975, 0], [-82.54204, 28.10051, 0], [-82.54204, 28.10082, 0], [-82.54203, 28.10088, 0], [-82.54203, 28.10129, 0], [-82.54202, 28.10156, 0], [-82.54202, 28.10248, 0], [-82.54201, 28.10259, 0], [-82.54201, 28.10436, 0], [-82.54202, 28.10445, 0], [-82.54202, 28.10469, 0], [-82.54203, 28.10476, 0], [-82.54203, 28.10482, 0], [-82.54204, 28.1049, 0], [-82.54211, 28.10533, 0], [-82.54214, 28.10545, 0], [-82.54216, 28.10556, 0], [-82.54222, 28.10577, 0], [-82.54233, 28.10608, 0], [-82.5424, 28.10623, 0], [-82.54252, 28.10652, 0], [-82.54257, 28.1066, 0], [-82.5427, 28.10683, 0], [-82.5428, 28.10698, 0], [-82.54316, 28.10755, 0], [-82.54412, 28.10899, 0], [-82.54413, 28.10901, 0], [-82.54423, 28.10916, 0], [-82.54424, 28.10917, 0], [-82.5444, 28.10942, 0], [-82.54442, 28.10946, 0], [-82.5445, 28.10957, 0], [-82.54452, 28.10961, 0], [-82.54512, 28.11053, 0], [-82.54535, 28.1109, 0], [-82.54535, 28.11091, 0], [-82.5456, 28.11142, 0], [-82.54572, 28.11176, 0], [-82.54577, 28.11192, 0], [-82.54583, 28.11216, 0], [-82.54587, 28.11235, 0], [-82.54591, 28.11269, 0], [-82.54593, 28.11294, 0], [-82.54593, 28.11326, 0], [-82.54592, 28.11353, 0], [-82.54592, 28.11376, 0], [-82.54589, 28.11497, 0], [-82.54589, 28.11512, 0], [-82.54588, 28.1152, 0], [-82.54588, 28.11565, 0], [-82.54587, 28.11569, 0], [-82.54587, 28.11616, 0], [-82.54586, 28.11658, 0], [-82.54586, 28.11714, 0], [-82.54585, 28.11755, 0], [-82.54585, 28.11913, 0], [-82.54586, 28.11936, 0], [-82.54587, 28.11947, 0], [-82.54587, 28.1197, 0], [-82.54588, 28.11976, 0], [-82.54589, 28.11993, 0], [-82.54589, 28.12003, 0], [-82.54592, 28.12022, 0], [-82.54594, 28.1205, 0], [-82.54594, 28.12059, 0], [-82.54596, 28.1207, 0], [-82.54596, 28.12075, 0], [-82.54597, 28.12082, 0], [-82.54598, 28.12093, 0], [-82.54599, 28.121, 0], [-82.54599, 28.12103, 0], [-82.54602, 28.12126, 0], [-82.54604, 28.12137, 0], [-82.54606, 28.12146, 0], [-82.54608, 28.12159, 0], [-82.54609, 28.12169, 0], [-82.54611, 28.1218, 0], [-82.54612, 28.12184, 0], [-82.54613, 28.1219, 0], [-82.54616, 28.12201, 0], [-82.5462, 28.12223, 0], [-82.54623, 28.12235, 0], [-82.54624, 28.12241, 0], [-82.54628, 28.12255, 0], [-82.5463, 28.12266, 0], [-82.54641, 28.12306, 0], [-82.54644, 28.12314, 0], [-82.54645, 28.1232, 0], [-82.54648, 28.1233, 0], [-82.54652, 28.12341, 0], [-82.54655, 28.12352, 0], [-82.54656, 28.12353, 0], [-82.54663, 28.12373, 0], [-82.54666, 28.12383, 0], [-82.54667, 28.12385, 0], [-82.54673, 28.12403, 0], [-82.54681, 28.12423, 0], [-82.54681, 28.12425, 0], [-82.54686, 28.12439, 0], [-82.54689, 28.12446, 0], [-82.54692, 28.12456, 0], [-82.547, 28.12478, 0], [-82.54704, 28.12488, 0], [-82.54707, 28.12499, 0], [-82.54711, 28.12508, 0], [-82.54711, 28.12509, 0], [-82.54713, 28.12516, 0], [-82.54714, 28.12518, 0], [-82.54722, 28.12541, 0], [-82.54726, 28.12551, 0], [-82.54726, 28.12552, 0], [-82.54734, 28.12573, 0], [-82.54737, 28.12583, 0], [-82.54743, 28.12598, 0], [-82.54745, 28.12605, 0], [-82.54749, 28.12615, 0], [-82.54751, 28.12622, 0], [-82.54753, 28.12625, 0], [-82.54756, 28.12636, 0], [-82.54768, 28.12668, 0], [-82.54771, 28.12678, 0], [-82.54775, 28.12689, 0], [-82.54778, 28.127, 0], [-82.54782, 28.1271, 0], [-82.54785, 28.12722, 0], [-82.54791, 28.12743, 0], [-82.54792, 28.12743, 0], [-82.54794, 28.12754, 0], [-82.54803, 28.12786, 0], [-82.54811, 28.12819, 0], [-82.54828, 28.12905, 0], [-82.54829, 28.12912, 0], [-82.5483, 28.12923, 0], [-82.54832, 28.12934, 0], [-82.54833, 28.12945, 0], [-82.54834, 28.12952, 0], [-82.54834, 28.12956, 0], [-82.54836, 28.12967, 0], [-82.54839, 28.13, 0], [-82.5484, 28.13006, 0], [-82.5484, 28.1301, 0], [-82.54842, 28.13032, 0], [-82.54842, 28.13043, 0], [-82.54843, 28.13054, 0], [-82.54843, 28.13066, 0], [-82.54844, 28.13076, 0], [-82.54844, 28.13164, 0], [-82.54843, 28.13175, 0], [-82.54843, 28.13186, 0], [-82.54842, 28.13197, 0], [-82.54842, 28.13208, 0], [-82.54841, 28.13219, 0], [-82.54841, 28.13221, 0], [-82.5484, 28.1323, 0], [-82.5484, 28.1324, 0], [-82.54839, 28.13251, 0], [-82.54839, 28.13252, 0], [-82.54838, 28.13262, 0], [-82.54836, 28.13273, 0], [-82.54836, 28.13279, 0], [-82.54835, 28.13284, 0], [-82.54834, 28.13295, 0], [-82.54827, 28.13343, 0], [-82.54825, 28.1335, 0], [-82.54824, 28.13358, 0], [-82.54816, 28.13401, 0], [-82.54813, 28.13412, 0], [-82.54807, 28.13444, 0], [-82.54804, 28.13455, 0], [-82.548, 28.13476, 0], [-82.54797, 28.13487, 0], [-82.54795, 28.13498, 0], [-82.54781, 28.13553, 0], [-82.54779, 28.13562, 0], [-82.54777, 28.13573, 0], [-82.54776, 28.13576, 0], [-82.54774, 28.13584, 0], [-82.54767, 28.13617, 0], [-82.54764, 28.13627, 0], [-82.54762, 28.13638, 0], [-82.54759, 28.13649, 0], [-82.54757, 28.13659, 0], [-82.54754, 28.13669, 0], [-82.54752, 28.13681, 0], [-82.5475, 28.13686, 0], [-82.54747, 28.13703, 0], [-82.54744, 28.13714, 0], [-82.54742, 28.13724, 0], [-82.54739, 28.13736, 0], [-82.54737, 28.13746, 0], [-82.54734, 28.13757, 0], [-82.54732, 28.13768, 0], [-82.54729, 28.13778, 0], [-82.54724, 28.138, 0], [-82.54721, 28.13811, 0], [-82.54719, 28.13822, 0], [-82.54716, 28.13833, 0], [-82.54714, 28.13843, 0], [-82.54711, 28.13854, 0], [-82.54709, 28.13865, 0], [-82.54706, 28.13876, 0], [-82.54704, 28.13886, 0], [-82.54701, 28.13897, 0], [-82.54699, 28.13906, 0], [-82.54698, 28.13908, 0], [-82.54696, 28.13919, 0], [-82.54693, 28.1393, 0], [-82.54691, 28.1394, 0], [-82.54688, 28.13951, 0], [-82.54686, 28.13962, 0], [-82.54683, 28.13973, 0], [-82.54681, 28.13984, 0], [-82.54678, 28.13994, 0], [-82.54676, 28.14005, 0], [-82.54672, 28.1402, 0], [-82.54671, 28.14027, 0], [-82.54668, 28.14037, 0], [-82.54666, 28.14048, 0], [-82.54663, 28.14059, 0], [-82.54661, 28.14069, 0], [-82.54658, 28.1408, 0], [-82.54656, 28.14091, 0], [-82.54653, 28.14102, 0], [-82.54651, 28.14112, 0], [-82.54647, 28.14126, 0], [-82.54646, 28.14134, 0], [-82.5464, 28.14156, 0], [-82.54638, 28.14166, 0], [-82.54632, 28.14188, 0], [-82.54629, 28.14196, 0], [-82.54629, 28.14198, 0], [-82.54625, 28.14209, 0], [-82.54619, 28.1423, 0], [-82.54607, 28.14261, 0], [-82.54606, 28.14263, 0], [-82.54598, 28.14284, 0], [-82.54594, 28.14292, 0], [-82.54592, 28.14297, 0], [-82.54575, 28.14331, 0], [-82.5457, 28.1434, 0], [-82.54551, 28.14371, 0], [-82.54546, 28.1438, 0], [-82.5454, 28.14389, 0], [-82.54539, 28.14392, 0], [-82.54527, 28.14408, 0], [-82.54521, 28.14418, 0], [-82.54514, 28.14427, 0], [-82.54504, 28.14441, 0], [-82.54503, 28.14443, 0], [-82.54501, 28.14445, 0], [-82.54494, 28.14455, 0], [-82.54444, 28.1452, 0], [-82.54438, 28.14527, 0], [-82.54432, 28.14536, 0], [-82.54422, 28.14548, 0], [-82.54379, 28.14605, 0], [-82.54368, 28.14618, 0], [-82.54355, 28.14637, 0], [-82.54354, 28.14637, 0], [-82.54353, 28.14639, 0], [-82.54335, 28.14661, 0], [-82.54329, 28.1467, 0], [-82.5432, 28.14681, 0], [-82.54306, 28.147, 0], [-82.54298, 28.14709, 0], [-82.54293, 28.14717, 0], [-82.54278, 28.14736, 0], [-82.54276, 28.14739, 0], [-82.54264, 28.14754, 0], [-82.54257, 28.14764, 0], [-82.5425, 28.14772, 0], [-82.54242, 28.14782, 0], [-82.54217, 28.14816, 0], [-82.54208, 28.14827, 0], [-82.54201, 28.14837, 0], [-82.54159, 28.14891, 0], [-82.54152, 28.14899, 0], [-82.54145, 28.1491, 0], [-82.54142, 28.14913, 0], [-82.54137, 28.14919, 0], [-82.54122, 28.14939, 0], [-82.54114, 28.14949, 0], [-82.54099, 28.1497, 0], [-82.5408, 28.14994, 0], [-82.5408, 28.14995, 0], [-82.54073, 28.15003, 0], [-82.54069, 28.15009, 0], [-82.54056, 28.15025, 0], [-82.54046, 28.15039, 0], [-82.54023, 28.15068, 0], [-82.54022, 28.1507, 0], [-82.54014, 28.15082, 0], [-82.53934, 28.15187, 0], [-82.53932, 28.15188, 0], [-82.53928, 28.15195, 0], [-82.53922, 28.15202, 0], [-82.5392, 28.15204, 0], [-82.53913, 28.15214, 0], [-82.53906, 28.15223, 0], [-82.53901, 28.15231, 0], [-82.53894, 28.15241, 0], [-82.53863, 28.15289, 0], [-82.53847, 28.15318, 0], [-82.53831, 28.15349, 0], [-82.53814, 28.15389, 0], [-82.53803, 28.15419, 0], [-82.53803, 28.15421, 0], [-82.53798, 28.15438, 0], [-82.53793, 28.15453, 0], [-82.53787, 28.15477, 0], [-82.53781, 28.15509, 0], [-82.53779, 28.15517, 0], [-82.53777, 28.1553, 0], [-82.53776, 28.15542, 0], [-82.53774, 28.15553, 0], [-82.53773, 28.15575, 0], [-82.53772, 28.15577, 0], [-82.53771, 28.15634, 0], [-82.53772, 28.15656, 0], [-82.53773, 28.15666, 0], [-82.53773, 28.15677, 0], [-82.53774, 28.15681, 0], [-82.53774, 28.15685, 0], [-82.53778, 28.1572, 0], [-82.5378, 28.1573, 0], [-82.53781, 28.15742, 0], [-82.53789, 28.15797, 0], [-82.5379, 28.158, 0], [-82.53801, 28.15874, 0], [-82.53802, 28.15878, 0], [-82.53804, 28.1589, 0], [-82.53804, 28.15892, 0], [-82.53808, 28.15926, 0], [-82.53811, 28.15962, 0], [-82.53812, 28.1598, 0], [-82.53813, 28.15982, 0], [-82.53813, 28.16003, 0], [-82.53814, 28.16014, 0], [-82.53814, 28.16025, 0], [-82.53813, 28.16034, 0], [-82.53813, 28.16052, 0], [-82.53812, 28.1607, 0], [-82.53809, 28.16101, 0], [-82.53807, 28.16111, 0], [-82.53803, 28.16135, 0], [-82.53797, 28.16161, 0], [-82.53796, 28.16167, 0], [-82.53795, 28.16169, 0], [-82.53791, 28.16186, 0], [-82.53785, 28.16207, 0], [-82.53782, 28.16216, 0], [-82.53776, 28.16231, 0], [-82.53773, 28.16241, 0], [-82.53761, 28.16271, 0], [-82.53756, 28.16281, 0], [-82.53751, 28.16292, 0], [-82.53747, 28.16302, 0], [-82.53738, 28.16322, 0], [-82.53727, 28.16343, 0], [-82.53726, 28.16344, 0], [-82.53701, 28.16392, 0], [-82.53695, 28.16402, 0], [-82.53686, 28.1642, 0], [-82.5368, 28.1643, 0], [-82.53675, 28.1644, 0], [-82.5367, 28.16449, 0], [-82.53665, 28.16459, 0], [-82.53648, 28.16489, 0], [-82.53638, 28.16509, 0], [-82.53632, 28.1652, 0], [-82.53613, 28.1656, 0], [-82.53595, 28.16601, 0], [-82.53589, 28.16616, 0], [-82.53585, 28.16625, 0], [-82.53575, 28.16653, 0], [-82.53572, 28.16664, 0], [-82.53563, 28.1669, 0], [-82.53561, 28.167, 0], [-82.53559, 28.16706, 0], [-82.53553, 28.16727, 0], [-82.53553, 28.16729, 0], [-82.53545, 28.1676, 0], [-82.53537, 28.16803, 0], [-82.53536, 28.16814, 0], [-82.53534, 28.16825, 0], [-82.53533, 28.16836, 0], [-82.53533, 28.1684, 0], [-82.5353, 28.16858, 0], [-82.53525, 28.16912, 0], [-82.53525, 28.16924, 0], [-82.53524, 28.16933, 0], [-82.53524, 28.1699, 0], [-82.53525, 28.17012, 0], [-82.5353, 28.17062, 0], [-82.5353, 28.17066, 0], [-82.53532, 28.1708, 0], [-82.53532, 28.17082, 0], [-82.53537, 28.17111, 0], [-82.53539, 28.17126, 0], [-82.53544, 28.17154, 0], [-82.53556, 28.17204, 0], [-82.53572, 28.17261, 0], [-82.53613, 28.174, 0], [-82.53618, 28.1742, 0], [-82.53622, 28.17432, 0], [-82.53666, 28.17583, 0], [-82.53672, 28.17601, 0], [-82.53709, 28.17729, 0], [-82.53712, 28.17738, 0], [-82.53713, 28.1774, 0], [-82.53762, 28.1791, 0], [-82.53766, 28.17921, 0], [-82.5377, 28.17935, 0], [-82.5377, 28.17938, 0], [-82.53781, 28.17973, 0], [-82.53784, 28.17985, 0], [-82.53787, 28.17995, 0], [-82.53791, 28.18006, 0], [-82.53792, 28.18011, 0], [-82.53794, 28.18016, 0], [-82.53809, 28.18069, 0], [-82.53817, 28.18094, 0], [-82.53825, 28.18122, 0], [-82.53833, 28.18143, 0], [-82.53841, 28.18166, 0], [-82.53845, 28.18174, 0], [-82.53857, 28.18206, 0], [-82.53859, 28.1821, 0], [-82.53866, 28.18227, 0], [-82.53889, 28.18276, 0], [-82.53916, 28.18327, 0], [-82.53951, 28.18385, 0], [-82.53956, 28.18394, 0], [-82.53957, 28.18395, 0], [-82.53974, 28.18421, 0], [-82.53992, 28.18446, 0], [-82.54009, 28.18471, 0], [-82.54016, 28.18479, 0], [-82.54044, 28.18515, 0], [-82.54089, 28.18566, 0], [-82.54142, 28.18629, 0], [-82.54148, 28.18635, 0], [-82.54156, 28.18645, 0], [-82.54182, 28.18674, 0], [-82.54233, 28.18733, 0], [-82.54288, 28.18805, 0], [-82.54322, 28.18852, 0], [-82.54362, 28.18911, 0], [-82.54365, 28.18916, 0], [-82.54377, 28.18934, 0], [-82.54389, 28.18955, 0], [-82.54402, 28.18975, 0], [-82.54405, 28.18981, 0], [-82.54412, 28.18992, 0], [-82.54427, 28.1902, 0], [-82.54441, 28.19044, 0], [-82.54463, 28.19085, 0], [-82.54476, 28.19111, 0], [-82.54484, 28.19126, 0], [-82.54493, 28.19146, 0], [-82.54498, 28.19155, 0], [-82.54502, 28.19165, 0], [-82.54507, 28.19176, 0], [-82.54512, 28.19186, 0], [-82.5453, 28.19229, 0], [-82.54534, 28.19237, 0], [-82.54542, 28.19258, 0], [-82.54551, 28.19279, 0], [-82.54571, 28.19334, 0], [-82.54574, 28.19341, 0], [-82.54581, 28.19362, 0], [-82.54587, 28.19383, 0], [-82.54594, 28.19403, 0], [-82.54597, 28.19414, 0], [-82.54601, 28.19425, 0], [-82.54607, 28.19448, 0], [-82.54613, 28.19468, 0], [-82.54618, 28.19487, 0], [-82.5462, 28.19497, 0], [-82.54624, 28.1951, 0], [-82.54636, 28.19564, 0], [-82.54636, 28.19565, 0], [-82.54641, 28.19586, 0], [-82.54646, 28.1961, 0], [-82.54651, 28.19644, 0], [-82.54654, 28.1966, 0], [-82.54657, 28.1967, 0], [-82.54657, 28.19673, 0], [-82.54659, 28.19683, 0], [-82.54663, 28.19707, 0], [-82.5467, 28.19772, 0], [-82.54671, 28.19778, 0], [-82.54672, 28.19782, 0], [-82.54672, 28.19783, 0], [-82.54679, 28.19849, 0], [-82.5468, 28.19851, 0], [-82.54682, 28.19871, 0], [-82.54685, 28.19893, 0], [-82.54686, 28.19904, 0], [-82.54687, 28.1991, 0], [-82.54692, 28.19959, 0], [-82.54695, 28.19981, 0], [-82.54696, 28.19991, 0], [-82.54699, 28.20013, 0], [-82.547, 28.20026, 0], [-82.54703, 28.20046, 0], [-82.54709, 28.20102, 0], [-82.54711, 28.20112, 0], [-82.54719, 28.20188, 0], [-82.5472, 28.20194, 0], [-82.54722, 28.20211, 0], [-82.54725, 28.20229, 0], [-82.54725, 28.20233, 0], [-82.54726, 28.20244, 0], [-82.54737, 28.20332, 0], [-82.54752, 28.20467, 0], [-82.54758, 28.2051, 0], [-82.54759, 28.20523, 0], [-82.54775, 28.20656, 0], [-82.54775, 28.20658, 0], [-82.54777, 28.20673, 0], [-82.54778, 28.20686, 0], [-82.54786, 28.20752, 0], [-82.54787, 28.20763, 0], [-82.54795, 28.20823, 0], [-82.548, 28.20873, 0], [-82.54802, 28.20886, 0], [-82.54808, 28.2094, 0], [-82.5481, 28.20952, 0], [-82.54833, 28.21148, 0], [-82.54835, 28.21161, 0], [-82.54835, 28.21164, 0], [-82.54842, 28.21224, 0], [-82.54842, 28.21225, 0], [-82.54846, 28.21261, 0], [-82.54847, 28.21267, 0], [-82.54849, 28.21284, 0], [-82.54851, 28.21295, 0], [-82.54854, 28.21328, 0], [-82.54856, 28.21343, 0], [-82.54856, 28.21344, 0], [-82.54858, 28.21361, 0], [-82.5486, 28.21374, 0], [-82.54869, 28.21455, 0], [-82.54869, 28.21458, 0], [-82.54899, 28.21705, 0], [-82.54899, 28.21711, 0], [-82.54905, 28.21751, 0], [-82.54911, 28.21809, 0], [-82.54926, 28.2193, 0], [-82.54928, 28.21951, 0], [-82.54931, 28.21974, 0], [-82.54934, 28.22003, 0], [-82.54934, 28.22007, 0], [-82.54938, 28.22037, 0], [-82.54938, 28.22038, 0], [-82.5494, 28.22052, 0], [-82.54941, 28.22063, 0], [-82.54946, 28.22101, 0], [-82.54949, 28.22131, 0], [-82.54951, 28.22143, 0], [-82.54969, 28.22294, 0], [-82.54971, 28.22319, 0], [-82.54981, 28.22402, 0], [-82.54983, 28.22412, 0], [-82.54984, 28.22423, 0], [-82.54985, 28.2243, 0], [-82.54987, 28.22454, 0], [-82.54989, 28.22465, 0], [-82.54992, 28.22497, 0], [-82.54994, 28.22507, 0], [-82.54994, 28.22513, 0], [-82.54996, 28.22528, 0], [-82.54997, 28.22539, 0], [-82.54999, 28.22549, 0], [-82.55005, 28.226, 0], [-82.55016, 28.22711, 0], [-82.55018, 28.22742, 0], [-82.55023, 28.22798, 0], [-82.55026, 28.22853, 0], [-82.55029, 28.22889, 0], [-82.55031, 28.22935, 0], [-82.55032, 28.22944, 0], [-82.55035, 28.23028, 0], [-82.55035, 28.23043, 0], [-82.55036, 28.23061, 0], [-82.55036, 28.23084, 0], [-82.55037, 28.23115, 0], [-82.55037, 28.23133, 0], [-82.55038, 28.23161, 0], [-82.55038, 28.23295, 0], [-82.55037, 28.23309, 0], [-82.55037, 28.23739, 0], [-82.55036, 28.23751, 0], [-82.55036, 28.24046, 0], [-82.55035, 28.24057, 0], [-82.55035, 28.24201, 0], [-82.55034, 28.2421, 0], [-82.55034, 28.24233, 0], [-82.55033, 28.24248, 0], [-82.55033, 28.24266, 0], [-82.55032, 28.24277, 0], [-82.55032, 28.24288, 0], [-82.55031, 28.24299, 0], [-82.55029, 28.24336, 0], [-82.55029, 28.24343, 0], [-82.55027, 28.24367, 0], [-82.55027, 28.24376, 0], [-82.55023, 28.2442, 0], [-82.55023, 28.24425, 0], [-82.55022, 28.24431, 0], [-82.55021, 28.24453, 0], [-82.55019, 28.24475, 0], [-82.55017, 28.24508, 0], [-82.55013, 28.24552, 0], [-82.55011, 28.24585, 0], [-82.5501, 28.24595, 0], [-82.55009, 28.24601, 0], [-82.55009, 28.24606, 0], [-82.55007, 28.24618, 0], [-82.55007, 28.24628, 0], [-82.55005, 28.24649, 0], [-82.55003, 28.24661, 0], [-82.55003, 28.24667, 0], [-82.55, 28.24692, 0], [-82.55, 28.24694, 0], [-82.54997, 28.24712, 0], [-82.54997, 28.24716, 0], [-82.54995, 28.24727, 0], [-82.54994, 28.2474, 0], [-82.54992, 28.24749, 0], [-82.54986, 28.24793, 0], [-82.54984, 28.24803, 0], [-82.54983, 28.24814, 0], [-82.54957, 28.24956, 0], [-82.5495, 28.24988, 0], [-82.54927, 28.25108, 0], [-82.54924, 28.25129, 0], [-82.54922, 28.2514, 0], [-82.54919, 28.25162, 0], [-82.54918, 28.25173, 0], [-82.54916, 28.25189, 0], [-82.54915, 28.25195, 0], [-82.5491, 28.25248, 0], [-82.5491, 28.25261, 0], [-82.54909, 28.25272, 0], [-82.54908, 28.25305, 0], [-82.54907, 28.25315, 0], [-82.54907, 28.25382, 0], [-82.54908, 28.25393, 0], [-82.54908, 28.25415, 0], [-82.54909, 28.25426, 0], [-82.54911, 28.25459, 0], [-82.54914, 28.25494, 0], [-82.54915, 28.25497, 0], [-82.54916, 28.25511, 0], [-82.54919, 28.25529, 0], [-82.5492, 28.25537, 0], [-82.5492, 28.25539, 0], [-82.54924, 28.25562, 0], [-82.54925, 28.25573, 0], [-82.54939, 28.25649, 0], [-82.54941, 28.25658, 0], [-82.54941, 28.2566, 0], [-82.54943, 28.25671, 0], [-82.54946, 28.25682, 0], [-82.54954, 28.25724, 0], [-82.54955, 28.25732, 0], [-82.54956, 28.25736, 0], [-82.54964, 28.25779, 0], [-82.54967, 28.2579, 0], [-82.54977, 28.25845, 0], [-82.54978, 28.25848, 0], [-82.54979, 28.25856, 0], [-82.54985, 28.25888, 0], [-82.54986, 28.25899, 0], [-82.5499, 28.25921, 0], [-82.54991, 28.25932, 0], [-82.54993, 28.25941, 0], [-82.54994, 28.25953, 0], [-82.54996, 28.25964, 0], [-82.54999, 28.25995, 0], [-82.55, 28.26, 0], [-82.55, 28.26005, 0], [-82.55004, 28.26041, 0], [-82.55004, 28.26049, 0], [-82.55007, 28.26089, 0], [-82.55007, 28.26093, 0], [-82.5501, 28.26127, 0], [-82.55014, 28.26191, 0], [-82.55014, 28.26204, 0], [-82.55016, 28.26235, 0], [-82.55016, 28.2624, 0], [-82.55017, 28.26254, 0], [-82.55018, 28.2628, 0], [-82.55018, 28.26302, 0], [-82.55019, 28.26314, 0], [-82.55019, 28.26321, 0], [-82.55021, 28.26364, 0], [-82.55021, 28.26402, 0], [-82.55022, 28.2643, 0], [-82.55022, 28.26441, 0], [-82.55023, 28.26463, 0], [-82.55023, 28.26509, 0], [-82.55024, 28.26513, 0], [-82.55024, 28.26745, 0], [-82.55025, 28.26764, 0], [-82.55025, 28.26799, 0], [-82.55026, 28.26811, 0], [-82.55026, 28.26866, 0], [-82.55027, 28.26879, 0], [-82.55027, 28.27369, 0], [-82.55026, 28.27403, 0], [-82.55026, 28.27682, 0], [-82.55027, 28.27722, 0], [-82.55027, 28.28215, 0], [-82.55026, 28.28226, 0], [-82.55026, 28.28848, 0], [-82.55025, 28.28911, 0], [-82.55024, 28.28924, 0], [-82.55024, 28.29605, 0], [-82.55023, 28.29617, 0], [-82.55023, 28.30113, 0], [-82.55022, 28.30124, 0], [-82.55022, 28.31187, 0], [-82.55023, 28.3121, 0], [-82.55023, 28.31232, 0], [-82.55026, 28.31278, 0], [-82.55027, 28.31283, 0], [-82.55027, 28.31289, 0], [-82.55028, 28.31299, 0], [-82.5503, 28.31311, 0], [-82.55031, 28.31319, 0], [-82.55032, 28.31333, 0], [-82.55034, 28.31341, 0], [-82.55034, 28.31344, 0], [-82.55035, 28.31353, 0], [-82.55036, 28.31355, 0], [-82.55037, 28.31364, 0], [-82.55043, 28.31399, 0], [-82.55045, 28.31405, 0], [-82.55048, 28.3142, 0], [-82.55049, 28.31427, 0], [-82.55055, 28.31451, 0], [-82.55055, 28.31452, 0], [-82.5507, 28.31507, 0], [-82.55074, 28.31518, 0], [-82.5508, 28.31539, 0], [-82.55084, 28.31549, 0], [-82.55087, 28.31559, 0], [-82.55105, 28.31608, 0], [-82.55116, 28.31632, 0], [-82.5512, 28.31643, 0], [-82.55125, 28.31653, 0], [-82.55129, 28.31663, 0], [-82.55143, 28.31691, 0], [-82.55147, 28.31701, 0], [-82.55153, 28.31714, 0], [-82.55163, 28.31734, 0], [-82.55172, 28.31755, 0], [-82.55182, 28.31775, 0], [-82.55186, 28.31785, 0], [-82.55206, 28.31826, 0], [-82.5521, 28.31836, 0], [-82.55214, 28.31843, 0], [-82.55234, 28.31887, 0], [-82.5524, 28.31899, 0], [-82.55243, 28.31907, 0], [-82.55248, 28.31917, 0], [-82.5525, 28.31922, 0], [-82.55253, 28.31927, 0], [-82.5526, 28.31946, 0], [-82.55266, 28.31958, 0], [-82.55276, 28.31983, 0], [-82.55278, 28.31989, 0], [-82.5528, 28.31994, 0], [-82.55287, 28.32014, 0], [-82.5529, 28.32024, 0], [-82.55293, 28.32031, 0], [-82.55295, 28.32037, 0], [-82.55295, 28.3204, 0], [-82.55296, 28.32042, 0], [-82.55299, 28.32052, 0], [-82.55304, 28.32074, 0], [-82.55308, 28.32088, 0], [-82.55311, 28.32104, 0], [-82.55312, 28.32108, 0], [-82.55313, 28.32117, 0], [-82.55315, 28.32128, 0], [-82.55315, 28.32133, 0], [-82.55316, 28.32137, 0], [-82.55316, 28.32139, 0], [-82.55317, 28.32147, 0], [-82.55317, 28.32148, 0], [-82.55318, 28.3215, 0], [-82.55319, 28.32161, 0], [-82.55319, 28.32163, 0], [-82.55321, 28.3218, 0], [-82.55321, 28.32194, 0], [-82.55322, 28.32205, 0], [-82.55322, 28.32261, 0], [-82.55321, 28.32271, 0], [-82.55321, 28.32278, 0], [-82.5532, 28.32282, 0], [-82.55318, 28.32304, 0], [-82.55317, 28.32311, 0], [-82.55317, 28.32315, 0], [-82.55315, 28.32336, 0], [-82.55313, 28.32348, 0], [-82.55311, 28.32369, 0], [-82.55309, 28.3238, 0], [-82.55306, 28.32402, 0], [-82.55304, 28.32424, 0], [-82.55302, 28.32435, 0], [-82.55292, 28.32509, 0], [-82.55292, 28.32512, 0], [-82.55291, 28.32513, 0], [-82.55291, 28.32515, 0], [-82.55289, 28.32534, 0], [-82.55288, 28.32536, 0], [-82.55281, 28.32586, 0], [-82.5528, 28.32596, 0], [-82.5528, 28.32597, 0], [-82.55279, 28.32605, 0], [-82.55279, 28.32607, 0], [-82.55275, 28.3263, 0], [-82.55274, 28.32641, 0], [-82.55273, 28.32645, 0], [-82.55272, 28.32652, 0], [-82.5527, 28.32672, 0], [-82.55256, 28.3277, 0], [-82.55256, 28.32772, 0], [-82.55255, 28.32783, 0], [-82.55249, 28.32827, 0], [-82.55247, 28.32836, 0], [-82.55243, 28.32869, 0], [-82.55243, 28.32871, 0], [-82.55241, 28.32882, 0], [-82.5524, 28.32893, 0], [-82.55237, 28.32915, 0], [-82.55234, 28.32933, 0], [-82.5523, 28.32963, 0], [-82.55229, 28.32968, 0], [-82.55228, 28.3298, 0], [-82.55225, 28.33001, 0], [-82.55223, 28.33012, 0], [-82.5522, 28.33041, 0], [-82.55196, 28.33217, 0], [-82.55194, 28.33227, 0], [-82.55193, 28.33239, 0], [-82.55188, 28.33271, 0], [-82.55182, 28.3332, 0], [-82.55179, 28.33335, 0], [-82.5517, 28.33409, 0], [-82.55169, 28.33409, 0], [-82.55169, 28.33412, 0], [-82.55153, 28.33531, 0], [-82.55151, 28.33543, 0], [-82.55138, 28.3364, 0], [-82.55132, 28.33679, 0], [-82.55132, 28.33681, 0], [-82.55126, 28.33722, 0], [-82.55123, 28.33747, 0], [-82.55117, 28.33787, 0], [-82.55113, 28.33805, 0], [-82.55109, 28.33827, 0], [-82.55109, 28.33828, 0], [-82.55101, 28.33865, 0], [-82.55098, 28.33876, 0], [-82.55097, 28.33879, 0], [-82.55095, 28.33891, 0], [-82.55092, 28.33903, 0], [-82.55089, 28.33913, 0], [-82.55084, 28.33932, 0], [-82.55083, 28.33934, 0], [-82.55077, 28.33955, 0], [-82.55067, 28.33986, 0], [-82.55065, 28.33991, 0], [-82.55063, 28.33997, 0], [-82.5506, 28.34008, 0], [-82.55056, 28.34018, 0], [-82.55053, 28.34028, 0], [-82.55049, 28.34038, 0], [-82.55041, 28.3406, 0], [-82.55037, 28.3407, 0], [-82.55032, 28.3408, 0], [-82.55024, 28.341, 0], [-82.5502, 28.34111, 0], [-82.55015, 28.3412, 0], [-82.55011, 28.34131, 0], [-82.55006, 28.34141, 0], [-82.55002, 28.34151, 0], [-82.54972, 28.34211, 0], [-82.54966, 28.34221, 0], [-82.54961, 28.34231, 0], [-82.54955, 28.34242, 0], [-82.54864, 28.34397, 0], [-82.54858, 28.34406, 0], [-82.5482, 28.34472, 0], [-82.54802, 28.34501, 0], [-82.54749, 28.34591, 0], [-82.54748, 28.34593, 0], [-82.54733, 28.34618, 0], [-82.5473, 28.34624, 0], [-82.54726, 28.3463, 0], [-82.54715, 28.3465, 0], [-82.54707, 28.34662, 0], [-82.54697, 28.34679, 0], [-82.54686, 28.34699, 0], [-82.54675, 28.34717, 0], [-82.54663, 28.34738, 0], [-82.54657, 28.34747, 0], [-82.54629, 28.34796, 0], [-82.54625, 28.34802, 0], [-82.54604, 28.34838, 0], [-82.54601, 28.34844, 0], [-82.54589, 28.34865, 0], [-82.54579, 28.34885, 0], [-82.54569, 28.34907, 0], [-82.54564, 28.34915, 0], [-82.54547, 28.34956, 0], [-82.54542, 28.34967, 0], [-82.54534, 28.34988, 0], [-82.5453, 28.35002, 0], [-82.54527, 28.3501, 0], [-82.5452, 28.35031, 0], [-82.54517, 28.35043, 0], [-82.54516, 28.35044, 0], [-82.54512, 28.35059, 0], [-82.54511, 28.3506, 0], [-82.54511, 28.35063, 0], [-82.54508, 28.35073, 0], [-82.54501, 28.35101, 0], [-82.54498, 28.35116, 0], [-82.54495, 28.35127, 0], [-82.54492, 28.35149, 0], [-82.54486, 28.35183, 0], [-82.54484, 28.352, 0], [-82.54484, 28.35203, 0], [-82.54482, 28.35215, 0], [-82.5448, 28.35241, 0], [-82.54479, 28.35247, 0], [-82.54479, 28.35259, 0], [-82.54478, 28.35268, 0], [-82.54478, 28.35281, 0], [-82.54477, 28.35291, 0], [-82.54477, 28.35347, 0], [-82.54478, 28.35359, 0], [-82.54478, 28.35436, 0], [-82.54479, 28.35446, 0], [-82.54479, 28.35501, 0], [-82.5448, 28.35512, 0], [-82.5448, 28.35556, 0], [-82.54481, 28.35589, 0], [-82.54481, 28.35633, 0], [-82.54482, 28.35645, 0], [-82.54482, 28.35716, 0], [-82.54483, 28.35731, 0], [-82.54483, 28.35776, 0], [-82.54484, 28.35788, 0], [-82.54484, 28.35832, 0], [-82.54485, 28.3586, 0], [-82.54485, 28.35888, 0], [-82.54487, 28.35975, 0], [-82.54487, 28.36008, 0], [-82.54488, 28.3603, 0], [-82.54488, 28.36096, 0], [-82.54489, 28.36107, 0], [-82.54489, 28.36162, 0], [-82.5449, 28.36174, 0], [-82.5449, 28.36228, 0], [-82.54491, 28.36239, 0], [-82.54491, 28.36295, 0], [-82.54492, 28.36305, 0], [-82.54492, 28.36361, 0], [-82.54493, 28.36389, 0], [-82.54493, 28.36429, 0], [-82.54494, 28.3644, 0], [-82.54494, 28.36539, 0], [-82.54493, 28.36562, 0], [-82.54493, 28.36572, 0], [-82.54486, 28.36649, 0], [-82.54483, 28.36671, 0], [-82.54481, 28.3668, 0], [-82.54479, 28.36691, 0], [-82.54478, 28.36702, 0], [-82.54476, 28.36713, 0], [-82.54473, 28.36725, 0], [-82.54467, 28.36756, 0], [-82.54458, 28.3679, 0], [-82.54456, 28.368, 0], [-82.54455, 28.36803, 0], [-82.54447, 28.36832, 0], [-82.54443, 28.36842, 0], [-82.5444, 28.36854, 0], [-82.54429, 28.36885, 0], [-82.54428, 28.36887, 0], [-82.54422, 28.36904, 0], [-82.54419, 28.36914, 0], [-82.54411, 28.36936, 0], [-82.54405, 28.36951, 0], [-82.544, 28.36967, 0], [-82.54396, 28.36977, 0], [-82.54392, 28.36989, 0], [-82.54388, 28.36998, 0], [-82.54381, 28.37019, 0], [-82.54373, 28.37041, 0], [-82.54369, 28.37051, 0], [-82.54366, 28.3706, 0], [-82.54366, 28.37061, 0], [-82.54358, 28.37083, 0], [-82.54354, 28.37093, 0], [-82.54351, 28.37103, 0], [-82.54334, 28.3715, 0], [-82.54319, 28.37189, 0], [-82.54318, 28.37195, 0], [-82.54294, 28.37259, 0], [-82.54291, 28.3727, 0], [-82.54287, 28.37279, 0], [-82.54283, 28.3729, 0], [-82.54283, 28.37291, 0], [-82.54281, 28.37297, 0], [-82.54279, 28.37301, 0], [-82.54277, 28.37307, 0], [-82.54276, 28.37311, 0], [-82.54272, 28.37322, 0], [-82.54264, 28.37342, 0], [-82.5426, 28.37353, 0], [-82.54257, 28.37364, 0], [-82.54245, 28.37395, 0], [-82.54234, 28.37427, 0], [-82.5423, 28.37437, 0], [-82.54227, 28.37446, 0], [-82.54226, 28.37448, 0], [-82.54223, 28.37458, 0], [-82.54219, 28.37469, 0], [-82.54215, 28.37478, 0], [-82.54215, 28.37479, 0], [-82.54204, 28.37511, 0], [-82.542, 28.3752, 0], [-82.54192, 28.37541, 0], [-82.54189, 28.37552, 0], [-82.54181, 28.37573, 0], [-82.5418, 28.37577, 0], [-82.54162, 28.37626, 0], [-82.54158, 28.37639, 0], [-82.54154, 28.37647, 0], [-82.54147, 28.37667, 0], [-82.5414, 28.37689, 0], [-82.54136, 28.37699, 0], [-82.5413, 28.37716, 0], [-82.54128, 28.3772, 0], [-82.54118, 28.3775, 0], [-82.54114, 28.37759, 0], [-82.5411, 28.3777, 0], [-82.54109, 28.37774, 0], [-82.54032, 28.37988, 0], [-82.54023, 28.38011, 0], [-82.53984, 28.38118, 0], [-82.53981, 28.38128, 0], [-82.53976, 28.38139, 0], [-82.53969, 28.38157, 0], [-82.53966, 28.38163, 0], [-82.53964, 28.38169, 0], [-82.53951, 28.382, 0], [-82.53946, 28.38211, 0], [-82.53941, 28.38221, 0], [-82.53932, 28.38241, 0], [-82.53927, 28.3825, 0], [-82.53926, 28.38251, 0], [-82.53922, 28.38261, 0], [-82.53917, 28.38271, 0], [-82.53911, 28.3828, 0], [-82.53906, 28.38291, 0], [-82.53901, 28.38301, 0], [-82.53895, 28.3831, 0], [-82.5389, 28.3832, 0], [-82.53884, 28.38331, 0], [-82.53867, 28.3836, 0], [-82.53856, 28.38377, 0], [-82.53854, 28.38379, 0], [-82.53849, 28.38389, 0], [-82.53843, 28.38398, 0], [-82.53842, 28.38398, 0], [-82.53824, 28.38426, 0], [-82.53818, 28.38436, 0], [-82.53811, 28.38445, 0], [-82.53798, 28.38464, 0], [-82.53777, 28.38491, 0], [-82.53771, 28.385, 0], [-82.53768, 28.38503, 0], [-82.53756, 28.38518, 0], [-82.53749, 28.38528, 0], [-82.53748, 28.38529, 0], [-82.53742, 28.38537, 0], [-82.53734, 28.38545, 0], [-82.53728, 28.38553, 0], [-82.53727, 28.38555, 0], [-82.5372, 28.38562, 0], [-82.53713, 28.38571, 0], [-82.53705, 28.3858, 0], [-82.53698, 28.38589, 0], [-82.5369, 28.38597, 0], [-82.53658, 28.38632, 0], [-82.5365, 28.38639, 0], [-82.53637, 28.38653, 0], [-82.53601, 28.38689, 0], [-82.53591, 28.38698, 0], [-82.53583, 28.38706, 0], [-82.53574, 28.38714, 0], [-82.53565, 28.38721, 0], [-82.53556, 28.38729, 0], [-82.53548, 28.38737, 0], [-82.53547, 28.38737, 0], [-82.5352, 28.38761, 0], [-82.53511, 28.38768, 0], [-82.53503, 28.38776, 0], [-82.53487, 28.3879, 0], [-82.53476, 28.38799, 0], [-82.53453, 28.3882, 0], [-82.5345, 28.38823, 0], [-82.53438, 28.38833, 0], [-82.53435, 28.38835, 0], [-82.53433, 28.38838, 0], [-82.53423, 28.38846, 0], [-82.53393, 28.38873, 0], [-82.53389, 28.38877, 0], [-82.5338, 28.38884, 0], [-82.53371, 28.38892, 0], [-82.53366, 28.38896, 0], [-82.53363, 28.38899, 0], [-82.53335, 28.38923, 0], [-82.53318, 28.38936, 0], [-82.53299, 28.38952, 0], [-82.5328, 28.38967, 0], [-82.5327, 28.38974, 0], [-82.53269, 28.38975, 0], [-82.53233, 28.39003, 0], [-82.53231, 28.39004, 0], [-82.53165, 28.39052, 0], [-82.53155, 28.39058, 0], [-82.5315, 28.39062, 0], [-82.53145, 28.39065, 0], [-82.53108, 28.39091, 0], [-82.53098, 28.39097, 0], [-82.53038, 28.39139, 0], [-82.53028, 28.39145, 0], [-82.53019, 28.39152, 0], [-82.52999, 28.39166, 0], [-82.52994, 28.39169, 0], [-82.5298, 28.3918, 0], [-82.5297, 28.39186, 0], [-82.52951, 28.39201, 0], [-82.52942, 28.39207, 0], [-82.52914, 28.39229, 0], [-82.52904, 28.39236, 0], [-82.52895, 28.39244, 0], [-82.52886, 28.39251, 0], [-82.52876, 28.39258, 0], [-82.52868, 28.39266, 0], [-82.52858, 28.39273, 0], [-82.52841, 28.39288, 0], [-82.5284, 28.39288, 0], [-82.52805, 28.39319, 0], [-82.52796, 28.39326, 0], [-82.52787, 28.39335, 0], [-82.52771, 28.39349, 0], [-82.52762, 28.39358, 0], [-82.52745, 28.39373, 0], [-82.52728, 28.39389, 0], [-82.52695, 28.39422, 0], [-82.52687, 28.39431, 0], [-82.52638, 28.39481, 0], [-82.5263, 28.3949, 0], [-82.52623, 28.39499, 0], [-82.52615, 28.39507, 0], [-82.52592, 28.39533, 0], [-82.52585, 28.39542, 0], [-82.52577, 28.3955, 0], [-82.5257, 28.39559, 0], [-82.52566, 28.39563, 0], [-82.52555, 28.39577, 0], [-82.52554, 28.39578, 0], [-82.52548, 28.39586, 0], [-82.52533, 28.39603, 0], [-82.52519, 28.39621, 0], [-82.52511, 28.39629, 0], [-82.52497, 28.39647, 0], [-82.52489, 28.39656, 0], [-82.52482, 28.39665, 0], [-82.52474, 28.39674, 0], [-82.52467, 28.39683, 0], [-82.52444, 28.39709, 0], [-82.52437, 28.39718, 0], [-82.52429, 28.39726, 0], [-82.52422, 28.39735, 0], [-82.52414, 28.39743, 0], [-82.52406, 28.39752, 0], [-82.52398, 28.3976, 0], [-82.52383, 28.39777, 0], [-82.52368, 28.39792, 0], [-82.52352, 28.3981, 0], [-82.52319, 28.39843, 0], [-82.52242, 28.39915, 0], [-82.52194, 28.39958, 0], [-82.5219, 28.39961, 0], [-82.52178, 28.39972, 0], [-82.52158, 28.39988, 0], [-82.52152, 28.39994, 0], [-82.52078, 28.40054, 0], [-82.52068, 28.40061, 0], [-82.5205, 28.40075, 0], [-82.5204, 28.40082, 0], [-82.52031, 28.40089, 0], [-82.52024, 28.40094, 0], [-82.52017, 28.40098, 0], [-82.52009, 28.40104, 0], [-82.52002, 28.40108, 0], [-82.51982, 28.40122, 0], [-82.5193, 28.40156, 0], [-82.51897, 28.40175, 0], [-82.5185, 28.40205, 0], [-82.50809, 28.40851, 0], [-82.50781, 28.40869, 0], [-82.50749, 28.40888, 0], [-82.4993, 28.41397, 0], [-82.49883, 28.41427, 0], [-82.49876, 28.41431, 0], [-82.49854, 28.41445, 0], [-82.49842, 28.41452, 0], [-82.49832, 28.41459, 0], [-82.49813, 28.4147, 0], [-82.49763, 28.41501, 0], [-82.49754, 28.41507, 0], [-82.49742, 28.41514, 0], [-82.49623, 28.41588, 0], [-82.496, 28.41603, 0], [-82.49586, 28.41611, 0], [-82.4956, 28.41628, 0], [-82.49539, 28.4164, 0], [-82.49496, 28.41667, 0], [-82.49482, 28.41675, 0], [-82.49481, 28.41676, 0], [-82.49466, 28.41685, 0], [-82.49435, 28.41705, 0], [-82.49321, 28.41776, 0], [-82.49312, 28.41781, 0], [-82.49288, 28.41796, 0], [-82.49271, 28.41806, 0], [-82.49224, 28.41836, 0], [-82.4921, 28.41844, 0], [-82.49174, 28.41867, 0], [-82.4914, 28.41887, 0], [-82.49103, 28.41911, 0], [-82.49051, 28.41943, 0], [-82.49047, 28.41946, 0], [-82.49038, 28.41951, 0], [-82.49019, 28.41963, 0], [-82.49018, 28.41964, 0], [-82.48999, 28.41975, 0], [-82.48979, 28.41988, 0], [-82.48969, 28.41994, 0], [-82.48959, 28.42001, 0], [-82.48938, 28.42013, 0], [-82.48918, 28.42026, 0], [-82.48908, 28.42033, 0], [-82.48903, 28.42035, 0], [-82.48887, 28.42046, 0], [-82.48879, 28.42051, 0], [-82.48877, 28.42052, 0], [-82.48857, 28.42066, 0], [-82.48824, 28.42088, 0], [-82.48819, 28.42093, 0], [-82.48809, 28.421, 0], [-82.48804, 28.42103, 0], [-82.4879, 28.42114, 0], [-82.48781, 28.42122, 0], [-82.48772, 28.42129, 0], [-82.48769, 28.42132, 0], [-82.48746, 28.42152, 0], [-82.48738, 28.42161, 0], [-82.48729, 28.42169, 0], [-82.48713, 28.42185, 0], [-82.48705, 28.42194, 0], [-82.48697, 28.42202, 0], [-82.48689, 28.42211, 0], [-82.48682, 28.4222, 0], [-82.48674, 28.42228, 0], [-82.48646, 28.42264, 0], [-82.48645, 28.42266, 0], [-82.48632, 28.42283, 0], [-82.48626, 28.42293, 0], [-82.48619, 28.42302, 0], [-82.48613, 28.42311, 0], [-82.48608, 28.42321, 0], [-82.48602, 28.42331, 0], [-82.48601, 28.42332, 0], [-82.4859, 28.4235, 0], [-82.48585, 28.42359, 0], [-82.48585, 28.4236, 0], [-82.4858, 28.4237, 0], [-82.48574, 28.42381, 0], [-82.4857, 28.4239, 0], [-82.4856, 28.4241, 0], [-82.48558, 28.42416, 0], [-82.48556, 28.42421, 0], [-82.48547, 28.42441, 0], [-82.48543, 28.42452, 0], [-82.4854, 28.42462, 0], [-82.48532, 28.42483, 0], [-82.4852, 28.42525, 0], [-82.48515, 28.42547, 0], [-82.48515, 28.42548, 0], [-82.48513, 28.42558, 0], [-82.4851, 28.42569, 0], [-82.48508, 28.42579, 0], [-82.48507, 28.4259, 0], [-82.48506, 28.42592, 0], [-82.48505, 28.42601, 0], [-82.48504, 28.42606, 0], [-82.48503, 28.42613, 0], [-82.48502, 28.42618, 0], [-82.48502, 28.42623, 0], [-82.485, 28.42638, 0], [-82.485, 28.42645, 0], [-82.48499, 28.42656, 0], [-82.48498, 28.42678, 0], [-82.48497, 28.42689, 0], [-82.48497, 28.42722, 0], [-82.48496, 28.42732, 0], [-82.48496, 28.42861, 0], [-82.48495, 28.42883, 0], [-82.48495, 28.44009, 0], [-82.48494, 28.44035, 0], [-82.48494, 28.44944, 0], [-82.48493, 28.4495, 0], [-82.48493, 28.44987, 0], [-82.48492, 28.45003, 0], [-82.48491, 28.45006, 0], [-82.4849, 28.45023, 0], [-82.48486, 28.45058, 0], [-82.48481, 28.4509, 0], [-82.48481, 28.45092, 0], [-82.4848, 28.45096, 0], [-82.48479, 28.45098, 0], [-82.48479, 28.45101, 0], [-82.48478, 28.45107, 0], [-82.48477, 28.45109, 0], [-82.48477, 28.45113, 0], [-82.48474, 28.45122, 0], [-82.48474, 28.45125, 0], [-82.48471, 28.45136, 0], [-82.48471, 28.45139, 0], [-82.48469, 28.45144, 0], [-82.48469, 28.45146, 0], [-82.48463, 28.45167, 0], [-82.48462, 28.45173, 0], [-82.48459, 28.45183, 0], [-82.48457, 28.45188, 0], [-82.48451, 28.45207, 0], [-82.48439, 28.4524, 0], [-82.4843, 28.45262, 0], [-82.48427, 28.45268, 0], [-82.48424, 28.45276, 0], [-82.48415, 28.45294, 0], [-82.48411, 28.45304, 0], [-82.48406, 28.45314, 0], [-82.484, 28.45324, 0], [-82.48395, 28.45334, 0], [-82.4839, 28.45343, 0], [-82.48385, 28.45353, 0], [-82.48372, 28.45375, 0], [-82.48352, 28.45407, 0], [-82.4832, 28.45451, 0], [-82.48291, 28.45488, 0], [-82.48275, 28.45506, 0], [-82.48273, 28.45507, 0], [-82.48272, 28.45509, 0], [-82.48251, 28.45532, 0], [-82.48209, 28.45573, 0], [-82.48093, 28.4568, 0], [-82.48058, 28.45711, 0], [-82.4804, 28.45728, 0], [-82.4804, 28.45729, 0], [-82.48017, 28.4575, 0], [-82.48007, 28.4576, 0], [-82.47991, 28.45775, 0], [-82.47967, 28.45801, 0], [-82.47959, 28.45809, 0], [-82.47947, 28.45824, 0], [-82.47945, 28.45826, 0], [-82.47935, 28.45838, 0], [-82.47931, 28.45844, 0], [-82.47924, 28.45853, 0], [-82.4792, 28.45859, 0], [-82.47917, 28.45863, 0], [-82.47911, 28.45873, 0], [-82.47891, 28.45903, 0], [-82.47881, 28.45921, 0], [-82.47861, 28.45962, 0], [-82.47851, 28.45985, 0], [-82.47849, 28.45991, 0], [-82.47843, 28.46006, 0], [-82.47841, 28.46013, 0], [-82.4784, 28.46015, 0], [-82.47835, 28.46032, 0], [-82.47829, 28.4605, 0], [-82.47823, 28.46077, 0], [-82.47819, 28.46099, 0], [-82.47818, 28.46101, 0], [-82.47814, 28.46134, 0], [-82.47813, 28.46138, 0], [-82.47811, 28.46157, 0], [-82.4781, 28.46174, 0], [-82.4781, 28.46423, 0], [-82.47811, 28.46469, 0], [-82.47811, 28.46612, 0], [-82.47812, 28.46645, 0], [-82.47812, 28.46788, 0], [-82.47813, 28.46799, 0], [-82.47813, 28.46931, 0], [-82.47814, 28.46951, 0], [-82.47814, 28.47072, 0], [-82.47815, 28.47086, 0], [-82.47815, 28.47105, 0], [-82.47822, 28.47182, 0], [-82.47824, 28.47193, 0], [-82.47825, 28.47204, 0], [-82.47827, 28.47214, 0], [-82.47829, 28.47228, 0], [-82.47831, 28.47239, 0], [-82.47833, 28.47247, 0], [-82.47835, 28.47261, 0], [-82.47837, 28.47269, 0], [-82.47838, 28.47271, 0], [-82.47842, 28.4729, 0], [-82.47848, 28.47312, 0], [-82.47849, 28.47314, 0], [-82.47852, 28.47324, 0], [-82.47855, 28.47337, 0], [-82.47859, 28.47347, 0], [-82.47862, 28.47358, 0], [-82.47866, 28.47368, 0], [-82.47869, 28.47377, 0], [-82.47871, 28.47382, 0], [-82.47876, 28.47398, 0], [-82.47881, 28.47408, 0], [-82.47885, 28.47421, 0], [-82.4789, 28.47431, 0], [-82.47893, 28.47439, 0], [-82.47898, 28.4745, 0], [-82.47898, 28.47451, 0], [-82.47902, 28.4746, 0], [-82.47905, 28.47466, 0], [-82.47908, 28.47473, 0], [-82.47926, 28.47511, 0], [-82.47936, 28.47534, 0], [-82.47941, 28.47544, 0], [-82.47955, 28.47575, 0], [-82.47958, 28.47583, 0], [-82.4796, 28.47586, 0], [-82.47962, 28.47592, 0], [-82.47995, 28.47665, 0], [-82.47998, 28.4767, 0], [-82.48011, 28.47698, 0], [-82.48023, 28.47726, 0], [-82.48028, 28.47736, 0], [-82.48029, 28.47739, 0], [-82.48061, 28.4781, 0], [-82.48065, 28.47818, 0], [-82.48093, 28.47881, 0], [-82.48103, 28.47901, 0], [-82.48109, 28.47916, 0], [-82.48121, 28.47942, 0], [-82.48125, 28.47952, 0], [-82.48135, 28.47972, 0], [-82.48135, 28.47973, 0], [-82.48139, 28.47983, 0], [-82.48143, 28.4799, 0], [-82.48168, 28.48045, 0], [-82.48179, 28.48071, 0], [-82.48184, 28.48081, 0], [-82.48199, 28.48115, 0], [-82.48204, 28.48125, 0], [-82.48228, 28.48179, 0], [-82.48233, 28.48189, 0], [-82.48242, 28.48209, 0], [-82.48245, 28.48217, 0], [-82.48251, 28.48229, 0], [-82.48255, 28.4824, 0], [-82.48259, 28.48247, 0], [-82.4826, 28.4825, 0], [-82.48264, 28.48257, 0], [-82.48265, 28.4826, 0], [-82.48268, 28.48267, 0], [-82.48269, 28.4827, 0], [-82.48274, 28.4828, 0], [-82.48277, 28.48288, 0], [-82.48283, 28.483, 0], [-82.48286, 28.48308, 0], [-82.48313, 28.48368, 0], [-82.48314, 28.48371, 0], [-82.48318, 28.48379, 0], [-82.48326, 28.48399, 0], [-82.48327, 28.48401, 0], [-82.48335, 28.48421, 0], [-82.48338, 28.4843, 0], [-82.48342, 28.4844, 0], [-82.48346, 28.48453, 0], [-82.48349, 28.48461, 0], [-82.48349, 28.48463, 0], [-82.48351, 28.48469, 0], [-82.48352, 28.48473, 0], [-82.48353, 28.48474, 0], [-82.48356, 28.48484, 0], [-82.48358, 28.48495, 0], [-82.4836, 28.48503, 0], [-82.48361, 28.48505, 0], [-82.48363, 28.48515, 0], [-82.48363, 28.48516, 0], [-82.48366, 28.48526, 0], [-82.48367, 28.48533, 0], [-82.48368, 28.48537, 0], [-82.48372, 28.48558, 0], [-82.48373, 28.48567, 0], [-82.48374, 28.48572, 0], [-82.48376, 28.48588, 0], [-82.48378, 28.48613, 0], [-82.48379, 28.48621, 0], [-82.48379, 28.48623, 0], [-82.4838, 28.48632, 0], [-82.4838, 28.487, 0], [-82.48379, 28.48712, 0], [-82.48378, 28.48732, 0], [-82.48376, 28.48743, 0], [-82.48376, 28.48744, 0], [-82.48374, 28.48764, 0], [-82.48372, 28.48774, 0], [-82.48372, 28.48777, 0], [-82.4837, 28.48786, 0], [-82.48369, 28.48797, 0], [-82.48367, 28.48807, 0], [-82.48366, 28.48807, 0], [-82.48362, 28.48829, 0], [-82.48348, 28.48879, 0], [-82.48344, 28.4889, 0], [-82.4834, 28.48903, 0], [-82.48337, 28.4891, 0], [-82.48333, 28.48921, 0], [-82.48332, 28.48923, 0], [-82.48325, 28.48942, 0], [-82.48321, 28.48951, 0], [-82.48319, 28.48954, 0], [-82.48316, 28.48961, 0], [-82.48314, 28.48965, 0], [-82.48311, 28.48972, 0], [-82.48305, 28.48984, 0], [-82.48305, 28.48985, 0], [-82.48302, 28.4899, 0], [-82.483, 28.48994, 0], [-82.48296, 28.49001, 0], [-82.48295, 28.49004, 0], [-82.48293, 28.49007, 0], [-82.48291, 28.49011, 0], [-82.48289, 28.49014, 0], [-82.48279, 28.49031, 0], [-82.48273, 28.49042, 0], [-82.48268, 28.4905, 0], [-82.48266, 28.49052, 0], [-82.48265, 28.49055, 0], [-82.48255, 28.49068, 0], [-82.48254, 28.49071, 0], [-82.48249, 28.49078, 0], [-82.48247, 28.4908, 0], [-82.48243, 28.49087, 0], [-82.48236, 28.49096, 0], [-82.48234, 28.49098, 0], [-82.48229, 28.49105, 0], [-82.48224, 28.49111, 0], [-82.4822, 28.49117, 0], [-82.48208, 28.49132, 0], [-82.482, 28.49141, 0], [-82.48198, 28.49143, 0], [-82.48193, 28.49149, 0], [-82.48193, 28.4915, 0], [-82.48191, 28.49152, 0], [-82.4819, 28.49152, 0], [-82.48178, 28.49167, 0], [-82.4817, 28.49176, 0], [-82.48162, 28.49184, 0], [-82.48158, 28.49189, 0], [-82.48138, 28.49211, 0], [-82.48136, 28.49214, 0], [-82.48132, 28.49218, 0], [-82.48125, 28.49227, 0], [-82.48117, 28.49235, 0], [-82.48115, 28.49238, 0], [-82.48101, 28.49252, 0], [-82.48094, 28.49261, 0], [-82.48092, 28.49263, 0], [-82.48086, 28.4927, 0], [-82.48083, 28.49273, 0], [-82.48079, 28.49278, 0], [-82.48071, 28.49287, 0], [-82.48063, 28.49295, 0], [-82.48056, 28.49304, 0], [-82.48048, 28.49312, 0], [-82.48025, 28.49338, 0], [-82.48023, 28.4934, 0], [-82.48017, 28.49347, 0], [-82.4801, 28.49356, 0], [-82.48002, 28.49364, 0], [-82.47987, 28.49381, 0], [-82.47985, 28.49383, 0], [-82.47971, 28.49399, 0], [-82.47966, 28.49404, 0], [-82.47964, 28.49407, 0], [-82.47956, 28.49416, 0], [-82.47952, 28.4942, 0], [-82.47933, 28.49443, 0], [-82.47927, 28.49449, 0], [-82.47925, 28.49452, 0], [-82.47922, 28.49455, 0], [-82.47918, 28.4946, 0], [-82.47914, 28.49466, 0], [-82.47909, 28.49472, 0], [-82.47904, 28.49479, 0], [-82.47897, 28.49488, 0], [-82.4789, 28.49498, 0], [-82.47888, 28.495, 0], [-82.47883, 28.49507, 0], [-82.47881, 28.49509, 0], [-82.4787, 28.49525, 0], [-82.47864, 28.49535, 0], [-82.47862, 28.49537, 0], [-82.47857, 28.49544, 0], [-82.47851, 28.49554, 0], [-82.4785, 28.49556, 0], [-82.47845, 28.49563, 0], [-82.47839, 28.49573, 0], [-82.47837, 28.49575, 0], [-82.47816, 28.49611, 0], [-82.47814, 28.49614, 0], [-82.4781, 28.49621, 0], [-82.478, 28.49641, 0], [-82.47798, 28.49644, 0], [-82.47789, 28.4966, 0], [-82.47774, 28.4969, 0], [-82.47773, 28.49693, 0], [-82.4777, 28.497, 0], [-82.47768, 28.49704, 0], [-82.47761, 28.49721, 0], [-82.4776, 28.49723, 0], [-82.47759, 28.49724, 0], [-82.47752, 28.49741, 0], [-82.47736, 28.49783, 0], [-82.47735, 28.49785, 0], [-82.47731, 28.49796, 0], [-82.47731, 28.49797, 0], [-82.47729, 28.49804, 0], [-82.47725, 28.49814, 0], [-82.47722, 28.49825, 0], [-82.47718, 28.49835, 0], [-82.47715, 28.49846, 0], [-82.47715, 28.49847, 0], [-82.47708, 28.4987, 0], [-82.47706, 28.49878, 0], [-82.47703, 28.49888, 0], [-82.47703, 28.49891, 0], [-82.47701, 28.49899, 0], [-82.477, 28.49901, 0], [-82.47696, 28.49919, 0], [-82.47696, 28.49922, 0], [-82.47693, 28.49932, 0], [-82.47693, 28.49935, 0], [-82.47687, 28.49965, 0], [-82.47685, 28.49977, 0], [-82.47684, 28.49979, 0], [-82.47684, 28.49984, 0], [-82.47683, 28.49987, 0], [-82.47681, 28.50001, 0], [-82.4768, 28.50011, 0], [-82.47678, 28.50023, 0], [-82.47678, 28.50025, 0], [-82.47677, 28.50031, 0], [-82.47676, 28.50042, 0], [-82.47676, 28.50044, 0], [-82.47673, 28.50075, 0], [-82.47673, 28.50078, 0], [-82.47672, 28.50085, 0], [-82.47672, 28.50099, 0], [-82.47671, 28.50104, 0], [-82.47671, 28.50132, 0], [-82.4767, 28.5014, 0], [-82.4767, 28.50896, 0], [-82.47669, 28.50905, 0], [-82.47669, 28.51282, 0], [-82.4767, 28.51293, 0], [-82.4767, 28.51315, 0], [-82.47671, 28.51326, 0], [-82.47671, 28.51338, 0], [-82.47673, 28.51358, 0], [-82.47673, 28.51369, 0], [-82.47679, 28.51433, 0], [-82.47679, 28.51434, 0], [-82.4768, 28.51445, 0], [-82.47682, 28.51456, 0], [-82.47684, 28.51478, 0], [-82.47686, 28.51489, 0], [-82.47687, 28.515, 0], [-82.47689, 28.5151, 0], [-82.4769, 28.51521, 0], [-82.47694, 28.51543, 0], [-82.47695, 28.51553, 0], [-82.47697, 28.51564, 0], [-82.47698, 28.51566, 0], [-82.47699, 28.51574, 0], [-82.47703, 28.51596, 0], [-82.47712, 28.51639, 0], [-82.47716, 28.51661, 0], [-82.47718, 28.5167, 0], [-82.4772, 28.51682, 0], [-82.47723, 28.51693, 0], [-82.47724, 28.51696, 0], [-82.47725, 28.51703, 0], [-82.47729, 28.51725, 0], [-82.47732, 28.51736, 0], [-82.47738, 28.51767, 0], [-82.47742, 28.51783, 0], [-82.47749, 28.51821, 0], [-82.47752, 28.51832, 0], [-82.4776, 28.51875, 0], [-82.47763, 28.51885, 0], [-82.47763, 28.51886, 0], [-82.47771, 28.51928, 0], [-82.47774, 28.51938, 0], [-82.4778, 28.51972, 0], [-82.47783, 28.51982, 0], [-82.47793, 28.52035, 0], [-82.47796, 28.52046, 0], [-82.47796, 28.5205, 0], [-82.47798, 28.52057, 0], [-82.47802, 28.52078, 0], [-82.47805, 28.52089, 0], [-82.47811, 28.52122, 0], [-82.47814, 28.52132, 0], [-82.47822, 28.52175, 0], [-82.47823, 28.52175, 0], [-82.47831, 28.52218, 0], [-82.47834, 28.52228, 0], [-82.47851, 28.52314, 0], [-82.47854, 28.52325, 0], [-82.47856, 28.52336, 0], [-82.47858, 28.52345, 0], [-82.47858, 28.52346, 0], [-82.47862, 28.52367, 0], [-82.47865, 28.52378, 0], [-82.47873, 28.5242, 0], [-82.47881, 28.52454, 0], [-82.47881, 28.52456, 0], [-82.4789, 28.52501, 0], [-82.4789, 28.52502, 0], [-82.47896, 28.52534, 0], [-82.47897, 28.52544, 0], [-82.47899, 28.52551, 0], [-82.47899, 28.52555, 0], [-82.47901, 28.52566, 0], [-82.47902, 28.52577, 0], [-82.47904, 28.52587, 0], [-82.47904, 28.52589, 0], [-82.47905, 28.52598, 0], [-82.47907, 28.5261, 0], [-82.47909, 28.5263, 0], [-82.47911, 28.52641, 0], [-82.47914, 28.52681, 0], [-82.47915, 28.52684, 0], [-82.47917, 28.52706, 0], [-82.47917, 28.52718, 0], [-82.47919, 28.52739, 0], [-82.47919, 28.52753, 0], [-82.4792, 28.5276, 0], [-82.4792, 28.52791, 0], [-82.47921, 28.52814, 0], [-82.47921, 28.52903, 0], [-82.47922, 28.52924, 0], [-82.47922, 28.53056, 0], [-82.47923, 28.53066, 0], [-82.47923, 28.53187, 0], [-82.47924, 28.53197, 0], [-82.47924, 28.53318, 0], [-82.47925, 28.53329, 0], [-82.47925, 28.53448, 0], [-82.47926, 28.5347, 0], [-82.47926, 28.5357, 0], [-82.47927, 28.53613, 0], [-82.47927, 28.53724, 0], [-82.47928, 28.53732, 0], [-82.47928, 28.53859, 0], [-82.47929, 28.53865, 0], [-82.47928, 28.53895, 0], [-82.47928, 28.53926, 0], [-82.47927, 28.53937, 0], [-82.47927, 28.53945, 0], [-82.47926, 28.53948, 0], [-82.47926, 28.53961, 0], [-82.47925, 28.53971, 0], [-82.47925, 28.53979, 0], [-82.47924, 28.53982, 0], [-82.47924, 28.53993, 0], [-82.47923, 28.53998, 0], [-82.47923, 28.54004, 0], [-82.47918, 28.54056, 0], [-82.47918, 28.54064, 0], [-82.47917, 28.54068, 0], [-82.47915, 28.5409, 0], [-82.47913, 28.54101, 0], [-82.47912, 28.54111, 0], [-82.47905, 28.54156, 0], [-82.47896, 28.54222, 0], [-82.47894, 28.54233, 0], [-82.47891, 28.54255, 0], [-82.47891, 28.54257, 0], [-82.47889, 28.54277, 0], [-82.47887, 28.54288, 0], [-82.47884, 28.54321, 0], [-82.47883, 28.54324, 0], [-82.47882, 28.54335, 0], [-82.47882, 28.54344, 0], [-82.47879, 28.54378, 0], [-82.47879, 28.5438, 0], [-82.47878, 28.54388, 0], [-82.47878, 28.54399, 0], [-82.47877, 28.54412, 0], [-82.47877, 28.54422, 0], [-82.47876, 28.54433, 0], [-82.47876, 28.54456, 0], [-82.47875, 28.54466, 0], [-82.47875, 28.54545, 0], [-82.47876, 28.54567, 0], [-82.47876, 28.54579, 0], [-82.47877, 28.54588, 0], [-82.47877, 28.54599, 0], [-82.4788, 28.54633, 0], [-82.4788, 28.54645, 0], [-82.47885, 28.54699, 0], [-82.47887, 28.5471, 0], [-82.4789, 28.5474, 0], [-82.47891, 28.54743, 0], [-82.47892, 28.54755, 0], [-82.47893, 28.54758, 0], [-82.47895, 28.54776, 0], [-82.47899, 28.54798, 0], [-82.479, 28.54809, 0], [-82.4791, 28.54864, 0], [-82.47913, 28.54875, 0], [-82.47917, 28.54897, 0], [-82.47918, 28.54899, 0], [-82.47919, 28.54908, 0], [-82.47922, 28.54919, 0], [-82.47924, 28.5493, 0], [-82.4793, 28.54951, 0], [-82.47932, 28.54962, 0], [-82.47935, 28.54973, 0], [-82.47937, 28.54984, 0], [-82.47941, 28.54997, 0], [-82.47943, 28.55007, 0], [-82.47951, 28.55038, 0], [-82.47953, 28.55049, 0], [-82.47956, 28.5506, 0], [-82.4796, 28.55082, 0], [-82.47963, 28.55093, 0], [-82.47963, 28.55096, 0], [-82.47965, 28.55104, 0], [-82.47971, 28.55136, 0], [-82.47972, 28.55147, 0], [-82.47974, 28.55158, 0], [-82.47975, 28.55169, 0], [-82.47977, 28.5518, 0], [-82.47979, 28.55194, 0], [-82.47981, 28.55213, 0], [-82.47981, 28.55216, 0], [-82.47986, 28.55268, 0], [-82.47986, 28.55279, 0], [-82.47988, 28.55301, 0], [-82.47988, 28.55312, 0], [-82.47989, 28.55323, 0], [-82.47989, 28.55357, 0], [-82.4799, 28.55368, 0], [-82.4799, 28.55522, 0], [-82.47991, 28.55533, 0], [-82.47991, 28.55688, 0], [-82.47992, 28.55699, 0], [-82.47992, 28.55846, 0], [-82.47993, 28.55888, 0], [-82.47993, 28.56035, 0], [-82.47994, 28.56043, 0], [-82.47994, 28.56135, 0], [-82.47995, 28.56179, 0], [-82.47995, 28.56297, 0], [-82.47996, 28.56311, 0], [-82.47996, 28.56513, 0], [-82.47997, 28.5653, 0], [-82.47997, 28.56641, 0], [-82.47998, 28.56656, 0], [-82.47998, 28.56812, 0], [-82.47999, 28.56822, 0], [-82.47999, 28.57011, 0], [-82.48, 28.57022, 0], [-82.48, 28.57166, 0], [-82.48001, 28.57177, 0], [-82.48001, 28.57311, 0], [-82.48002, 28.5732, 0], [-82.48003, 28.57324, 0], [-82.48003, 28.57496, 0], [-82.48004, 28.57499, 0], [-82.48004, 28.57554, 0], [-82.48005, 28.57599, 0], [-82.48005, 28.57676, 0], [-82.48006, 28.57685, 0], [-82.48006, 28.57765, 0], [-82.48007, 28.57776, 0], [-82.48007, 28.58188, 0], [-82.48008, 28.58199, 0], [-82.48008, 28.58311, 0], [-82.48009, 28.58322, 0], [-82.48009, 28.58333, 0], [-82.4801, 28.58345, 0], [-82.4801, 28.58355, 0], [-82.48014, 28.584, 0], [-82.48016, 28.58411, 0], [-82.48017, 28.58422, 0], [-82.48025, 28.58466, 0], [-82.48028, 28.58477, 0], [-82.4803, 28.58487, 0], [-82.48033, 28.58499, 0], [-82.4804, 28.58521, 0], [-82.48046, 28.58542, 0], [-82.48066, 28.58594, 0], [-82.48071, 28.58605, 0], [-82.48075, 28.58616, 0], [-82.4808, 28.58625, 0], [-82.48081, 28.58628, 0], [-82.48085, 28.58636, 0], [-82.48086, 28.58639, 0], [-82.48089, 28.58645, 0], [-82.4809, 28.58646, 0], [-82.48097, 28.5866, 0], [-82.48098, 28.58661, 0], [-82.48101, 28.58666, 0], [-82.48106, 28.58676, 0], [-82.48124, 28.58706, 0], [-82.48126, 28.58709, 0], [-82.48136, 28.58726, 0], [-82.48149, 28.58745, 0], [-82.48155, 28.58755, 0], [-82.48161, 28.58764, 0], [-82.48163, 28.58766, 0], [-82.48166, 28.58772, 0], [-82.48168, 28.58774, 0], [-82.48174, 28.58783, 0], [-82.48177, 28.58787, 0], [-82.4818, 28.58793, 0], [-82.48186, 28.58801, 0], [-82.48187, 28.58802, 0], [-82.48193, 28.58812, 0], [-82.482, 28.58822, 0], [-82.48219, 28.58851, 0], [-82.48225, 28.58859, 0], [-82.48225, 28.5886, 0], [-82.48229, 28.58865, 0], [-82.48232, 28.5887, 0], [-82.48238, 28.58879, 0], [-82.48239, 28.5888, 0], [-82.48245, 28.58888, 0], [-82.48251, 28.58898, 0], [-82.4826, 28.58911, 0], [-82.48264, 28.58918, 0], [-82.48271, 28.58927, 0], [-82.48277, 28.58937, 0], [-82.48281, 28.58942, 0], [-82.48283, 28.58946, 0], [-82.4829, 28.58956, 0], [-82.48291, 28.58958, 0], [-82.48296, 28.58966, 0], [-82.48303, 28.58975, 0], [-82.48309, 28.58985, 0], [-82.48316, 28.58994, 0], [-82.48322, 28.59004, 0], [-82.48335, 28.59023, 0], [-82.48341, 28.59033, 0], [-82.48387, 28.591, 0], [-82.48393, 28.5911, 0], [-82.484, 28.59119, 0], [-82.48406, 28.59129, 0], [-82.48432, 28.59167, 0], [-82.48438, 28.59177, 0], [-82.48445, 28.59186, 0], [-82.48446, 28.59189, 0], [-82.48447, 28.5919, 0], [-82.48484, 28.59244, 0], [-82.48488, 28.59251, 0], [-82.48489, 28.59252, 0], [-82.4849, 28.59254, 0], [-82.48516, 28.59292, 0], [-82.48516, 28.59293, 0], [-82.48527, 28.59308, 0], [-82.48528, 28.5931, 0], [-82.4876, 28.59655, 0], [-82.48808, 28.59728, 0], [-82.48814, 28.59735, 0], [-82.4884, 28.59775, 0], [-82.48854, 28.59795, 0], [-82.48859, 28.59804, 0], [-82.48867, 28.59815, 0], [-82.48874, 28.59826, 0], [-82.48894, 28.59855, 0], [-82.489, 28.59865, 0], [-82.48904, 28.59871, 0], [-82.48905, 28.59872, 0], [-82.4892, 28.59895, 0], [-82.4893, 28.59909, 0], [-82.48946, 28.59933, 0], [-82.48947, 28.59935, 0], [-82.4895, 28.59939, 0], [-82.48958, 28.59951, 0], [-82.48961, 28.59956, 0], [-82.48986, 28.59993, 0], [-82.48994, 28.60004, 0], [-82.49, 28.60014, 0], [-82.49027, 28.60055, 0], [-82.49054, 28.60094, 0], [-82.4906, 28.60104, 0], [-82.49074, 28.60124, 0], [-82.4908, 28.60134, 0], [-82.49101, 28.60164, 0], [-82.49107, 28.60174, 0], [-82.49112, 28.6018, 0], [-82.49127, 28.60204, 0], [-82.49145, 28.6023, 0], [-82.49154, 28.60244, 0], [-82.49155, 28.60246, 0], [-82.49161, 28.60254, 0], [-82.49167, 28.60264, 0], [-82.49173, 28.60273, 0], [-82.49176, 28.60277, 0], [-82.49185, 28.60292, 0], [-82.49192, 28.60302, 0], [-82.49197, 28.60312, 0], [-82.49203, 28.60321, 0], [-82.49213, 28.60341, 0], [-82.49218, 28.60352, 0], [-82.49224, 28.60363, 0], [-82.49229, 28.60375, 0], [-82.49239, 28.60395, 0], [-82.49248, 28.60418, 0], [-82.4925, 28.60424, 0], [-82.49254, 28.60434, 0], [-82.49257, 28.60445, 0], [-82.49261, 28.60455, 0], [-82.49264, 28.60466, 0], [-82.49266, 28.60472, 0], [-82.49267, 28.60477, 0], [-82.49276, 28.60509, 0], [-82.49278, 28.6052, 0], [-82.49279, 28.60524, 0], [-82.49286, 28.60563, 0], [-82.49288, 28.60585, 0], [-82.49289, 28.60592, 0], [-82.4929, 28.60596, 0], [-82.4929, 28.60602, 0], [-82.49291, 28.60607, 0], [-82.49291, 28.6061, 0], [-82.49292, 28.60621, 0], [-82.49292, 28.60629, 0], [-82.49293, 28.6064, 0], [-82.49293, 28.60673, 0], [-82.49294, 28.60695, 0], [-82.49294, 28.60757, 0], [-82.49295, 28.60762, 0], [-82.49296, 28.6092, 0], [-82.49297, 28.60951, 0], [-82.49298, 28.61097, 0], [-82.49299, 28.6112, 0], [-82.49299, 28.61209, 0], [-82.493, 28.61217, 0], [-82.493, 28.61272, 0], [-82.49301, 28.61322, 0], [-82.49301, 28.61365, 0], [-82.49302, 28.61407, 0], [-82.49302, 28.61432, 0], [-82.49303, 28.61457, 0], [-82.49303, 28.61524, 0], [-82.49304, 28.61533, 0], [-82.49304, 28.61614, 0], [-82.49305, 28.61624, 0], [-82.49305, 28.61688, 0], [-82.49306, 28.61696, 0], [-82.49306, 28.61771, 0], [-82.49307, 28.61793, 0], [-82.49307, 28.6185, 0], [-82.49308, 28.61893, 0], [-82.49308, 28.61938, 0], [-82.49309, 28.61949, 0], [-82.49309, 28.62004, 0], [-82.4931, 28.62016, 0], [-82.4931, 28.62092, 0], [-82.49311, 28.62115, 0], [-82.49311, 28.62183, 0], [-82.4931, 28.62192, 0], [-82.4931, 28.62203, 0], [-82.49308, 28.62225, 0], [-82.49308, 28.62228, 0], [-82.49307, 28.62236, 0], [-82.49307, 28.62238, 0], [-82.49306, 28.62247, 0], [-82.49302, 28.62269, 0], [-82.49302, 28.62271, 0], [-82.49297, 28.62295, 0], [-82.49296, 28.62301, 0], [-82.49295, 28.62301, 0], [-82.49293, 28.62312, 0], [-82.49292, 28.62315, 0], [-82.49287, 28.62334, 0], [-82.49283, 28.62344, 0], [-82.4928, 28.62355, 0], [-82.49272, 28.62376, 0], [-82.49267, 28.62386, 0], [-82.49262, 28.624, 0], [-82.49258, 28.62408, 0], [-82.49254, 28.62418, 0], [-82.49248, 28.62429, 0], [-82.49243, 28.62439, 0], [-82.49237, 28.62449, 0], [-82.49232, 28.62459, 0], [-82.49215, 28.62484, 0], [-82.49213, 28.62486, 0], [-82.49201, 28.62506, 0], [-82.49194, 28.62515, 0], [-82.49188, 28.62525, 0], [-82.49181, 28.62534, 0], [-82.49175, 28.62544, 0], [-82.49155, 28.62573, 0], [-82.49149, 28.62583, 0], [-82.49142, 28.62593, 0], [-82.49135, 28.62602, 0], [-82.49129, 28.62612, 0], [-82.49122, 28.62622, 0], [-82.49121, 28.62624, 0], [-82.49109, 28.62641, 0], [-82.49102, 28.62652, 0], [-82.49095, 28.62662, 0], [-82.49091, 28.62667, 0], [-82.4909, 28.62669, 0], [-82.49069, 28.62701, 0], [-82.49043, 28.62738, 0], [-82.49037, 28.62748, 0], [-82.49011, 28.62787, 0], [-82.49001, 28.62804, 0], [-82.48995, 28.62813, 0], [-82.48974, 28.62858, 0], [-82.48963, 28.62878, 0], [-82.48959, 28.62888, 0], [-82.48954, 28.62897, 0], [-82.48945, 28.62917, 0], [-82.48933, 28.62947, 0], [-82.48931, 28.62955, 0], [-82.48929, 28.62961, 0], [-82.48925, 28.62971, 0], [-82.48913, 28.63015, 0], [-82.48913, 28.63016, 0], [-82.48906, 28.63056, 0], [-82.48901, 28.63112, 0], [-82.48901, 28.63121, 0], [-82.489, 28.63133, 0], [-82.489, 28.63156, 0], [-82.48899, 28.63167, 0], [-82.48899, 28.63245, 0], [-82.489, 28.63277, 0], [-82.489, 28.63433, 0], [-82.48901, 28.63444, 0], [-82.48901, 28.63661, 0], [-82.48902, 28.63672, 0], [-82.48902, 28.63829, 0], [-82.48903, 28.6384, 0], [-82.48903, 28.63984, 0], [-82.48904, 28.63994, 0], [-82.48904, 28.64104, 0], [-82.48905, 28.64115, 0], [-82.48905, 28.64137, 0], [-82.48906, 28.64147, 0], [-82.48906, 28.6416, 0], [-82.48909, 28.64193, 0], [-82.48909, 28.642, 0], [-82.4891, 28.64204, 0], [-82.48912, 28.64226, 0], [-82.4892, 28.64271, 0], [-82.48923, 28.64281, 0], [-82.48925, 28.64292, 0], [-82.48931, 28.64313, 0], [-82.48935, 28.64324, 0], [-82.48938, 28.64335, 0], [-82.48954, 28.64377, 0], [-82.48959, 28.64388, 0], [-82.48964, 28.64398, 0], [-82.48968, 28.64408, 0], [-82.48974, 28.64418, 0], [-82.48979, 28.64429, 0], [-82.4899, 28.64449, 0], [-82.48996, 28.64458, 0], [-82.49002, 28.64469, 0], [-82.49008, 28.64478, 0], [-82.4901, 28.64482, 0], [-82.49014, 28.64488, 0], [-82.49021, 28.64497, 0], [-82.49027, 28.64506, 0], [-82.49033, 28.64516, 0], [-82.4904, 28.64525, 0], [-82.49067, 28.64564, 0], [-82.49074, 28.64572, 0], [-82.49088, 28.64592, 0], [-82.49089, 28.64593, 0], [-82.49121, 28.64637, 0], [-82.49135, 28.64655, 0], [-82.49142, 28.64666, 0], [-82.49156, 28.64684, 0], [-82.49163, 28.64694, 0], [-82.4917, 28.64703, 0], [-82.49177, 28.64713, 0], [-82.49184, 28.64722, 0], [-82.49197, 28.64741, 0], [-82.49216, 28.64766, 0], [-82.49223, 28.64777, 0], [-82.4924, 28.64802, 0], [-82.49256, 28.64829, 0], [-82.49261, 28.64839, 0], [-82.4927, 28.64855, 0], [-82.49272, 28.64859, 0], [-82.49273, 28.64862, 0], [-82.49285, 28.64888, 0], [-82.49289, 28.64898, 0], [-82.49298, 28.64923, 0], [-82.49307, 28.64952, 0], [-82.49314, 28.64979, 0], [-82.49319, 28.65001, 0], [-82.49324, 28.65033, 0], [-82.49327, 28.65063, 0], [-82.49328, 28.65078, 0], [-82.4933, 28.65171, 0], [-82.49329, 28.65318, 0], [-82.49326, 28.65378, 0], [-82.49326, 28.65388, 0], [-82.49321, 28.65462, 0], [-82.49318, 28.65486, 0], [-82.49314, 28.65535, 0], [-82.49312, 28.65568, 0], [-82.4931, 28.65578, 0], [-82.49308, 28.65595, 0], [-82.49307, 28.65609, 0], [-82.49307, 28.65612, 0], [-82.49306, 28.65613, 0], [-82.49305, 28.65631, 0], [-82.49303, 28.65649, 0], [-82.49296, 28.65732, 0], [-82.49296, 28.65735, 0], [-82.49293, 28.65773, 0], [-82.49293, 28.65788, 0], [-82.49292, 28.65817, 0], [-82.49292, 28.65829, 0], [-82.49291, 28.6584, 0], [-82.49291, 28.65921, 0], [-82.49293, 28.65957, 0], [-82.49293, 28.65979, 0], [-82.49295, 28.66, 0], [-82.49295, 28.66011, 0], [-82.49296, 28.66015, 0], [-82.49296, 28.66023, 0], [-82.49305, 28.66123, 0], [-82.49306, 28.66141, 0], [-82.49308, 28.66158, 0], [-82.49309, 28.66177, 0], [-82.4931, 28.66182, 0], [-82.49315, 28.66266, 0], [-82.49316, 28.66271, 0], [-82.49316, 28.66282, 0], [-82.49317, 28.66284, 0], [-82.49328, 28.66456, 0], [-82.49328, 28.66461, 0], [-82.49333, 28.6651, 0], [-82.49333, 28.66518, 0], [-82.49336, 28.66543, 0], [-82.49343, 28.66587, 0], [-82.49347, 28.66604, 0], [-82.49349, 28.66617, 0], [-82.49354, 28.66641, 0], [-82.49357, 28.66652, 0], [-82.49359, 28.66661, 0], [-82.4936, 28.66668, 0], [-82.49362, 28.66674, 0], [-82.49364, 28.66685, 0], [-82.4937, 28.66706, 0], [-82.49372, 28.66717, 0], [-82.49378, 28.66739, 0], [-82.4938, 28.66748, 0], [-82.49386, 28.6677, 0], [-82.4939, 28.6678, 0], [-82.494, 28.66813, 0], [-82.49411, 28.66845, 0], [-82.49432, 28.66919, 0], [-82.4944, 28.66942, 0], [-82.49443, 28.66952, 0], [-82.49452, 28.66978, 0], [-82.4947, 28.67042, 0], [-82.49477, 28.67064, 0], [-82.49486, 28.67096, 0], [-82.4949, 28.67107, 0], [-82.49502, 28.67148, 0], [-82.49506, 28.67158, 0], [-82.49508, 28.67167, 0], [-82.49517, 28.67199, 0], [-82.49603, 28.6748, 0], [-82.49628, 28.67577, 0], [-82.4963, 28.67588, 0], [-82.49633, 28.67599, 0], [-82.49635, 28.6761, 0], [-82.49638, 28.6762, 0], [-82.49652, 28.67686, 0], [-82.49655, 28.67704, 0], [-82.49665, 28.6775, 0], [-82.49674, 28.67805, 0], [-82.49675, 28.67816, 0], [-82.49679, 28.67837, 0], [-82.4968, 28.67848, 0], [-82.49682, 28.67859, 0], [-82.49689, 28.67918, 0], [-82.49693, 28.67946, 0], [-82.497, 28.68023, 0], [-82.49703, 28.68045, 0], [-82.49709, 28.68111, 0], [-82.49725, 28.68261, 0], [-82.49731, 28.68294, 0], [-82.49732, 28.68305, 0], [-82.49736, 28.68327, 0], [-82.49744, 28.68383, 0], [-82.49746, 28.68393, 0], [-82.49747, 28.684, 0], [-82.49747, 28.68401, 0], [-82.49748, 28.68405, 0], [-82.49749, 28.68415, 0], [-82.4975, 28.68419, 0], [-82.49752, 28.68438, 0], [-82.49754, 28.68449, 0], [-82.49755, 28.6846, 0], [-82.49757, 28.68471, 0], [-82.49763, 28.68516, 0], [-82.49764, 28.68527, 0], [-82.49766, 28.68536, 0], [-82.49769, 28.6856, 0], [-82.4977, 28.68571, 0], [-82.49772, 28.68582, 0], [-82.49775, 28.68615, 0], [-82.4978, 28.68647, 0], [-82.49784, 28.68691, 0], [-82.49809, 28.68888, 0], [-82.4981, 28.68893, 0], [-82.49816, 28.68943, 0], [-82.49831, 28.69053, 0], [-82.4984, 28.69129, 0], [-82.49843, 28.69163, 0], [-82.49861, 28.69305, 0], [-82.49863, 28.69327, 0], [-82.49866, 28.69345, 0], [-82.49867, 28.69359, 0], [-82.49869, 28.6937, 0], [-82.49872, 28.69403, 0], [-82.49874, 28.69414, 0], [-82.49875, 28.69424, 0], [-82.49875, 28.69428, 0], [-82.49878, 28.69447, 0], [-82.4988, 28.69469, 0], [-82.49882, 28.69479, 0], [-82.49885, 28.69513, 0], [-82.49888, 28.69534, 0], [-82.49888, 28.69535, 0], [-82.4989, 28.69546, 0], [-82.49893, 28.69578, 0], [-82.49895, 28.69589, 0], [-82.49896, 28.696, 0], [-82.49898, 28.69611, 0], [-82.49899, 28.69622, 0], [-82.49901, 28.69633, 0], [-82.49903, 28.69655, 0], [-82.49905, 28.69666, 0], [-82.49906, 28.69677, 0], [-82.49908, 28.69688, 0], [-82.49909, 28.69698, 0], [-82.4991, 28.69703, 0], [-82.49911, 28.6971, 0], [-82.49913, 28.69731, 0], [-82.49915, 28.69743, 0], [-82.49921, 28.69808, 0], [-82.49922, 28.6981, 0], [-82.49925, 28.69841, 0], [-82.49925, 28.69846, 0], [-82.49926, 28.69852, 0], [-82.49927, 28.69863, 0], [-82.49927, 28.69869, 0], [-82.49928, 28.69874, 0], [-82.49931, 28.69907, 0], [-82.49931, 28.69914, 0], [-82.49932, 28.69918, 0], [-82.49932, 28.69929, 0], [-82.49934, 28.69951, 0], [-82.49934, 28.69954, 0], [-82.49935, 28.69961, 0], [-82.49937, 28.69984, 0], [-82.49937, 28.69995, 0], [-82.49939, 28.70017, 0], [-82.49939, 28.70028, 0], [-82.4994, 28.7003, 0], [-82.4994, 28.70038, 0], [-82.49941, 28.7005, 0], [-82.49941, 28.70062, 0], [-82.49943, 28.70083, 0], [-82.49943, 28.70094, 0], [-82.49944, 28.70116, 0], [-82.49945, 28.70127, 0], [-82.49945, 28.70149, 0], [-82.49946, 28.70159, 0], [-82.49946, 28.70169, 0], [-82.49947, 28.70193, 0], [-82.49947, 28.70204, 0], [-82.49948, 28.70215, 0], [-82.49948, 28.70248, 0], [-82.49949, 28.70259, 0], [-82.49949, 28.70325, 0], [-82.4995, 28.70356, 0], [-82.4995, 28.70413, 0], [-82.49951, 28.70425, 0], [-82.49951, 28.70469, 0], [-82.49952, 28.70523, 0], [-82.49952, 28.70612, 0], [-82.49953, 28.70623, 0], [-82.49953, 28.70711, 0], [-82.49954, 28.70722, 0], [-82.49954, 28.70832, 0], [-82.49955, 28.70843, 0], [-82.49955, 28.71008, 0], [-82.49956, 28.71019, 0], [-82.49956, 28.71409, 0], [-82.49957, 28.7142, 0], [-82.49957, 28.7153, 0], [-82.49958, 28.71542, 0], [-82.49958, 28.71926, 0], [-82.49959, 28.71982, 0], [-82.49959, 28.7218, 0], [-82.4996, 28.72224, 0], [-82.4996, 28.72356, 0], [-82.49962, 28.72473, 0], [-82.49963, 28.7249, 0], [-82.49963, 28.72643, 0], [-82.49964, 28.72653, 0], [-82.49965, 28.73237, 0], [-82.49966, 28.7326, 0], [-82.49966, 28.73401, 0], [-82.49965, 28.73413, 0], [-82.49966, 28.73424, 0], [-82.49966, 28.73601, 0], [-82.49967, 28.73612, 0], [-82.49967, 28.73777, 0], [-82.49968, 28.73788, 0], [-82.49967, 28.73799, 0], [-82.49968, 28.7381, 0], [-82.49968, 28.73964, 0], [-82.49969, 28.73973, 0], [-82.49969, 28.74186, 0], [-82.4997, 28.74207, 0], [-82.49971, 28.74917, 0], [-82.49964, 28.75087, 0], [-82.49953, 28.75254, 0], [-82.49946, 28.75334, 0], [-82.49938, 28.75408, 0], [-82.49937, 28.75426, 0], [-82.4992, 28.75566, 0], [-82.49897, 28.75721, 0], [-82.49845, 28.76102, 0], [-82.49845, 28.76105, 0], [-82.49843, 28.76116, 0], [-82.49842, 28.76127, 0], [-82.49842, 28.76131, 0], [-82.49836, 28.76192, 0], [-82.49835, 28.76207, 0], [-82.49835, 28.76215, 0], [-82.4983, 28.76279, 0], [-82.4983, 28.76289, 0], [-82.49829, 28.76299, 0], [-82.49829, 28.76422, 0], [-82.4983, 28.76435, 0], [-82.49834, 28.76556, 0], [-82.49834, 28.76565, 0], [-82.49835, 28.76574, 0], [-82.49835, 28.7658, 0], [-82.49836, 28.76588, 0], [-82.49837, 28.766, 0], [-82.49837, 28.76612, 0], [-82.49844, 28.76688, 0], [-82.49845, 28.76689, 0], [-82.49846, 28.76704, 0], [-82.49851, 28.76741, 0], [-82.49851, 28.76743, 0], [-82.49855, 28.76776, 0], [-82.49857, 28.76787, 0], [-82.49861, 28.76819, 0], [-82.49913, 28.77179, 0], [-82.49934, 28.77314, 0], [-82.49941, 28.77371, 0], [-82.49953, 28.77456, 0], [-82.49953, 28.77457, 0], [-82.4996, 28.77515, 0], [-82.4997, 28.77637, 0], [-82.49978, 28.77761, 0], [-82.49985, 28.77925, 0], [-82.49987, 28.78005, 0], [-82.49988, 28.78221, 0], [-82.49987, 28.78239, 0], [-82.49987, 28.78329, 0], [-82.49986, 28.78341, 0], [-82.49986, 28.78387, 0], [-82.49984, 28.78424, 0], [-82.49983, 28.78458, 0], [-82.49974, 28.78619, 0], [-82.49974, 28.78628, 0], [-82.49967, 28.78714, 0], [-82.49959, 28.78797, 0], [-82.49937, 28.79001, 0], [-82.49919, 28.79139, 0], [-82.49917, 28.79168, 0], [-82.49917, 28.79236, 0], [-82.49918, 28.79247, 0], [-82.49918, 28.79257, 0], [-82.4992, 28.79278, 0], [-82.49922, 28.79291, 0], [-82.49924, 28.79313, 0], [-82.49926, 28.79322, 0], [-82.49926, 28.79324, 0], [-82.49934, 28.79366, 0], [-82.49952, 28.79433, 0], [-82.49958, 28.79452, 0], [-82.49976, 28.79496, 0], [-82.49993, 28.79535, 0], [-82.50016, 28.79576, 0], [-82.5003, 28.79597, 0], [-82.50041, 28.79615, 0], [-82.50054, 28.79634, 0], [-82.50083, 28.79673, 0], [-82.50085, 28.79676, 0], [-82.50125, 28.79722, 0], [-82.50141, 28.79739, 0], [-82.50305, 28.79901, 0], [-82.50319, 28.79914, 0], [-82.50809, 28.80399, 0], [-82.50834, 28.80423, 0], [-82.50874, 28.80463, 0], [-82.50884, 28.80472, 0], [-82.50909, 28.80497, 0], [-82.50924, 28.80511, 0], [-82.50934, 28.80521, 0], [-82.50941, 28.80527, 0], [-82.50949, 28.80536, 0], [-82.50958, 28.80544, 0], [-82.50974, 28.8056, 0], [-82.50991, 28.80576, 0], [-82.50992, 28.80578, 0], [-82.51007, 28.80593, 0], [-82.51024, 28.80609, 0], [-82.51047, 28.80632, 0], [-82.51061, 28.80645, 0], [-82.51074, 28.80659, 0], [-82.51076, 28.8066, 0], [-82.51084, 28.80667, 0], [-82.51091, 28.80674, 0], [-82.51092, 28.80676, 0], [-82.511, 28.80683, 0], [-82.51103, 28.80686, 0], [-82.51107, 28.80691, 0], [-82.51109, 28.80692, 0], [-82.51115, 28.80699, 0], [-82.51117, 28.80701, 0], [-82.51124, 28.80707, 0], [-82.51149, 28.80732, 0], [-82.51151, 28.80733, 0], [-82.51154, 28.80737, 0], [-82.51182, 28.80765, 0], [-82.51183, 28.80767, 0], [-82.5119, 28.80773, 0], [-82.51191, 28.80775, 0], [-82.51206, 28.8079, 0], [-82.51207, 28.80792, 0], [-82.51213, 28.80799, 0], [-82.51215, 28.808, 0], [-82.51221, 28.80807, 0], [-82.51223, 28.80809, 0], [-82.51229, 28.80816, 0], [-82.51237, 28.80824, 0], [-82.51238, 28.80826, 0], [-82.51247, 28.80837, 0], [-82.51252, 28.80842, 0], [-82.51253, 28.80844, 0], [-82.51276, 28.8087, 0], [-82.51281, 28.80878, 0], [-82.51283, 28.80879, 0], [-82.51288, 28.80887, 0], [-82.5129, 28.80888, 0], [-82.51295, 28.80895, 0], [-82.51297, 28.80897, 0], [-82.51303, 28.80905, 0], [-82.51304, 28.80907, 0], [-82.51309, 28.80913, 0], [-82.5131, 28.80914, 0], [-82.51311, 28.80916, 0], [-82.51318, 28.80925, 0], [-82.51323, 28.80932, 0], [-82.51325, 28.80934, 0], [-82.5133, 28.80942, 0], [-82.51331, 28.80943, 0], [-82.51337, 28.80952, 0], [-82.5134, 28.80955, 0], [-82.51345, 28.80962, 0], [-82.5135, 28.8097, 0], [-82.51351, 28.80972, 0], [-82.51363, 28.80989, 0], [-82.51364, 28.80991, 0], [-82.51369, 28.80999, 0], [-82.51374, 28.81006, 0], [-82.51376, 28.8101, 0], [-82.51382, 28.81018, 0], [-82.51384, 28.81021, 0], [-82.51387, 28.81027, 0], [-82.51389, 28.81029, 0], [-82.51394, 28.81038, 0], [-82.51399, 28.81046, 0], [-82.514, 28.81048, 0], [-82.51405, 28.81056, 0], [-82.51406, 28.81058, 0], [-82.51411, 28.81066, 0], [-82.51412, 28.81067, 0], [-82.51413, 28.8107, 0], [-82.51416, 28.81075, 0], [-82.51418, 28.81077, 0], [-82.51422, 28.81085, 0], [-82.51422, 28.81086, 0], [-82.51423, 28.81087, 0], [-82.51427, 28.81095, 0], [-82.51429, 28.81097, 0], [-82.51431, 28.81102, 0], [-82.51433, 28.81105, 0], [-82.51444, 28.81127, 0], [-82.51449, 28.81135, 0], [-82.51465, 28.81167, 0], [-82.51468, 28.81175, 0], [-82.5147, 28.81177, 0], [-82.51473, 28.81184, 0], [-82.51473, 28.81186, 0], [-82.51474, 28.81187, 0], [-82.51479, 28.81198, 0], [-82.5148, 28.81201, 0], [-82.51483, 28.81206, 0], [-82.51484, 28.81208, 0], [-82.51487, 28.81216, 0], [-82.51493, 28.81228, 0], [-82.515, 28.81247, 0], [-82.51506, 28.81259, 0], [-82.51513, 28.81278, 0], [-82.51514, 28.8128, 0], [-82.51521, 28.81299, 0], [-82.51522, 28.81301, 0], [-82.51522, 28.81302, 0], [-82.51524, 28.81309, 0], [-82.51528, 28.8132, 0], [-82.51529, 28.81322, 0], [-82.51532, 28.8133, 0], [-82.51533, 28.81332, 0], [-82.51535, 28.81341, 0], [-82.51536, 28.81343, 0], [-82.5154, 28.81354, 0], [-82.51542, 28.81362, 0], [-82.51543, 28.81364, 0], [-82.51545, 28.81372, 0], [-82.51549, 28.81383, 0], [-82.51549, 28.81385, 0], [-82.5155, 28.81389, 0], [-82.51552, 28.81394, 0], [-82.51552, 28.81396, 0], [-82.51555, 28.81405, 0], [-82.51555, 28.81407, 0], [-82.51556, 28.81409, 0], [-82.51558, 28.81415, 0], [-82.51558, 28.81417, 0], [-82.5156, 28.81424, 0], [-82.51561, 28.81426, 0], [-82.51561, 28.81428, 0], [-82.51563, 28.81436, 0], [-82.51564, 28.81439, 0], [-82.51566, 28.81447, 0], [-82.51567, 28.81449, 0], [-82.51569, 28.81458, 0], [-82.51569, 28.8146, 0], [-82.51571, 28.81468, 0], [-82.51572, 28.81471, 0], [-82.51575, 28.81484, 0], [-82.51576, 28.8149, 0], [-82.51576, 28.81492, 0], [-82.51577, 28.81494, 0], [-82.51578, 28.815, 0], [-82.51579, 28.81503, 0], [-82.5158, 28.81511, 0], [-82.5158, 28.81512, 0], [-82.51581, 28.81512, 0], [-82.51581, 28.81514, 0], [-82.51583, 28.81523, 0], [-82.51583, 28.81525, 0], [-82.51584, 28.81529, 0], [-82.51589, 28.81557, 0], [-82.5159, 28.81565, 0], [-82.5159, 28.81567, 0], [-82.51592, 28.81578, 0], [-82.51593, 28.81588, 0], [-82.51594, 28.8159, 0], [-82.51595, 28.81599, 0], [-82.51595, 28.81601, 0], [-82.51596, 28.8161, 0], [-82.51596, 28.81612, 0], [-82.51597, 28.81621, 0], [-82.51598, 28.81623, 0], [-82.51599, 28.81631, 0], [-82.51599, 28.81634, 0], [-82.516, 28.81643, 0], [-82.516, 28.81645, 0], [-82.51601, 28.81654, 0], [-82.51601, 28.81656, 0], [-82.51602, 28.81665, 0], [-82.51602, 28.81667, 0], [-82.51603, 28.81676, 0], [-82.51603, 28.81689, 0], [-82.51604, 28.81698, 0], [-82.51604, 28.81701, 0], [-82.51605, 28.81709, 0], [-82.51605, 28.81723, 0], [-82.51606, 28.81732, 0], [-82.51606, 28.81788, 0], [-82.51607, 28.81799, 0], [-82.51607, 28.82009, 0], [-82.51608, 28.82019, 0], [-82.51608, 28.8214, 0], [-82.51609, 28.82151, 0], [-82.51609, 28.82283, 0], [-82.5161, 28.82295, 0], [-82.5161, 28.82449, 0], [-82.51611, 28.82479, 0], [-82.51614, 28.83485, 0], [-82.51618, 28.83955, 0], [-82.51618, 28.8411, 0], [-82.51619, 28.84122, 0], [-82.51619, 28.8432, 0], [-82.5162, 28.84331, 0], [-82.5162, 28.84486, 0], [-82.51621, 28.84491, 0], [-82.51621, 28.84585, 0], [-82.51622, 28.84596, 0], [-82.51622, 28.84707, 0], [-82.51623, 28.84718, 0], [-82.51623, 28.84869, 0], [-82.51622, 28.84878, 0], [-82.51622, 28.84962, 0], [-82.51623, 28.84981, 0], [-82.51623, 28.85046, 0], [-82.51625, 28.85105, 0], [-82.51625, 28.85213, 0], [-82.51624, 28.85224, 0], [-82.51624, 28.85235, 0], [-82.51623, 28.85246, 0], [-82.51623, 28.85257, 0], [-82.51621, 28.85279, 0], [-82.51621, 28.8529, 0], [-82.51618, 28.85324, 0], [-82.51616, 28.85334, 0], [-82.51615, 28.85345, 0], [-82.51615, 28.8535, 0], [-82.51609, 28.85385, 0], [-82.51607, 28.854, 0], [-82.51604, 28.85414, 0], [-82.516, 28.85441, 0], [-82.51597, 28.85452, 0], [-82.51593, 28.85474, 0], [-82.51584, 28.85511, 0], [-82.51583, 28.85516, 0], [-82.51572, 28.85559, 0], [-82.51546, 28.85644, 0], [-82.51545, 28.85646, 0], [-82.51541, 28.85657, 0], [-82.51538, 28.85664, 0], [-82.51532, 28.85682, 0], [-82.51528, 28.85689, 0], [-82.51516, 28.8572, 0], [-82.51506, 28.85743, 0], [-82.51459, 28.85839, 0], [-82.51432, 28.85887, 0], [-82.51426, 28.85896, 0], [-82.51387, 28.85959, 0], [-82.51365, 28.85989, 0], [-82.51323, 28.86052, 0], [-82.51319, 28.86053, 0], [-82.51317, 28.86054, 0], [-82.51315, 28.86056, 0], [-82.51312, 28.8606, 0], [-82.51307, 28.86066, 0], [-82.51285, 28.8609, 0], [-82.51275, 28.861, 0], [-82.51261, 28.86116, 0], [-82.51253, 28.86123, 0], [-82.51244, 28.86133, 0], [-82.51212, 28.86162, 0], [-82.51186, 28.86182, 0], [-82.51175, 28.86191, 0], [-82.51143, 28.86214, 0], [-82.51138, 28.86217, 0], [-82.51129, 28.86224, 0], [-82.51084, 28.86255, 0], [-82.51034, 28.86291, 0], [-82.51014, 28.86304, 0], [-82.50977, 28.8633, 0], [-82.50961, 28.8634, 0], [-82.50959, 28.86342, 0], [-82.5092, 28.86367, 0], [-82.50871, 28.864, 0], [-82.50866, 28.86404, 0], [-82.50864, 28.86409, 0], [-82.50863, 28.86413, 0], [-82.50863, 28.86425, 0], [-82.50864, 28.8643, 0], [-82.50917, 28.86482, 0], [-82.50977, 28.86543, 0], [-82.51044, 28.86613, 0], [-82.51086, 28.86655, 0], [-82.51145, 28.86716, 0], [-82.51146, 28.86716, 0], [-82.51302, 28.86879, 0], [-82.5133, 28.8691, 0], [-82.51351, 28.86932, 0], [-82.51367, 28.86947, 0], [-82.5138, 28.86961, 0], [-82.5173, 28.87318, 0], [-82.51761, 28.87351, 0], [-82.51787, 28.87377, 0], [-82.51839, 28.87431, 0], [-82.5187, 28.8746, 0], [-82.5191, 28.87495, 0], [-82.51952, 28.8753, 0], [-82.51991, 28.87559, 0], [-82.52036, 28.87591, 0], [-82.52051, 28.87594, 0], [-82.52239, 28.87718, 0], [-82.52243, 28.87721, 0], [-82.52358, 28.87797, 0], [-82.52384, 28.87811, 0], [-82.52419, 28.87826, 0], [-82.52423, 28.87827, 0], [-82.52434, 28.87831, 0], [-82.52444, 28.87834, 0], [-82.52447, 28.87834, 0], [-82.52462, 28.87838, 0], [-82.52633, 28.87872, 0], [-82.52645, 28.87875, 0], [-82.52684, 28.87883, 0], [-82.52685, 28.87883, 0], [-82.52705, 28.87887, 0], [-82.52774, 28.87899, 0], [-82.52829, 28.87903, 0], [-82.52853, 28.87903, 0], [-82.52863, 28.87902, 0], [-82.5294, 28.879, 0], [-82.53026, 28.87899, 0], [-82.53648, 28.87885, 0], [-82.53665, 28.87884, 0], [-82.53708, 28.87884, 0], [-82.53719, 28.87885, 0], [-82.53728, 28.87885, 0], [-82.53736, 28.87886, 0], [-82.53748, 28.87888, 0], [-82.53752, 28.87888, 0], [-82.5377, 28.87892, 0], [-82.53782, 28.87894, 0], [-82.53822, 28.87905, 0], [-82.53833, 28.8791, 0], [-82.53848, 28.8792, 0], [-82.53881, 28.87937, 0], [-82.539, 28.87949, 0], [-82.53909, 28.87954, 0], [-82.53915, 28.87959, 0], [-82.53915, 28.8796, 0], [-82.53925, 28.87967, 0], [-82.53935, 28.87975, 0], [-82.53936, 28.87976, 0], [-82.5394, 28.87979, 0], [-82.53943, 28.87982, 0], [-82.53952, 28.87989, 0], [-82.53961, 28.87999, 0], [-82.53969, 28.88007, 0], [-82.53991, 28.88034, 0], [-82.53996, 28.88045, 0], [-82.54038, 28.88103, 0], [-82.54049, 28.88119, 0], [-82.54073, 28.88152, 0], [-82.54088, 28.88162, 0], [-82.54151, 28.88244, 0], [-82.54153, 28.88251, 0], [-82.54153, 28.88254, 0], [-82.5416, 28.88268, 0], [-82.54164, 28.88277, 0], [-82.54205, 28.88331, 0], [-82.54238, 28.88369, 0], [-82.54453, 28.88665, 0], [-82.54507, 28.88741, 0], [-82.54527, 28.88768, 0], [-82.54535, 28.8878, 0], [-82.54561, 28.88816, 0], [-82.54571, 28.88828, 0], [-82.54666, 28.88961, 0], [-82.54693, 28.88997, 0], [-82.54698, 28.89002, 0], [-82.54708, 28.89013, 0], [-82.54722, 28.89027, 0], [-82.54722, 28.89028, 0], [-82.54741, 28.89045, 0], [-82.54747, 28.89051, 0], [-82.54777, 28.89075, 0], [-82.548, 28.89092, 0], [-82.54805, 28.89096, 0], [-82.5487, 28.89144, 0], [-82.54884, 28.89152, 0], [-82.54922, 28.8918, 0], [-82.54961, 28.89207, 0], [-82.54984, 28.89225, 0], [-82.55109, 28.89314, 0], [-82.55111, 28.89316, 0], [-82.55125, 28.89325, 0], [-82.55146, 28.8934, 0], [-82.5518, 28.89363, 0], [-82.552, 28.89373, 0], [-82.5521, 28.89379, 0], [-82.55246, 28.89395, 0], [-82.55262, 28.89401, 0], [-82.55278, 28.89406, 0], [-82.5549, 28.89466, 0], [-82.55496, 28.89467, 0], [-82.55509, 28.89471, 0], [-82.56009, 28.89612, 0], [-82.56018, 28.89614, 0], [-82.56038, 28.8962, 0], [-82.56072, 28.89629, 0], [-82.56077, 28.89631, 0], [-82.56238, 28.89676, 0], [-82.56258, 28.8968, 0], [-82.5626, 28.8968, 0], [-82.56317, 28.8969, 0], [-82.56356, 28.89696, 0], [-82.56401, 28.89704, 0], [-82.56507, 28.8972, 0], [-82.56565, 28.8973, 0], [-82.5675, 28.89759, 0], [-82.5679, 28.89766, 0], [-82.56833, 28.89772, 0], [-82.56847, 28.89775, 0], [-82.57034, 28.89804, 0], [-82.57079, 28.89812, 0], [-82.57139, 28.89821, 0], [-82.57196, 28.89831, 0], [-82.57256, 28.8984, 0], [-82.57358, 28.89851, 0], [-82.57417, 28.89855, 0], [-82.57533, 28.89859, 0], [-82.57559, 28.89859, 0], [-82.57585, 28.89858, 0], [-82.57596, 28.89858, 0], [-82.57667, 28.89856, 0], [-82.57686, 28.89856, 0], [-82.57708, 28.89855, 0], [-82.57803, 28.89853, 0], [-82.57827, 28.89853, 0], [-82.5787, 28.89852, 0], [-82.57912, 28.8985, 0], [-82.58031, 28.89848, 0], [-82.58039, 28.89847, 0], [-82.58072, 28.89847, 0], [-82.58116, 28.89846, 0], [-82.58126, 28.89845, 0], [-82.58142, 28.89845, 0], [-82.58235, 28.89842, 0], [-82.58298, 28.89839, 0], [-82.58393, 28.89838, 0], [-82.58426, 28.89837, 0], [-82.5843, 28.89839, 0], [-82.58433, 28.89841, 0], [-82.58436, 28.89842, 0], [-82.58439, 28.89842, 0], [-82.58452, 28.89841, 0], [-82.5848, 28.8984, 0], [-82.58498, 28.8984, 0], [-82.58521, 28.89839, 0], [-82.58546, 28.89839, 0], [-82.58557, 28.89838, 0], [-82.58603, 28.89838, 0], [-82.58611, 28.89837, 0], [-82.5862, 28.89835, 0], [-82.58626, 28.89833, 0], [-82.58642, 28.89829, 0], [-82.58673, 28.89855, 0], [-82.58703, 28.89876, 0], [-82.58755, 28.89907, 0], [-82.58779, 28.89919, 0], [-82.58801, 28.89929, 0], [-82.58802, 28.89929, 0], [-82.58826, 28.89938, 0], [-82.58826, 28.89939, 0], [-82.5884, 28.89944, 0], [-82.58844, 28.89945, 0], [-82.58861, 28.89951, 0], [-82.58896, 28.89962, 0], [-82.58939, 28.89973, 0], [-82.58946, 28.89974, 0], [-82.58969, 28.89971, 0], [-82.58975, 28.89971, 0], [-82.59037, 28.89978, 0], [-82.59054, 28.89978, 0], [-82.59077, 28.89979, 0], [-82.59125, 28.89979, 0], [-82.59308, 28.89969, 0], [-82.59335, 28.89969, 0], [-82.59354, 28.89968, 0], [-82.5946, 28.89968, 0], [-82.59478, 28.89969, 0], [-82.59487, 28.89969, 0], [-82.59517, 28.89971, 0], [-82.5953, 28.89971, 0], [-82.59559, 28.89973, 0], [-82.59572, 28.89975, 0], [-82.59616, 28.8998, 0], [-82.59638, 28.89983, 0], [-82.59728, 28.9, 0], [-82.59799, 28.90021, 0], [-82.59827, 28.90032, 0], [-82.5984, 28.90036, 0], [-82.59859, 28.90044, 0], [-82.59874, 28.90051, 0], [-82.59895, 28.9006, 0], [-82.59909, 28.90067, 0], [-82.59933, 28.9008, 0], [-82.59982, 28.90109, 0], [-82.59999, 28.9012, 0], [-82.60041, 28.9015, 0], [-82.60063, 28.90167, 0], [-82.60065, 28.90169, 0], [-82.60115, 28.90214, 0], [-82.60136, 28.90234, 0], [-82.60138, 28.90238, 0], [-82.60158, 28.90259, 0], [-82.60183, 28.9029, 0], [-82.60196, 28.90307, 0], [-82.60217, 28.90337, 0], [-82.60245, 28.9038, 0], [-82.60255, 28.90398, 0], [-82.60331, 28.9055, 0], [-82.60336, 28.90561, 0], [-82.60335, 28.9057, 0], [-82.60337, 28.90581, 0], [-82.60349, 28.90607, 0], [-82.60363, 28.90634, 0], [-82.6037, 28.90649, 0], [-82.60397, 28.90703, 0], [-82.60398, 28.9071, 0], [-82.60423, 28.90759, 0], [-82.60425, 28.90764, 0], [-82.60449, 28.9081, 0], [-82.60452, 28.90817, 0], [-82.60508, 28.90925, 0], [-82.6051, 28.9093, 0], [-82.60511, 28.90931, 0], [-82.60539, 28.90984, 0], [-82.60607, 28.91117, 0], [-82.60622, 28.91144, 0], [-82.60709, 28.91318, 0], [-82.60712, 28.91326, 0], [-82.60736, 28.91368, 0], [-82.60747, 28.91389, 0], [-82.60889, 28.91679, 0], [-82.60974, 28.91849, 0], [-82.60989, 28.91881, 0], [-82.61352, 28.9261, 0], [-82.61355, 28.92617, 0], [-82.61395, 28.92696, 0], [-82.61397, 28.92701, 0], [-82.62102, 28.94114, 0], [-82.62131, 28.94174, 0], [-82.62247, 28.94407, 0], [-82.62258, 28.94428, 0], [-82.62531, 28.94978, 0], [-82.62532, 28.94978, 0], [-82.6276, 28.95439, 0], [-82.62787, 28.95492, 0], [-82.62842, 28.95605, 0], [-82.63009, 28.95937, 0], [-82.63013, 28.95949, 0], [-82.6305, 28.9602, 0], [-82.6305, 28.96021, 0], [-82.63143, 28.96207, 0], [-82.63144, 28.9621, 0], [-82.63146, 28.96214, 0], [-82.6315, 28.96224, 0], [-82.63236, 28.96397, 0], [-82.63258, 28.96443, 0], [-82.63454, 28.96835, 0], [-82.63486, 28.96896, 0], [-82.63496, 28.96917, 0], [-82.63525, 28.96974, 0], [-82.63618, 28.97163, 0], [-82.63647, 28.97219, 0], [-82.63647, 28.9722, 0], [-82.63687, 28.97294, 0], [-82.63722, 28.97356, 0], [-82.63747, 28.97402, 0], [-82.63803, 28.97495, 0], [-82.63885, 28.97624, 0], [-82.63908, 28.97657, 0], [-82.63979, 28.97765, 0], [-82.64025, 28.97832, 0], [-82.64032, 28.97841, 0], [-82.64057, 28.9788, 0], [-82.64365, 28.98338, 0], [-82.64417, 28.98417, 0], [-82.64444, 28.98456, 0], [-82.6445, 28.98466, 0], [-82.64453, 28.9847, 0], [-82.64468, 28.98492, 0], [-82.64471, 28.98496, 0], [-82.64472, 28.98497, 0], [-82.64474, 28.98501, 0], [-82.64481, 28.98512, 0], [-82.64836, 28.9904, 0], [-82.64861, 28.99076, 0], [-82.64877, 28.99101, 0], [-82.64903, 28.99139, 0], [-82.64914, 28.99157, 0], [-82.65037, 28.9934, 0], [-82.65051, 28.9936, 0], [-82.65361, 28.99822, 0], [-82.65362, 28.99823, 0], [-82.65372, 28.99839, 0], [-82.6538, 28.9985, 0], [-82.65506, 29.00038, 0], [-82.65512, 29.00046, 0], [-82.65563, 29.00123, 0], [-82.65567, 29.00128, 0], [-82.65597, 29.00173, 0], [-82.65601, 29.00178, 0], [-82.65651, 29.00252, 0], [-82.65659, 29.00263, 0], [-82.65663, 29.00271, 0], [-82.65764, 29.00419, 0], [-82.6577, 29.00429, 0], [-82.65781, 29.00444, 0], [-82.65795, 29.00466, 0], [-82.65808, 29.00485, 0], [-82.65811, 29.00489, 0], [-82.65866, 29.0057, 0], [-82.65884, 29.00599, 0], [-82.65949, 29.00699, 0], [-82.66113, 29.00943, 0], [-82.66123, 29.00959, 0], [-82.6627, 29.01166, 0], [-82.66304, 29.01216, 0], [-82.66311, 29.01227, 0], [-82.66364, 29.01304, 0], [-82.66366, 29.01308, 0], [-82.66371, 29.01315, 0], [-82.66374, 29.0132, 0], [-82.66438, 29.01415, 0], [-82.66453, 29.01436, 0], [-82.66477, 29.01473, 0], [-82.66493, 29.01496, 0], [-82.6653, 29.01552, 0], [-82.66633, 29.01716, 0], [-82.66736, 29.0187, 0], [-82.66744, 29.01883, 0], [-82.66795, 29.01959, 0], [-82.66806, 29.01977, 0], [-82.66826, 29.02016, 0], [-82.66829, 29.0202, 0], [-82.66853, 29.02072, 0], [-82.66872, 29.02123, 0], [-82.66884, 29.02159, 0], [-82.66898, 29.02215, 0], [-82.66906, 29.02256, 0], [-82.66912, 29.023, 0], [-82.66914, 29.02329, 0], [-82.66915, 29.02367, 0], [-82.66915, 29.02408, 0], [-82.66914, 29.02443, 0], [-82.66913, 29.02692, 0], [-82.66912, 29.02723, 0], [-82.66909, 29.02941, 0], [-82.66909, 29.0304, 0], [-82.6687, 29.03028, 0], [-82.66909, 29.0304, 0], [-82.66908, 29.03069, 0], [-82.66904, 29.03547, 0], [-82.66903, 29.03569, 0], [-82.66901, 29.03591, 0], [-82.669, 29.03613, 0], [-82.66892, 29.03675, 0], [-82.66891, 29.03678, 0], [-82.66889, 29.03696, 0], [-82.66885, 29.03719, 0], [-82.66885, 29.03722, 0], [-82.66882, 29.03733, 0], [-82.66879, 29.03755, 0], [-82.66862, 29.0383, 0], [-82.66847, 29.03884, 0], [-82.66831, 29.03935, 0], [-82.66808, 29.04, 0], [-82.66778, 29.0407, 0], [-82.66733, 29.04161, 0], [-82.66717, 29.0419, 0], [-82.66682, 29.04249, 0], [-82.66675, 29.0426, 0], [-82.66661, 29.0428, 0], [-82.66632, 29.04324, 0], [-82.66618, 29.04343, 0], [-82.66612, 29.04352, 0], [-82.6661, 29.04354, 0], [-82.66577, 29.04397, 0], [-82.66555, 29.04424, 0], [-82.66507, 29.0448, 0], [-82.66448, 29.04551, 0], [-82.65314, 29.05889, 0], [-82.65301, 29.05903, 0], [-82.65301, 29.05904, 0], [-82.65073, 29.06173, 0], [-82.64995, 29.06273, 0], [-82.64942, 29.06346, 0], [-82.64884, 29.06432, 0], [-82.64855, 29.06477, 0], [-82.64804, 29.0656, 0], [-82.6475, 29.06655, 0], [-82.64711, 29.0673, 0], [-82.6406, 29.08092, 0], [-82.64027, 29.08163, 0], [-82.64012, 29.08193, 0], [-82.63742, 29.0876, 0], [-82.63697, 29.08857, 0], [-82.63671, 29.08924, 0], [-82.6366, 29.08955, 0], [-82.63646, 29.08998, 0], [-82.63622, 29.09083, 0], [-82.63617, 29.09105, 0], [-82.63611, 29.09137, 0], [-82.63608, 29.09148, 0], [-82.63605, 29.0917, 0], [-82.63601, 29.09191, 0], [-82.63591, 29.09267, 0], [-82.63587, 29.09311, 0], [-82.63587, 29.09331, 0], [-82.63584, 29.0941, 0], [-82.63584, 29.09432, 0], [-82.63668, 29.12509, 0], [-82.63668, 29.1252, 0], [-82.6368, 29.12974, 0], [-82.63687, 29.1314, 0], [-82.63695, 29.13276, 0], [-82.6387, 29.15776, 0], [-82.63871, 29.1578, 0], [-82.63873, 29.15818, 0], [-82.63885, 29.15992, 0], [-82.63888, 29.16027, 0], [-82.63889, 29.16045, 0], [-82.63889, 29.16051, 0], [-82.63895, 29.16108, 0], [-82.63899, 29.16135, 0], [-82.639, 29.16146, 0], [-82.63903, 29.16158, 0], [-82.63911, 29.16185, 0], [-82.63935, 29.16239, 0], [-82.63959, 29.16286, 0], [-82.63997, 29.16354, 0], [-82.64055, 29.16426, 0], [-82.64074, 29.16451, 0], [-82.64081, 29.16456, 0], [-82.64091, 29.16468, 0], [-82.64128, 29.1651, 0], [-82.64194, 29.16576, 0], [-82.64252, 29.16623, 0], [-82.64291, 29.16652, 0], [-82.64334, 29.16679, 0], [-82.64394, 29.16713, 0], [-82.64457, 29.16744, 0], [-82.64487, 29.16758, 0], [-82.64609, 29.16821, 0], [-82.64686, 29.16857, 0], [-82.6486, 29.16949, 0], [-82.64972, 29.17019, 0], [-82.65034, 29.17056, 0], [-82.65991, 29.17539, 0], [-82.66002, 29.17545, 0], [-82.66045, 29.17566, 0], [-82.67794, 29.18449, 0], [-82.67865, 29.18486, 0], [-82.67913, 29.18513, 0], [-82.67965, 29.18544, 0], [-82.68006, 29.18571, 0], [-82.6809, 29.1863, 0], [-82.68132, 29.18663, 0], [-82.68188, 29.1871, 0], [-82.68214, 29.18733, 0], [-82.6824, 29.18757, 0], [-82.68315, 29.18833, 0], [-82.68346, 29.18868, 0], [-82.68391, 29.18921, 0], [-82.68413, 29.18949, 0], [-82.6846, 29.19015, 0], [-82.68469, 29.19027, 0], [-82.68559, 29.19172, 0], [-82.68559, 29.19173, 0], [-82.6989, 29.21355, 0], [-82.69904, 29.21379, 0], [-82.71506, 29.24002, 0], [-82.71548, 29.24073, 0], [-82.71557, 29.24087, 0], [-82.7179, 29.24469, 0], [-82.71912, 29.24665, 0], [-82.7197, 29.24762, 0], [-82.71975, 29.24769, 0], [-82.72005, 29.24818, 0], [-82.72017, 29.24839, 0], [-82.72121, 29.25008, 0], [-82.72132, 29.25029, 0], [-82.72174, 29.25097, 0], [-82.72176, 29.25101, 0], [-82.72224, 29.2518, 0], [-82.72247, 29.25216, 0], [-82.72354, 29.2539, 0], [-82.72399, 29.25466, 0], [-82.72417, 29.25494, 0], [-82.72421, 29.25502, 0], [-82.7252, 29.25663, 0], [-82.72567, 29.25742, 0], [-82.72653, 29.25881, 0], [-82.72687, 29.25938, 0], [-82.72729, 29.26006, 0], [-82.72765, 29.26067, 0], [-82.72919, 29.26321, 0], [-82.72938, 29.26351, 0], [-82.75584, 29.30682, 0], [-82.75593, 29.30698, 0], [-82.75939, 29.31262, 0], [-82.75948, 29.31278, 0], [-82.76124, 29.31565, 0], [-82.76157, 29.31621, 0], [-82.76394, 29.32007, 0], [-82.76396, 29.32011, 0], [-82.76787, 29.32647, 0], [-82.76795, 29.32662, 0], [-82.76805, 29.32678, 0], [-82.7685, 29.32754, 0], [-82.76868, 29.32745, 0], [-82.76903, 29.32726, 0], [-82.76906, 29.32724, 0], [-82.77534, 29.32377, 0], [-82.77551, 29.32367, 0], [-82.77668, 29.32302, 0], [-82.77726, 29.32271, 0], [-82.77743, 29.32261, 0], [-82.77761, 29.32252, 0], [-82.77895, 29.32176, 0], [-82.7809, 29.32069, 0], [-82.78094, 29.32066, 0], [-82.78211, 29.32002, 0], [-82.78215, 29.31999, 0], [-82.78245, 29.31983, 0], [-82.78349, 29.31925, 0], [-82.78416, 29.3189, 0], [-82.78902, 29.31621, 0], [-82.7892, 29.31612, 0], [-82.7951, 29.31285, 0], [-82.79607, 29.31229, 0], [-82.79619, 29.31223, 0], [-82.79695, 29.31175, 0], [-82.79757, 29.31132, 0], [-82.79809, 29.31093, 0], [-82.7993, 29.30992, 0], [-82.79948, 29.30979, 0], [-82.79972, 29.3096, 0], [-82.80017, 29.30927, 0], [-82.80047, 29.30906, 0], [-82.80101, 29.30871, 0], [-82.80149, 29.30843, 0], [-82.80154, 29.30839, 0], [-82.83057, 29.29231, 0], [-82.8312, 29.29197, 0], [-82.8352, 29.28975, 0], [-82.83538, 29.28966, 0], [-82.84365, 29.28508, 0], [-82.84412, 29.28481, 0], [-82.85624, 29.2781, 0], [-82.85682, 29.27777, 0], [-82.85836, 29.27692, 0], [-82.85863, 29.27678, 0], [-82.85921, 29.27645, 0], [-82.86727, 29.27198, 0], [-82.86732, 29.27196, 0], [-82.86736, 29.27193, 0], [-82.8674, 29.27191, 0], [-82.86996, 29.27048, 0], [-82.8707, 29.27008, 0], [-82.87208, 29.26931, 0], [-82.87214, 29.26928, 0], [-82.87493, 29.26773, 0], [-82.8751, 29.26763, 0], [-82.87528, 29.26754, 0], [-82.87545, 29.26744, 0], [-82.88673, 29.26117, 0], [-82.88677, 29.26115, 0], [-82.89182, 29.25835, 0], [-82.89199, 29.25825, 0], [-82.89582, 29.25613, 0], [-82.89599, 29.25603, 0], [-82.89666, 29.25566, 0], [-82.89704, 29.25546, 0], [-82.90503, 29.25102, 0], [-82.90555, 29.25074, 0], [-82.90662, 29.25019, 0], [-82.90695, 29.25003, 0], [-82.90747, 29.24979, 0], [-82.90944, 29.24892, 0], [-82.90945, 29.24892, 0], [-82.92226, 29.24337, 0], [-82.9227, 29.24319, 0], [-82.92452, 29.2424, 0], [-82.9262, 29.24165, 0], [-82.92737, 29.24116, 0], [-82.92985, 29.24009, 0], [-82.93098, 29.23959, 0], [-82.93631, 29.23729, 0], [-82.93663, 29.23716, 0], [-82.93698, 29.237, 0], [-82.93833, 29.23642, 0], [-82.93857, 29.23631, 0], [-82.93927, 29.23597, 0], [-82.94019, 29.23546, 0], [-82.94082, 29.23507, 0], [-82.9413, 29.23476, 0], [-82.94188, 29.23433, 0], [-82.94214, 29.2341, 0], [-82.94362, 29.23297, 0], [-82.94442, 29.23241, 0], [-82.94534, 29.23169, 0], [-82.94549, 29.23158, 0], [-82.94564, 29.23146, 0], [-82.94755, 29.23002, 0], [-82.9488, 29.22906, 0], [-82.94926, 29.22872, 0], [-82.95061, 29.22767, 0], [-82.95254, 29.22622, 0], [-82.95315, 29.22578, 0], [-82.95376, 29.22536, 0], [-82.95441, 29.22493, 0], [-82.97923, 29.20975, 0], [-82.97935, 29.20967, 0], [-82.98035, 29.20906, 0], [-82.98037, 29.20905, 0], [-82.98065, 29.20888, 0], [-82.98085, 29.20875, 0], [-82.98096, 29.20869, 0], [-82.98102, 29.20865, 0], [-82.98125, 29.20852, 0], [-82.98136, 29.20845, 0], [-82.98138, 29.20844, 0], [-82.98153, 29.20834, 0], [-82.98171, 29.20824, 0], [-82.98387, 29.20691, 0], [-82.98391, 29.20689, 0], [-82.98408, 29.20678, 0], [-82.9844, 29.20659, 0], [-82.98576, 29.20575, 0], [-82.98598, 29.20562, 0], [-82.98709, 29.20493, 0], [-82.98787, 29.20446, 0], [-82.98932, 29.20356, 0], [-82.98954, 29.20341, 0], [-82.98966, 29.20334, 0], [-82.98971, 29.2033, 0], [-82.98973, 29.20329, 0], [-82.98987, 29.20319, 0], [-82.99021, 29.20297, 0], [-82.99059, 29.20271, 0], [-82.99134, 29.20217, 0], [-82.99162, 29.20196, 0], [-82.99163, 29.20195, 0], [-82.99241, 29.20138, 0], [-82.99243, 29.20136, 0], [-82.9926, 29.20124, 0], [-82.99409, 29.20012, 0], [-82.99425, 29.20001, 0], [-82.99603, 29.19869, 0], [-82.99644, 29.19837, 0], [-82.99652, 29.19832, 0], [-83.00177, 29.19442, 0], [-83.002, 29.19424, 0], [-83.00283, 29.19364, 0], [-83.00285, 29.19362, 0], [-83.00303, 29.19348, 0], [-83.01803, 29.18235, 0], [-83.01805, 29.18234, 0], [-83.01813, 29.18227, 0], [-83.01847, 29.18203, 0], [-83.01963, 29.18125, 0], [-83.01996, 29.18104, 0], [-83.02047, 29.18068, 0], [-83.02098, 29.18028, 0], [-83.02137, 29.17995, 0], [-83.02154, 29.17979, 0], [-83.02169, 29.17966, 0], [-83.02211, 29.17924, 0], [-83.02221, 29.17915, 0], [-83.02242, 29.17892, 0], [-83.02257, 29.17874, 0], [-83.02281, 29.17847, 0], [-83.02298, 29.17826, 0], [-83.02317, 29.17801, 0], [-83.02318, 29.178, 0], [-83.02354, 29.17749, 0], [-83.0236, 29.17744, 0], [-83.02362, 29.17742, 0], [-83.02376, 29.1772, 0], [-83.0239, 29.177, 0], [-83.0241, 29.17666, 0], [-83.02443, 29.17607, 0], [-83.02447, 29.17595, 0], [-83.02462, 29.17562, 0], [-83.02486, 29.17505, 0], [-83.02493, 29.17487, 0], [-83.02509, 29.17436, 0], [-83.02528, 29.17367, 0], [-83.02528, 29.17366, 0], [-83.02527, 29.17359, 0], [-83.02717, 29.1667, 0], [-83.02791, 29.16387, 0], [-83.02796, 29.16366, 0], [-83.0289, 29.16012, 0], [-83.02899, 29.15975, 0], [-83.03007, 29.15568, 0], [-83.03018, 29.15518, 0], [-83.03027, 29.15473, 0], [-83.03042, 29.15406, 0], [-83.03047, 29.1538, 0], [-83.03065, 29.15302, 0], [-83.03091, 29.15202, 0], [-83.03135, 29.15052, 0], [-83.03149, 29.15, 0], [-83.03158, 29.1497, 0], [-83.03162, 29.14955, 0], [-83.03164, 29.14952, 0], [-83.03165, 29.14947, 0], [-83.03175, 29.14919, 0], [-83.03189, 29.14887, 0], [-83.03193, 29.14879, 0], [-83.03199, 29.14865, 0], [-83.03204, 29.14855, 0], [-83.03206, 29.14852, 0], [-83.03223, 29.1482, 0], [-83.03228, 29.14813, 0], [-83.03241, 29.14787, 0], [-83.03245, 29.1478, 0], [-83.03249, 29.14772, 0], [-83.03253, 29.14763, 0], [-83.03261, 29.14743, 0], [-83.03271, 29.14716, 0], [-83.03274, 29.14706, 0], [-83.03276, 29.14696, 0], [-83.03281, 29.14677, 0], [-83.03286, 29.14653, 0], [-83.03291, 29.14624, 0], [-83.03294, 29.14602, 0], [-83.03299, 29.14577, 0], [-83.03303, 29.14551, 0], [-83.03311, 29.14516, 0], [-83.03314, 29.14508, 0], [-83.03324, 29.14478, 0], [-83.03329, 29.14467, 0], [-83.03333, 29.14457, 0], [-83.03346, 29.14433, 0], [-83.03359, 29.14413, 0], [-83.03363, 29.14406, 0], [-83.03396, 29.14363, 0], [-83.03399, 29.1436, 0], [-83.03436, 29.14315, 0], [-83.0347, 29.14272, 0], [-83.03499, 29.14234, 0], [-83.03512, 29.14214, 0], [-83.03519, 29.14201, 0], [-83.03521, 29.14198, 0], [-83.03525, 29.14189, 0], [-83.03528, 29.14184, 0], [-83.03529, 29.14181, 0], [-83.03535, 29.14169, 0], [-83.03539, 29.14157, 0], [-83.03546, 29.14133, 0], [-83.03549, 29.14115, 0], [-83.0355, 29.14101, 0], [-83.03552, 29.14086, 0], [-83.03552, 29.14061, 0], [-83.0355, 29.14043, 0], [-83.0355, 29.14035, 0], [-83.03548, 29.14028, 0], [-83.03548, 29.14025, 0], [-83.03539, 29.13987, 0], [-83.0353, 29.13962, 0], [-83.03525, 29.13953, 0], [-83.03522, 29.13946, 0], [-83.03518, 29.13939, 0], [-83.03518, 29.13937, 0], [-83.03491, 29.13891, 0], [-83.0349, 29.13887, 0], [-83.03476, 29.13864, 0], [-83.03504, 29.13853, 0], [-83.03476, 29.13864, 0], [-83.0349, 29.13887, 0], [-83.03491, 29.13891, 0], [-83.03518, 29.13937, 0], [-83.03518, 29.13939, 0], [-83.03522, 29.13946, 0], [-83.03525, 29.13953, 0], [-83.0353, 29.13962, 0], [-83.03539, 29.13987, 0], [-83.03548, 29.14025, 0], [-83.03548, 29.14028, 0], [-83.0355, 29.14035, 0], [-83.0355, 29.14043, 0], [-83.03552, 29.14061, 0], [-83.03552, 29.14086, 0], [-83.0355, 29.14101, 0], [-83.03549, 29.14115, 0], [-83.03546, 29.14133, 0], [-83.03539, 29.14157, 0], [-83.03535, 29.14169, 0], [-83.03529, 29.14181, 0], [-83.03528, 29.14184, 0], [-83.03525, 29.14189, 0], [-83.03521, 29.14198, 0], [-83.03519, 29.14201, 0], [-83.03512, 29.14214, 0], [-83.03499, 29.14234, 0], [-83.0347, 29.14272, 0], [-83.03436, 29.14315, 0], [-83.03399, 29.1436, 0], [-83.03396, 29.14363, 0], [-83.03363, 29.14406, 0], [-83.03359, 29.14413, 0], [-83.03346, 29.14433, 0], [-83.03333, 29.14457, 0], [-83.03329, 29.14467, 0], [-83.03324, 29.14478, 0], [-83.03314, 29.14508, 0], [-83.03311, 29.14516, 0], [-83.03303, 29.14551, 0], [-83.03299, 29.14577, 0], [-83.03294, 29.14602, 0], [-83.03291, 29.14624, 0], [-83.03286, 29.14653, 0], [-83.03281, 29.14677, 0], [-83.03276, 29.14696, 0], [-83.03274, 29.14706, 0], [-83.03271, 29.14716, 0], [-83.03261, 29.14743, 0], [-83.03253, 29.14763, 0], [-83.03249, 29.14772, 0], [-83.03245, 29.1478, 0], [-83.03241, 29.14787, 0], [-83.03228, 29.14813, 0], [-83.03223, 29.1482, 0], [-83.03206, 29.14852, 0], [-83.03204, 29.14855, 0], [-83.03199, 29.14865, 0], [-83.03193, 29.14879, 0], [-83.03189, 29.14887, 0], [-83.03175, 29.14919, 0], [-83.03165, 29.14947, 0], [-83.03164, 29.14952, 0], [-83.03162, 29.14955, 0], [-83.03158, 29.1497, 0], [-83.03149, 29.15, 0], [-83.03135, 29.15052, 0], [-83.03091, 29.15202, 0], [-83.03065, 29.15302, 0], [-83.03047, 29.1538, 0], [-83.03042, 29.15406, 0], [-83.03027, 29.15473, 0], [-83.03018, 29.15518, 0], [-83.03007, 29.15568, 0], [-83.02899, 29.15975, 0], [-83.0289, 29.16012, 0], [-83.02796, 29.16366, 0], [-83.02791, 29.16387, 0], [-83.02717, 29.1667, 0], [-83.02527, 29.17359, 0], [-83.02523, 29.17367, 0], [-83.02508, 29.17418, 0], [-83.025, 29.17443, 0], [-83.02474, 29.17515, 0], [-83.02435, 29.17605, 0], [-83.02409, 29.17653, 0], [-83.02369, 29.17723, 0], [-83.02359, 29.17739, 0], [-83.02357, 29.17741, 0], [-83.02354, 29.17749, 0], [-83.02318, 29.178, 0], [-83.02317, 29.17801, 0], [-83.02298, 29.17826, 0], [-83.02281, 29.17847, 0], [-83.02257, 29.17874, 0], [-83.02242, 29.17892, 0], [-83.02221, 29.17915, 0], [-83.02211, 29.17924, 0], [-83.02169, 29.17966, 0], [-83.02154, 29.17979, 0], [-83.02137, 29.17995, 0], [-83.02098, 29.18028, 0], [-83.02047, 29.18068, 0], [-83.01996, 29.18104, 0], [-83.01963, 29.18125, 0], [-83.01847, 29.18203, 0], [-83.01813, 29.18227, 0], [-83.01805, 29.18234, 0], [-83.01803, 29.18235, 0], [-83.00303, 29.19348, 0], [-83.00285, 29.19362, 0], [-83.00283, 29.19364, 0], [-83.002, 29.19424, 0], [-83.00177, 29.19442, 0], [-82.99652, 29.19832, 0], [-82.99644, 29.19837, 0], [-82.99603, 29.19869, 0], [-82.99425, 29.20001, 0], [-82.99409, 29.20012, 0], [-82.9926, 29.20124, 0], [-82.99243, 29.20136, 0], [-82.99241, 29.20138, 0], [-82.99163, 29.20195, 0], [-82.99162, 29.20196, 0], [-82.99134, 29.20217, 0], [-82.99059, 29.20271, 0], [-82.99021, 29.20297, 0], [-82.98987, 29.20319, 0], [-82.98973, 29.20329, 0], [-82.98971, 29.2033, 0], [-82.98966, 29.20334, 0], [-82.98954, 29.20341, 0], [-82.98932, 29.20356, 0], [-82.98787, 29.20446, 0], [-82.98709, 29.20493, 0], [-82.98598, 29.20562, 0], [-82.98576, 29.20575, 0], [-82.9844, 29.20659, 0], [-82.98408, 29.20678, 0], [-82.98391, 29.20689, 0], [-82.98387, 29.20691, 0], [-82.98171, 29.20824, 0], [-82.98153, 29.20834, 0], [-82.98138, 29.20844, 0], [-82.98136, 29.20845, 0], [-82.98125, 29.20852, 0], [-82.98102, 29.20865, 0], [-82.98096, 29.20869, 0], [-82.98085, 29.20875, 0], [-82.98065, 29.20888, 0], [-82.98037, 29.20905, 0], [-82.98035, 29.20906, 0], [-82.97935, 29.20967, 0], [-82.97923, 29.20975, 0], [-82.95441, 29.22493, 0], [-82.95376, 29.22536, 0], [-82.95315, 29.22578, 0], [-82.95254, 29.22622, 0], [-82.95061, 29.22767, 0], [-82.94926, 29.22872, 0], [-82.9488, 29.22906, 0], [-82.94755, 29.23002, 0], [-82.94564, 29.23146, 0], [-82.94549, 29.23158, 0], [-82.94534, 29.23169, 0], [-82.94442, 29.23241, 0], [-82.94362, 29.23297, 0], [-82.94214, 29.2341, 0], [-82.94188, 29.23433, 0], [-82.9413, 29.23476, 0], [-82.94082, 29.23507, 0], [-82.94082, 29.23522, 0], [-82.9408, 29.23528, 0], [-82.94079, 29.23532, 0], [-82.94076, 29.23538, 0], [-82.94072, 29.23543, 0], [-82.94068, 29.23549, 0], [-82.94063, 29.23555, 0], [-82.94056, 29.23562, 0], [-82.94043, 29.23576, 0], [-82.94022, 29.236, 0], [-82.93945, 29.23683, 0], [-82.9394, 29.23689, 0], [-82.93697, 29.23952, 0], [-82.9368, 29.23974, 0], [-82.93661, 29.24001, 0], [-82.93656, 29.24012, 0], [-82.93651, 29.24021, 0], [-82.93641, 29.24042, 0], [-82.93631, 29.24069, 0], [-82.93623, 29.24102, 0], [-82.93621, 29.24109, 0], [-82.93618, 29.24136, 0], [-82.93617, 29.24158, 0], [-82.93619, 29.24193, 0], [-82.9365, 29.24462, 0], [-82.9365, 29.24464, 0], [-82.93652, 29.2448, 0], [-82.93653, 29.24495, 0], [-82.93653, 29.24513, 0], [-82.93652, 29.24531, 0], [-82.9365, 29.24549, 0], [-82.93648, 29.24561, 0], [-82.93642, 29.24588, 0], [-82.93637, 29.24605, 0], [-82.93632, 29.2462, 0], [-82.93627, 29.24633, 0], [-82.93612, 29.24663, 0], [-82.936, 29.24683, 0], [-82.93588, 29.24699, 0], [-82.93578, 29.24714, 0], [-82.9355, 29.24751, 0], [-82.93512, 29.24804, 0], [-82.93511, 29.24805, 0], [-82.93376, 29.24987, 0], [-82.93359, 29.25011, 0], [-82.93304, 29.25084, 0], [-82.93244, 29.25167, 0], [-82.93243, 29.25169, 0], [-82.93234, 29.25184, 0], [-82.93234, 29.25185, 0], [-82.93224, 29.25202, 0], [-82.93218, 29.25217, 0], [-82.9321, 29.25235, 0], [-82.93206, 29.25247, 0], [-82.93199, 29.25272, 0], [-82.93196, 29.25285, 0], [-82.93195, 29.25296, 0], [-82.93193, 29.2531, 0], [-82.93191, 29.25337, 0], [-82.93193, 29.25375, 0], [-82.93228, 29.25783, 0], [-82.93228, 29.25784, 0], [-82.93236, 29.25872, 0], [-82.93247, 29.25924, 0], [-82.93252, 29.25943, 0], [-82.93272, 29.26004, 0], [-82.93273, 29.26008, 0], [-82.93308, 29.26108, 0], [-82.93348, 29.26229, 0], [-82.93424, 29.26449, 0], [-82.93441, 29.26503, 0], [-82.93455, 29.26542, 0], [-82.93465, 29.26578, 0], [-82.93471, 29.26597, 0], [-82.93486, 29.26656, 0], [-82.93493, 29.26687, 0], [-82.93494, 29.26694, 0], [-82.935, 29.26724, 0], [-82.9351, 29.26791, 0], [-82.93516, 29.26866, 0], [-82.93516, 29.26878, 0], [-82.93517, 29.26906, 0], [-82.93517, 29.26995, 0], [-82.93516, 29.27058, 0], [-82.93516, 29.27141, 0], [-82.93514, 29.27203, 0], [-82.93514, 29.27241, 0], [-82.93512, 29.27274, 0], [-82.93507, 29.27305, 0], [-82.93503, 29.27323, 0], [-82.93497, 29.27344, 0], [-82.9349, 29.27365, 0], [-82.93483, 29.27381, 0], [-82.93482, 29.27385, 0], [-82.93468, 29.27413, 0], [-82.9346, 29.27427, 0], [-82.93444, 29.27453, 0], [-82.9339, 29.27528, 0], [-82.93389, 29.27531, 0], [-82.93347, 29.27591, 0], [-82.93338, 29.27603, 0], [-82.93311, 29.27642, 0], [-82.93304, 29.27651, 0], [-82.93273, 29.27695, 0], [-82.93242, 29.27737, 0], [-82.93216, 29.27767, 0], [-82.93213, 29.27771, 0], [-82.93201, 29.27783, 0], [-82.93199, 29.27784, 0], [-82.9319, 29.27794, 0], [-82.93186, 29.27798, 0], [-82.92937, 29.28024, 0], [-82.92918, 29.28042, 0], [-82.92714, 29.28226, 0], [-82.92683, 29.28259, 0], [-82.92668, 29.28276, 0], [-82.92643, 29.2831, 0], [-82.92628, 29.28333, 0], [-82.92609, 29.28365, 0], [-82.92473, 29.28585, 0], [-82.92431, 29.28647, 0], [-82.92429, 29.28651, 0], [-82.92357, 29.28744, 0], [-82.92333, 29.28774, 0], [-82.92332, 29.28775, 0], [-82.92304, 29.28815, 0], [-82.92291, 29.28836, 0], [-82.92269, 29.28874, 0], [-82.9225, 29.28913, 0], [-82.92245, 29.28926, 0], [-82.92188, 29.29052, 0], [-82.92178, 29.29077, 0], [-82.9214, 29.29161, 0], [-82.92099, 29.29255, 0], [-82.91987, 29.29505, 0], [-82.9198, 29.29522, 0], [-82.91964, 29.29555, 0], [-82.91955, 29.29575, 0], [-82.91934, 29.29615, 0], [-82.91917, 29.29645, 0], [-82.91909, 29.29661, 0], [-82.91848, 29.29766, 0], [-82.91834, 29.29789, 0], [-82.91653, 29.30102, 0], [-82.91646, 29.30113, 0], [-82.91642, 29.30121, 0], [-82.91572, 29.30241, 0], [-82.91563, 29.30255, 0], [-82.91527, 29.30318, 0], [-82.91486, 29.30387, 0], [-82.91458, 29.30437, 0], [-82.91415, 29.30511, 0], [-82.91411, 29.30517, 0], [-82.91402, 29.30533, 0], [-82.91377, 29.30575, 0], [-82.91357, 29.30614, 0], [-82.91349, 29.30631, 0], [-82.91328, 29.30681, 0], [-82.91317, 29.30716, 0], [-82.91314, 29.30722, 0], [-82.91296, 29.30793, 0], [-82.91294, 29.30804, 0], [-82.91283, 29.30849, 0], [-82.91279, 29.3086, 0], [-82.91275, 29.30874, 0], [-82.91272, 29.30887, 0], [-82.9127, 29.30891, 0], [-82.91266, 29.30903, 0], [-82.91257, 29.30927, 0], [-82.91247, 29.3095, 0], [-82.91014, 29.3146, 0], [-82.91001, 29.31487, 0], [-82.90995, 29.31501, 0], [-82.9099, 29.31511, 0], [-82.90985, 29.3152, 0], [-82.90978, 29.31531, 0], [-82.90971, 29.3154, 0], [-82.90956, 29.31557, 0], [-82.90948, 29.31565, 0], [-82.90903, 29.31601, 0], [-82.90897, 29.31605, 0], [-82.90803, 29.31677, 0], [-82.9079, 29.31689, 0], [-82.90777, 29.317, 0], [-82.90776, 29.31702, 0], [-82.90756, 29.31722, 0], [-82.90743, 29.31736, 0], [-82.90712, 29.31773, 0], [-82.9066, 29.31842, 0], [-82.90655, 29.31848, 0], [-82.90396, 29.32188, 0], [-82.90392, 29.32192, 0], [-82.90358, 29.32235, 0], [-82.903, 29.32301, 0], [-82.90267, 29.32336, 0], [-82.9005, 29.32575, 0], [-82.90039, 29.32588, 0], [-82.89909, 29.3273, 0], [-82.89826, 29.32823, 0], [-82.89794, 29.32857, 0], [-82.89782, 29.32872, 0], [-82.8977, 29.32884, 0], [-82.89474, 29.3321, 0], [-82.89462, 29.33224, 0], [-82.89346, 29.33351, 0], [-82.89334, 29.33365, 0], [-82.8897, 29.33766, 0], [-82.88949, 29.33788, 0], [-82.88865, 29.33883, 0], [-82.88848, 29.33904, 0], [-82.88841, 29.33915, 0], [-82.88832, 29.33928, 0], [-82.88814, 29.33959, 0], [-82.88803, 29.33979, 0], [-82.8879, 29.34005, 0], [-82.88785, 29.34016, 0], [-82.88774, 29.34045, 0], [-82.88765, 29.34075, 0], [-82.8876, 29.34094, 0], [-82.88754, 29.34122, 0], [-82.88752, 29.34136, 0], [-82.88748, 29.3418, 0], [-82.88748, 29.34192, 0], [-82.88747, 29.34209, 0], [-82.88747, 29.34229, 0], [-82.88748, 29.34247, 0], [-82.88751, 29.34267, 0], [-82.88752, 29.34281, 0], [-82.88757, 29.34306, 0], [-82.88766, 29.34343, 0], [-82.88781, 29.34386, 0], [-82.88782, 29.34388, 0], [-82.88793, 29.34414, 0], [-82.88811, 29.3445, 0], [-82.8887, 29.3456, 0], [-82.88886, 29.34597, 0], [-82.88893, 29.34618, 0], [-82.88895, 29.34626, 0], [-82.88899, 29.34638, 0], [-82.88903, 29.34653, 0], [-82.88904, 29.34661, 0], [-82.88906, 29.34668, 0], [-82.88908, 29.34679, 0], [-82.88911, 29.34705, 0], [-82.88912, 29.34717, 0], [-82.88912, 29.34751, 0], [-82.88906, 29.34805, 0], [-82.88904, 29.34817, 0], [-82.88877, 29.35038, 0], [-82.88876, 29.35055, 0], [-82.8887, 29.3511, 0], [-82.88865, 29.35178, 0], [-82.88861, 29.35268, 0], [-82.88858, 29.35369, 0], [-82.88858, 29.35699, 0], [-82.88859, 29.35705, 0], [-82.88861, 29.36484, 0], [-82.88862, 29.36548, 0], [-82.88866, 29.37506, 0], [-82.88867, 29.37556, 0], [-82.88867, 29.37934, 0], [-82.88866, 29.38006, 0], [-82.88867, 29.38928, 0], [-82.88868, 29.38937, 0], [-82.88869, 29.39015, 0], [-82.88869, 29.39131, 0], [-82.88875, 29.39615, 0], [-82.88876, 29.3965, 0], [-82.88879, 29.3992, 0], [-82.8888, 29.39938, 0], [-82.88881, 29.401, 0], [-82.88882, 29.40118, 0], [-82.88882, 29.40205, 0], [-82.88883, 29.40279, 0], [-82.88883, 29.40386, 0], [-82.88884, 29.40422, 0], [-82.88884, 29.4062, 0], [-82.88885, 29.40692, 0], [-82.88885, 29.40886, 0], [-82.88886, 29.40915, 0], [-82.88886, 29.41209, 0], [-82.88887, 29.41281, 0], [-82.88887, 29.41624, 0], [-82.88888, 29.41664, 0], [-82.88888, 29.41822, 0], [-82.88889, 29.41867, 0], [-82.88892, 29.42285, 0], [-82.88891, 29.42319, 0], [-82.88912, 29.44692, 0], [-82.88912, 29.45127, 0], [-82.88915, 29.45502, 0], [-82.88915, 29.45666, 0], [-82.88917, 29.45755, 0], [-82.88924, 29.46558, 0], [-82.88925, 29.46576, 0], [-82.88928, 29.47228, 0], [-82.88929, 29.47288, 0], [-82.88928, 29.47327, 0], [-82.88923, 29.47349, 0], [-82.88916, 29.47365, 0], [-82.88908, 29.47381, 0], [-82.889, 29.47394, 0], [-82.88891, 29.47405, 0], [-82.88876, 29.47419, 0], [-82.88862, 29.4743, 0], [-82.88861, 29.47431, 0], [-82.88843, 29.47443, 0], [-82.88828, 29.47451, 0], [-82.88812, 29.47457, 0], [-82.88799, 29.47461, 0], [-82.88769, 29.47466, 0], [-82.88707, 29.47467, 0], [-82.88397, 29.47468, 0], [-82.8835, 29.47469, 0], [-82.88184, 29.47469, 0], [-82.88107, 29.4747, 0], [-82.87999, 29.4747, 0], [-82.87967, 29.47471, 0], [-82.87316, 29.47473, 0], [-82.87258, 29.47474, 0], [-82.87259, 29.47505, 0], [-82.87259, 29.47595, 0], [-82.87261, 29.47719, 0], [-82.87256, 29.4787, 0], [-82.87263, 29.48178, 0], [-82.87264, 29.48189, 0], [-82.87272, 29.48208, 0], [-82.8727, 29.48314, 0], [-82.87265, 29.48452, 0], [-82.87268, 29.48931, 0], [-82.87269, 29.48961, 0], [-82.87268, 29.49034, 0], [-82.8727, 29.49389, 0], [-82.87269, 29.49477, 0], [-82.8727, 29.49656, 0], [-82.87274, 29.4978, 0], [-82.87273, 29.49787, 0], [-82.87271, 29.49867, 0], [-82.87273, 29.49892, 0], [-82.87273, 29.50157, 0], [-82.87274, 29.50164, 0], [-82.87274, 29.50275, 0], [-82.87275, 29.50289, 0], [-82.87274, 29.50365, 0], [-82.87273, 29.50379, 0], [-82.87273, 29.50395, 0], [-82.87276, 29.5051, 0], [-82.87276, 29.50547, 0], [-82.87307, 29.50612, 0], [-82.87418, 29.50835, 0], [-82.87453, 29.50899, 0], [-82.87491, 29.50966, 0], [-82.87615, 29.51171, 0], [-82.87742, 29.51376, 0], [-82.87752, 29.51393, 0], [-82.87931, 29.51684, 0], [-82.87957, 29.51725, 0], [-82.88299, 29.52282, 0], [-82.8832, 29.52318, 0], [-82.88605, 29.52783, 0], [-82.88643, 29.52843, 0], [-82.89224, 29.53789, 0], [-82.89249, 29.53828, 0], [-82.89923, 29.54925, 0], [-82.89944, 29.54958, 0], [-82.90121, 29.55247, 0], [-82.90173, 29.55329, 0], [-82.90179, 29.5534, 0], [-82.90617, 29.56051, 0], [-82.90619, 29.56055, 0], [-82.90712, 29.56207, 0], [-82.90716, 29.56212, 0], [-82.90744, 29.56259, 0], [-82.91088, 29.56818, 0], [-82.91111, 29.56854, 0], [-82.91197, 29.56995, 0], [-82.91218, 29.57028, 0], [-82.91311, 29.5718, 0], [-82.91322, 29.57197, 0], [-82.9134, 29.57227, 0], [-82.91375, 29.57283, 0], [-82.91389, 29.57307, 0], [-82.91684, 29.57787, 0], [-82.91695, 29.57804, 0], [-82.91705, 29.57821, 0], [-82.91719, 29.57843, 0], [-82.91731, 29.57863, 0], [-82.91766, 29.57917, 0], [-82.91917, 29.58162, 0], [-82.91924, 29.58174, 0], [-82.91936, 29.58193, 0], [-82.91938, 29.58197, 0], [-82.91949, 29.58213, 0], [-82.92205, 29.58631, 0], [-82.92208, 29.58635, 0], [-82.92379, 29.58912, 0], [-82.92398, 29.58941, 0], [-82.92404, 29.58949, 0], [-82.92405, 29.58951, 0], [-82.92411, 29.58958, 0], [-82.92418, 29.58967, 0], [-82.92426, 29.58976, 0], [-82.92435, 29.58985, 0], [-82.92443, 29.58992, 0], [-82.92451, 29.59, 0], [-82.9247, 29.59017, 0], [-82.92498, 29.59038, 0], [-82.92518, 29.59051, 0], [-82.92552, 29.5907, 0], [-82.92563, 29.59075, 0], [-82.92584, 29.59083, 0], [-82.92608, 29.59091, 0], [-82.92625, 29.59096, 0], [-82.92634, 29.59098, 0], [-82.92644, 29.59101, 0], [-82.92659, 29.59104, 0], [-82.92677, 29.59106, 0], [-82.9269, 29.59108, 0], [-82.92703, 29.59109, 0], [-82.92715, 29.59109, 0], [-82.92758, 29.59111, 0], [-82.92932, 29.59113, 0], [-82.9296, 29.59114, 0], [-82.92989, 29.59114, 0], [-82.93012, 29.59115, 0], [-82.93045, 29.59115, 0], [-82.93065, 29.59116, 0], [-82.93159, 29.59117, 0], [-82.93188, 29.59118, 0], [-82.93216, 29.59118, 0], [-82.93472, 29.59123, 0], [-82.93498, 29.59123, 0], [-82.93542, 29.59125, 0], [-82.93581, 29.59128, 0], [-82.9366, 29.5913, 0], [-82.93672, 29.59131, 0], [-82.93698, 29.59131, 0], [-82.93722, 29.59132, 0], [-82.93743, 29.59132, 0], [-82.93759, 29.59133, 0], [-82.93812, 29.59133, 0], [-82.93822, 29.59134, 0], [-82.93865, 29.59134, 0], [-82.93905, 29.59135, 0], [-82.93992, 29.59135, 0], [-82.94002, 29.59134, 0], [-82.94008, 29.59134, 0], [-82.9403, 29.59133, 0], [-82.94054, 29.5913, 0], [-82.94055, 29.5913, 0], [-82.94079, 29.59126, 0], [-82.94083, 29.59126, 0], [-82.9409, 29.59125, 0], [-82.94104, 29.59122, 0], [-82.94116, 29.5912, 0], [-82.94127, 29.59117, 0], [-82.94141, 29.59114, 0], [-82.94158, 29.59109, 0], [-82.94174, 29.59105, 0], [-82.94187, 29.591, 0], [-82.942, 29.59096, 0], [-82.94211, 29.59092, 0], [-82.94254, 29.59074, 0], [-82.94278, 29.59062, 0], [-82.94289, 29.59056, 0], [-82.94301, 29.5905, 0], [-82.94305, 29.59047, 0], [-82.94338, 29.59027, 0], [-82.94359, 29.59011, 0], [-82.94369, 29.59004, 0], [-82.94388, 29.58989, 0], [-82.94415, 29.58965, 0], [-82.94447, 29.58931, 0], [-82.94462, 29.58914, 0], [-82.9447, 29.58904, 0], [-82.94478, 29.58895, 0], [-82.94491, 29.58879, 0], [-82.94521, 29.58844, 0], [-82.94528, 29.58834, 0], [-82.94536, 29.58826, 0], [-82.94566, 29.5879, 0], [-82.9458, 29.58772, 0], [-82.94594, 29.58755, 0], [-82.94609, 29.58738, 0], [-82.947, 29.58629, 0], [-82.94714, 29.58613, 0], [-82.94721, 29.58604, 0], [-82.94737, 29.58586, 0], [-82.94745, 29.58578, 0], [-82.94761, 29.5856, 0], [-82.94769, 29.58553, 0], [-82.94777, 29.58545, 0], [-82.94795, 29.58529, 0], [-82.94833, 29.58499, 0], [-82.94843, 29.58492, 0], [-82.94875, 29.58471, 0], [-82.94903, 29.58454, 0], [-82.94914, 29.58448, 0], [-82.94941, 29.58435, 0], [-82.94986, 29.58416, 0], [-82.95007, 29.58409, 0], [-82.95018, 29.58404, 0], [-82.95041, 29.58396, 0], [-82.95054, 29.58393, 0], [-82.9507, 29.58388, 0], [-82.95113, 29.58379, 0], [-82.95163, 29.58371, 0], [-82.95192, 29.58368, 0], [-82.95228, 29.58366, 0], [-82.95268, 29.58366, 0], [-82.95305, 29.58368, 0], [-82.95331, 29.5837, 0], [-82.95348, 29.58373, 0], [-82.95367, 29.58375, 0], [-82.95414, 29.58383, 0], [-82.95439, 29.58388, 0], [-82.95477, 29.58397, 0], [-82.95479, 29.58397, 0], [-82.955, 29.58403, 0], [-82.9556, 29.58424, 0], [-82.95593, 29.58438, 0], [-82.95606, 29.58444, 0], [-82.95614, 29.58449, 0], [-82.95638, 29.58461, 0], [-82.95669, 29.5848, 0], [-82.9572, 29.58517, 0], [-82.95743, 29.58537, 0], [-82.95754, 29.58546, 0], [-82.95786, 29.58578, 0], [-82.95789, 29.58582, 0], [-82.95913, 29.58714, 0], [-82.95928, 29.58731, 0], [-82.95944, 29.58748, 0], [-82.95954, 29.58758, 0], [-82.95969, 29.58774, 0], [-82.95984, 29.58791, 0], [-82.96032, 29.58842, 0], [-82.96038, 29.58849, 0], [-82.96226, 29.59048, 0], [-82.96291, 29.59112, 0], [-82.96308, 29.59128, 0], [-82.96325, 29.59143, 0], [-82.96341, 29.59158, 0], [-82.96388, 29.59197, 0], [-82.96404, 29.59211, 0], [-82.96495, 29.59281, 0], [-82.96543, 29.59316, 0], [-82.96658, 29.59392, 0], [-82.96824, 29.59497, 0], [-82.96828, 29.595, 0], [-82.9686, 29.59519, 0], [-82.96869, 29.59526, 0], [-82.96899, 29.59544, 0], [-82.96939, 29.5957, 0], [-82.97419, 29.59872, 0], [-82.97522, 29.59928, 0], [-82.97579, 29.59957, 0], [-82.97623, 29.59977, 0], [-82.97643, 29.59987, 0], [-82.97722, 29.60021, 0], [-82.97739, 29.60027, 0], [-82.97757, 29.60035, 0], [-82.97791, 29.60047, 0], [-82.97827, 29.60061, 0], [-82.97841, 29.60065, 0], [-82.97862, 29.60072, 0], [-82.97865, 29.60074, 0], [-82.9787, 29.60075, 0], [-82.97898, 29.60084, 0], [-82.97932, 29.60096, 0], [-82.97969, 29.60107, 0], [-82.9797, 29.60107, 0], [-82.98004, 29.60117, 0], [-82.98125, 29.60147, 0], [-82.98143, 29.6015, 0], [-82.98194, 29.60161, 0], [-82.98234, 29.60167, 0], [-82.98284, 29.60176, 0], [-82.98363, 29.60185, 0], [-82.98411, 29.60189, 0], [-82.98478, 29.60193, 0], [-82.98696, 29.602, 0], [-82.98751, 29.60201, 0], [-82.98807, 29.60203, 0], [-82.98935, 29.60203, 0], [-82.99008, 29.60202, 0], [-82.99035, 29.60203, 0], [-82.99048, 29.60203, 0], [-82.99088, 29.60205, 0], [-83.00009, 29.6023, 0], [-83.00053, 29.60232, 0], [-83.0039, 29.60241, 0], [-83.00418, 29.60241, 0], [-83.01458, 29.6027, 0], [-83.01504, 29.60272, 0], [-83.01635, 29.60274, 0], [-83.01785, 29.6028, 0], [-83.01847, 29.60284, 0], [-83.0185, 29.60284, 0], [-83.01975, 29.60295, 0], [-83.0214, 29.60314, 0], [-83.02183, 29.60318, 0], [-83.0496, 29.60644, 0], [-83.05029, 29.60653, 0], [-83.05297, 29.60683, 0], [-83.05807, 29.60744, 0], [-83.05854, 29.60749, 0], [-83.05856, 29.6075, 0], [-83.05881, 29.60752, 0], [-83.05894, 29.60754, 0], [-83.06002, 29.60766, 0], [-83.06039, 29.60771, 0], [-83.06041, 29.60771, 0], [-83.06352, 29.60808, 0], [-83.06364, 29.60809, 0], [-83.06781, 29.60858, 0], [-83.06784, 29.60858, 0], [-83.06896, 29.60872, 0], [-83.06946, 29.60877, 0], [-83.07587, 29.60953, 0], [-83.07796, 29.60976, 0], [-83.07892, 29.60983, 0], [-83.0791, 29.60985, 0], [-83.07998, 29.6099, 0], [-83.08185, 29.60996, 0], [-83.08223, 29.60996, 0], [-83.08227, 29.60997, 0], [-83.08273, 29.60997, 0], [-83.08321, 29.61, 0], [-83.0839, 29.6101, 0], [-83.08422, 29.61018, 0], [-83.08493, 29.61034, 0], [-83.08538, 29.61048, 0], [-83.08573, 29.6106, 0], [-83.08582, 29.61064, 0], [-83.08598, 29.6107, 0], [-83.0862, 29.6108, 0], [-83.0863, 29.61085, 0], [-83.08652, 29.61095, 0], [-83.08671, 29.61105, 0], [-83.08714, 29.61129, 0], [-83.08745, 29.61149, 0], [-83.08762, 29.61161, 0], [-83.08773, 29.61168, 0], [-83.09077, 29.61388, 0], [-83.09223, 29.61496, 0], [-83.09332, 29.61572, 0], [-83.09424, 29.61632, 0], [-83.09436, 29.61639, 0], [-83.09453, 29.6165, 0], [-83.09732, 29.61815, 0], [-83.09745, 29.61822, 0], [-83.0992, 29.61926, 0], [-83.09974, 29.61957, 0], [-83.10092, 29.62028, 0], [-83.10585, 29.62318, 0], [-83.10747, 29.62416, 0], [-83.10779, 29.62434, 0], [-83.10971, 29.62547, 0], [-83.10974, 29.62548, 0], [-83.10978, 29.6255, 0], [-83.10984, 29.62551, 0], [-83.11094, 29.6262, 0], [-83.11122, 29.62636, 0], [-83.11179, 29.6267, 0], [-83.11218, 29.62692, 0], [-83.1124, 29.62706, 0], [-83.11357, 29.62774, 0], [-83.11452, 29.62831, 0], [-83.11596, 29.62914, 0], [-83.11624, 29.62932, 0], [-83.11696, 29.62974, 0], [-83.11704, 29.62979, 0], [-83.11797, 29.63032, 0], [-83.11852, 29.63066, 0], [-83.11992, 29.63149, 0], [-83.12066, 29.63196, 0], [-83.12187, 29.6327, 0], [-83.12204, 29.63279, 0], [-83.12215, 29.63284, 0], [-83.12243, 29.63302, 0], [-83.12247, 29.63309, 0], [-83.1225, 29.63312, 0], [-83.1232, 29.63356, 0], [-83.12366, 29.63383, 0], [-83.12425, 29.63416, 0], [-83.1244, 29.63419, 0], [-83.12516, 29.63464, 0], [-83.12547, 29.63484, 0], [-83.12629, 29.63533, 0], [-83.12663, 29.63552, 0], [-83.12685, 29.63566, 0], [-83.12741, 29.63597, 0], [-83.12766, 29.63612, 0], [-83.12787, 29.63622, 0], [-83.12788, 29.63622, 0], [-83.12801, 29.63628, 0], [-83.12803, 29.63628, 0], [-83.12811, 29.63632, 0], [-83.12824, 29.63637, 0], [-83.12852, 29.63645, 0], [-83.12876, 29.6365, 0], [-83.12877, 29.6365, 0], [-83.12936, 29.63657, 0], [-83.13009, 29.63667, 0], [-83.1304, 29.63668, 0], [-83.13055, 29.63668, 0], [-83.13079, 29.63671, 0], [-83.13162, 29.63677, 0], [-83.13194, 29.63681, 0], [-83.13225, 29.6368, 0], [-83.13249, 29.63683, 0], [-83.13267, 29.63686, 0], [-83.13359, 29.63705, 0], [-83.13425, 29.63721, 0], [-83.13469, 29.63734, 0], [-83.13487, 29.6374, 0], [-83.13496, 29.63742, 0], [-83.13511, 29.63747, 0], [-83.13515, 29.63748, 0], [-83.13529, 29.63753, 0], [-83.13531, 29.63754, 0], [-83.13561, 29.63765, 0], [-83.13581, 29.63773, 0], [-83.13585, 29.63775, 0], [-83.13608, 29.63784, 0], [-83.1361, 29.63786, 0], [-83.13635, 29.63796, 0], [-83.13668, 29.63811, 0], [-83.13742, 29.63843, 0], [-83.13885, 29.63908, 0], [-83.13894, 29.63911, 0], [-83.13905, 29.63917, 0], [-83.13938, 29.63932, 0], [-83.13979, 29.63952, 0], [-83.14107, 29.64009, 0], [-83.14198, 29.64051, 0], [-83.14238, 29.64068, 0], [-83.14257, 29.64077, 0], [-83.1428, 29.64087, 0], [-83.14409, 29.64147, 0], [-83.14427, 29.6416, 0], [-83.14621, 29.64258, 0], [-83.14697, 29.64293, 0], [-83.14702, 29.64295, 0], [-83.14734, 29.6431, 0], [-83.14996, 29.64426, 0], [-83.15032, 29.64441, 0], [-83.1504, 29.64445, 0], [-83.15194, 29.64515, 0], [-83.15281, 29.64553, 0], [-83.1547, 29.64639, 0], [-83.15631, 29.64709, 0], [-83.15769, 29.64772, 0], [-83.1585, 29.64807, 0], [-83.15878, 29.6482, 0], [-83.15906, 29.64832, 0], [-83.15978, 29.64865, 0], [-83.16027, 29.64886, 0], [-83.16096, 29.64913, 0], [-83.16136, 29.64926, 0], [-83.16158, 29.64934, 0], [-83.16621, 29.65082, 0], [-83.16687, 29.65104, 0], [-83.16785, 29.65134, 0], [-83.1685, 29.65156, 0], [-83.17182, 29.65262, 0], [-83.17254, 29.65284, 0], [-83.17268, 29.65289, 0], [-83.17456, 29.65349, 0], [-83.17548, 29.6538, 0], [-83.22109, 29.66835, 0], [-83.22265, 29.66886, 0], [-83.22955, 29.67105, 0], [-83.23157, 29.67171, 0], [-83.23377, 29.6724, 0], [-83.23599, 29.67312, 0], [-83.23778, 29.67368, 0], [-83.24551, 29.67616, 0], [-83.24846, 29.67708, 0], [-83.24979, 29.67752, 0], [-83.2506, 29.67777, 0], [-83.25087, 29.67786, 0], [-83.25142, 29.67803, 0], [-83.25154, 29.67808, 0], [-83.25203, 29.67823, 0], [-83.25225, 29.67831, 0], [-83.25322, 29.67861, 0], [-83.25725, 29.6799, 0], [-83.2574, 29.67994, 0], [-83.25763, 29.68001, 0], [-83.25832, 29.68026, 0], [-83.25892, 29.68049, 0], [-83.2598, 29.68088, 0], [-83.26057, 29.68126, 0], [-83.26116, 29.68159, 0], [-83.26127, 29.68166, 0], [-83.26142, 29.68174, 0], [-83.26162, 29.68187, 0], [-83.26184, 29.682, 0], [-83.26224, 29.68226, 0], [-83.26281, 29.68267, 0], [-83.26331, 29.68305, 0], [-83.26358, 29.68327, 0], [-83.27695, 29.6946, 0], [-83.27748, 29.69506, 0], [-83.29458, 29.70955, 0], [-83.29485, 29.70977, 0], [-83.29504, 29.70994, 0], [-83.29508, 29.70997, 0], [-83.29577, 29.71055, 0], [-83.29584, 29.71062, 0], [-83.29676, 29.71139, 0], [-83.29714, 29.71172, 0], [-83.3003, 29.71439, 0], [-83.30045, 29.71451, 0], [-83.30567, 29.71896, 0], [-83.30584, 29.71913, 0], [-83.30602, 29.7193, 0], [-83.30626, 29.71956, 0], [-83.30657, 29.71992, 0], [-83.30668, 29.72006, 0], [-83.30692, 29.72039, 0], [-83.30744, 29.72118, 0], [-83.31053, 29.72607, 0], [-83.3109, 29.72667, 0], [-83.31116, 29.72707, 0], [-83.31128, 29.72727, 0], [-83.31231, 29.72891, 0], [-83.31242, 29.72907, 0], [-83.31403, 29.73165, 0], [-83.31441, 29.73228, 0], [-83.31468, 29.73278, 0], [-83.31486, 29.73315, 0], [-83.31508, 29.73363, 0], [-83.31639, 29.73666, 0], [-83.31655, 29.73701, 0], [-83.31655, 29.73702, 0], [-83.32061, 29.74636, 0], [-83.32074, 29.74669, 0], [-83.32086, 29.74702, 0], [-83.32104, 29.74756, 0], [-83.32111, 29.74779, 0], [-83.32136, 29.74882, 0], [-83.32147, 29.74937, 0], [-83.32155, 29.74994, 0], [-83.32158, 29.75023, 0], [-83.32159, 29.7504, 0], [-83.32163, 29.75086, 0], [-83.32173, 29.75295, 0], [-83.32178, 29.75375, 0], [-83.32184, 29.755, 0], [-83.32185, 29.75534, 0], [-83.32209, 29.75995, 0], [-83.32209, 29.76003, 0], [-83.32256, 29.76929, 0], [-83.32257, 29.76963, 0], [-83.32262, 29.77051, 0], [-83.32267, 29.77121, 0], [-83.32273, 29.77154, 0], [-83.32285, 29.77211, 0], [-83.3229, 29.77225, 0], [-83.32296, 29.77246, 0], [-83.32303, 29.77267, 0], [-83.32311, 29.77289, 0], [-83.32335, 29.77342, 0], [-83.32347, 29.77364, 0], [-83.32357, 29.77384, 0], [-83.32365, 29.77397, 0], [-83.3237, 29.77407, 0], [-83.32401, 29.77461, 0], [-83.32405, 29.77467, 0], [-83.32541, 29.77713, 0], [-83.32591, 29.77801, 0], [-83.3261, 29.77837, 0], [-83.32732, 29.78051, 0], [-83.32734, 29.78055, 0], [-83.32736, 29.7806, 0], [-83.32748, 29.7808, 0], [-83.3283, 29.78225, 0], [-83.32907, 29.78357, 0], [-83.3383, 29.79991, 0], [-83.3399, 29.80281, 0], [-83.34091, 29.80458, 0], [-83.34096, 29.80468, 0], [-83.34498, 29.81178, 0], [-83.34531, 29.8123, 0], [-83.34598, 29.81348, 0], [-83.34641, 29.81415, 0], [-83.34667, 29.81452, 0], [-83.34681, 29.81471, 0], [-83.34723, 29.81525, 0], [-83.34745, 29.81552, 0], [-83.34814, 29.81629, 0], [-83.39116, 29.86299, 0], [-83.39167, 29.86353, 0], [-83.3928, 29.86478, 0], [-83.3971, 29.86943, 0], [-83.39848, 29.87086, 0], [-83.39853, 29.8709, 0], [-83.40091, 29.87322, 0], [-83.40116, 29.87344, 0], [-83.4068, 29.87883, 0], [-83.40729, 29.87931, 0], [-83.40788, 29.87995, 0], [-83.40802, 29.88013, 0], [-83.40818, 29.88031, 0], [-83.40837, 29.88055, 0], [-83.40852, 29.88073, 0], [-83.40909, 29.88152, 0], [-83.41208, 29.88575, 0], [-83.41233, 29.88607, 0], [-83.43112, 29.91259, 0], [-83.43167, 29.91339, 0], [-83.44138, 29.92705, 0], [-83.44245, 29.92858, 0], [-83.44279, 29.92905, 0], [-83.44364, 29.93027, 0], [-83.44427, 29.93133, 0], [-83.44447, 29.93172, 0], [-83.44989, 29.94305, 0], [-83.45024, 29.94375, 0], [-83.45035, 29.94395, 0], [-83.4507, 29.94454, 0], [-83.45114, 29.94523, 0], [-83.4516, 29.94585, 0], [-83.45203, 29.94638, 0], [-83.45249, 29.94691, 0], [-83.45289, 29.94733, 0], [-83.4534, 29.94782, 0], [-83.45375, 29.94814, 0], [-83.4719, 29.96343, 0], [-83.47288, 29.96427, 0], [-83.47375, 29.96508, 0], [-83.49173, 29.9825, 0], [-83.49268, 29.98345, 0], [-83.49311, 29.98393, 0], [-83.49332, 29.98419, 0], [-83.49584, 29.98745, 0], [-83.49585, 29.98747, 0], [-83.49586, 29.98748, 0], [-83.49697, 29.98891, 0], [-83.49714, 29.98912, 0], [-83.49993, 29.9927, 0], [-83.50014, 29.99295, 0], [-83.50056, 29.99341, 0], [-83.50087, 29.99373, 0], [-83.50137, 29.99422, 0], [-83.50208, 29.99485, 0], [-83.50346, 29.99617, 0], [-83.50746, 30.00006, 0], [-83.50824, 30.00079, 0], [-83.51017, 30.00267, 0], [-83.51304, 30.00552, 0], [-83.52078, 30.01299, 0], [-83.52102, 30.01323, 0], [-83.5212, 30.01339, 0], [-83.52167, 30.01379, 0], [-83.52183, 30.01391, 0], [-83.52214, 30.01416, 0], [-83.52247, 30.0144, 0], [-83.52309, 30.01483, 0], [-83.53352, 30.02154, 0], [-83.5337, 30.02167, 0], [-83.53389, 30.02179, 0], [-83.53433, 30.0221, 0], [-83.53498, 30.02262, 0], [-83.53528, 30.02287, 0], [-83.53548, 30.02306, 0], [-83.53584, 30.02338, 0], [-83.53606, 30.02359, 0], [-83.53632, 30.02385, 0], [-83.53632, 30.02386, 0], [-83.53656, 30.0241, 0], [-83.5369, 30.02447, 0], [-83.53717, 30.02478, 0], [-83.5375, 30.0252, 0], [-83.53806, 30.02596, 0], [-83.53843, 30.02648, 0], [-83.53889, 30.02716, 0], [-83.54054, 30.02953, 0], [-83.54118, 30.03047, 0], [-83.54183, 30.03139, 0], [-83.54667, 30.03839, 0], [-83.54704, 30.03891, 0], [-83.5474, 30.03944, 0], [-83.54764, 30.03978, 0], [-83.54818, 30.04059, 0], [-83.5483, 30.04083, 0], [-83.54839, 30.04099, 0], [-83.54847, 30.04116, 0], [-83.54854, 30.04129, 0], [-83.54855, 30.04132, 0], [-83.54866, 30.04156, 0], [-83.54886, 30.04207, 0], [-83.54894, 30.0423, 0], [-83.55276, 30.05562, 0], [-83.55285, 30.05589, 0], [-83.5531, 30.05653, 0], [-83.55331, 30.05704, 0], [-83.55351, 30.05745, 0], [-83.55398, 30.05835, 0], [-83.55744, 30.0646, 0], [-83.55786, 30.0654, 0], [-83.55818, 30.06598, 0], [-83.55821, 30.06602, 0], [-83.55879, 30.06708, 0], [-83.55913, 30.06774, 0], [-83.55941, 30.06822, 0], [-83.55995, 30.06928, 0], [-83.56336, 30.07547, 0], [-83.56357, 30.07587, 0], [-83.56367, 30.07603, 0], [-83.56502, 30.07849, 0], [-83.56517, 30.07875, 0], [-83.56539, 30.07916, 0], [-83.56554, 30.07942, 0], [-83.5667, 30.08151, 0], [-83.56702, 30.08203, 0], [-83.56754, 30.08276, 0], [-83.56773, 30.08301, 0], [-83.56824, 30.08364, 0], [-83.56877, 30.08423, 0], [-83.5691, 30.08457, 0], [-83.58106, 30.0962, 0], [-83.5811, 30.09623, 0], [-83.58143, 30.09656, 0], [-83.58206, 30.09716, 0], [-83.58218, 30.09729, 0], [-83.58333, 30.0984, 0], [-83.58343, 30.09849, 0], [-83.5836, 30.09866, 0], [-83.58373, 30.0988, 0], [-83.58591, 30.10093, 0], [-83.58605, 30.10106, 0], [-83.5874, 30.10239, 0], [-83.58748, 30.10248, 0], [-83.58755, 30.10257, 0], [-83.58771, 30.10276, 0], [-83.58782, 30.1029, 0], [-83.58785, 30.10293, 0], [-83.58795, 30.10306, 0], [-83.58817, 30.10338, 0], [-83.58835, 30.10368, 0], [-83.5885, 30.10395, 0], [-83.5886, 30.10416, 0], [-83.58868, 30.10434, 0], [-83.58874, 30.10446, 0], [-83.58893, 30.10501, 0], [-83.58896, 30.10511, 0], [-83.58907, 30.10558, 0], [-83.58908, 30.10567, 0], [-83.58912, 30.1059, 0], [-83.58915, 30.10611, 0], [-83.58919, 30.1066, 0], [-83.58919, 30.10686, 0], [-83.58917, 30.10764, 0], [-83.58917, 30.10795, 0], [-83.58915, 30.10877, 0], [-83.58915, 30.10921, 0], [-83.58914, 30.10951, 0], [-83.58914, 30.11159, 0], [-83.58913, 30.11212, 0], [-83.58913, 30.11286, 0], [-83.58911, 30.1136, 0], [-83.58913, 30.11489, 0], [-83.58916, 30.1155, 0], [-83.58918, 30.11634, 0], [-83.58922, 30.11743, 0], [-83.58923, 30.11746, 0], [-83.58924, 30.11751, 0], [-83.58924, 30.11754, 0], [-83.58927, 30.11766, 0], [-83.58928, 30.11769, 0], [-83.58929, 30.11771, 0], [-83.58931, 30.11778, 0], [-83.58938, 30.11797, 0], [-83.59061, 30.11957, 0], [-83.59227, 30.12165, 0], [-83.59272, 30.12225, 0], [-83.59405, 30.12396, 0], [-83.59423, 30.12421, 0], [-83.59562, 30.12592, 0], [-83.59886, 30.13011, 0], [-83.59888, 30.13014, 0], [-83.60868, 30.14279, 0], [-83.60895, 30.14312, 0], [-83.60936, 30.14366, 0], [-83.60953, 30.14387, 0], [-83.61107, 30.14587, 0], [-83.61142, 30.14631, 0], [-83.61297, 30.14832, 0], [-83.61319, 30.14859, 0], [-83.6328, 30.17388, 0], [-83.63301, 30.17414, 0], [-83.63407, 30.17552, 0], [-83.63435, 30.17587, 0], [-83.63493, 30.17662, 0], [-83.6351, 30.17685, 0], [-83.64136, 30.1849, 0], [-83.6415, 30.18509, 0], [-83.64394, 30.18822, 0], [-83.64436, 30.18873, 0], [-83.64481, 30.18926, 0], [-83.64517, 30.18967, 0], [-83.64556, 30.1901, 0], [-83.64583, 30.19041, 0], [-83.65505, 30.20059, 0], [-83.65529, 30.20087, 0], [-83.65709, 30.20287, 0], [-83.65713, 30.2029, 0], [-83.65716, 30.20294, 0], [-83.66476, 30.21134, 0], [-83.66488, 30.21149, 0], [-83.66527, 30.21191, 0], [-83.70087, 30.25124, 0], [-83.70109, 30.2515, 0], [-83.70355, 30.25422, 0], [-83.70385, 30.25454, 0], [-83.72143, 30.27393, 0], [-83.7217, 30.27424, 0], [-83.72472, 30.27757, 0], [-83.72496, 30.27782, 0], [-83.72555, 30.27848, 0], [-83.72617, 30.27915, 0], [-83.73342, 30.28717, 0], [-83.73349, 30.28724, 0], [-83.73792, 30.29213, 0], [-83.73808, 30.2923, 0], [-83.74536, 30.30032, 0], [-83.7468, 30.30194, 0], [-83.74792, 30.30315, 0], [-83.74842, 30.30371, 0], [-83.74972, 30.30513, 0], [-83.74986, 30.30529, 0], [-83.75011, 30.30556, 0], [-83.75043, 30.30593, 0], [-83.75375, 30.30958, 0], [-83.75406, 30.30993, 0], [-83.75438, 30.31027, 0], [-83.75689, 30.31304, 0], [-83.75701, 30.31316, 0], [-83.75844, 30.31475, 0], [-83.75851, 30.31482, 0], [-83.75857, 30.31489, 0], [-83.75891, 30.31526, 0], [-83.75895, 30.31531, 0], [-83.75908, 30.31546, 0], [-83.75946, 30.31587, 0], [-83.7597, 30.31614, 0], [-83.7601, 30.31657, 0], [-83.76096, 30.31753, 0], [-83.76101, 30.31758, 0], [-83.76217, 30.31887, 0], [-83.76222, 30.31892, 0], [-83.76236, 30.31909, 0], [-83.76324, 30.32004, 0], [-83.76348, 30.32031, 0], [-83.76477, 30.3217, 0], [-83.76582, 30.32273, 0], [-83.76688, 30.3237, 0], [-83.77125, 30.32756, 0], [-83.77152, 30.32779, 0], [-83.77266, 30.32881, 0], [-83.7727, 30.32885, 0], [-83.77285, 30.32897, 0], [-83.77299, 30.3291, 0], [-83.78046, 30.33572, 0], [-83.78065, 30.33588, 0], [-83.78114, 30.33632, 0], [-83.7815, 30.33663, 0], [-83.7827, 30.33771, 0], [-83.78305, 30.33804, 0], [-83.78343, 30.33842, 0], [-83.78346, 30.33846, 0], [-83.7836, 30.33859, 0], [-83.78391, 30.33891, 0], [-83.78399, 30.33901, 0], [-83.78412, 30.33915, 0], [-83.78416, 30.3392, 0], [-83.78425, 30.33929, 0], [-83.78499, 30.3401, 0], [-83.78503, 30.34014, 0], [-83.78532, 30.34047, 0], [-83.79121, 30.34696, 0], [-83.7916, 30.3474, 0], [-83.79162, 30.34742, 0], [-83.79204, 30.34794, 0], [-83.79244, 30.34847, 0], [-83.79265, 30.34877, 0], [-83.79294, 30.34921, 0], [-83.79327, 30.34975, 0], [-83.79463, 30.35206, 0], [-83.79506, 30.35277, 0], [-83.7968, 30.35573, 0], [-83.7975, 30.35684, 0], [-83.79808, 30.35781, 0], [-83.79836, 30.3583, 0], [-83.79921, 30.35973, 0], [-83.79939, 30.36005, 0], [-83.7994, 30.36006, 0], [-83.79968, 30.36053, 0], [-83.79977, 30.36069, 0], [-83.79987, 30.36085, 0], [-83.79995, 30.361, 0], [-83.80066, 30.36219, 0], [-83.80075, 30.36235, 0], [-83.80124, 30.36317, 0], [-83.80154, 30.3637, 0], [-83.80199, 30.36444, 0], [-83.80243, 30.36514, 0], [-83.80286, 30.36575, 0], [-83.80287, 30.36576, 0], [-83.80292, 30.36583, 0], [-83.80343, 30.36648, 0], [-83.80376, 30.36687, 0], [-83.80408, 30.36723, 0], [-83.80438, 30.36758, 0], [-83.80511, 30.36852, 0], [-83.80513, 30.36854, 0], [-83.80523, 30.36866, 0], [-83.80927, 30.37328, 0], [-83.81017, 30.37421, 0], [-83.8102, 30.37425, 0], [-83.81036, 30.37443, 0], [-83.81126, 30.37549, 0], [-83.81196, 30.37635, 0], [-83.81229, 30.3768, 0], [-83.81259, 30.37715, 0], [-83.81277, 30.37735, 0], [-83.8132, 30.37773, 0], [-83.8135, 30.37796, 0], [-83.81379, 30.37815, 0], [-83.81434, 30.37842, 0], [-83.8146, 30.37854, 0], [-83.81506, 30.37873, 0], [-83.81508, 30.37873, 0], [-83.81512, 30.37875, 0], [-83.8153, 30.37881, 0], [-83.81634, 30.37919, 0], [-83.81663, 30.37932, 0], [-83.81816, 30.37994, 0], [-83.8182, 30.37996, 0], [-83.81825, 30.37999, 0], [-83.81934, 30.38049, 0], [-83.82084, 30.38108, 0], [-83.82104, 30.38117, 0], [-83.82507, 30.38285, 0], [-83.82649, 30.38339, 0], [-83.82724, 30.3837, 0], [-83.82796, 30.38401, 0], [-83.82979, 30.38474, 0], [-83.83107, 30.3852, 0], [-83.83166, 30.38539, 0], [-83.83198, 30.3855, 0], [-83.83261, 30.38568, 0], [-83.8327, 30.38571, 0], [-83.8334, 30.38591, 0], [-83.83346, 30.38593, 0], [-83.8336, 30.38596, 0], [-83.83365, 30.38598, 0], [-83.8338, 30.38601, 0], [-83.8344, 30.38616, 0], [-83.83441, 30.38617, 0], [-83.8346, 30.38621, 0], [-83.83467, 30.38623, 0], [-83.83518, 30.38635, 0], [-83.83622, 30.38656, 0], [-83.83642, 30.38661, 0], [-83.83703, 30.38672, 0], [-83.83724, 30.38675, 0], [-83.83744, 30.38679, 0], [-83.83799, 30.38688, 0], [-83.83906, 30.38703, 0], [-83.83971, 30.3871, 0], [-83.83994, 30.38713, 0], [-83.8464, 30.38785, 0], [-83.8473, 30.38796, 0], [-83.85779, 30.38913, 0], [-83.85877, 30.38926, 0], [-83.85913, 30.38932, 0], [-83.85982, 30.38945, 0], [-83.86019, 30.38953, 0], [-83.86077, 30.38967, 0], [-83.86125, 30.3898, 0], [-83.86217, 30.39009, 0], [-83.86303, 30.39041, 0], [-83.86361, 30.39064, 0], [-83.86393, 30.39078, 0], [-83.8645, 30.39105, 0], [-83.86525, 30.39144, 0], [-83.87876, 30.39904, 0], [-83.87893, 30.39914, 0], [-83.87946, 30.39943, 0], [-83.87998, 30.39973, 0], [-83.88001, 30.39974, 0], [-83.88085, 30.40022, 0], [-83.88138, 30.40051, 0], [-83.8819, 30.40081, 0], [-83.88208, 30.4009, 0], [-83.88242, 30.4011, 0], [-83.88243, 30.4011, 0], [-83.8826, 30.4012, 0], [-83.88289, 30.40136, 0], [-83.88295, 30.40139, 0], [-83.88366, 30.40178, 0], [-83.88419, 30.40206, 0], [-83.88503, 30.40248, 0], [-83.88638, 30.4031, 0], [-83.88682, 30.40329, 0], [-83.88824, 30.40386, 0], [-83.88955, 30.40432, 0], [-83.88994, 30.40444, 0], [-83.89013, 30.40451, 0], [-83.8915, 30.40495, 0], [-83.89229, 30.40519, 0], [-83.89268, 30.40532, 0], [-83.89384, 30.40568, 0], [-83.89385, 30.40569, 0], [-83.89581, 30.40631, 0], [-83.89592, 30.40634, 0], [-83.89611, 30.4064, 0], [-83.89616, 30.40642, 0], [-83.89631, 30.40646, 0], [-83.8964, 30.40649, 0], [-83.8965, 30.40653, 0], [-83.89678, 30.40661, 0], [-83.90062, 30.40783, 0], [-83.90071, 30.40785, 0], [-83.9037, 30.4088, 0], [-83.90378, 30.40882, 0], [-83.90383, 30.40884, 0], [-83.9063, 30.40961, 0], [-83.90635, 30.40963, 0], [-83.90703, 30.40984, 0], [-83.90719, 30.40988, 0], [-83.9075, 30.40997, 0], [-83.90802, 30.41011, 0], [-83.90816, 30.41014, 0], [-83.90833, 30.41019, 0], [-83.90891, 30.41033, 0], [-83.90893, 30.41034, 0], [-83.90902, 30.41036, 0], [-83.90987, 30.41061, 0], [-83.91027, 30.41076, 0], [-83.91094, 30.41097, 0], [-83.91128, 30.41107, 0], [-83.91136, 30.4111, 0], [-83.91173, 30.4112, 0], [-83.9124, 30.4114, 0], [-83.91268, 30.41146, 0], [-83.91282, 30.4115, 0], [-83.91321, 30.41159, 0], [-83.91402, 30.41173, 0], [-83.91455, 30.41181, 0], [-83.91471, 30.41183, 0], [-83.91477, 30.41184, 0], [-83.91481, 30.41185, 0], [-83.91518, 30.41189, 0], [-83.91523, 30.41189, 0], [-83.9156, 30.41192, 0], [-83.91587, 30.41193, 0], [-83.91661, 30.41194, 0], [-83.91662, 30.41193, 0], [-83.91683, 30.41193, 0], [-83.91695, 30.41192, 0], [-83.917, 30.41192, 0], [-83.91714, 30.41191, 0], [-83.91721, 30.41191, 0], [-83.91727, 30.4119, 0], [-83.91729, 30.4119, 0], [-83.91742, 30.41189, 0], [-83.91747, 30.41188, 0], [-83.91763, 30.41187, 0], [-83.91766, 30.41186, 0], [-83.91768, 30.41186, 0], [-83.91788, 30.41184, 0], [-83.91804, 30.41181, 0], [-83.91821, 30.41179, 0], [-83.91868, 30.4117, 0], [-83.91939, 30.41158, 0], [-83.9194, 30.41157, 0], [-83.91944, 30.41157, 0], [-83.91968, 30.41152, 0], [-83.9197, 30.41152, 0], [-83.92034, 30.41141, 0], [-83.92073, 30.41135, 0], [-83.92094, 30.41133, 0], [-83.92117, 30.4113, 0], [-83.92164, 30.41125, 0], [-83.92211, 30.41122, 0], [-83.92218, 30.41121, 0], [-83.92301, 30.41118, 0], [-83.92322, 30.41118, 0], [-83.9234, 30.41117, 0], [-83.92364, 30.41117, 0], [-83.92405, 30.41118, 0], [-83.92493, 30.41122, 0], [-83.92532, 30.41123, 0], [-83.92989, 30.41146, 0], [-83.93125, 30.4115, 0], [-83.93464, 30.41166, 0], [-83.9347, 30.41166, 0], [-83.93808, 30.41182, 0], [-83.93909, 30.41188, 0], [-83.93912, 30.41189, 0], [-83.94177, 30.41202, 0], [-83.94265, 30.41205, 0], [-83.94302, 30.41207, 0], [-83.94358, 30.41209, 0], [-83.94452, 30.41209, 0], [-83.94489, 30.41208, 0], [-83.94527, 30.41208, 0], [-83.94821, 30.41194, 0], [-83.95, 30.41183, 0], [-83.95034, 30.41182, 0], [-83.95332, 30.41165, 0], [-83.95382, 30.41163, 0], [-83.95449, 30.41155, 0], [-83.95464, 30.41154, 0], [-83.95512, 30.41155, 0], [-83.95537, 30.41154, 0], [-83.95543, 30.41153, 0], [-83.95585, 30.4115, 0], [-83.95606, 30.41148, 0], [-83.95618, 30.41146, 0], [-83.95632, 30.41145, 0], [-83.9573, 30.41131, 0], [-83.95755, 30.41126, 0], [-83.95789, 30.4112, 0], [-83.95796, 30.41118, 0], [-83.95814, 30.41115, 0], [-83.9604, 30.41064, 0], [-83.96047, 30.41062, 0], [-83.96249, 30.41017, 0], [-83.96297, 30.41007, 0], [-83.96394, 30.40989, 0], [-83.96491, 30.40974, 0], [-83.96595, 30.4096, 0], [-83.96615, 30.40958, 0], [-83.96625, 30.40956, 0], [-83.97717, 30.40858, 0], [-83.97758, 30.40855, 0], [-83.9824, 30.40812, 0], [-83.98297, 30.40808, 0], [-83.993, 30.40718, 0], [-83.99321, 30.40717, 0], [-84.0094, 30.40573, 0], [-84.00981, 30.4057, 0], [-84.012, 30.4055, 0], [-84.01253, 30.40546, 0], [-84.01259, 30.40545, 0], [-84.01465, 30.40527, 0], [-84.01483, 30.40526, 0], [-84.0161, 30.40514, 0], [-84.01631, 30.40513, 0], [-84.01672, 30.40509, 0], [-84.01677, 30.40508, 0], [-84.0169, 30.40507, 0], [-84.01692, 30.40507, 0], [-84.01972, 30.40482, 0], [-84.02026, 30.40478, 0], [-84.0246, 30.40439, 0], [-84.0248, 30.40438, 0], [-84.02486, 30.40437, 0], [-84.02618, 30.40426, 0], [-84.02621, 30.40425, 0], [-84.02797, 30.4041, 0], [-84.02823, 30.40407, 0], [-84.02844, 30.40406, 0], [-84.02846, 30.40405, 0], [-84.0285, 30.40405, 0], [-84.02922, 30.40399, 0], [-84.02927, 30.40398, 0], [-84.03104, 30.40383, 0], [-84.03174, 30.40376, 0], [-84.0334, 30.40362, 0], [-84.03343, 30.40361, 0], [-84.03361, 30.4036, 0], [-84.03423, 30.40354, 0], [-84.03467, 30.40351, 0], [-84.03514, 30.40346, 0], [-84.03535, 30.40345, 0], [-84.03789, 30.40322, 0], [-84.03796, 30.40321, 0], [-84.03851, 30.40316, 0], [-84.0388, 30.40314, 0], [-84.04079, 30.40296, 0], [-84.041, 30.40295, 0], [-84.04335, 30.40273, 0], [-84.04375, 30.4027, 0], [-84.04395, 30.40268, 0], [-84.04413, 30.40267, 0], [-84.04437, 30.40264, 0], [-84.04454, 30.40263, 0], [-84.04457, 30.40263, 0], [-84.04485, 30.4026, 0], [-84.04512, 30.40258, 0], [-84.04541, 30.40255, 0], [-84.0465, 30.40246, 0], [-84.04665, 30.40244, 0], [-84.04686, 30.40243, 0], [-84.04698, 30.40242, 0], [-84.04706, 30.40241, 0], [-84.04773, 30.40235, 0], [-84.04789, 30.40234, 0], [-84.0481, 30.40232, 0], [-84.04817, 30.40231, 0], [-84.04841, 30.40229, 0], [-84.04887, 30.40227, 0], [-84.04968, 30.40226, 0], [-84.05017, 30.40228, 0], [-84.05055, 30.40231, 0], [-84.05109, 30.40237, 0], [-84.05142, 30.40242, 0], [-84.05144, 30.40242, 0], [-84.05213, 30.40254, 0], [-84.05224, 30.40257, 0], [-84.05242, 30.40261, 0], [-84.05244, 30.40261, 0], [-84.0529, 30.40272, 0], [-84.05303, 30.40276, 0], [-84.05304, 30.40276, 0], [-84.05352, 30.4029, 0], [-84.05371, 30.40297, 0], [-84.05385, 30.40301, 0], [-84.05443, 30.40323, 0], [-84.05464, 30.40332, 0], [-84.05489, 30.40342, 0], [-84.0552, 30.40356, 0], [-84.05569, 30.40381, 0], [-84.05613, 30.40402, 0], [-84.05756, 30.40475, 0], [-84.06099, 30.40646, 0], [-84.06167, 30.40681, 0], [-84.0619, 30.40692, 0], [-84.06271, 30.40733, 0], [-84.06301, 30.40747, 0], [-84.06366, 30.4078, 0], [-84.06389, 30.40791, 0], [-84.06409, 30.40802, 0], [-84.06479, 30.40837, 0], [-84.06521, 30.40857, 0], [-84.0653, 30.40862, 0], [-84.06791, 30.40994, 0], [-84.06806, 30.41001, 0], [-84.06827, 30.41012, 0], [-84.07284, 30.41241, 0], [-84.07317, 30.41256, 0], [-84.07351, 30.4127, 0], [-84.07367, 30.41276, 0], [-84.07371, 30.41278, 0], [-84.0738, 30.41281, 0], [-84.07391, 30.41284, 0], [-84.07394, 30.41286, 0], [-84.07406, 30.41289, 0], [-84.07428, 30.41296, 0], [-84.07438, 30.41298, 0], [-84.07462, 30.41305, 0], [-84.0749, 30.41311, 0], [-84.07548, 30.4132, 0], [-84.07561, 30.41321, 0], [-84.07571, 30.41323, 0], [-84.07578, 30.41323, 0], [-84.07584, 30.41324, 0], [-84.07599, 30.41325, 0], [-84.07614, 30.41325, 0], [-84.0763, 30.41326, 0], [-84.07645, 30.41326, 0], [-84.07661, 30.41327, 0], [-84.07674, 30.41326, 0], [-84.07686, 30.41326, 0], [-84.077, 30.41325, 0], [-84.07713, 30.41325, 0], [-84.07753, 30.41322, 0], [-84.07818, 30.41319, 0], [-84.07819, 30.41318, 0], [-84.07881, 30.41315, 0], [-84.07941, 30.41311, 0], [-84.07965, 30.4131, 0], [-84.07989, 30.41308, 0], [-84.08003, 30.41308, 0], [-84.0802, 30.41307, 0], [-84.08034, 30.41307, 0], [-84.08102, 30.41311, 0], [-84.08121, 30.41314, 0], [-84.08139, 30.41316, 0], [-84.08153, 30.41319, 0], [-84.08172, 30.41322, 0], [-84.08186, 30.41325, 0], [-84.08236, 30.4134, 0], [-84.08257, 30.41347, 0], [-84.08276, 30.41354, 0], [-84.08329, 30.41378, 0], [-84.08343, 30.41386, 0], [-84.08348, 30.41388, 0], [-84.08364, 30.41397, 0], [-84.08386, 30.41411, 0], [-84.08464, 30.41457, 0], [-84.08464, 30.41458, 0], [-84.0849, 30.41474, 0], [-84.08526, 30.41495, 0], [-84.08887, 30.41714, 0], [-84.0905, 30.4181, 0], [-84.09079, 30.41826, 0], [-84.09117, 30.41845, 0], [-84.09118, 30.41845, 0], [-84.0914, 30.41856, 0], [-84.0918, 30.41873, 0], [-84.09189, 30.41876, 0], [-84.09205, 30.41883, 0], [-84.09272, 30.41907, 0], [-84.09282, 30.4191, 0], [-84.09294, 30.41913, 0], [-84.09308, 30.41918, 0], [-84.0932, 30.41921, 0], [-84.09336, 30.41926, 0], [-84.0935, 30.41929, 0], [-84.09406, 30.41943, 0], [-84.09659, 30.41992, 0], [-84.1061, 30.4217, 0], [-84.10656, 30.42178, 0], [-84.10678, 30.42183, 0], [-84.1118, 30.42277, 0], [-84.11228, 30.42284, 0], [-84.11239, 30.42286, 0], [-84.11255, 30.42288, 0], [-84.11324, 30.42294, 0], [-84.11337, 30.42294, 0], [-84.11362, 30.42296, 0], [-84.11444, 30.42297, 0], [-84.11514, 30.42294, 0], [-84.11531, 30.42292, 0], [-84.11536, 30.42292, 0], [-84.11563, 30.4229, 0], [-84.1165, 30.42278, 0], [-84.11662, 30.42277, 0], [-84.11776, 30.42261, 0], [-84.11818, 30.42254, 0], [-84.11828, 30.42253, 0], [-84.11865, 30.42247, 0], [-84.12564, 30.42147, 0], [-84.12608, 30.4214, 0], [-84.13402, 30.42025, 0], [-84.13464, 30.42017, 0], [-84.14001, 30.41938, 0], [-84.14209, 30.4191, 0], [-84.14266, 30.41901, 0], [-84.14267, 30.41901, 0], [-84.14353, 30.4189, 0], [-84.14427, 30.41882, 0], [-84.14616, 30.41867, 0], [-84.14779, 30.41862, 0], [-84.14893, 30.41862, 0], [-84.15006, 30.41865, 0], [-84.15131, 30.41872, 0], [-84.15193, 30.41878, 0], [-84.15196, 30.41878, 0], [-84.15214, 30.4188, 0], [-84.15283, 30.41886, 0], [-84.15356, 30.41895, 0], [-84.15358, 30.41896, 0], [-84.15407, 30.41902, 0], [-84.15496, 30.41915, 0], [-84.15557, 30.41925, 0], [-84.1556, 30.41926, 0], [-84.15629, 30.41938, 0], [-84.15631, 30.41938, 0], [-84.15749, 30.41964, 0], [-84.15934, 30.42009, 0], [-84.16463, 30.42147, 0], [-84.1661, 30.42184, 0], [-84.16696, 30.42207, 0], [-84.16706, 30.42209, 0], [-84.16938, 30.4227, 0], [-84.17001, 30.42285, 0], [-84.1726, 30.42353, 0], [-84.1736, 30.42378, 0], [-84.17414, 30.42393, 0], [-84.17621, 30.42445, 0], [-84.17726, 30.42473, 0], [-84.17732, 30.42474, 0], [-84.1783, 30.42499, 0], [-84.17851, 30.42505, 0], [-84.1808, 30.42564, 0], [-84.1812, 30.42575, 0], [-84.1815, 30.42582, 0], [-84.1827, 30.42613, 0], [-84.18279, 30.42616, 0], [-84.18472, 30.42666, 0], [-84.18486, 30.42669, 0], [-84.18503, 30.42674, 0], [-84.1859, 30.42696, 0], [-84.18622, 30.42705, 0], [-84.1866, 30.42714, 0], [-84.18684, 30.42721, 0], [-84.1918, 30.42848, 0], [-84.19198, 30.42853, 0], [-84.192, 30.42853, 0], [-84.19228, 30.42861, 0], [-84.19233, 30.42862, 0], [-84.19253, 30.42867, 0], [-84.19259, 30.42868, 0], [-84.19294, 30.42877, 0], [-84.1935, 30.42888, 0], [-84.19373, 30.42892, 0], [-84.194, 30.42896, 0], [-84.19407, 30.42898, 0], [-84.1945, 30.42904, 0], [-84.19479, 30.42909, 0], [-84.19516, 30.42913, 0], [-84.19521, 30.42914, 0], [-84.19556, 30.42918, 0], [-84.19623, 30.42923, 0], [-84.19629, 30.42924, 0], [-84.19727, 30.42928, 0], [-84.1982, 30.42928, 0], [-84.19902, 30.42925, 0], [-84.20053, 30.42915, 0], [-84.20081, 30.42914, 0], [-84.20128, 30.4291, 0], [-84.20217, 30.42905, 0], [-84.20258, 30.42902, 0], [-84.2029, 30.42899, 0], [-84.20333, 30.42897, 0], [-84.20373, 30.42894, 0], [-84.20383, 30.42894, 0], [-84.20392, 30.42893, 0], [-84.2059, 30.42881, 0], [-84.20652, 30.42876, 0], [-84.20862, 30.42863, 0], [-84.20898, 30.4286, 0], [-84.20957, 30.42857, 0], [-84.20974, 30.42855, 0], [-84.21116, 30.42846, 0], [-84.21125, 30.42846, 0], [-84.21133, 30.42845, 0], [-84.21266, 30.42836, 0], [-84.21278, 30.42836, 0], [-84.21313, 30.42833, 0], [-84.21373, 30.4283, 0], [-84.21448, 30.42824, 0], [-84.21566, 30.42817, 0], [-84.21588, 30.42815, 0], [-84.21803, 30.42802, 0], [-84.2191, 30.42794, 0], [-84.21988, 30.4279, 0], [-84.22051, 30.42785, 0], [-84.22591, 30.42752, 0], [-84.22623, 30.42749, 0], [-84.22666, 30.42747, 0], [-84.22688, 30.42744, 0], [-84.22704, 30.42743, 0], [-84.22715, 30.42743, 0], [-84.22771, 30.42739, 0], [-84.22793, 30.42738, 0], [-84.22814, 30.42736, 0], [-84.22834, 30.42735, 0], [-84.22841, 30.42735, 0], [-84.22896, 30.42731, 0], [-84.22917, 30.4273, 0], [-84.22975, 30.42725, 0], [-84.23019, 30.42723, 0], [-84.23066, 30.42719, 0], [-84.23083, 30.42718, 0], [-84.23096, 30.42718, 0], [-84.23268, 30.42706, 0], [-84.23306, 30.42705, 0], [-84.23356, 30.42705, 0], [-84.23364, 30.42706, 0], [-84.23372, 30.42706, 0], [-84.23395, 30.42707, 0], [-84.234, 30.42707, 0], [-84.23406, 30.42708, 0], [-84.23485, 30.42714, 0], [-84.23513, 30.42718, 0], [-84.2353, 30.42721, 0], [-84.23561, 30.42725, 0], [-84.23584, 30.4273, 0], [-84.23601, 30.42733, 0], [-84.23604, 30.42733, 0], [-84.23647, 30.42743, 0], [-84.23653, 30.42744, 0], [-84.23704, 30.42757, 0], [-84.23725, 30.42764, 0], [-84.2374, 30.42768, 0], [-84.23771, 30.42779, 0], [-84.23772, 30.42779, 0], [-84.23782, 30.42783, 0], [-84.23812, 30.42793, 0], [-84.23821, 30.42797, 0], [-84.23827, 30.42799, 0], [-84.23859, 30.42811, 0], [-84.23868, 30.42814, 0], [-84.23898, 30.42826, 0], [-84.23975, 30.42855, 0], [-84.23992, 30.42862, 0], [-84.24038, 30.42879, 0], [-84.24047, 30.42883, 0], [-84.2408, 30.42895, 0], [-84.24143, 30.4292, 0], [-84.24208, 30.42944, 0], [-84.24294, 30.42978, 0], [-84.24434, 30.4303, 0], [-84.24494, 30.43054, 0], [-84.24524, 30.43065, 0], [-84.24538, 30.43071, 0], [-84.24599, 30.43093, 0], [-84.2461, 30.43098, 0], [-84.2462, 30.43101, 0], [-84.24702, 30.43132, 0], [-84.24725, 30.43142, 0], [-84.25108, 30.43287, 0], [-84.25147, 30.43301, 0], [-84.25273, 30.4335, 0], [-84.25282, 30.43353, 0], [-84.25321, 30.43368, 0], [-84.25323, 30.43369, 0], [-84.2533, 30.43371, 0], [-84.25346, 30.43378, 0], [-84.25377, 30.4339, 0], [-84.25387, 30.43395, 0], [-84.25436, 30.43416, 0], [-84.25437, 30.43417, 0], [-84.2546, 30.43427, 0], [-84.25505, 30.43448, 0], [-84.25596, 30.43487, 0], [-84.2571, 30.43529, 0], [-84.25945, 30.43613, 0], [-84.2595, 30.43615, 0], [-84.26068, 30.43656, 0], [-84.26094, 30.43666, 0], [-84.26106, 30.4367, 0], [-84.26113, 30.43673, 0], [-84.26171, 30.43693, 0], [-84.26189, 30.437, 0], [-84.26273, 30.43727, 0], [-84.26331, 30.43744, 0], [-84.26333, 30.43744, 0], [-84.26365, 30.43753, 0], [-84.26379, 30.43756, 0], [-84.26419, 30.43766, 0], [-84.26526, 30.43788, 0], [-84.26598, 30.43799, 0], [-84.26718, 30.43812, 0], [-84.26777, 30.43817, 0], [-84.26877, 30.4382, 0], [-84.26995, 30.43819, 0], [-84.27035, 30.43818, 0], [-84.27844, 30.43818, 0], [-84.27865, 30.43819, 0], [-84.27879, 30.43819, 0], [-84.27893, 30.43818, 0], [-84.28063, 30.43818, 0], [-84.28065, 30.43875, 0], [-84.28066, 30.43888, 0], [-84.28066, 30.43999, 0], [-84.28064, 30.44038, 0], [-84.28066, 30.4413, 0], [-84.28066, 30.44242, 0], [-84.28067, 30.44274, 0], [-84.28067, 30.44306, 0], [-84.28069, 30.44405, 0], [-84.28068, 30.4442, 0], [-84.28068, 30.44452, 0], [-84.28067, 30.44466, 0], [-84.28067, 30.44476, 0], [-84.28106, 30.44475, 0], [-84.28228, 30.44475, 0]]}, "properties": {"locationID": "rte002", "Location/feature name (incl. historical names)": "Tampa to Tallahassee Greyhound Bus Station", "COMPLETE": "FALSE", "Geometry type": "line", "Geography type": "route", "Country": "USA", "Region": "", "State/Province": "Florida", "County": "", "City": "Tampa-Inglis-Cedar Key-Tallahassee greyhound station", "Neighborhood (incl. boroughs)": "", "Street address": "", "Notes": "route on google maps", "Source": ""}}, {"type": "Feature", "geometry": {"type": "LineString", "coordinates": [[-117.96498, 34.0382, 0], [-117.96446, 34.03782, 0], [-117.96436, 34.03774, 0], [-117.96432, 34.03778, 0], [-117.96422, 34.03785, 0], [-117.96474, 34.03823, 0], [-117.96481, 34.03829, 0], [-117.96493, 34.03838, 0], [-117.96501, 34.03843, 0], [-117.96519, 34.03856, 0], [-117.96519, 34.03857, 0], [-117.96524, 34.0386, 0], [-117.96548, 34.03878, 0], [-117.9655, 34.0388, 0], [-117.9657, 34.03894, 0], [-117.96575, 34.03897, 0], [-117.96578, 34.039, 0], [-117.96591, 34.03909, 0], [-117.96656, 34.03957, 0], [-117.96656, 34.03958, 0], [-117.96735, 34.04015, 0], [-117.9678, 34.04049, 0], [-117.96789, 34.04055, 0], [-117.96808, 34.04069, 0], [-117.96819, 34.04058, 0], [-117.96824, 34.04054, 0], [-117.96835, 34.04044, 0], [-117.96842, 34.04037, 0], [-117.96848, 34.04032, 0], [-117.96849, 34.0403, 0], [-117.96963, 34.03922, 0], [-117.96969, 34.03917, 0], [-117.96977, 34.03909, 0], [-117.96992, 34.03896, 0], [-117.97052, 34.03839, 0], [-117.97054, 34.03838, 0], [-117.97096, 34.03797, 0], [-117.97128, 34.03768, 0], [-117.97132, 34.03763, 0], [-117.97137, 34.03759, 0], [-117.97164, 34.03733, 0], [-117.97173, 34.03731, 0], [-117.97181, 34.03724, 0], [-117.9719, 34.03714, 0], [-117.9721, 34.03696, 0], [-117.9722, 34.03688, 0], [-117.97361, 34.03555, 0], [-117.97404, 34.03521, 0], [-117.97421, 34.0351, 0], [-117.97428, 34.03506, 0], [-117.97434, 34.03501, 0], [-117.97458, 34.03487, 0], [-117.9747, 34.03478, 0], [-117.97484, 34.03469, 0], [-117.97486, 34.03467, 0], [-117.97505, 34.03454, 0], [-117.97508, 34.03451, 0], [-117.97513, 34.03448, 0], [-117.97517, 34.03444, 0], [-117.97522, 34.03441, 0], [-117.9753, 34.03435, 0], [-117.97533, 34.03432, 0], [-117.97538, 34.03429, 0], [-117.9754, 34.03427, 0], [-117.97541, 34.03427, 0], [-117.97543, 34.03416, 0], [-117.97545, 34.03414, 0], [-117.97549, 34.03412, 0], [-117.97552, 34.0341, 0], [-117.97554, 34.03408, 0], [-117.97569, 34.03396, 0], [-117.97593, 34.03374, 0], [-117.976, 34.03366, 0], [-117.97602, 34.03365, 0], [-117.97602, 34.03364, 0], [-117.97721, 34.03246, 0], [-117.97764, 34.03199, 0], [-117.97777, 34.03186, 0], [-117.97782, 34.0318, 0], [-117.97832, 34.0313, 0], [-117.97908, 34.03057, 0], [-117.97915, 34.03049, 0], [-117.97937, 34.03027, 0], [-117.97955, 34.03007, 0], [-117.97995, 34.02965, 0], [-117.9809, 34.0287, 0], [-117.98108, 34.02853, 0], [-117.98142, 34.02819, 0], [-117.9815, 34.02809, 0], [-117.98263, 34.02695, 0], [-117.98265, 34.02692, 0], [-117.98289, 34.02668, 0], [-117.98296, 34.02662, 0], [-117.98339, 34.02618, 0], [-117.98408, 34.0255, 0], [-117.98414, 34.02543, 0], [-117.98423, 34.02535, 0], [-117.98459, 34.02498, 0], [-117.98467, 34.02489, 0], [-117.98494, 34.02462, 0], [-117.98508, 34.02459, 0], [-117.98524, 34.02443, 0], [-117.98526, 34.02442, 0], [-117.98527, 34.0244, 0], [-117.98532, 34.02435, 0], [-117.98542, 34.02422, 0], [-117.98544, 34.0242, 0], [-117.98551, 34.0241, 0], [-117.98553, 34.02406, 0], [-117.98565, 34.02389, 0], [-117.98588, 34.02351, 0], [-117.98596, 34.02336, 0], [-117.98611, 34.02311, 0], [-117.98613, 34.02306, 0], [-117.98626, 34.02285, 0], [-117.98628, 34.02281, 0], [-117.98775, 34.0203, 0], [-117.98777, 34.02024, 0], [-117.98797, 34.02018, 0], [-117.98807, 34.02018, 0], [-117.98822, 34.02019, 0], [-117.9884, 34.02035, 0], [-117.9885, 34.02043, 0], [-117.98871, 34.02063, 0], [-117.98909, 34.02095, 0], [-117.98913, 34.02099, 0], [-117.98932, 34.02114, 0], [-117.9894, 34.02122, 0], [-117.98946, 34.02127, 0], [-117.98947, 34.02127, 0], [-117.98951, 34.02131, 0], [-117.98952, 34.02133, 0], [-117.98958, 34.02138, 0], [-117.9898, 34.02159, 0], [-117.98981, 34.02161, 0], [-117.98992, 34.02172, 0], [-117.98994, 34.02173, 0], [-117.99043, 34.02222, 0], [-117.99059, 34.02225, 0], [-117.99065, 34.02232, 0], [-117.9907, 34.02236, 0], [-117.99071, 34.02238, 0], [-117.99082, 34.02249, 0], [-117.99089, 34.02257, 0], [-117.99101, 34.02269, 0], [-117.9911, 34.02279, 0], [-117.99115, 34.02283, 0], [-117.9914, 34.0231, 0], [-117.99171, 34.02341, 0], [-117.99181, 34.0235, 0], [-117.99198, 34.02367, 0], [-117.99212, 34.02379, 0], [-117.99223, 34.0239, 0], [-117.99234, 34.024, 0], [-117.99244, 34.02408, 0], [-117.99255, 34.02418, 0], [-117.99299, 34.02455, 0], [-117.99308, 34.02462, 0], [-117.9931, 34.02464, 0], [-117.99356, 34.025, 0], [-117.99404, 34.02535, 0], [-117.99429, 34.02551, 0], [-117.99431, 34.02553, 0], [-117.99441, 34.0256, 0], [-117.99502, 34.02599, 0], [-117.99506, 34.02601, 0], [-117.99516, 34.02608, 0], [-117.99522, 34.02611, 0], [-117.99556, 34.02632, 0], [-117.99622, 34.02668, 0], [-117.99661, 34.02688, 0], [-117.99772, 34.0274, 0], [-117.99825, 34.02762, 0], [-117.99829, 34.02763, 0], [-117.99864, 34.02777, 0], [-117.99873, 34.0278, 0], [-117.99887, 34.02786, 0], [-117.99948, 34.02807, 0], [-117.99959, 34.0281, 0], [-117.99964, 34.02812, 0], [-117.99975, 34.02815, 0], [-117.9999, 34.0282, 0], [-118.00004, 34.02824, 0], [-118.00019, 34.02829, 0], [-118.00109, 34.02853, 0], [-118.0012, 34.02855, 0], [-118.00167, 34.02867, 0], [-118.00264, 34.02886, 0], [-118.00324, 34.02896, 0], [-118.00326, 34.02896, 0], [-118.0036, 34.02901, 0], [-118.00362, 34.02901, 0], [-118.00371, 34.02903, 0], [-118.00418, 34.02908, 0], [-118.00428, 34.0291, 0], [-118.00509, 34.02917, 0], [-118.0052, 34.02917, 0], [-118.00523, 34.02918, 0], [-118.00534, 34.02918, 0], [-118.00603, 34.02922, 0], [-118.00609, 34.02923, 0], [-118.00637, 34.02923, 0], [-118.00656, 34.02924, 0], [-118.01047, 34.02924, 0], [-118.01058, 34.02923, 0], [-118.0122, 34.02923, 0], [-118.01231, 34.02922, 0], [-118.01462, 34.02922, 0], [-118.01516, 34.02924, 0], [-118.01527, 34.02926, 0], [-118.01531, 34.02926, 0], [-118.01553, 34.02928, 0], [-118.01566, 34.0293, 0], [-118.01577, 34.02931, 0], [-118.01615, 34.02937, 0], [-118.01646, 34.02943, 0], [-118.01695, 34.02954, 0], [-118.01724, 34.02962, 0], [-118.01758, 34.02973, 0], [-118.01771, 34.02978, 0], [-118.01783, 34.02982, 0], [-118.01803, 34.0299, 0], [-118.01814, 34.02993, 0], [-118.01823, 34.02998, 0], [-118.0186, 34.03013, 0], [-118.01998, 34.03078, 0], [-118.02159, 34.0315, 0], [-118.02262, 34.03198, 0], [-118.02281, 34.03206, 0], [-118.0229, 34.03211, 0], [-118.02317, 34.03223, 0], [-118.02325, 34.03226, 0], [-118.02336, 34.03231, 0], [-118.0234, 34.03234, 0], [-118.02381, 34.03252, 0], [-118.02401, 34.03262, 0], [-118.02455, 34.03286, 0], [-118.02516, 34.03315, 0], [-118.026, 34.03353, 0], [-118.02614, 34.0336, 0], [-118.02637, 34.0337, 0], [-118.02706, 34.03403, 0], [-118.02714, 34.03406, 0], [-118.02803, 34.03448, 0], [-118.02819, 34.03455, 0], [-118.02944, 34.03514, 0], [-118.02961, 34.03521, 0], [-118.02968, 34.03525, 0], [-118.03004, 34.03542, 0], [-118.03016, 34.03547, 0], [-118.03022, 34.03549, 0], [-118.03056, 34.03563, 0], [-118.03062, 34.03566, 0], [-118.03078, 34.03572, 0], [-118.03085, 34.03574, 0], [-118.03105, 34.03582, 0], [-118.03121, 34.03587, 0], [-118.03143, 34.03595, 0], [-118.03152, 34.03599, 0], [-118.03237, 34.03626, 0], [-118.03307, 34.03646, 0], [-118.03316, 34.03649, 0], [-118.03355, 34.03659, 0], [-118.03361, 34.03661, 0], [-118.03367, 34.03662, 0], [-118.0338, 34.03666, 0], [-118.03489, 34.03691, 0], [-118.03508, 34.03694, 0], [-118.03552, 34.03703, 0], [-118.03676, 34.03725, 0], [-118.03699, 34.03728, 0], [-118.03706, 34.0373, 0], [-118.03715, 34.03731, 0], [-118.03733, 34.03735, 0], [-118.03769, 34.03741, 0], [-118.03771, 34.03741, 0], [-118.0379, 34.03745, 0], [-118.03802, 34.03747, 0], [-118.03806, 34.03748, 0], [-118.03808, 34.03748, 0], [-118.03811, 34.03749, 0], [-118.0382, 34.0375, 0], [-118.03838, 34.03754, 0], [-118.0389, 34.03762, 0], [-118.03898, 34.03764, 0], [-118.03925, 34.03768, 0], [-118.03927, 34.03769, 0], [-118.03965, 34.03775, 0], [-118.03973, 34.03777, 0], [-118.04033, 34.03787, 0], [-118.04041, 34.03789, 0], [-118.04078, 34.03795, 0], [-118.04092, 34.03798, 0], [-118.04143, 34.03807, 0], [-118.04144, 34.03807, 0], [-118.04165, 34.0381, 0], [-118.0428, 34.0383, 0], [-118.04289, 34.03832, 0], [-118.04327, 34.03838, 0], [-118.04384, 34.03849, 0], [-118.04422, 34.03855, 0], [-118.04436, 34.03858, 0], [-118.04446, 34.03859, 0], [-118.04493, 34.03867, 0], [-118.045, 34.03869, 0], [-118.04579, 34.03882, 0], [-118.04586, 34.03884, 0], [-118.04592, 34.03885, 0], [-118.04602, 34.03886, 0], [-118.04663, 34.03897, 0], [-118.04689, 34.03901, 0], [-118.04712, 34.03906, 0], [-118.04756, 34.03913, 0], [-118.04794, 34.0392, 0], [-118.04832, 34.03926, 0], [-118.04839, 34.03928, 0], [-118.04848, 34.03929, 0], [-118.049, 34.03938, 0], [-118.04908, 34.0394, 0], [-118.04935, 34.03944, 0], [-118.0496, 34.03949, 0], [-118.0497, 34.0395, 0], [-118.05091, 34.03972, 0], [-118.05105, 34.03974, 0], [-118.05148, 34.03982, 0], [-118.05157, 34.03983, 0], [-118.05189, 34.03989, 0], [-118.05203, 34.03991, 0], [-118.05223, 34.03995, 0], [-118.05237, 34.03997, 0], [-118.05245, 34.03999, 0], [-118.05266, 34.04002, 0], [-118.05421, 34.04029, 0], [-118.05429, 34.04031, 0], [-118.05443, 34.04033, 0], [-118.05447, 34.04034, 0], [-118.0545, 34.04034, 0], [-118.05459, 34.04036, 0], [-118.05507, 34.04044, 0], [-118.05522, 34.04047, 0], [-118.0555, 34.04051, 0], [-118.05585, 34.04057, 0], [-118.05608, 34.04062, 0], [-118.05635, 34.04066, 0], [-118.05913, 34.04115, 0], [-118.05916, 34.04115, 0], [-118.0592, 34.04116, 0], [-118.05934, 34.04118, 0], [-118.05941, 34.0412, 0], [-118.05943, 34.0412, 0], [-118.06035, 34.04132, 0], [-118.06041, 34.04132, 0], [-118.06048, 34.04133, 0], [-118.06052, 34.04133, 0], [-118.06094, 34.04137, 0], [-118.06163, 34.0414, 0], [-118.06394, 34.0414, 0], [-118.06487, 34.04138, 0], [-118.06639, 34.04138, 0], [-118.06667, 34.04137, 0], [-118.06989, 34.04137, 0], [-118.0702, 34.04136, 0], [-118.071, 34.04136, 0], [-118.07107, 34.04135, 0], [-118.07132, 34.04135, 0], [-118.07139, 34.04134, 0], [-118.07147, 34.04134, 0], [-118.07155, 34.04133, 0], [-118.07163, 34.04133, 0], [-118.07173, 34.04132, 0], [-118.0718, 34.04132, 0], [-118.07194, 34.0413, 0], [-118.07223, 34.04128, 0], [-118.07229, 34.04127, 0], [-118.07242, 34.04126, 0], [-118.07336, 34.04113, 0], [-118.07351, 34.0411, 0], [-118.0746, 34.04095, 0], [-118.07476, 34.04092, 0], [-118.0753, 34.04085, 0], [-118.07539, 34.04083, 0], [-118.07572, 34.04079, 0], [-118.07588, 34.04076, 0], [-118.0762, 34.04072, 0], [-118.07637, 34.04069, 0], [-118.07669, 34.04065, 0], [-118.07704, 34.04059, 0], [-118.0771, 34.04059, 0], [-118.07717, 34.04057, 0], [-118.07723, 34.04057, 0], [-118.0778, 34.04048, 0], [-118.07783, 34.04047, 0], [-118.07817, 34.0404, 0], [-118.07827, 34.04037, 0], [-118.07832, 34.04036, 0], [-118.07833, 34.04035, 0], [-118.0784, 34.04034, 0], [-118.07869, 34.04026, 0], [-118.07884, 34.04021, 0], [-118.07892, 34.04019, 0], [-118.07931, 34.04006, 0], [-118.07977, 34.03989, 0], [-118.07987, 34.03986, 0], [-118.08007, 34.03978, 0], [-118.08013, 34.03975, 0], [-118.08036, 34.03967, 0], [-118.08037, 34.03967, 0], [-118.08039, 34.03966, 0], [-118.0806, 34.03958, 0], [-118.08084, 34.0395, 0], [-118.0815, 34.03925, 0], [-118.08217, 34.03902, 0], [-118.08246, 34.03891, 0], [-118.08353, 34.03854, 0], [-118.0837, 34.03849, 0], [-118.08375, 34.03847, 0], [-118.08397, 34.03841, 0], [-118.08411, 34.03836, 0], [-118.08425, 34.03832, 0], [-118.08426, 34.03832, 0], [-118.08441, 34.03827, 0], [-118.08515, 34.03807, 0], [-118.08516, 34.03807, 0], [-118.08546, 34.03799, 0], [-118.08554, 34.03798, 0], [-118.08555, 34.03797, 0], [-118.0856, 34.03796, 0], [-118.08591, 34.03788, 0], [-118.08598, 34.03787, 0], [-118.08638, 34.03777, 0], [-118.08651, 34.03773, 0], [-118.08658, 34.03772, 0], [-118.08696, 34.03762, 0], [-118.08711, 34.03759, 0], [-118.08725, 34.03755, 0], [-118.08771, 34.03744, 0], [-118.08785, 34.0374, 0], [-118.08963, 34.03696, 0], [-118.08965, 34.03695, 0], [-118.0898, 34.03692, 0], [-118.0905, 34.03673, 0], [-118.09064, 34.0367, 0], [-118.09085, 34.03664, 0], [-118.091, 34.03661, 0], [-118.09129, 34.03653, 0], [-118.09138, 34.03651, 0], [-118.09217, 34.0363, 0], [-118.09331, 34.03602, 0], [-118.09343, 34.036, 0], [-118.09354, 34.03597, 0], [-118.09401, 34.03589, 0], [-118.09417, 34.03587, 0], [-118.09428, 34.03585, 0], [-118.09462, 34.03581, 0], [-118.09486, 34.03579, 0], [-118.09493, 34.03578, 0], [-118.09509, 34.03578, 0], [-118.09524, 34.03577, 0], [-118.09541, 34.03577, 0], [-118.09556, 34.03576, 0], [-118.09572, 34.03576, 0], [-118.09689, 34.0358, 0], [-118.09712, 34.0358, 0], [-118.09728, 34.03581, 0], [-118.0974, 34.03581, 0], [-118.09754, 34.03582, 0], [-118.09885, 34.03585, 0], [-118.09892, 34.03586, 0], [-118.09916, 34.03586, 0], [-118.09947, 34.03587, 0], [-118.10043, 34.03584, 0], [-118.10103, 34.03579, 0], [-118.10124, 34.03576, 0], [-118.10143, 34.03574, 0], [-118.10148, 34.03573, 0], [-118.10159, 34.03572, 0], [-118.10242, 34.03558, 0], [-118.10246, 34.03557, 0], [-118.10278, 34.03551, 0], [-118.10365, 34.03531, 0], [-118.10379, 34.03527, 0], [-118.10395, 34.03524, 0], [-118.1041, 34.0352, 0], [-118.10425, 34.03517, 0], [-118.1044, 34.03513, 0], [-118.10456, 34.0351, 0], [-118.10643, 34.03467, 0], [-118.10654, 34.03464, 0], [-118.1079, 34.03433, 0], [-118.1082, 34.03427, 0], [-118.10859, 34.03417, 0], [-118.1088, 34.03413, 0], [-118.10895, 34.03409, 0], [-118.10946, 34.03398, 0], [-118.10961, 34.03394, 0], [-118.10971, 34.03392, 0], [-118.10986, 34.03388, 0], [-118.11032, 34.03379, 0], [-118.11039, 34.03377, 0], [-118.11047, 34.03376, 0], [-118.11077, 34.0337, 0], [-118.11108, 34.03365, 0], [-118.11123, 34.03362, 0], [-118.11181, 34.03354, 0], [-118.11219, 34.0335, 0], [-118.11233, 34.03348, 0], [-118.11279, 34.03344, 0], [-118.11286, 34.03344, 0], [-118.11294, 34.03343, 0], [-118.11326, 34.03341, 0], [-118.11342, 34.03341, 0], [-118.11356, 34.0334, 0], [-118.11384, 34.0334, 0], [-118.11401, 34.03339, 0], [-118.12473, 34.03331, 0], [-118.12498, 34.0333, 0], [-118.12761, 34.03328, 0], [-118.12782, 34.03327, 0], [-118.13656, 34.03318, 0], [-118.13677, 34.03317, 0], [-118.13696, 34.03317, 0], [-118.13727, 34.03316, 0], [-118.13776, 34.03316, 0], [-118.13793, 34.03315, 0], [-118.13947, 34.03314, 0], [-118.14022, 34.03312, 0], [-118.14251, 34.03311, 0], [-118.14337, 34.03312, 0], [-118.14419, 34.03318, 0], [-118.14453, 34.03322, 0], [-118.14487, 34.03327, 0], [-118.14502, 34.0333, 0], [-118.14503, 34.0333, 0], [-118.14517, 34.03332, 0], [-118.14547, 34.03338, 0], [-118.14577, 34.03345, 0], [-118.14639, 34.03363, 0], [-118.14688, 34.0338, 0], [-118.14733, 34.03397, 0], [-118.14749, 34.03404, 0], [-118.1478, 34.03419, 0], [-118.14794, 34.03425, 0], [-118.14808, 34.03432, 0], [-118.14812, 34.03435, 0], [-118.14817, 34.03437, 0], [-118.14831, 34.03444, 0], [-118.14841, 34.0345, 0], [-118.14957, 34.03512, 0], [-118.15021, 34.03543, 0], [-118.15088, 34.03569, 0], [-118.15107, 34.03577, 0], [-118.15187, 34.03604, 0], [-118.1524, 34.03619, 0], [-118.15304, 34.03635, 0], [-118.15356, 34.03646, 0], [-118.15442, 34.03659, 0], [-118.15488, 34.03664, 0], [-118.15507, 34.03665, 0], [-118.15565, 34.0367, 0], [-118.15582, 34.0367, 0], [-118.15596, 34.03671, 0], [-118.15744, 34.0367, 0], [-118.15765, 34.03669, 0], [-118.16358, 34.03659, 0], [-118.1638, 34.03657, 0], [-118.16396, 34.03657, 0], [-118.16427, 34.03655, 0], [-118.16439, 34.03655, 0], [-118.16455, 34.03653, 0], [-118.16471, 34.03652, 0], [-118.16522, 34.03647, 0], [-118.16538, 34.03644, 0], [-118.16543, 34.03644, 0], [-118.16554, 34.03642, 0], [-118.16571, 34.0364, 0], [-118.16877, 34.03591, 0], [-118.16896, 34.03587, 0], [-118.17112, 34.03553, 0], [-118.17137, 34.0355, 0], [-118.17146, 34.03548, 0], [-118.17214, 34.03537, 0], [-118.17245, 34.03533, 0], [-118.17506, 34.03493, 0], [-118.17509, 34.03493, 0], [-118.17769, 34.03456, 0], [-118.17799, 34.0345, 0], [-118.17815, 34.03446, 0], [-118.17821, 34.03444, 0], [-118.17863, 34.03434, 0], [-118.17898, 34.03424, 0], [-118.17905, 34.03421, 0], [-118.1792, 34.03416, 0], [-118.17955, 34.03403, 0], [-118.17976, 34.03394, 0], [-118.17984, 34.03391, 0], [-118.18154, 34.03308, 0], [-118.18161, 34.03304, 0], [-118.18173, 34.03299, 0], [-118.18229, 34.03272, 0], [-118.1825, 34.03264, 0], [-118.18266, 34.03257, 0], [-118.18328, 34.03235, 0], [-118.1837, 34.03222, 0], [-118.18406, 34.03214, 0], [-118.18425, 34.03209, 0], [-118.18453, 34.03203, 0], [-118.18517, 34.03192, 0], [-118.18568, 34.03186, 0], [-118.18647, 34.03181, 0], [-118.18904, 34.03181, 0], [-118.18923, 34.0318, 0], [-118.18934, 34.0318, 0], [-118.18955, 34.03179, 0], [-118.1897, 34.03179, 0], [-118.19015, 34.03176, 0], [-118.19092, 34.03166, 0], [-118.19101, 34.03164, 0], [-118.19118, 34.03162, 0], [-118.19125, 34.0316, 0], [-118.19133, 34.03159, 0], [-118.19151, 34.03155, 0], [-118.19158, 34.03154, 0], [-118.19165, 34.03152, 0], [-118.19172, 34.03151, 0], [-118.19201, 34.03143, 0], [-118.19216, 34.0314, 0], [-118.19323, 34.03113, 0], [-118.19337, 34.03109, 0], [-118.19353, 34.03106, 0], [-118.19414, 34.0309, 0], [-118.19416, 34.0309, 0], [-118.1943, 34.03086, 0], [-118.19444, 34.03083, 0], [-118.19478, 34.03074, 0], [-118.19493, 34.03071, 0], [-118.19567, 34.03052, 0], [-118.19579, 34.0305, 0], [-118.19582, 34.03049, 0], [-118.19642, 34.03034, 0], [-118.19656, 34.0303, 0], [-118.19687, 34.03023, 0], [-118.19709, 34.03017, 0], [-118.19718, 34.03015, 0], [-118.19732, 34.03011, 0], [-118.19779, 34.03, 0], [-118.19809, 34.02992, 0], [-118.19824, 34.02989, 0], [-118.1985, 34.02982, 0], [-118.19876, 34.02976, 0], [-118.19917, 34.02965, 0], [-118.20007, 34.02946, 0], [-118.20008, 34.02945, 0], [-118.20023, 34.02942, 0], [-118.20063, 34.02936, 0], [-118.20072, 34.02934, 0], [-118.20176, 34.02919, 0], [-118.20179, 34.02919, 0], [-118.20202, 34.02915, 0], [-118.20214, 34.02914, 0], [-118.20226, 34.02912, 0], [-118.20238, 34.02911, 0], [-118.20251, 34.02909, 0], [-118.20263, 34.02908, 0], [-118.20419, 34.02884, 0], [-118.2045, 34.0288, 0], [-118.20466, 34.02877, 0], [-118.20477, 34.02876, 0], [-118.20498, 34.02873, 0], [-118.20514, 34.0287, 0], [-118.20515, 34.0287, 0], [-118.20649, 34.02851, 0], [-118.20706, 34.02845, 0], [-118.20716, 34.02845, 0], [-118.20737, 34.02843, 0], [-118.20764, 34.02842, 0], [-118.20854, 34.02843, 0], [-118.20923, 34.02853, 0], [-118.20942, 34.02851, 0], [-118.21004, 34.02863, 0], [-118.21019, 34.02867, 0], [-118.21034, 34.0287, 0], [-118.21228, 34.02931, 0], [-118.21244, 34.02935, 0], [-118.21261, 34.02941, 0], [-118.21315, 34.02957, 0], [-118.21352, 34.02965, 0], [-118.21404, 34.02974, 0], [-118.21442, 34.02978, 0], [-118.21471, 34.0298, 0], [-118.21498, 34.02981, 0], [-118.21557, 34.02981, 0], [-118.21569, 34.0298, 0], [-118.21594, 34.02979, 0], [-118.21633, 34.02976, 0], [-118.21648, 34.02974, 0], [-118.2173, 34.02967, 0], [-118.21765, 34.02963, 0], [-118.21814, 34.02959, 0], [-118.21826, 34.02957, 0], [-118.21897, 34.02951, 0], [-118.21899, 34.02951, 0], [-118.21923, 34.02948, 0], [-118.21929, 34.02948, 0], [-118.2197, 34.02944, 0], [-118.22037, 34.02941, 0], [-118.22277, 34.02948, 0], [-118.22294, 34.02949, 0], [-118.2231, 34.02949, 0], [-118.22341, 34.02951, 0], [-118.2239, 34.02951, 0], [-118.22405, 34.02952, 0], [-118.2242, 34.02952, 0], [-118.22435, 34.02951, 0], [-118.22449, 34.02951, 0], [-118.22464, 34.0295, 0], [-118.22519, 34.02943, 0], [-118.22552, 34.02936, 0], [-118.22555, 34.02935, 0], [-118.22665, 34.02912, 0], [-118.22689, 34.02908, 0], [-118.227, 34.02905, 0], [-118.22712, 34.02903, 0], [-118.22729, 34.02899, 0], [-118.2279, 34.02887, 0], [-118.22805, 34.02883, 0], [-118.22819, 34.0288, 0], [-118.22831, 34.02878, 0], [-118.23002, 34.02842, 0], [-118.23045, 34.0283, 0], [-118.23066, 34.02823, 0], [-118.23074, 34.02821, 0], [-118.23089, 34.02816, 0], [-118.2309, 34.02816, 0], [-118.23103, 34.02811, 0], [-118.23135, 34.02801, 0], [-118.23165, 34.02789, 0], [-118.2319, 34.02778, 0], [-118.23216, 34.02768, 0], [-118.23229, 34.02762, 0], [-118.23251, 34.02754, 0], [-118.23272, 34.02745, 0], [-118.23305, 34.02732, 0], [-118.23322, 34.02724, 0], [-118.23355, 34.02711, 0], [-118.23378, 34.02701, 0], [-118.23384, 34.02699, 0], [-118.23422, 34.02683, 0], [-118.23427, 34.02682, 0], [-118.23437, 34.02677, 0], [-118.23467, 34.02665, 0], [-118.23481, 34.0266, 0], [-118.23545, 34.02633, 0], [-118.23596, 34.02613, 0], [-118.23599, 34.02611, 0], [-118.23601, 34.0261, 0], [-118.23617, 34.02604, 0], [-118.23694, 34.02572, 0], [-118.23698, 34.02571, 0], [-118.23706, 34.02568, 0], [-118.23712, 34.02565, 0], [-118.23826, 34.02518, 0], [-118.23827, 34.02518, 0], [-118.24037, 34.02432, 0], [-118.2408, 34.02416, 0], [-118.24095, 34.02412, 0], [-118.24097, 34.02411, 0], [-118.24105, 34.02409, 0], [-118.2412, 34.02404, 0], [-118.24141, 34.02399, 0], [-118.24143, 34.02398, 0], [-118.24164, 34.02393, 0], [-118.242, 34.02387, 0], [-118.24204, 34.02386, 0], [-118.24228, 34.02383, 0], [-118.24232, 34.02383, 0], [-118.24245, 34.02381, 0], [-118.24306, 34.02377, 0], [-118.24335, 34.02377, 0], [-118.24346, 34.02378, 0], [-118.2436, 34.02378, 0], [-118.24422, 34.02384, 0], [-118.24428, 34.02385, 0], [-118.24429, 34.02385, 0], [-118.24431, 34.02386, 0], [-118.24435, 34.02386, 0], [-118.24464, 34.02391, 0], [-118.24476, 34.02394, 0], [-118.24481, 34.02394, 0], [-118.24496, 34.02398, 0], [-118.24506, 34.024, 0], [-118.24523, 34.02405, 0], [-118.24536, 34.02408, 0], [-118.24564, 34.02417, 0], [-118.24592, 34.02427, 0], [-118.24625, 34.02441, 0], [-118.24646, 34.02451, 0], [-118.24669, 34.02463, 0], [-118.24674, 34.02465, 0], [-118.24681, 34.02469, 0], [-118.24689, 34.02473, 0], [-118.24699, 34.0248, 0], [-118.24763, 34.02514, 0], [-118.24793, 34.02531, 0], [-118.24802, 34.02535, 0], [-118.24823, 34.02547, 0], [-118.25004, 34.02644, 0], [-118.25017, 34.0265, 0], [-118.25035, 34.02661, 0], [-118.25096, 34.02694, 0], [-118.25103, 34.02697, 0], [-118.25265, 34.02784, 0], [-118.25278, 34.0279, 0], [-118.2529, 34.02797, 0], [-118.2533, 34.02818, 0], [-118.25342, 34.02825, 0], [-118.2535, 34.02829, 0], [-118.25356, 34.02833, 0], [-118.25429, 34.02872, 0], [-118.25446, 34.02882, 0], [-118.25475, 34.02897, 0], [-118.25489, 34.02905, 0], [-118.25515, 34.02918, 0], [-118.25541, 34.02933, 0], [-118.25607, 34.02969, 0], [-118.25621, 34.02976, 0], [-118.25629, 34.02981, 0], [-118.25661, 34.02998, 0], [-118.25693, 34.03013, 0], [-118.25702, 34.03018, 0], [-118.25758, 34.03044, 0], [-118.25813, 34.03066, 0], [-118.25831, 34.03074, 0], [-118.25848, 34.0308, 0], [-118.25873, 34.0309, 0], [-118.25878, 34.03103, 0], [-118.25878, 34.03104, 0], [-118.25902, 34.03114, 0], [-118.25964, 34.03142, 0], [-118.25991, 34.03152, 0], [-118.2601, 34.0316, 0], [-118.2605, 34.03174, 0], [-118.26062, 34.03179, 0], [-118.2607, 34.03181, 0], [-118.26111, 34.03196, 0], [-118.2612, 34.032, 0], [-118.2615, 34.03211, 0], [-118.26157, 34.03213, 0], [-118.26185, 34.03224, 0], [-118.2619, 34.03225, 0], [-118.26196, 34.03227, 0], [-118.26213, 34.03231, 0], [-118.26221, 34.03234, 0], [-118.26227, 34.03237, 0], [-118.26228, 34.03238, 0], [-118.26252, 34.03252, 0], [-118.26255, 34.03253, 0], [-118.26263, 34.03258, 0], [-118.26378, 34.03323, 0], [-118.26386, 34.03328, 0], [-118.26416, 34.03345, 0], [-118.26443, 34.03359, 0], [-118.26454, 34.03366, 0], [-118.26479, 34.0338, 0], [-118.26487, 34.03384, 0], [-118.26514, 34.034, 0], [-118.26528, 34.03407, 0], [-118.26536, 34.03412, 0], [-118.26542, 34.03415, 0], [-118.26568, 34.0343, 0], [-118.26574, 34.03433, 0], [-118.26579, 34.03436, 0], [-118.26587, 34.0344, 0], [-118.266, 34.03448, 0], [-118.2667, 34.03487, 0], [-118.26678, 34.0349, 0], [-118.26687, 34.03495, 0], [-118.26691, 34.03487, 0], [-118.26692, 34.03486, 0], [-118.26695, 34.03481, 0], [-118.26696, 34.0348, 0], [-118.26698, 34.03477, 0], [-118.267, 34.03473, 0], [-118.26703, 34.0347, 0], [-118.26713, 34.03455, 0], [-118.26719, 34.03445, 0], [-118.26755, 34.03391, 0], [-118.26756, 34.03391, 0]]}, "properties": {"locationID": "rte003", "Location/feature name (incl. historical names)": "Francisquito Ave to Grand Olympic Auditorium", "COMPLETE": "TRUE", "Geometry type": "line", "Geography type": "route", "Country": "USA", "Region": "", "State/Province": "California", "County": "", "City": "La Puente - Los Angeles", "Neighborhood (incl. boroughs)": "Francisquito - Glenshaw - Hwy 60 - Grand Olympic Auditorium", "Street address": "", "Notes": "route on google maps", "Source": ""}}, {"type": "Feature", "geometry": {"type": "LineString", "coordinates": [[-92.72325, 41.74325, 0], [-92.72416, 41.74326, 0], [-92.72574, 41.74326, 0], [-92.72735, 41.74328, 0], [-92.72735, 41.74061, 0], [-92.72734, 41.74034, 0], [-92.72734, 41.73941, 0], [-92.72733, 41.73889, 0], [-92.72733, 41.73507, 0], [-92.72732, 41.73453, 0], [-92.72732, 41.73397, 0], [-92.72733, 41.73361, 0], [-92.72733, 41.73307, 0], [-92.72732, 41.7328, 0], [-92.72731, 41.73272, 0], [-92.7273, 41.73254, 0], [-92.7273, 41.73236, 0], [-92.72729, 41.73232, 0], [-92.72729, 41.73198, 0], [-92.72728, 41.73186, 0], [-92.72728, 41.73087, 0], [-92.72729, 41.73069, 0], [-92.72729, 41.73063, 0], [-92.7273, 41.73036, 0], [-92.72731, 41.73028, 0], [-92.72731, 41.7301, 0], [-92.72732, 41.72992, 0], [-92.72732, 41.7284, 0], [-92.72733, 41.7282, 0], [-92.72733, 41.72766, 0], [-92.72734, 41.72733, 0], [-92.72728, 41.72569, 0], [-92.72735, 41.7253, 0], [-92.72734, 41.72502, 0], [-92.72734, 41.72431, 0], [-92.72733, 41.72412, 0], [-92.72734, 41.72388, 0], [-92.72734, 41.72228, 0], [-92.72735, 41.7216, 0], [-92.72734, 41.7209, 0], [-92.72735, 41.7185, 0], [-92.72734, 41.71759, 0], [-92.72735, 41.71712, 0], [-92.72735, 41.71609, 0], [-92.72731, 41.71498, 0], [-92.72731, 41.71453, 0], [-92.72727, 41.71189, 0], [-92.72727, 41.70879, 0], [-92.72725, 41.70666, 0], [-92.72725, 41.70256, 0], [-92.72726, 41.70174, 0], [-92.72726, 41.70068, 0], [-92.72725, 41.70022, 0], [-92.72725, 41.69975, 0], [-92.72729, 41.6986, 0], [-92.72725, 41.69736, 0], [-92.72725, 41.69603, 0], [-92.72724, 41.6959, 0], [-92.72724, 41.695, 0], [-92.72695, 41.69502, 0], [-92.72672, 41.69507, 0], [-92.72656, 41.69508, 0], [-92.7261, 41.69516, 0], [-92.72609, 41.69516, 0], [-92.72563, 41.69524, 0], [-92.72562, 41.69524, 0], [-92.72443, 41.69544, 0], [-92.72385, 41.69555, 0], [-92.72355, 41.69558, 0], [-92.72351, 41.69558, 0], [-92.7233, 41.69561, 0], [-92.72326, 41.69561, 0], [-92.72258, 41.69564, 0], [-92.72209, 41.69569, 0], [-92.72119, 41.69561, 0], [-92.72008, 41.69555, 0], [-92.71821, 41.69542, 0], [-92.71369, 41.69516, 0], [-92.71318, 41.69512, 0], [-92.70986, 41.69498, 0], [-92.70888, 41.69496, 0], [-92.70796, 41.69496, 0], [-92.70768, 41.69497, 0], [-92.70737, 41.69497, 0], [-92.70691, 41.69498, 0], [-92.70662, 41.69498, 0], [-92.70644, 41.69499, 0], [-92.70588, 41.69499, 0], [-92.70561, 41.695, 0], [-92.70544, 41.695, 0], [-92.70448, 41.69503, 0], [-92.70434, 41.69503, 0], [-92.70263, 41.69508, 0], [-92.70224, 41.69508, 0], [-92.69964, 41.69515, 0], [-92.69794, 41.69518, 0], [-92.69656, 41.69522, 0], [-92.69622, 41.69522, 0], [-92.69598, 41.69523, 0], [-92.69588, 41.69523, 0], [-92.69559, 41.69524, 0], [-92.69526, 41.69524, 0], [-92.69471, 41.69526, 0], [-92.69457, 41.69526, 0], [-92.6944, 41.69527, 0], [-92.69324, 41.69527, 0], [-92.6928, 41.69528, 0], [-92.69192, 41.69528, 0], [-92.69148, 41.69529, 0], [-92.69053, 41.69529, 0], [-92.69031, 41.6953, 0], [-92.6881, 41.69531, 0], [-92.68603, 41.69534, 0], [-92.68588, 41.69533, 0], [-92.68549, 41.69534, 0], [-92.67854, 41.6954, 0], [-92.67707, 41.6954, 0], [-92.67547, 41.69542, 0], [-92.67442, 41.69542, 0], [-92.67429, 41.69543, 0], [-92.67222, 41.69544, 0], [-92.67179, 41.69545, 0], [-92.67077, 41.69545, 0], [-92.67031, 41.69546, 0], [-92.66958, 41.69546, 0], [-92.6687, 41.69548, 0], [-92.66815, 41.69548, 0], [-92.66781, 41.69549, 0], [-92.66684, 41.69549, 0], [-92.6659, 41.69552, 0], [-92.66501, 41.69552, 0], [-92.66492, 41.69553, 0], [-92.6643, 41.69553, 0], [-92.66373, 41.69554, 0], [-92.66327, 41.69554, 0], [-92.663, 41.69555, 0], [-92.66201, 41.69555, 0], [-92.6617, 41.69556, 0], [-92.66126, 41.69556, 0], [-92.66098, 41.69557, 0], [-92.6599, 41.69558, 0], [-92.65966, 41.69559, 0], [-92.65917, 41.69559, 0], [-92.65879, 41.6956, 0], [-92.65812, 41.6956, 0], [-92.65797, 41.69561, 0], [-92.65653, 41.69562, 0], [-92.65629, 41.69563, 0], [-92.65316, 41.69566, 0], [-92.65281, 41.69567, 0], [-92.65243, 41.69567, 0], [-92.65051, 41.6957, 0], [-92.64964, 41.6957, 0], [-92.64919, 41.69571, 0], [-92.64394, 41.69571, 0], [-92.64375, 41.69572, 0], [-92.63725, 41.69572, 0], [-92.63677, 41.69573, 0], [-92.62994, 41.69573, 0], [-92.62978, 41.69574, 0], [-92.62948, 41.69573, 0], [-92.62923, 41.69574, 0], [-92.62573, 41.69573, 0], [-92.62548, 41.69572, 0], [-92.62382, 41.69572, 0], [-92.62361, 41.69571, 0], [-92.62193, 41.69571, 0], [-92.61854, 41.69568, 0], [-92.60559, 41.69569, 0], [-92.60502, 41.6957, 0], [-92.58842, 41.69571, 0], [-92.58799, 41.69572, 0], [-92.58784, 41.69571, 0], [-92.58769, 41.69572, 0], [-92.58122, 41.69572, 0], [-92.58108, 41.69573, 0], [-92.57994, 41.69574, 0], [-92.57961, 41.69575, 0], [-92.5793, 41.69575, 0], [-92.57814, 41.6958, 0], [-92.57797, 41.6958, 0], [-92.57654, 41.69587, 0], [-92.57643, 41.69587, 0], [-92.57624, 41.69588, 0], [-92.57619, 41.69588, 0], [-92.57387, 41.69599, 0], [-92.57374, 41.69599, 0], [-92.57165, 41.69609, 0], [-92.57124, 41.6961, 0], [-92.57081, 41.69613, 0], [-92.56828, 41.69624, 0], [-92.56786, 41.69625, 0], [-92.56758, 41.69627, 0], [-92.5673, 41.69628, 0], [-92.56659, 41.69632, 0], [-92.56624, 41.69633, 0], [-92.5661, 41.69634, 0], [-92.56419, 41.69642, 0], [-92.56389, 41.69644, 0], [-92.56383, 41.69644, 0], [-92.562, 41.69651, 0], [-92.56139, 41.69651, 0], [-92.5611, 41.69652, 0], [-92.56081, 41.69652, 0], [-92.5607, 41.69651, 0], [-92.55946, 41.69651, 0], [-92.55785, 41.69649, 0], [-92.55759, 41.69648, 0], [-92.55699, 41.69648, 0], [-92.55676, 41.69647, 0], [-92.55497, 41.69646, 0], [-92.55462, 41.69645, 0], [-92.55401, 41.69645, 0], [-92.5528, 41.69643, 0], [-92.552, 41.69643, 0], [-92.55174, 41.69642, 0], [-92.55085, 41.69642, 0], [-92.54564, 41.69636, 0], [-92.54479, 41.69636, 0], [-92.54347, 41.69634, 0], [-92.54299, 41.69634, 0], [-92.54251, 41.69633, 0], [-92.53992, 41.69631, 0], [-92.53951, 41.6963, 0], [-92.53877, 41.6963, 0], [-92.53863, 41.69629, 0], [-92.53785, 41.69629, 0], [-92.5376, 41.69628, 0], [-92.53687, 41.69628, 0], [-92.53657, 41.69627, 0], [-92.53613, 41.69627, 0], [-92.5357, 41.69626, 0], [-92.53421, 41.69625, 0], [-92.53393, 41.69624, 0], [-92.53349, 41.69624, 0], [-92.53317, 41.69623, 0], [-92.53302, 41.69623, 0], [-92.5328, 41.69622, 0], [-92.53261, 41.69622, 0], [-92.53143, 41.69616, 0], [-92.53111, 41.69615, 0], [-92.53076, 41.69612, 0], [-92.53031, 41.69609, 0], [-92.53001, 41.69608, 0], [-92.52992, 41.69607, 0], [-92.52767, 41.69592, 0], [-92.52708, 41.69589, 0], [-92.52195, 41.69555, 0], [-92.52167, 41.69554, 0], [-92.51975, 41.69541, 0], [-92.51973, 41.69541, 0], [-92.51812, 41.6953, 0], [-92.51805, 41.6953, 0], [-92.51781, 41.69528, 0], [-92.5177, 41.69528, 0], [-92.51685, 41.69522, 0], [-92.51681, 41.69522, 0], [-92.51661, 41.69521, 0], [-92.51653, 41.6952, 0], [-92.51548, 41.69513, 0], [-92.51507, 41.69511, 0], [-92.51406, 41.69504, 0], [-92.51397, 41.69504, 0], [-92.51376, 41.69502, 0], [-92.51212, 41.69492, 0], [-92.51205, 41.69491, 0], [-92.51181, 41.69489, 0], [-92.51169, 41.69489, 0], [-92.51131, 41.69486, 0], [-92.51091, 41.69484, 0], [-92.50696, 41.69458, 0], [-92.50572, 41.69452, 0], [-92.5044, 41.69449, 0], [-92.50289, 41.69449, 0], [-92.50099, 41.69452, 0], [-92.50055, 41.69452, 0], [-92.49995, 41.69453, 0], [-92.4995, 41.69453, 0], [-92.49934, 41.69454, 0], [-92.49892, 41.69454, 0], [-92.49869, 41.69455, 0], [-92.49803, 41.69455, 0], [-92.49759, 41.69456, 0], [-92.49715, 41.69456, 0], [-92.49672, 41.69457, 0], [-92.49628, 41.69457, 0], [-92.49612, 41.69458, 0], [-92.49569, 41.69458, 0], [-92.49539, 41.69459, 0], [-92.49466, 41.69459, 0], [-92.49378, 41.69461, 0], [-92.4923, 41.69462, 0], [-92.49202, 41.69463, 0], [-92.49157, 41.69463, 0], [-92.49141, 41.69464, 0], [-92.49083, 41.69464, 0], [-92.4904, 41.69465, 0], [-92.48996, 41.69465, 0], [-92.48731, 41.69469, 0], [-92.48657, 41.69469, 0], [-92.48642, 41.6947, 0], [-92.48598, 41.6947, 0], [-92.48554, 41.69471, 0], [-92.48496, 41.69471, 0], [-92.48461, 41.69472, 0], [-92.48254, 41.69474, 0], [-92.48246, 41.69475, 0], [-92.48188, 41.69475, 0], [-92.48157, 41.69476, 0], [-92.48027, 41.69477, 0], [-92.47998, 41.69478, 0], [-92.47866, 41.69479, 0], [-92.47834, 41.6948, 0], [-92.46464, 41.69496, 0], [-92.46432, 41.69497, 0], [-92.46379, 41.69497, 0], [-92.46327, 41.69498, 0], [-92.46287, 41.69498, 0], [-92.45703, 41.69506, 0], [-92.45647, 41.69506, 0], [-92.45588, 41.69507, 0], [-92.45464, 41.69512, 0], [-92.4544, 41.69514, 0], [-92.45422, 41.69514, 0], [-92.45401, 41.69516, 0], [-92.45375, 41.69517, 0], [-92.4533, 41.69521, 0], [-92.45294, 41.69523, 0], [-92.45183, 41.69532, 0], [-92.45173, 41.69532, 0], [-92.45169, 41.69533, 0], [-92.45166, 41.69533, 0], [-92.44925, 41.69552, 0], [-92.44889, 41.69554, 0], [-92.44871, 41.69556, 0], [-92.44482, 41.69586, 0], [-92.44391, 41.69592, 0], [-92.44374, 41.69594, 0], [-92.4429, 41.69598, 0], [-92.44175, 41.69602, 0], [-92.43848, 41.69602, 0], [-92.4383, 41.69603, 0], [-92.43571, 41.69603, 0], [-92.43509, 41.69604, 0], [-92.4278, 41.69605, 0], [-92.42692, 41.69606, 0], [-92.42274, 41.69606, 0], [-92.42205, 41.69607, 0], [-92.39967, 41.69608, 0], [-92.39949, 41.69607, 0], [-92.39926, 41.69608, 0], [-92.3951, 41.69608, 0], [-92.39447, 41.69607, 0], [-92.3939, 41.69607, 0], [-92.39377, 41.69606, 0], [-92.39269, 41.69605, 0], [-92.39245, 41.69604, 0], [-92.38747, 41.69593, 0], [-92.38725, 41.69593, 0], [-92.38139, 41.6958, 0], [-92.38119, 41.6958, 0], [-92.38108, 41.69579, 0], [-92.38086, 41.69579, 0], [-92.3806, 41.69578, 0], [-92.38027, 41.69578, 0], [-92.38018, 41.69577, 0], [-92.37988, 41.69577, 0], [-92.37981, 41.69576, 0], [-92.3794, 41.69576, 0], [-92.37934, 41.69575, 0], [-92.37909, 41.69575, 0], [-92.37892, 41.69574, 0], [-92.37848, 41.69574, 0], [-92.3706, 41.69557, 0], [-92.36733, 41.69556, 0], [-92.36693, 41.69555, 0], [-92.36468, 41.69555, 0], [-92.36443, 41.69554, 0], [-92.36139, 41.69553, 0], [-92.36092, 41.69552, 0], [-92.35936, 41.69552, 0], [-92.35921, 41.69551, 0], [-92.35721, 41.69551, 0], [-92.35656, 41.6955, 0], [-92.34975, 41.69547, 0], [-92.34923, 41.69546, 0], [-92.34751, 41.69546, 0], [-92.34691, 41.69545, 0], [-92.34168, 41.69543, 0], [-92.34119, 41.69542, 0], [-92.33668, 41.69542, 0], [-92.33532, 41.69544, 0], [-92.33415, 41.69544, 0], [-92.33385, 41.69545, 0], [-92.33295, 41.69545, 0], [-92.33283, 41.69546, 0], [-92.33174, 41.69546, 0], [-92.33131, 41.69547, 0], [-92.33055, 41.69547, 0], [-92.33014, 41.69548, 0], [-92.32907, 41.69548, 0], [-92.3277, 41.6955, 0], [-92.32677, 41.6955, 0], [-92.32625, 41.69551, 0], [-92.30267, 41.69567, 0], [-92.30244, 41.69568, 0], [-92.3013, 41.69568, 0], [-92.30116, 41.69569, 0], [-92.30042, 41.69569, 0], [-92.29998, 41.6957, 0], [-92.29938, 41.6957, 0], [-92.29923, 41.69571, 0], [-92.29864, 41.69571, 0], [-92.2985, 41.69572, 0], [-92.29791, 41.69572, 0], [-92.29776, 41.69573, 0], [-92.29714, 41.69573, 0], [-92.29703, 41.69574, 0], [-92.29586, 41.69575, 0], [-92.29571, 41.69576, 0], [-92.29454, 41.69577, 0], [-92.29424, 41.69578, 0], [-92.29365, 41.69578, 0], [-92.2935, 41.69579, 0], [-92.29306, 41.69579, 0], [-92.29262, 41.6958, 0], [-92.29232, 41.6958, 0], [-92.29218, 41.69581, 0], [-92.29175, 41.69581, 0], [-92.29136, 41.69582, 0], [-92.29014, 41.69583, 0], [-92.28999, 41.69584, 0], [-92.28956, 41.69584, 0], [-92.28249, 41.69594, 0], [-92.28234, 41.69595, 0], [-92.2816, 41.69595, 0], [-92.28146, 41.69596, 0], [-92.28103, 41.69596, 0], [-92.28072, 41.69597, 0], [-92.27942, 41.69598, 0], [-92.2792, 41.69599, 0], [-92.27884, 41.69599, 0], [-92.27869, 41.696, 0], [-92.2781, 41.696, 0], [-92.27796, 41.69601, 0], [-92.27737, 41.69601, 0], [-92.27722, 41.69602, 0], [-92.27664, 41.69602, 0], [-92.27649, 41.69603, 0], [-92.27605, 41.69603, 0], [-92.2759, 41.69604, 0], [-92.27518, 41.69604, 0], [-92.27508, 41.69605, 0], [-92.2746, 41.69605, 0], [-92.27445, 41.69606, 0], [-92.27398, 41.69606, 0], [-92.27373, 41.69607, 0], [-92.27318, 41.69607, 0], [-92.273, 41.69608, 0], [-92.27236, 41.69608, 0], [-92.27226, 41.69609, 0], [-92.27167, 41.69609, 0], [-92.27138, 41.6961, 0], [-92.27094, 41.6961, 0], [-92.27079, 41.69611, 0], [-92.27021, 41.69611, 0], [-92.27006, 41.69612, 0], [-92.26977, 41.69612, 0], [-92.26933, 41.69613, 0], [-92.26874, 41.69613, 0], [-92.2686, 41.69614, 0], [-92.26816, 41.69614, 0], [-92.26801, 41.69615, 0], [-92.26728, 41.69615, 0], [-92.2671, 41.69616, 0], [-92.26668, 41.69616, 0], [-92.26654, 41.69617, 0], [-92.2661, 41.69617, 0], [-92.26565, 41.69618, 0], [-92.26521, 41.69618, 0], [-92.26492, 41.69619, 0], [-92.26448, 41.69619, 0], [-92.26433, 41.6962, 0], [-92.26304, 41.69621, 0], [-92.26299, 41.69622, 0], [-92.26197, 41.69622, 0], [-92.26182, 41.69623, 0], [-92.26094, 41.69623, 0], [-92.25961, 41.69621, 0], [-92.25917, 41.69621, 0], [-92.25902, 41.6962, 0], [-92.25873, 41.6962, 0], [-92.25859, 41.69619, 0], [-92.25829, 41.69619, 0], [-92.25815, 41.69618, 0], [-92.258, 41.69618, 0], [-92.25785, 41.69617, 0], [-92.2577, 41.69617, 0], [-92.25756, 41.69616, 0], [-92.25727, 41.69616, 0], [-92.25712, 41.69615, 0], [-92.25698, 41.69615, 0], [-92.25668, 41.69614, 0], [-92.25654, 41.69613, 0], [-92.25624, 41.69612, 0], [-92.25596, 41.69612, 0], [-92.25581, 41.69611, 0], [-92.25566, 41.69611, 0], [-92.25551, 41.6961, 0], [-92.25537, 41.6961, 0], [-92.25199, 41.69599, 0], [-92.25175, 41.69599, 0], [-92.25103, 41.69596, 0], [-92.25081, 41.69596, 0], [-92.24888, 41.6959, 0], [-92.24876, 41.6959, 0], [-92.24862, 41.69589, 0], [-92.24757, 41.69586, 0], [-92.24743, 41.69585, 0], [-92.24728, 41.69585, 0], [-92.24713, 41.69584, 0], [-92.2458, 41.6958, 0], [-92.24566, 41.6958, 0], [-92.24507, 41.69578, 0], [-92.24492, 41.69578, 0], [-92.24477, 41.69577, 0], [-92.24463, 41.69577, 0], [-92.24448, 41.69576, 0], [-92.243, 41.69572, 0], [-92.24286, 41.69571, 0], [-92.24256, 41.69571, 0], [-92.24242, 41.6957, 0], [-92.24226, 41.6957, 0], [-92.24212, 41.69569, 0], [-92.24168, 41.69569, 0], [-92.24153, 41.69568, 0], [-92.24079, 41.69567, 0], [-92.23798, 41.69567, 0], [-92.23783, 41.69568, 0], [-92.23585, 41.69568, 0], [-92.23515, 41.69569, 0], [-92.23384, 41.69569, 0], [-92.23369, 41.6957, 0], [-92.23192, 41.6957, 0], [-92.23177, 41.69571, 0], [-92.22971, 41.69571, 0], [-92.22941, 41.69572, 0], [-92.22793, 41.69572, 0], [-92.22763, 41.69573, 0], [-92.22571, 41.69573, 0], [-92.22556, 41.69574, 0], [-92.22377, 41.69574, 0], [-92.22367, 41.69575, 0], [-92.21603, 41.69578, 0], [-92.21575, 41.69579, 0], [-92.21415, 41.69579, 0], [-92.21351, 41.6958, 0], [-92.21187, 41.6958, 0], [-92.21128, 41.69581, 0], [-92.20786, 41.69582, 0], [-92.20741, 41.69583, 0], [-92.20682, 41.69583, 0], [-92.20562, 41.69585, 0], [-92.20512, 41.69585, 0], [-92.20502, 41.69586, 0], [-92.2034, 41.69587, 0], [-92.20309, 41.69588, 0], [-92.2025, 41.69588, 0], [-92.20236, 41.69589, 0], [-92.20162, 41.69589, 0], [-92.20057, 41.69591, 0], [-92.19998, 41.69591, 0], [-92.19983, 41.69592, 0], [-92.19693, 41.69595, 0], [-92.19657, 41.69596, 0], [-92.19275, 41.696, 0], [-92.19246, 41.69601, 0], [-92.19171, 41.69601, 0], [-92.19061, 41.69603, 0], [-92.19011, 41.69603, 0], [-92.18905, 41.69605, 0], [-92.18761, 41.69606, 0], [-92.18733, 41.69607, 0], [-92.18433, 41.6961, 0], [-92.18395, 41.69611, 0], [-92.18205, 41.69611, 0], [-92.17999, 41.69608, 0], [-92.1794, 41.69608, 0], [-92.17521, 41.69603, 0], [-92.17456, 41.69603, 0], [-92.16419, 41.69592, 0], [-92.16392, 41.69591, 0], [-92.16331, 41.69591, 0], [-92.16302, 41.6959, 0], [-92.16222, 41.6959, 0], [-92.16115, 41.69588, 0], [-92.15759, 41.69585, 0], [-92.15733, 41.69584, 0], [-92.15695, 41.69584, 0], [-92.1565, 41.69583, 0], [-92.15612, 41.69583, 0], [-92.15564, 41.69582, 0], [-92.15488, 41.69582, 0], [-92.15471, 41.69581, 0], [-92.15413, 41.69581, 0], [-92.15266, 41.69579, 0], [-92.15192, 41.69579, 0], [-92.14891, 41.69575, 0], [-92.14832, 41.69575, 0], [-92.14817, 41.69574, 0], [-92.14756, 41.69574, 0], [-92.14728, 41.69573, 0], [-92.14681, 41.69573, 0], [-92.14654, 41.69572, 0], [-92.14632, 41.69572, 0], [-92.1458, 41.6957, 0], [-92.14564, 41.69569, 0], [-92.14549, 41.69569, 0], [-92.14448, 41.69562, 0], [-92.14426, 41.6956, 0], [-92.14416, 41.6956, 0], [-92.14402, 41.69558, 0], [-92.14204, 41.69541, 0], [-92.14171, 41.69539, 0], [-92.13992, 41.69522, 0], [-92.13831, 41.69509, 0], [-92.1377, 41.69503, 0], [-92.1374, 41.69501, 0], [-92.13699, 41.69497, 0], [-92.13693, 41.69496, 0], [-92.13666, 41.69494, 0], [-92.13592, 41.69487, 0], [-92.13573, 41.69486, 0], [-92.13525, 41.69482, 0], [-92.1349, 41.69478, 0], [-92.13416, 41.69472, 0], [-92.1331, 41.69462, 0], [-92.13269, 41.69459, 0], [-92.13199, 41.69452, 0], [-92.12932, 41.69429, 0], [-92.12903, 41.69426, 0], [-92.12873, 41.69424, 0], [-92.12736, 41.69411, 0], [-92.12697, 41.69408, 0], [-92.12623, 41.69401, 0], [-92.12616, 41.69401, 0], [-92.12329, 41.69375, 0], [-92.123, 41.69373, 0], [-92.12287, 41.69371, 0], [-92.122, 41.69364, 0], [-92.12192, 41.69363, 0], [-92.12176, 41.69362, 0], [-92.12154, 41.6936, 0], [-92.12128, 41.69357, 0], [-92.12124, 41.69357, 0], [-92.11865, 41.69334, 0], [-92.11857, 41.69333, 0], [-92.11841, 41.69332, 0], [-92.11461, 41.69299, 0], [-92.11458, 41.69299, 0], [-92.11344, 41.69289, 0], [-92.11339, 41.69289, 0], [-92.11287, 41.69285, 0], [-92.11097, 41.69266, 0], [-92.11053, 41.69263, 0], [-92.10884, 41.69248, 0], [-92.10881, 41.69247, 0], [-92.10837, 41.69244, 0], [-92.10721, 41.69233, 0], [-92.10679, 41.6923, 0], [-92.10532, 41.69216, 0], [-92.10476, 41.69212, 0], [-92.10418, 41.69206, 0], [-92.10303, 41.69196, 0], [-92.10285, 41.69195, 0], [-92.10262, 41.69193, 0], [-92.10254, 41.69192, 0], [-92.10183, 41.69186, 0], [-92.10167, 41.69184, 0], [-92.10087, 41.69177, 0], [-92.10068, 41.69176, 0], [-92.09972, 41.69167, 0], [-92.09957, 41.69166, 0], [-92.0995, 41.69165, 0], [-92.09873, 41.69159, 0], [-92.09846, 41.69156, 0], [-92.09818, 41.69154, 0], [-92.09788, 41.69151, 0], [-92.09747, 41.69148, 0], [-92.09689, 41.69142, 0], [-92.09663, 41.6914, 0], [-92.09634, 41.69137, 0], [-92.09605, 41.69135, 0], [-92.09598, 41.69134, 0], [-92.09579, 41.69132, 0], [-92.0955, 41.6913, 0], [-92.09535, 41.69128, 0], [-92.09506, 41.69126, 0], [-92.09479, 41.69123, 0], [-92.0945, 41.69121, 0], [-92.09408, 41.69117, 0], [-92.0938, 41.69115, 0], [-92.0931, 41.69108, 0], [-92.09281, 41.69106, 0], [-92.09266, 41.69104, 0], [-92.0921, 41.69099, 0], [-92.09168, 41.69096, 0], [-92.09079, 41.69088, 0], [-92.09072, 41.69087, 0], [-92.09024, 41.69083, 0], [-92.09009, 41.69081, 0], [-92.08953, 41.69076, 0], [-92.0891, 41.69073, 0], [-92.08833, 41.69066, 0], [-92.08828, 41.69065, 0], [-92.08813, 41.69064, 0], [-92.08626, 41.69047, 0], [-92.08616, 41.69047, 0], [-92.08542, 41.6904, 0], [-92.08525, 41.69039, 0], [-92.08373, 41.69025, 0], [-92.0837, 41.69025, 0], [-92.08349, 41.69023, 0], [-92.08345, 41.69023, 0], [-92.08341, 41.69022, 0], [-92.08313, 41.6902, 0], [-92.08253, 41.69014, 0], [-92.0825, 41.69014, 0], [-92.08229, 41.69012, 0], [-92.08226, 41.69012, 0], [-92.08129, 41.69003, 0], [-92.0811, 41.69002, 0], [-92.08014, 41.68993, 0], [-92.07987, 41.68991, 0], [-92.07929, 41.68985, 0], [-92.07919, 41.68985, 0], [-92.07871, 41.6898, 0], [-92.07845, 41.68978, 0], [-92.07815, 41.68975, 0], [-92.07787, 41.68973, 0], [-92.07758, 41.6897, 0], [-92.0773, 41.68968, 0], [-92.07702, 41.68965, 0], [-92.077, 41.68965, 0], [-92.07652, 41.68961, 0], [-92.07645, 41.6896, 0], [-92.07573, 41.68954, 0], [-92.07557, 41.68952, 0], [-92.07488, 41.68946, 0], [-92.07486, 41.68946, 0], [-92.0737, 41.68935, 0], [-92.07339, 41.68933, 0], [-92.07266, 41.68927, 0], [-92.0721, 41.68921, 0], [-92.07067, 41.68909, 0], [-92.07051, 41.68907, 0], [-92.06778, 41.68883, 0], [-92.06776, 41.68883, 0], [-92.06679, 41.68874, 0], [-92.06637, 41.68871, 0], [-92.06526, 41.68861, 0], [-92.0652, 41.68861, 0], [-92.06471, 41.68856, 0], [-92.06407, 41.68851, 0], [-92.06238, 41.68835, 0], [-92.06232, 41.68835, 0], [-92.06183, 41.68831, 0], [-92.06127, 41.68825, 0], [-92.06094, 41.68823, 0], [-92.05893, 41.68804, 0], [-92.05887, 41.68804, 0], [-92.05859, 41.68802, 0], [-92.05745, 41.68791, 0], [-92.05713, 41.68789, 0], [-92.056, 41.68778, 0], [-92.05594, 41.68778, 0], [-92.05577, 41.68776, 0], [-92.05534, 41.68773, 0], [-92.05476, 41.68767, 0], [-92.05436, 41.68764, 0], [-92.05361, 41.68757, 0], [-92.05334, 41.68755, 0], [-92.05193, 41.68742, 0], [-92.05153, 41.68739, 0], [-92.05095, 41.68733, 0], [-92.04978, 41.68723, 0], [-92.04931, 41.6872, 0], [-92.04929, 41.6872, 0], [-92.04911, 41.68718, 0], [-92.04874, 41.68716, 0], [-92.04717, 41.68711, 0], [-92.04697, 41.68711, 0], [-92.0469, 41.68712, 0], [-92.04664, 41.68712, 0], [-92.04646, 41.68711, 0], [-92.04273, 41.68711, 0], [-92.04255, 41.6871, 0], [-92.04247, 41.6871, 0], [-92.0423, 41.68711, 0], [-92.04177, 41.6871, 0], [-92.03837, 41.6871, 0], [-92.03786, 41.68709, 0], [-92.03412, 41.68709, 0], [-92.03375, 41.68708, 0], [-92.02999, 41.68708, 0], [-92.02982, 41.68707, 0], [-92.0263, 41.68707, 0], [-92.02604, 41.68706, 0], [-92.02263, 41.68706, 0], [-92.02247, 41.68705, 0], [-92.01849, 41.68705, 0], [-92.01804, 41.68704, 0], [-92.01427, 41.68704, 0], [-92.01355, 41.68703, 0], [-92.01047, 41.68703, 0], [-92.01007, 41.68702, 0], [-92.00989, 41.68703, 0], [-92.00969, 41.68702, 0], [-91.99884, 41.68699, 0], [-91.99871, 41.687, 0], [-91.99854, 41.687, 0], [-91.99835, 41.68699, 0], [-91.99592, 41.68699, 0], [-91.99493, 41.68698, 0], [-91.99258, 41.68698, 0], [-91.99194, 41.68697, 0], [-91.98904, 41.68697, 0], [-91.98815, 41.68696, 0], [-91.98551, 41.68696, 0], [-91.98503, 41.68695, 0], [-91.96599, 41.6869, 0], [-91.96541, 41.68689, 0], [-91.96164, 41.68689, 0], [-91.96106, 41.68688, 0], [-91.95901, 41.68688, 0], [-91.9583, 41.68687, 0], [-91.9573, 41.68687, 0], [-91.95698, 41.68688, 0], [-91.95657, 41.68688, 0], [-91.9564, 41.68689, 0], [-91.95613, 41.68689, 0], [-91.95598, 41.6869, 0], [-91.95584, 41.6869, 0], [-91.95578, 41.68691, 0], [-91.95556, 41.68691, 0], [-91.95526, 41.68693, 0], [-91.95511, 41.68693, 0], [-91.95483, 41.68695, 0], [-91.95453, 41.68696, 0], [-91.95264, 41.68707, 0], [-91.95246, 41.68709, 0], [-91.95236, 41.68709, 0], [-91.95217, 41.6871, 0], [-91.95178, 41.68713, 0], [-91.95097, 41.68717, 0], [-91.95092, 41.68718, 0], [-91.94699, 41.68741, 0], [-91.94688, 41.68742, 0], [-91.94455, 41.68755, 0], [-91.94369, 41.68761, 0], [-91.94339, 41.68762, 0], [-91.94107, 41.68777, 0], [-91.94094, 41.68777, 0], [-91.94021, 41.68782, 0], [-91.94007, 41.68782, 0], [-91.93964, 41.68785, 0], [-91.9395, 41.68785, 0], [-91.93934, 41.68786, 0], [-91.93919, 41.68786, 0], [-91.93905, 41.68787, 0], [-91.93891, 41.68787, 0], [-91.93878, 41.68788, 0], [-91.93848, 41.68788, 0], [-91.93835, 41.68789, 0], [-91.9379, 41.68789, 0], [-91.93776, 41.6879, 0], [-91.93674, 41.6879, 0], [-91.93659, 41.68789, 0], [-91.936, 41.68789, 0], [-91.93498, 41.68787, 0], [-91.9345, 41.68787, 0], [-91.93369, 41.68785, 0], [-91.9331, 41.68785, 0], [-91.9314, 41.68782, 0], [-91.93094, 41.68782, 0], [-91.92787, 41.68778, 0], [-91.92765, 41.68777, 0], [-91.92484, 41.68774, 0], [-91.92455, 41.68773, 0], [-91.92397, 41.68773, 0], [-91.92368, 41.68772, 0], [-91.92295, 41.68772, 0], [-91.92266, 41.68771, 0], [-91.9222, 41.68771, 0], [-91.92193, 41.6877, 0], [-91.9215, 41.6877, 0], [-91.92121, 41.68769, 0], [-91.92091, 41.68769, 0], [-91.92064, 41.68768, 0], [-91.92019, 41.68768, 0], [-91.91803, 41.68765, 0], [-91.91785, 41.68764, 0], [-91.91587, 41.68762, 0], [-91.91556, 41.68761, 0], [-91.91512, 41.68761, 0], [-91.91251, 41.68757, 0], [-91.91208, 41.68757, 0], [-91.91019, 41.68754, 0], [-91.90932, 41.68754, 0], [-91.90889, 41.68753, 0], [-91.90845, 41.68753, 0], [-91.90816, 41.68752, 0], [-91.90773, 41.68752, 0], [-91.9073, 41.68751, 0], [-91.90702, 41.68751, 0], [-91.90673, 41.6875, 0], [-91.90644, 41.6875, 0], [-91.90611, 41.68749, 0], [-91.90566, 41.68749, 0], [-91.90532, 41.68748, 0], [-91.90485, 41.68748, 0], [-91.90456, 41.68747, 0], [-91.90397, 41.68747, 0], [-91.90368, 41.68746, 0], [-91.9034, 41.68746, 0], [-91.9031, 41.68745, 0], [-91.90253, 41.68745, 0], [-91.90223, 41.68744, 0], [-91.90194, 41.68744, 0], [-91.9015, 41.68743, 0], [-91.90093, 41.68743, 0], [-91.90064, 41.68742, 0], [-91.90035, 41.68742, 0], [-91.90005, 41.68741, 0], [-91.89933, 41.68741, 0], [-91.89904, 41.6874, 0], [-91.89875, 41.6874, 0], [-91.89846, 41.68739, 0], [-91.89787, 41.68739, 0], [-91.89759, 41.68738, 0], [-91.8973, 41.68738, 0], [-91.897, 41.68737, 0], [-91.89642, 41.68737, 0], [-91.89613, 41.68736, 0], [-91.89555, 41.68736, 0], [-91.89527, 41.68735, 0], [-91.89498, 41.68735, 0], [-91.89483, 41.68734, 0], [-91.89425, 41.68734, 0], [-91.89397, 41.68733, 0], [-91.89338, 41.68733, 0], [-91.89323, 41.68732, 0], [-91.8928, 41.68732, 0], [-91.89251, 41.68731, 0], [-91.89194, 41.68731, 0], [-91.89177, 41.6873, 0], [-91.89108, 41.6873, 0], [-91.8909, 41.68729, 0], [-91.89041, 41.68729, 0], [-91.89008, 41.68728, 0], [-91.88965, 41.68728, 0], [-91.88876, 41.68726, 0], [-91.88818, 41.68726, 0], [-91.88713, 41.68724, 0], [-91.88657, 41.68724, 0], [-91.88626, 41.68723, 0], [-91.88581, 41.68723, 0], [-91.88553, 41.68722, 0], [-91.88508, 41.68722, 0], [-91.88348, 41.68719, 0], [-91.88273, 41.68719, 0], [-91.88262, 41.68718, 0], [-91.8817, 41.68718, 0], [-91.88144, 41.68717, 0], [-91.87513, 41.68717, 0], [-91.87481, 41.68716, 0], [-91.87395, 41.68716, 0], [-91.87371, 41.68717, 0], [-91.87305, 41.68717, 0], [-91.87276, 41.68716, 0], [-91.87172, 41.68716, 0], [-91.87158, 41.68717, 0], [-91.87143, 41.68716, 0], [-91.83546, 41.68717, 0], [-91.83522, 41.68718, 0], [-91.83467, 41.68718, 0], [-91.8345, 41.68719, 0], [-91.83333, 41.6872, 0], [-91.83203, 41.68723, 0], [-91.83182, 41.68723, 0], [-91.83166, 41.68724, 0], [-91.83121, 41.68724, 0], [-91.83106, 41.68725, 0], [-91.83062, 41.68725, 0], [-91.83034, 41.68726, 0], [-91.83019, 41.68726, 0], [-91.82989, 41.68727, 0], [-91.8296, 41.68727, 0], [-91.82945, 41.68728, 0], [-91.82901, 41.68728, 0], [-91.82872, 41.68729, 0], [-91.82844, 41.68729, 0], [-91.82828, 41.6873, 0], [-91.82783, 41.6873, 0], [-91.8277, 41.68731, 0], [-91.8274, 41.68731, 0], [-91.82726, 41.68732, 0], [-91.82682, 41.68732, 0], [-91.82669, 41.68733, 0], [-91.82638, 41.68733, 0], [-91.82622, 41.68734, 0], [-91.82578, 41.68734, 0], [-91.82568, 41.68735, 0], [-91.8252, 41.68735, 0], [-91.82461, 41.68736, 0], [-91.82433, 41.68737, 0], [-91.82418, 41.68737, 0], [-91.82403, 41.68738, 0], [-91.82361, 41.68738, 0], [-91.82345, 41.68739, 0], [-91.82303, 41.68739, 0], [-91.82288, 41.6874, 0], [-91.8223, 41.68741, 0], [-91.82184, 41.68741, 0], [-91.8217, 41.68742, 0], [-91.82125, 41.68742, 0], [-91.82112, 41.68743, 0], [-91.82083, 41.68743, 0], [-91.82067, 41.68744, 0], [-91.82037, 41.68744, 0], [-91.82009, 41.68745, 0], [-91.81979, 41.68745, 0], [-91.8196, 41.68746, 0], [-91.8192, 41.68746, 0], [-91.81905, 41.68747, 0], [-91.81862, 41.68747, 0], [-91.81847, 41.68748, 0], [-91.81818, 41.68748, 0], [-91.81803, 41.68749, 0], [-91.81759, 41.68749, 0], [-91.81744, 41.6875, 0], [-91.81686, 41.6875, 0], [-91.81671, 41.68751, 0], [-91.81642, 41.68751, 0], [-91.81627, 41.68752, 0], [-91.81583, 41.68752, 0], [-91.81568, 41.68753, 0], [-91.8154, 41.68753, 0], [-91.81524, 41.68754, 0], [-91.8148, 41.68754, 0], [-91.81466, 41.68755, 0], [-91.81422, 41.68755, 0], [-91.81407, 41.68756, 0], [-91.81364, 41.68756, 0], [-91.8135, 41.68757, 0], [-91.81238, 41.68759, 0], [-91.81203, 41.68759, 0], [-91.81175, 41.6876, 0], [-91.81144, 41.6876, 0], [-91.81129, 41.68761, 0], [-91.81041, 41.68762, 0], [-91.81026, 41.68763, 0], [-91.80997, 41.68763, 0], [-91.80968, 41.68764, 0], [-91.80924, 41.68764, 0], [-91.80895, 41.68765, 0], [-91.80881, 41.68765, 0], [-91.80851, 41.68766, 0], [-91.80805, 41.68766, 0], [-91.80778, 41.68767, 0], [-91.80705, 41.68767, 0], [-91.80672, 41.68768, 0], [-91.80616, 41.68768, 0], [-91.80587, 41.68767, 0], [-91.80456, 41.68767, 0], [-91.80414, 41.68766, 0], [-91.80386, 41.68766, 0], [-91.8036, 41.68765, 0], [-91.80183, 41.68764, 0], [-91.80167, 41.68763, 0], [-91.80109, 41.68763, 0], [-91.80094, 41.68762, 0], [-91.80058, 41.68762, 0], [-91.80006, 41.68761, 0], [-91.79936, 41.68761, 0], [-91.79901, 41.6876, 0], [-91.79847, 41.6876, 0], [-91.79831, 41.68759, 0], [-91.79684, 41.68758, 0], [-91.79669, 41.68757, 0], [-91.79581, 41.68757, 0], [-91.79547, 41.68756, 0], [-91.79503, 41.68756, 0], [-91.79459, 41.68755, 0], [-91.79386, 41.68755, 0], [-91.79369, 41.68754, 0], [-91.79299, 41.68754, 0], [-91.79277, 41.68753, 0], [-91.79226, 41.68753, 0], [-91.79196, 41.68752, 0], [-91.79108, 41.68752, 0], [-91.79093, 41.68751, 0], [-91.79027, 41.68751, 0], [-91.78991, 41.6875, 0], [-91.78933, 41.6875, 0], [-91.78918, 41.68749, 0], [-91.78846, 41.68749, 0], [-91.78816, 41.68748, 0], [-91.78756, 41.68748, 0], [-91.78726, 41.68747, 0], [-91.78653, 41.68747, 0], [-91.78625, 41.68746, 0], [-91.7855, 41.68746, 0], [-91.78521, 41.68745, 0], [-91.78492, 41.68745, 0], [-91.78476, 41.68744, 0], [-91.78374, 41.68744, 0], [-91.78344, 41.68743, 0], [-91.78301, 41.68743, 0], [-91.78271, 41.68742, 0], [-91.78212, 41.68742, 0], [-91.78169, 41.68741, 0], [-91.78096, 41.68741, 0], [-91.7808, 41.68742, 0], [-91.78052, 41.68742, 0], [-91.78024, 41.68744, 0], [-91.78009, 41.68744, 0], [-91.7795, 41.68748, 0], [-91.77936, 41.6875, 0], [-91.77917, 41.68751, 0], [-91.77905, 41.68752, 0], [-91.77892, 41.68754, 0], [-91.77877, 41.68755, 0], [-91.77861, 41.68757, 0], [-91.77849, 41.68759, 0], [-91.77777, 41.68769, 0], [-91.77776, 41.68769, 0], [-91.77763, 41.68772, 0], [-91.77748, 41.68774, 0], [-91.77705, 41.68782, 0], [-91.77691, 41.68784, 0], [-91.77677, 41.68787, 0], [-91.77662, 41.68789, 0], [-91.77634, 41.68795, 0], [-91.77633, 41.68795, 0], [-91.7762, 41.68797, 0], [-91.77606, 41.688, 0], [-91.77592, 41.68802, 0], [-91.77563, 41.68808, 0], [-91.77549, 41.6881, 0], [-91.77534, 41.68813, 0], [-91.7752, 41.68815, 0], [-91.77506, 41.68818, 0], [-91.77492, 41.6882, 0], [-91.77464, 41.68826, 0], [-91.77449, 41.68828, 0], [-91.77435, 41.68831, 0], [-91.7742, 41.68833, 0], [-91.77392, 41.68839, 0], [-91.77378, 41.68841, 0], [-91.77364, 41.68844, 0], [-91.7735, 41.68846, 0], [-91.77336, 41.68849, 0], [-91.77264, 41.68862, 0], [-91.7725, 41.68864, 0], [-91.77222, 41.6887, 0], [-91.77207, 41.68872, 0], [-91.77193, 41.68875, 0], [-91.77179, 41.68877, 0], [-91.77165, 41.6888, 0], [-91.7715, 41.68882, 0], [-91.77122, 41.68888, 0], [-91.77108, 41.6889, 0], [-91.77093, 41.68893, 0], [-91.77079, 41.68895, 0], [-91.77065, 41.68898, 0], [-91.77051, 41.689, 0], [-91.77022, 41.68906, 0], [-91.77008, 41.68908, 0], [-91.76994, 41.68911, 0], [-91.7698, 41.68913, 0], [-91.76951, 41.68919, 0], [-91.76937, 41.68921, 0], [-91.76922, 41.68924, 0], [-91.76908, 41.68926, 0], [-91.7688, 41.68932, 0], [-91.76865, 41.68934, 0], [-91.76852, 41.68937, 0], [-91.76837, 41.68939, 0], [-91.76823, 41.68942, 0], [-91.76808, 41.68944, 0], [-91.76681, 41.68968, 0], [-91.76596, 41.68983, 0], [-91.76581, 41.68986, 0], [-91.76566, 41.68988, 0], [-91.76538, 41.68994, 0], [-91.76524, 41.68996, 0], [-91.76481, 41.69004, 0], [-91.76467, 41.69006, 0], [-91.76439, 41.69012, 0], [-91.76424, 41.69014, 0], [-91.7641, 41.69017, 0], [-91.76396, 41.69019, 0], [-91.76367, 41.69025, 0], [-91.76353, 41.69027, 0], [-91.76338, 41.6903, 0], [-91.76325, 41.69032, 0], [-91.76311, 41.69035, 0], [-91.76297, 41.69037, 0], [-91.76295, 41.69038, 0], [-91.76282, 41.6904, 0], [-91.76268, 41.69043, 0], [-91.76254, 41.69045, 0], [-91.7624, 41.69048, 0], [-91.76226, 41.6905, 0], [-91.76211, 41.69053, 0], [-91.76197, 41.69055, 0], [-91.76184, 41.69058, 0], [-91.76168, 41.69061, 0], [-91.76154, 41.69063, 0], [-91.7614, 41.69066, 0], [-91.76126, 41.69068, 0], [-91.76098, 41.69074, 0], [-91.76083, 41.69076, 0], [-91.76069, 41.69079, 0], [-91.76055, 41.69081, 0], [-91.76041, 41.69084, 0], [-91.76026, 41.69086, 0], [-91.75997, 41.69092, 0], [-91.75983, 41.69094, 0], [-91.75969, 41.69097, 0], [-91.75955, 41.69099, 0], [-91.75942, 41.69102, 0], [-91.75927, 41.69104, 0], [-91.7592, 41.69106, 0], [-91.75913, 41.69107, 0], [-91.75898, 41.6911, 0], [-91.75883, 41.69112, 0], [-91.75873, 41.69114, 0], [-91.7587, 41.69115, 0], [-91.7585, 41.69118, 0], [-91.75841, 41.6912, 0], [-91.75827, 41.69122, 0], [-91.75798, 41.69128, 0], [-91.75784, 41.6913, 0], [-91.7577, 41.69133, 0], [-91.75741, 41.69138, 0], [-91.75727, 41.69141, 0], [-91.75713, 41.69143, 0], [-91.75709, 41.69144, 0], [-91.75699, 41.69146, 0], [-91.75686, 41.69148, 0], [-91.75685, 41.69148, 0], [-91.75656, 41.69154, 0], [-91.75642, 41.69156, 0], [-91.75627, 41.69159, 0], [-91.75613, 41.69161, 0], [-91.75585, 41.69167, 0], [-91.7557, 41.69169, 0], [-91.75556, 41.69172, 0], [-91.75542, 41.69174, 0], [-91.75523, 41.69178, 0], [-91.75499, 41.69182, 0], [-91.75485, 41.69185, 0], [-91.75471, 41.69187, 0], [-91.75457, 41.6919, 0], [-91.75444, 41.69192, 0], [-91.75414, 41.69198, 0], [-91.75392, 41.69201, 0], [-91.75386, 41.69203, 0], [-91.75371, 41.69206, 0], [-91.75357, 41.69208, 0], [-91.75342, 41.69211, 0], [-91.75327, 41.69213, 0], [-91.75319, 41.69215, 0], [-91.75299, 41.69218, 0], [-91.75285, 41.69221, 0], [-91.75248, 41.69227, 0], [-91.75229, 41.69231, 0], [-91.75214, 41.69233, 0], [-91.75186, 41.69239, 0], [-91.7517, 41.69241, 0], [-91.75129, 41.69249, 0], [-91.75116, 41.69251, 0], [-91.75102, 41.69254, 0], [-91.74933, 41.69284, 0], [-91.74887, 41.69293, 0], [-91.74871, 41.69295, 0], [-91.74831, 41.69303, 0], [-91.74801, 41.69308, 0], [-91.7477, 41.69314, 0], [-91.74743, 41.69318, 0], [-91.74702, 41.69326, 0], [-91.74628, 41.69339, 0], [-91.74626, 41.6934, 0], [-91.746, 41.69345, 0], [-91.74564, 41.69351, 0], [-91.74556, 41.69353, 0], [-91.74535, 41.69356, 0], [-91.74533, 41.69357, 0], [-91.74502, 41.69362, 0], [-91.74478, 41.69367, 0], [-91.74375, 41.69385, 0], [-91.74345, 41.69391, 0], [-91.74232, 41.69411, 0], [-91.74229, 41.69412, 0], [-91.74205, 41.69416, 0], [-91.74202, 41.69417, 0], [-91.74171, 41.69422, 0], [-91.74158, 41.69425, 0], [-91.74144, 41.69427, 0], [-91.74114, 41.69433, 0], [-91.74088, 41.69437, 0], [-91.74085, 41.69438, 0], [-91.74057, 41.69443, 0], [-91.73952, 41.69458, 0], [-91.73895, 41.69464, 0], [-91.73849, 41.69467, 0], [-91.73828, 41.69469, 0], [-91.73783, 41.69471, 0], [-91.73769, 41.69471, 0], [-91.73754, 41.69472, 0], [-91.73746, 41.69472, 0], [-91.73724, 41.69473, 0], [-91.73698, 41.69473, 0], [-91.73677, 41.69474, 0], [-91.7365, 41.69474, 0], [-91.73602, 41.69476, 0], [-91.73554, 41.69477, 0], [-91.7353, 41.69477, 0], [-91.73506, 41.69478, 0], [-91.73481, 41.69478, 0], [-91.73463, 41.69479, 0], [-91.73445, 41.69479, 0], [-91.73301, 41.69483, 0], [-91.73277, 41.69483, 0], [-91.73253, 41.69484, 0], [-91.73059, 41.69488, 0], [-91.73006, 41.6949, 0], [-91.7245, 41.69503, 0], [-91.72423, 41.69503, 0], [-91.72401, 41.69504, 0], [-91.72362, 41.69504, 0], [-91.7235, 41.69505, 0], [-91.72332, 41.69505, 0], [-91.72314, 41.69506, 0], [-91.7229, 41.69506, 0], [-91.72265, 41.69507, 0], [-91.7211, 41.6951, 0], [-91.72061, 41.69512, 0], [-91.72049, 41.69512, 0], [-91.72025, 41.69513, 0], [-91.71989, 41.69513, 0], [-91.71893, 41.69515, 0], [-91.71876, 41.69516, 0], [-91.71851, 41.69516, 0], [-91.7181, 41.69517, 0], [-91.71643, 41.69517, 0], [-91.71628, 41.69516, 0], [-91.71556, 41.69515, 0], [-91.71542, 41.69514, 0], [-91.71518, 41.69514, 0], [-91.71381, 41.6951, 0], [-91.71367, 41.6951, 0], [-91.71357, 41.69509, 0], [-91.71333, 41.69509, 0], [-91.71284, 41.69507, 0], [-91.71274, 41.69507, 0], [-91.71241, 41.69506, 0], [-91.71221, 41.69506, 0], [-91.71204, 41.69505, 0], [-91.71175, 41.69505, 0], [-91.711, 41.69503, 0], [-91.71056, 41.69501, 0], [-91.71029, 41.69501, 0], [-91.70916, 41.69498, 0], [-91.70899, 41.69497, 0], [-91.70873, 41.69497, 0], [-91.70852, 41.69496, 0], [-91.70832, 41.69496, 0], [-91.70827, 41.69495, 0], [-91.70792, 41.69495, 0], [-91.70779, 41.69494, 0], [-91.70625, 41.6949, 0], [-91.7061, 41.6949, 0], [-91.70574, 41.69488, 0], [-91.70279, 41.69481, 0], [-91.70273, 41.6948, 0], [-91.70021, 41.69474, 0], [-91.70009, 41.69473, 0], [-91.69758, 41.69467, 0], [-91.69705, 41.69465, 0], [-91.69011, 41.69447, 0], [-91.68937, 41.69444, 0], [-91.68861, 41.69443, 0], [-91.68746, 41.69439, 0], [-91.68686, 41.69438, 0], [-91.68639, 41.69436, 0], [-91.68569, 41.69435, 0], [-91.68553, 41.69434, 0], [-91.68532, 41.69434, 0], [-91.68089, 41.69422, 0], [-91.68047, 41.6942, 0], [-91.68011, 41.6942, 0], [-91.67896, 41.69416, 0], [-91.67808, 41.69414, 0], [-91.67792, 41.69414, 0], [-91.67749, 41.69412, 0], [-91.67609, 41.69409, 0], [-91.67598, 41.69408, 0], [-91.67326, 41.69401, 0], [-91.67311, 41.694, 0], [-91.67296, 41.694, 0], [-91.67271, 41.69399, 0], [-91.67253, 41.69399, 0], [-91.67223, 41.69398, 0], [-91.67209, 41.69398, 0], [-91.67186, 41.69397, 0], [-91.67171, 41.69397, 0], [-91.6715, 41.69396, 0], [-91.67121, 41.69396, 0], [-91.67077, 41.69394, 0], [-91.66761, 41.69386, 0], [-91.66583, 41.69378, 0], [-91.6624, 41.69371, 0], [-91.66088, 41.69372, 0], [-91.65904, 41.69379, 0], [-91.65378, 41.69394, 0], [-91.6537, 41.69395, 0], [-91.65343, 41.69395, 0], [-91.65234, 41.69398, 0], [-91.65226, 41.69399, 0], [-91.6521, 41.69399, 0], [-91.65126, 41.69401, 0], [-91.6509, 41.69403, 0], [-91.65066, 41.69403, 0], [-91.64991, 41.69406, 0], [-91.64939, 41.69406, 0], [-91.64885, 41.69407, 0], [-91.64872, 41.69408, 0], [-91.64636, 41.69414, 0], [-91.6441, 41.69418, 0], [-91.64156, 41.69418, 0], [-91.64119, 41.69419, 0], [-91.63948, 41.69418, 0], [-91.63909, 41.69419, 0], [-91.63383, 41.6942, 0], [-91.63214, 41.69422, 0], [-91.62711, 41.69421, 0], [-91.6256, 41.69419, 0], [-91.62454, 41.69419, 0], [-91.62214, 41.69414, 0], [-91.62107, 41.69413, 0], [-91.61867, 41.69406, 0], [-91.61771, 41.69406, 0], [-91.61706, 41.69404, 0], [-91.61495, 41.694, 0], [-91.61447, 41.694, 0], [-91.61373, 41.69398, 0], [-91.61157, 41.69395, 0], [-91.60996, 41.69395, 0], [-91.60894, 41.69393, 0], [-91.6086, 41.69393, 0], [-91.60846, 41.69392, 0], [-91.60828, 41.69392, 0], [-91.60811, 41.69391, 0], [-91.60289, 41.69381, 0], [-91.60254, 41.69379, 0], [-91.60201, 41.69377, 0], [-91.60146, 41.69373, 0], [-91.60023, 41.69361, 0], [-91.59999, 41.69358, 0], [-91.59994, 41.69357, 0], [-91.59937, 41.69349, 0], [-91.5985, 41.69334, 0], [-91.5982, 41.69327, 0], [-91.59794, 41.69322, 0], [-91.59708, 41.69302, 0], [-91.59496, 41.69246, 0], [-91.59455, 41.69236, 0], [-91.59428, 41.69228, 0], [-91.59314, 41.69199, 0], [-91.59275, 41.69188, 0], [-91.59234, 41.69178, 0], [-91.59054, 41.6913, 0], [-91.59025, 41.69123, 0], [-91.58996, 41.69115, 0], [-91.58987, 41.69112, 0], [-91.58973, 41.69109, 0], [-91.5896, 41.69105, 0], [-91.58903, 41.69091, 0], [-91.58882, 41.69085, 0], [-91.58834, 41.69073, 0], [-91.58807, 41.69065, 0], [-91.58751, 41.69051, 0], [-91.58746, 41.69049, 0], [-91.5871, 41.6904, 0], [-91.5864, 41.69021, 0], [-91.5861, 41.69014, 0], [-91.58332, 41.6894, 0], [-91.58222, 41.68912, 0], [-91.58153, 41.68893, 0], [-91.58059, 41.68869, 0], [-91.58016, 41.68857, 0], [-91.57945, 41.68839, 0], [-91.57554, 41.68735, 0], [-91.57441, 41.68706, 0], [-91.57328, 41.6868, 0], [-91.57285, 41.68671, 0], [-91.57043, 41.68626, 0], [-91.56885, 41.68601, 0], [-91.56863, 41.68598, 0], [-91.56688, 41.6858, 0], [-91.56683, 41.68579, 0], [-91.56574, 41.6857, 0], [-91.56513, 41.68566, 0], [-91.56396, 41.68561, 0], [-91.56367, 41.68559, 0], [-91.56337, 41.68558, 0], [-91.56323, 41.68558, 0], [-91.56279, 41.68556, 0], [-91.56019, 41.68553, 0], [-91.55981, 41.68552, 0], [-91.55964, 41.68553, 0], [-91.55809, 41.68551, 0], [-91.55545, 41.68551, 0], [-91.55521, 41.6855, 0], [-91.55449, 41.6855, 0], [-91.55379, 41.68549, 0], [-91.55305, 41.68549, 0], [-91.55245, 41.68548, 0], [-91.55169, 41.68548, 0], [-91.55127, 41.68547, 0], [-91.54994, 41.68547, 0], [-91.54978, 41.68546, 0], [-91.54919, 41.68548, 0], [-91.54888, 41.68548, 0], [-91.54858, 41.6855, 0], [-91.5483, 41.68551, 0], [-91.54769, 41.68555, 0], [-91.54741, 41.68558, 0], [-91.54712, 41.6856, 0], [-91.54669, 41.68565, 0], [-91.54292, 41.68617, 0], [-91.54289, 41.68617, 0], [-91.54112, 41.68642, 0], [-91.54085, 41.68645, 0], [-91.54055, 41.6865, 0], [-91.54021, 41.68654, 0], [-91.53616, 41.6871, 0], [-91.53604, 41.68712, 0], [-91.53518, 41.68724, 0], [-91.53503, 41.68725, 0], [-91.53466, 41.6873, 0], [-91.53387, 41.68736, 0], [-91.53357, 41.68739, 0], [-91.53269, 41.68743, 0], [-91.53222, 41.68743, 0], [-91.53187, 41.68744, 0], [-91.53165, 41.68744, 0], [-91.53135, 41.68743, 0], [-91.5306, 41.68742, 0], [-91.53031, 41.68741, 0], [-91.53015, 41.68741, 0], [-91.52914, 41.68738, 0], [-91.52895, 41.68738, 0], [-91.52868, 41.68737, 0], [-91.52839, 41.68737, 0], [-91.5281, 41.68736, 0], [-91.52794, 41.68736, 0], [-91.52735, 41.68734, 0], [-91.52719, 41.68734, 0], [-91.52617, 41.68731, 0], [-91.52588, 41.68731, 0], [-91.52483, 41.68728, 0], [-91.52453, 41.68728, 0], [-91.52395, 41.68726, 0], [-91.52322, 41.68725, 0], [-91.52233, 41.68722, 0], [-91.52217, 41.68722, 0], [-91.52113, 41.68719, 0], [-91.52084, 41.68719, 0], [-91.52053, 41.68716, 0], [-91.51978, 41.68714, 0], [-91.51964, 41.68714, 0], [-91.50789, 41.68687, 0], [-91.50765, 41.68686, 0], [-91.50692, 41.68685, 0], [-91.50668, 41.68684, 0], [-91.5046, 41.68679, 0], [-91.50437, 41.68679, 0], [-91.50246, 41.68675, 0], [-91.50235, 41.68674, 0], [-91.50227, 41.68674, 0], [-91.50197, 41.68673, 0], [-91.50164, 41.68673, 0], [-91.50151, 41.68672, 0], [-91.49545, 41.68658, 0], [-91.4953, 41.68657, 0], [-91.49422, 41.68654, 0], [-91.49387, 41.68654, 0], [-91.4923, 41.6865, 0], [-91.49216, 41.6865, 0], [-91.49144, 41.68648, 0], [-91.49113, 41.68648, 0], [-91.48927, 41.68642, 0], [-91.48873, 41.68638, 0], [-91.48866, 41.68637, 0], [-91.48847, 41.68636, 0], [-91.48831, 41.68634, 0], [-91.48775, 41.68629, 0], [-91.48691, 41.68618, 0], [-91.48653, 41.68612, 0], [-91.48643, 41.68611, 0], [-91.48613, 41.68605, 0], [-91.48584, 41.686, 0], [-91.48559, 41.68595, 0], [-91.48533, 41.68589, 0], [-91.48494, 41.68581, 0], [-91.48431, 41.68566, 0], [-91.48421, 41.68564, 0], [-91.48379, 41.68553, 0], [-91.48263, 41.68518, 0], [-91.48219, 41.68503, 0], [-91.48208, 41.685, 0], [-91.47821, 41.68357, 0], [-91.47804, 41.6835, 0], [-91.47787, 41.68344, 0], [-91.47782, 41.68342, 0], [-91.4778, 41.68341, 0], [-91.47765, 41.68336, 0], [-91.47758, 41.68334, 0], [-91.47748, 41.6833, 0], [-91.47542, 41.68254, 0], [-91.4754, 41.68253, 0], [-91.47459, 41.68223, 0], [-91.47434, 41.68215, 0], [-91.47089, 41.68086, 0], [-91.4707, 41.6808, 0], [-91.47043, 41.68069, 0], [-91.46971, 41.68043, 0], [-91.46921, 41.68024, 0], [-91.46919, 41.68023, 0], [-91.46902, 41.68017, 0], [-91.46896, 41.68016, 0], [-91.46895, 41.68015, 0], [-91.46822, 41.67987, 0], [-91.46711, 41.67948, 0], [-91.46637, 41.67921, 0], [-91.46573, 41.67896, 0], [-91.4655, 41.67888, 0], [-91.46536, 41.67882, 0], [-91.46491, 41.67866, 0], [-91.46486, 41.67865, 0], [-91.46474, 41.6786, 0], [-91.46465, 41.67857, 0], [-91.46416, 41.67839, 0], [-91.46414, 41.67838, 0], [-91.46111, 41.67727, 0], [-91.46045, 41.67702, 0], [-91.45968, 41.67674, 0], [-91.45943, 41.67664, 0], [-91.45774, 41.67603, 0], [-91.45774, 41.67602, 0], [-91.45752, 41.67594, 0], [-91.45748, 41.67593, 0], [-91.4573, 41.67587, 0], [-91.45624, 41.67547, 0], [-91.45445, 41.67482, 0], [-91.45407, 41.67467, 0], [-91.45184, 41.67386, 0], [-91.45141, 41.67369, 0], [-91.44984, 41.67312, 0], [-91.44969, 41.67306, 0], [-91.44926, 41.6729, 0], [-91.44913, 41.67286, 0], [-91.44875, 41.67272, 0], [-91.44874, 41.67271, 0], [-91.44861, 41.67266, 0], [-91.44835, 41.67257, 0], [-91.44822, 41.67252, 0], [-91.44796, 41.67243, 0], [-91.4477, 41.67233, 0], [-91.44698, 41.67207, 0], [-91.44648, 41.67187, 0], [-91.44615, 41.67173, 0], [-91.44563, 41.67154, 0], [-91.44562, 41.67154, 0], [-91.44497, 41.6713, 0], [-91.44445, 41.67112, 0], [-91.44183, 41.67014, 0], [-91.44132, 41.66997, 0], [-91.43792, 41.66875, 0], [-91.43729, 41.66855, 0], [-91.43577, 41.66817, 0], [-91.43501, 41.66802, 0], [-91.43484, 41.66798, 0], [-91.43477, 41.66797, 0], [-91.43396, 41.66781, 0], [-91.43339, 41.66772, 0], [-91.43193, 41.66759, 0], [-91.43109, 41.66754, 0], [-91.43039, 41.66752, 0], [-91.43029, 41.66751, 0], [-91.42689, 41.6674, 0], [-91.42635, 41.6674, 0], [-91.42368, 41.66733, 0], [-91.42299, 41.6673, 0], [-91.42251, 41.66727, 0], [-91.42125, 41.66721, 0], [-91.41822, 41.66717, 0], [-91.4162, 41.66711, 0], [-91.4158, 41.66711, 0], [-91.41529, 41.66708, 0], [-91.41479, 41.66708, 0], [-91.41433, 41.66707, 0], [-91.41403, 41.66705, 0], [-91.41278, 41.66702, 0], [-91.41245, 41.667, 0], [-91.41174, 41.66699, 0], [-91.4115, 41.66698, 0], [-91.41131, 41.66698, 0], [-91.41122, 41.66697, 0], [-91.41006, 41.66695, 0], [-91.40943, 41.66693, 0], [-91.40935, 41.66693, 0], [-91.40823, 41.66688, 0], [-91.40791, 41.66688, 0], [-91.40722, 41.66686, 0], [-91.40692, 41.66686, 0], [-91.40651, 41.66684, 0], [-91.4061, 41.66684, 0], [-91.40533, 41.66682, 0], [-91.40463, 41.66679, 0], [-91.40316, 41.66675, 0], [-91.40294, 41.66675, 0], [-91.40206, 41.66671, 0], [-91.40132, 41.66671, 0], [-91.40103, 41.66669, 0], [-91.40028, 41.66666, 0], [-91.39983, 41.66666, 0], [-91.3993, 41.66664, 0], [-91.39915, 41.66664, 0], [-91.39869, 41.66662, 0], [-91.39823, 41.66662, 0], [-91.39779, 41.6666, 0], [-91.39737, 41.6666, 0], [-91.397, 41.66658, 0], [-91.39626, 41.66656, 0], [-91.3961, 41.66655, 0], [-91.39521, 41.66655, 0], [-91.39493, 41.66654, 0], [-91.39471, 41.66655, 0], [-91.39409, 41.66655, 0], [-91.39332, 41.66657, 0], [-91.39284, 41.66659, 0], [-91.39279, 41.6666, 0], [-91.3914, 41.6667, 0], [-91.39122, 41.66672, 0], [-91.39116, 41.66673, 0], [-91.39109, 41.66673, 0], [-91.39081, 41.66676, 0], [-91.3903, 41.6668, 0], [-91.39022, 41.6668, 0], [-91.38999, 41.66682, 0], [-91.38998, 41.66682, 0], [-91.38927, 41.66689, 0], [-91.38887, 41.66691, 0], [-91.38879, 41.66692, 0], [-91.38794, 41.66699, 0], [-91.38759, 41.66701, 0], [-91.38736, 41.66703, 0], [-91.38734, 41.66703, 0], [-91.38662, 41.66709, 0], [-91.3859, 41.66716, 0], [-91.38567, 41.66717, 0], [-91.38544, 41.6672, 0], [-91.38519, 41.66721, 0], [-91.38351, 41.66736, 0], [-91.38291, 41.6674, 0], [-91.38173, 41.6675, 0], [-91.38167, 41.6675, 0], [-91.38149, 41.66752, 0], [-91.38147, 41.66752, 0], [-91.38123, 41.66754, 0], [-91.38105, 41.66755, 0], [-91.38062, 41.66759, 0], [-91.37955, 41.66767, 0], [-91.37861, 41.66771, 0], [-91.37818, 41.66771, 0], [-91.37784, 41.66772, 0], [-91.37756, 41.66771, 0], [-91.37719, 41.66771, 0], [-91.37675, 41.66769, 0], [-91.37656, 41.66769, 0], [-91.37584, 41.66765, 0], [-91.37571, 41.66763, 0], [-91.3751, 41.66757, 0], [-91.37495, 41.66755, 0], [-91.3748, 41.66754, 0], [-91.37461, 41.66752, 0], [-91.3744, 41.66749, 0], [-91.37419, 41.66747, 0], [-91.37402, 41.66744, 0], [-91.37367, 41.66739, 0], [-91.37329, 41.66732, 0], [-91.37285, 41.66725, 0], [-91.37251, 41.66718, 0], [-91.37131, 41.6669, 0], [-91.37075, 41.66679, 0], [-91.37039, 41.6667, 0], [-91.36991, 41.66659, 0], [-91.36963, 41.66654, 0], [-91.36947, 41.6665, 0], [-91.36865, 41.66632, 0], [-91.36849, 41.66628, 0], [-91.36848, 41.66628, 0], [-91.36802, 41.66618, 0], [-91.36795, 41.66617, 0], [-91.36779, 41.66613, 0], [-91.36756, 41.66608, 0], [-91.36755, 41.66608, 0], [-91.36752, 41.66607, 0], [-91.36682, 41.66593, 0], [-91.36532, 41.66558, 0], [-91.36451, 41.66541, 0], [-91.36414, 41.66532, 0], [-91.36374, 41.66525, 0], [-91.36344, 41.66519, 0], [-91.3631, 41.66511, 0], [-91.363, 41.66509, 0], [-91.36271, 41.66502, 0], [-91.36256, 41.66499, 0], [-91.36201, 41.66486, 0], [-91.36174, 41.66479, 0], [-91.3612, 41.66468, 0], [-91.36118, 41.66467, 0], [-91.36117, 41.66467, 0], [-91.36094, 41.66462, 0], [-91.36093, 41.66462, 0], [-91.36025, 41.66447, 0], [-91.36013, 41.66445, 0], [-91.36001, 41.66442, 0], [-91.35902, 41.66422, 0], [-91.35855, 41.66414, 0], [-91.35798, 41.66406, 0], [-91.35761, 41.664, 0], [-91.35685, 41.66392, 0], [-91.3565, 41.66389, 0], [-91.35621, 41.66388, 0], [-91.35595, 41.66386, 0], [-91.35576, 41.66386, 0], [-91.35512, 41.66383, 0], [-91.35469, 41.66383, 0], [-91.35434, 41.66382, 0], [-91.35398, 41.66382, 0], [-91.35363, 41.66383, 0], [-91.35318, 41.66383, 0], [-91.35273, 41.66384, 0], [-91.35228, 41.66384, 0], [-91.35165, 41.66385, 0], [-91.35142, 41.66384, 0], [-91.34935, 41.66389, 0], [-91.34918, 41.6639, 0], [-91.34717, 41.66392, 0], [-91.34675, 41.66393, 0], [-91.34597, 41.66393, 0], [-91.3456, 41.66394, 0], [-91.34382, 41.66395, 0], [-91.34333, 41.66396, 0], [-91.34186, 41.66396, 0], [-91.34109, 41.66397, 0], [-91.34077, 41.66398, 0], [-91.33807, 41.664, 0], [-91.33781, 41.66401, 0], [-91.33509, 41.66403, 0], [-91.33409, 41.66405, 0], [-91.33136, 41.66407, 0], [-91.33095, 41.66408, 0], [-91.32982, 41.66408, 0], [-91.32842, 41.66405, 0], [-91.32773, 41.66402, 0], [-91.32765, 41.66402, 0], [-91.32749, 41.66401, 0], [-91.32739, 41.664, 0], [-91.32649, 41.66396, 0], [-91.32605, 41.66393, 0], [-91.32601, 41.66393, 0], [-91.32459, 41.66384, 0], [-91.32452, 41.66384, 0], [-91.32446, 41.66383, 0], [-91.324, 41.66381, 0], [-91.32388, 41.6638, 0], [-91.32365, 41.66379, 0], [-91.32341, 41.66377, 0], [-91.32335, 41.66377, 0], [-91.32269, 41.66372, 0], [-91.32244, 41.66371, 0], [-91.3222, 41.66369, 0], [-91.32209, 41.66369, 0], [-91.32148, 41.66364, 0], [-91.32124, 41.66363, 0], [-91.32076, 41.6636, 0], [-91.32041, 41.66357, 0], [-91.31957, 41.66352, 0], [-91.31951, 41.66351, 0], [-91.31591, 41.6633, 0], [-91.31585, 41.66329, 0], [-91.31573, 41.66329, 0], [-91.31482, 41.66324, 0], [-91.31477, 41.66323, 0], [-91.31453, 41.66322, 0], [-91.31415, 41.66319, 0], [-91.30985, 41.66293, 0], [-91.30964, 41.66291, 0], [-91.30951, 41.66291, 0], [-91.30925, 41.66289, 0], [-91.30886, 41.66288, 0], [-91.30842, 41.66286, 0], [-91.30834, 41.66286, 0], [-91.30822, 41.66285, 0], [-91.30725, 41.66283, 0], [-91.30638, 41.66283, 0], [-91.3061, 41.66284, 0], [-91.30552, 41.66284, 0], [-91.30466, 41.66287, 0], [-91.30444, 41.66287, 0], [-91.30433, 41.66288, 0], [-91.3036, 41.6629, 0], [-91.30346, 41.6629, 0], [-91.30332, 41.66291, 0], [-91.30322, 41.66291, 0], [-91.30301, 41.66292, 0], [-91.30191, 41.66295, 0], [-91.3018, 41.66295, 0], [-91.29817, 41.66305, 0], [-91.2977, 41.66307, 0], [-91.29747, 41.66307, 0], [-91.29744, 41.66308, 0], [-91.2972, 41.66308, 0], [-91.29306, 41.6632, 0], [-91.29287, 41.66321, 0], [-91.29119, 41.66325, 0], [-91.29105, 41.66326, 0], [-91.29095, 41.66326, 0], [-91.28832, 41.66334, 0], [-91.2882, 41.66334, 0], [-91.28576, 41.66341, 0], [-91.28547, 41.66341, 0], [-91.28448, 41.66344, 0], [-91.28372, 41.66345, 0], [-91.28327, 41.66344, 0], [-91.28281, 41.66344, 0], [-91.28249, 41.66345, 0], [-91.28132, 41.66345, 0], [-91.28112, 41.66344, 0], [-91.27338, 41.66341, 0], [-91.27208, 41.66339, 0], [-91.2707, 41.66339, 0], [-91.27001, 41.66338, 0], [-91.26062, 41.66334, 0], [-91.26018, 41.66333, 0], [-91.25498, 41.66331, 0], [-91.25442, 41.6633, 0], [-91.25409, 41.6633, 0], [-91.25385, 41.66332, 0], [-91.25375, 41.66332, 0], [-91.25358, 41.66331, 0], [-91.25201, 41.66331, 0], [-91.25178, 41.6633, 0], [-91.24643, 41.66328, 0], [-91.24589, 41.66327, 0], [-91.2451, 41.66327, 0], [-91.24478, 41.66326, 0], [-91.24111, 41.66325, 0], [-91.24067, 41.66324, 0], [-91.24032, 41.66324, 0], [-91.24007, 41.66322, 0], [-91.23971, 41.66321, 0], [-91.23947, 41.66319, 0], [-91.23945, 41.66319, 0], [-91.23934, 41.66318, 0], [-91.23922, 41.66318, 0], [-91.23904, 41.66316, 0], [-91.23879, 41.66314, 0], [-91.23872, 41.66313, 0], [-91.23857, 41.66312, 0], [-91.23798, 41.66306, 0], [-91.23761, 41.66301, 0], [-91.23757, 41.66301, 0], [-91.23701, 41.66292, 0], [-91.23689, 41.66291, 0], [-91.23619, 41.66281, 0], [-91.23596, 41.66277, 0], [-91.23595, 41.66277, 0], [-91.23479, 41.66261, 0], [-91.23477, 41.6626, 0], [-91.23374, 41.66246, 0], [-91.2294, 41.66183, 0], [-91.22909, 41.66178, 0], [-91.22794, 41.66162, 0], [-91.2277, 41.66158, 0], [-91.22767, 41.66158, 0], [-91.22723, 41.66152, 0], [-91.2272, 41.66151, 0], [-91.22677, 41.66145, 0], [-91.22676, 41.66145, 0], [-91.22652, 41.66141, 0], [-91.22642, 41.6614, 0], [-91.22629, 41.66138, 0], [-91.22603, 41.66135, 0], [-91.22556, 41.66128, 0], [-91.22533, 41.66124, 0], [-91.22513, 41.66122, 0], [-91.2251, 41.66121, 0], [-91.22421, 41.66108, 0], [-91.22397, 41.66104, 0], [-91.2235, 41.66098, 0], [-91.22106, 41.66063, 0], [-91.22085, 41.66059, 0], [-91.22081, 41.66059, 0], [-91.22036, 41.66052, 0], [-91.22011, 41.66049, 0], [-91.21988, 41.66045, 0], [-91.21966, 41.66042, 0], [-91.21946, 41.6604, 0], [-91.21943, 41.66039, 0], [-91.21919, 41.66036, 0], [-91.21896, 41.66032, 0], [-91.21893, 41.66032, 0], [-91.21588, 41.65988, 0], [-91.21545, 41.65981, 0], [-91.21255, 41.65939, 0], [-91.21222, 41.65935, 0], [-91.21193, 41.6593, 0], [-91.2113, 41.65922, 0], [-91.21046, 41.65909, 0], [-91.21029, 41.65907, 0], [-91.20944, 41.65895, 0], [-91.20926, 41.65892, 0], [-91.20916, 41.65891, 0], [-91.20902, 41.65889, 0], [-91.20887, 41.65886, 0], [-91.20784, 41.65872, 0], [-91.20773, 41.6587, 0], [-91.20762, 41.65869, 0], [-91.20761, 41.65868, 0], [-91.20759, 41.65868, 0], [-91.20716, 41.65862, 0], [-91.20686, 41.65857, 0], [-91.20666, 41.65855, 0], [-91.20658, 41.65853, 0], [-91.20647, 41.65852, 0], [-91.20642, 41.65851, 0], [-91.2064, 41.65851, 0], [-91.20614, 41.65847, 0], [-91.20597, 41.65845, 0], [-91.20584, 41.65843, 0], [-91.20568, 41.6584, 0], [-91.20555, 41.65838, 0], [-91.20513, 41.65833, 0], [-91.20482, 41.65828, 0], [-91.2047, 41.65827, 0], [-91.20455, 41.65824, 0], [-91.20439, 41.65822, 0], [-91.20427, 41.6582, 0], [-91.20381, 41.65814, 0], [-91.2037, 41.65812, 0], [-91.2034, 41.65808, 0], [-91.20321, 41.65805, 0], [-91.20312, 41.65804, 0], [-91.20308, 41.65803, 0], [-91.20282, 41.658, 0], [-91.20261, 41.65796, 0], [-91.20237, 41.65793, 0], [-91.20225, 41.65791, 0], [-91.20214, 41.6579, 0], [-91.20213, 41.65789, 0], [-91.20189, 41.65786, 0], [-91.20141, 41.65779, 0], [-91.20124, 41.65776, 0], [-91.20096, 41.65772, 0], [-91.2007, 41.65769, 0], [-91.20066, 41.65768, 0], [-91.20046, 41.65765, 0], [-91.20035, 41.65764, 0], [-91.19999, 41.65758, 0], [-91.19928, 41.65748, 0], [-91.19919, 41.65747, 0], [-91.19833, 41.65734, 0], [-91.19786, 41.65728, 0], [-91.197, 41.65714, 0], [-91.19692, 41.65713, 0], [-91.19669, 41.65709, 0], [-91.19668, 41.65708, 0], [-91.19612, 41.65697, 0], [-91.196, 41.65694, 0], [-91.19599, 41.65694, 0], [-91.19572, 41.65687, 0], [-91.19558, 41.65684, 0], [-91.19487, 41.65664, 0], [-91.19473, 41.65659, 0], [-91.1946, 41.65655, 0], [-91.19446, 41.6565, 0], [-91.19433, 41.65646, 0], [-91.19398, 41.65634, 0], [-91.19393, 41.65632, 0], [-91.19375, 41.65626, 0], [-91.19297, 41.65596, 0], [-91.19269, 41.65586, 0], [-91.19244, 41.65576, 0], [-91.19216, 41.65566, 0], [-91.19177, 41.65551, 0], [-91.19163, 41.65545, 0], [-91.19161, 41.65545, 0], [-91.1915, 41.6554, 0], [-91.19098, 41.6552, 0], [-91.19092, 41.65518, 0], [-91.19071, 41.6551, 0], [-91.19045, 41.65501, 0], [-91.19011, 41.65487, 0], [-91.18991, 41.6548, 0], [-91.18925, 41.65455, 0], [-91.18913, 41.65451, 0], [-91.18899, 41.65445, 0], [-91.18779, 41.654, 0], [-91.18742, 41.65385, 0], [-91.18736, 41.65384, 0], [-91.18726, 41.65379, 0], [-91.18622, 41.6534, 0], [-91.18596, 41.65329, 0], [-91.18478, 41.65284, 0], [-91.18466, 41.6528, 0], [-91.18376, 41.65246, 0], [-91.18346, 41.65234, 0], [-91.18289, 41.65213, 0], [-91.18233, 41.65191, 0], [-91.18203, 41.6518, 0], [-91.18196, 41.65177, 0], [-91.18182, 41.65172, 0], [-91.18175, 41.6517, 0], [-91.1816, 41.65164, 0], [-91.18159, 41.65164, 0], [-91.18133, 41.65154, 0], [-91.18055, 41.65127, 0], [-91.18027, 41.65118, 0], [-91.17999, 41.65108, 0], [-91.17973, 41.651, 0], [-91.17931, 41.65086, 0], [-91.17912, 41.65081, 0], [-91.17864, 41.65066, 0], [-91.17853, 41.65062, 0], [-91.17645, 41.64999, 0], [-91.17524, 41.64961, 0], [-91.17496, 41.64953, 0], [-91.17482, 41.64948, 0], [-91.17443, 41.64937, 0], [-91.17421, 41.6493, 0], [-91.17413, 41.64927, 0], [-91.17399, 41.64923, 0], [-91.17374, 41.64915, 0], [-91.1732, 41.64899, 0], [-91.17306, 41.64894, 0], [-91.17292, 41.6489, 0], [-91.1728, 41.64886, 0], [-91.17239, 41.64874, 0], [-91.17183, 41.64856, 0], [-91.17168, 41.64852, 0], [-91.17141, 41.64843, 0], [-91.1713, 41.6484, 0], [-91.17115, 41.64835, 0], [-91.171, 41.64831, 0], [-91.17089, 41.64827, 0], [-91.17074, 41.64823, 0], [-91.17061, 41.64819, 0], [-91.17047, 41.64814, 0], [-91.17033, 41.6481, 0], [-91.17021, 41.64806, 0], [-91.1698, 41.64794, 0], [-91.16966, 41.64789, 0], [-91.16912, 41.64773, 0], [-91.16898, 41.64768, 0], [-91.16886, 41.64765, 0], [-91.16872, 41.6476, 0], [-91.16818, 41.64744, 0], [-91.16816, 41.64743, 0], [-91.16722, 41.64715, 0], [-91.16721, 41.64715, 0], [-91.16681, 41.64705, 0], [-91.16671, 41.64702, 0], [-91.16644, 41.64695, 0], [-91.16579, 41.64681, 0], [-91.16567, 41.64678, 0], [-91.16508, 41.64667, 0], [-91.16505, 41.64666, 0], [-91.16494, 41.64664, 0], [-91.1648, 41.64662, 0], [-91.16465, 41.64659, 0], [-91.16336, 41.64641, 0], [-91.16307, 41.64638, 0], [-91.16293, 41.64636, 0], [-91.16225, 41.6463, 0], [-91.1613, 41.64624, 0], [-91.16123, 41.64624, 0], [-91.16101, 41.64623, 0], [-91.16079, 41.64623, 0], [-91.16041, 41.64622, 0], [-91.16022, 41.64621, 0], [-91.16013, 41.64621, 0], [-91.15946, 41.64618, 0], [-91.15923, 41.64618, 0], [-91.15881, 41.64617, 0], [-91.1588, 41.64616, 0], [-91.15865, 41.64616, 0], [-91.15838, 41.64615, 0], [-91.15821, 41.64615, 0], [-91.15793, 41.64614, 0], [-91.15777, 41.64613, 0], [-91.15764, 41.64613, 0], [-91.1575, 41.64612, 0], [-91.15737, 41.64612, 0], [-91.15641, 41.64609, 0], [-91.15611, 41.64609, 0], [-91.15388, 41.64603, 0], [-91.1534, 41.64601, 0], [-91.1532, 41.64601, 0], [-91.15267, 41.64599, 0], [-91.15243, 41.64599, 0], [-91.15173, 41.64596, 0], [-91.15102, 41.64595, 0], [-91.15042, 41.64593, 0], [-91.15026, 41.64592, 0], [-91.14858, 41.64587, 0], [-91.14837, 41.64587, 0], [-91.14787, 41.64585, 0], [-91.14735, 41.64584, 0], [-91.14733, 41.64583, 0], [-91.14711, 41.64583, 0], [-91.14687, 41.64582, 0], [-91.14666, 41.64582, 0], [-91.14593, 41.64579, 0], [-91.14576, 41.64579, 0], [-91.14553, 41.64578, 0], [-91.14538, 41.64578, 0], [-91.14522, 41.64577, 0], [-91.14492, 41.64577, 0], [-91.14383, 41.64573, 0], [-91.14367, 41.64573, 0], [-91.1429, 41.64571, 0], [-91.14276, 41.6457, 0], [-91.14262, 41.6457, 0], [-91.14162, 41.64567, 0], [-91.14108, 41.64564, 0], [-91.14098, 41.64563, 0], [-91.14045, 41.64561, 0], [-91.14022, 41.64559, 0], [-91.14002, 41.64558, 0], [-91.13977, 41.64556, 0], [-91.13954, 41.64555, 0], [-91.13948, 41.64554, 0], [-91.13944, 41.64554, 0], [-91.13894, 41.64551, 0], [-91.13886, 41.6455, 0], [-91.13785, 41.64544, 0], [-91.13781, 41.64544, 0], [-91.13755, 41.64542, 0], [-91.13738, 41.64542, 0], [-91.1373, 41.64541, 0], [-91.13724, 41.64541, 0], [-91.1371, 41.6454, 0], [-91.13695, 41.6454, 0], [-91.13667, 41.64538, 0], [-91.13624, 41.64537, 0], [-91.13606, 41.64536, 0], [-91.13594, 41.64536, 0], [-91.1334, 41.64528, 0], [-91.1332, 41.64528, 0], [-91.13279, 41.64526, 0], [-91.1308, 41.64521, 0], [-91.13058, 41.64521, 0], [-91.13011, 41.6452, 0], [-91.1284, 41.6452, 0], [-91.12812, 41.64521, 0], [-91.12577, 41.64521, 0], [-91.12554, 41.6452, 0], [-91.12537, 41.6452, 0], [-91.12466, 41.64518, 0], [-91.12437, 41.64518, 0], [-91.12371, 41.64516, 0], [-91.12354, 41.64516, 0], [-91.12299, 41.64514, 0], [-91.11874, 41.64504, 0], [-91.11859, 41.64504, 0], [-91.11636, 41.64498, 0], [-91.11618, 41.64498, 0], [-91.11403, 41.64493, 0], [-91.1138, 41.64492, 0], [-91.11256, 41.6449, 0], [-91.11216, 41.64488, 0], [-91.11183, 41.64488, 0], [-91.11141, 41.64486, 0], [-91.11108, 41.64486, 0], [-91.111, 41.64485, 0], [-91.10825, 41.64479, 0], [-91.10811, 41.64478, 0], [-91.10692, 41.64476, 0], [-91.10557, 41.64472, 0], [-91.10523, 41.64472, 0], [-91.10398, 41.64468, 0], [-91.10374, 41.64468, 0], [-91.1035, 41.64467, 0], [-91.09997, 41.64459, 0], [-91.09979, 41.64458, 0], [-91.09908, 41.64457, 0], [-91.09775, 41.64453, 0], [-91.09606, 41.6445, 0], [-91.09578, 41.6445, 0], [-91.09554, 41.64449, 0], [-91.09457, 41.64449, 0], [-91.0941, 41.64448, 0], [-91.08947, 41.64446, 0], [-91.08923, 41.64445, 0], [-91.08862, 41.64445, 0], [-91.08806, 41.64444, 0], [-91.08675, 41.64444, 0], [-91.08645, 41.64443, 0], [-91.08203, 41.64441, 0], [-91.08189, 41.6444, 0], [-91.08112, 41.6444, 0], [-91.0806, 41.64438, 0], [-91.08025, 41.64436, 0], [-91.08006, 41.64436, 0], [-91.07959, 41.64432, 0], [-91.07942, 41.64431, 0], [-91.07919, 41.64429, 0], [-91.07883, 41.64425, 0], [-91.07814, 41.64416, 0], [-91.07808, 41.64416, 0], [-91.07806, 41.64415, 0], [-91.07577, 41.64388, 0], [-91.07542, 41.64383, 0], [-91.07528, 41.64382, 0], [-91.07526, 41.64381, 0], [-91.07518, 41.6438, 0], [-91.07517, 41.6438, 0], [-91.07407, 41.64366, 0], [-91.07384, 41.64362, 0], [-91.07383, 41.64362, 0], [-91.0736, 41.64359, 0], [-91.0733, 41.64354, 0], [-91.07329, 41.64354, 0], [-91.07314, 41.64351, 0], [-91.07313, 41.64351, 0], [-91.07306, 41.6435, 0], [-91.07305, 41.64349, 0], [-91.07303, 41.64349, 0], [-91.0729, 41.64347, 0], [-91.07281, 41.64345, 0], [-91.07261, 41.64342, 0], [-91.07246, 41.64339, 0], [-91.07219, 41.64335, 0], [-91.07211, 41.64333, 0], [-91.0721, 41.64333, 0], [-91.07165, 41.64325, 0], [-91.07164, 41.64324, 0], [-91.07116, 41.64316, 0], [-91.07096, 41.64312, 0], [-91.07058, 41.64306, 0], [-91.07055, 41.64305, 0], [-91.07026, 41.643, 0], [-91.07024, 41.64299, 0], [-91.07009, 41.64297, 0], [-91.06981, 41.64291, 0], [-91.06952, 41.64286, 0], [-91.06938, 41.64284, 0], [-91.06915, 41.6428, 0], [-91.06906, 41.64278, 0], [-91.06892, 41.64276, 0], [-91.06728, 41.64247, 0], [-91.0672, 41.64246, 0], [-91.06719, 41.64245, 0], [-91.06704, 41.64243, 0], [-91.06494, 41.64204, 0], [-91.06457, 41.64198, 0], [-91.0643, 41.64193, 0], [-91.06423, 41.64192, 0], [-91.0639, 41.64186, 0], [-91.06354, 41.64178, 0], [-91.06342, 41.64176, 0], [-91.0634, 41.64175, 0], [-91.06282, 41.64166, 0], [-91.06218, 41.64153, 0], [-91.06215, 41.64153, 0], [-91.06212, 41.64152, 0], [-91.06145, 41.64141, 0], [-91.06142, 41.6414, 0], [-91.06112, 41.64135, 0], [-91.06074, 41.64127, 0], [-91.06023, 41.64119, 0], [-91.0592, 41.64101, 0], [-91.05474, 41.64018, 0], [-91.05446, 41.64012, 0], [-91.05403, 41.64004, 0], [-91.0522, 41.63965, 0], [-91.05178, 41.63957, 0], [-91.0504, 41.63928, 0], [-91.05021, 41.63925, 0], [-91.04913, 41.63902, 0], [-91.04891, 41.63898, 0], [-91.04852, 41.63889, 0], [-91.04842, 41.63887, 0], [-91.04835, 41.63885, 0], [-91.04818, 41.63882, 0], [-91.04772, 41.63872, 0], [-91.04754, 41.63869, 0], [-91.04752, 41.63869, 0], [-91.04745, 41.63867, 0], [-91.04724, 41.63863, 0], [-91.04722, 41.63863, 0], [-91.04697, 41.63858, 0], [-91.04684, 41.63855, 0], [-91.04526, 41.63823, 0], [-91.04519, 41.63822, 0], [-91.04512, 41.6382, 0], [-91.04498, 41.63817, 0], [-91.04484, 41.63815, 0], [-91.04315, 41.63779, 0], [-91.04286, 41.63772, 0], [-91.04229, 41.6376, 0], [-91.04103, 41.63731, 0], [-91.04077, 41.63724, 0], [-91.04061, 41.63721, 0], [-91.04059, 41.6372, 0], [-91.03953, 41.63696, 0], [-91.03947, 41.63695, 0], [-91.03936, 41.63692, 0], [-91.03831, 41.63668, 0], [-91.03807, 41.63662, 0], [-91.03697, 41.63637, 0], [-91.0364, 41.63623, 0], [-91.03612, 41.63617, 0], [-91.03583, 41.6361, 0], [-91.03562, 41.63606, 0], [-91.03555, 41.63604, 0], [-91.03527, 41.63598, 0], [-91.03517, 41.63595, 0], [-91.03485, 41.63588, 0], [-91.03402, 41.63568, 0], [-91.0336, 41.63559, 0], [-91.03289, 41.63542, 0], [-91.03261, 41.63536, 0], [-91.03177, 41.63516, 0], [-91.03166, 41.63514, 0], [-91.03093, 41.63497, 0], [-91.0309, 41.63496, 0], [-91.03079, 41.63494, 0], [-91.03065, 41.6349, 0], [-91.03051, 41.63487, 0], [-91.03048, 41.63486, 0], [-91.03036, 41.63484, 0], [-91.03022, 41.63481, 0], [-91.03008, 41.63477, 0], [-91.02966, 41.63468, 0], [-91.02946, 41.63463, 0], [-91.0291, 41.63455, 0], [-91.02908, 41.63454, 0], [-91.0287, 41.63445, 0], [-91.02868, 41.63445, 0], [-91.02853, 41.63442, 0], [-91.0284, 41.63438, 0], [-91.02811, 41.63432, 0], [-91.0277, 41.63422, 0], [-91.02742, 41.63416, 0], [-91.02728, 41.63412, 0], [-91.02707, 41.63408, 0], [-91.027, 41.63406, 0], [-91.02587, 41.63381, 0], [-91.02586, 41.63381, 0], [-91.02573, 41.63378, 0], [-91.02558, 41.63376, 0], [-91.0253, 41.6337, 0], [-91.02515, 41.63368, 0], [-91.02501, 41.63365, 0], [-91.02487, 41.63363, 0], [-91.02476, 41.63361, 0], [-91.02472, 41.63361, 0], [-91.0247, 41.6336, 0], [-91.02458, 41.63359, 0], [-91.02443, 41.63356, 0], [-91.02414, 41.63352, 0], [-91.02401, 41.63351, 0], [-91.02356, 41.63345, 0], [-91.02341, 41.63344, 0], [-91.02327, 41.63342, 0], [-91.02312, 41.63341, 0], [-91.02297, 41.63339, 0], [-91.02166, 41.6333, 0], [-91.02136, 41.63329, 0], [-91.02107, 41.63329, 0], [-91.02092, 41.63328, 0], [-91.00756, 41.63328, 0], [-91.00712, 41.63329, 0], [-91.00323, 41.63332, 0], [-91.00286, 41.63333, 0], [-91.00182, 41.63333, 0], [-91.00139, 41.63334, 0], [-91.00095, 41.63334, 0], [-91.00052, 41.63335, 0], [-90.99977, 41.63335, 0], [-90.99934, 41.63336, 0], [-90.98821, 41.63345, 0], [-90.98801, 41.63346, 0], [-90.98701, 41.63346, 0], [-90.98677, 41.63347, 0], [-90.96488, 41.63348, 0], [-90.96459, 41.63349, 0], [-90.96441, 41.63349, 0], [-90.9643, 41.63348, 0], [-90.96393, 41.63348, 0], [-90.96371, 41.63349, 0], [-90.96357, 41.63349, 0], [-90.96342, 41.63348, 0], [-90.96313, 41.63348, 0], [-90.96297, 41.63349, 0], [-90.95237, 41.63349, 0], [-90.95222, 41.6335, 0], [-90.95163, 41.6335, 0], [-90.95148, 41.63351, 0], [-90.9512, 41.63351, 0], [-90.95105, 41.63352, 0], [-90.9509, 41.63352, 0], [-90.95076, 41.63353, 0], [-90.9506, 41.63353, 0], [-90.95046, 41.63354, 0], [-90.95031, 41.63354, 0], [-90.95016, 41.63355, 0], [-90.95003, 41.63355, 0], [-90.94987, 41.63356, 0], [-90.94973, 41.63356, 0], [-90.94958, 41.63357, 0], [-90.94944, 41.63357, 0], [-90.94929, 41.63358, 0], [-90.94915, 41.63358, 0], [-90.94885, 41.63359, 0], [-90.9487, 41.6336, 0], [-90.94739, 41.63364, 0], [-90.9468, 41.63367, 0], [-90.94651, 41.63367, 0], [-90.94637, 41.63368, 0], [-90.94622, 41.63368, 0], [-90.94593, 41.6337, 0], [-90.94574, 41.6337, 0], [-90.94549, 41.63371, 0], [-90.94535, 41.63372, 0], [-90.9452, 41.63372, 0], [-90.94505, 41.63373, 0], [-90.94476, 41.63374, 0], [-90.94462, 41.63374, 0], [-90.94447, 41.63375, 0], [-90.94403, 41.63376, 0], [-90.94387, 41.63377, 0], [-90.94373, 41.63377, 0], [-90.94359, 41.63378, 0], [-90.94285, 41.6338, 0], [-90.94271, 41.63381, 0], [-90.94242, 41.63382, 0], [-90.94227, 41.63383, 0], [-90.94212, 41.63383, 0], [-90.94198, 41.63384, 0], [-90.94183, 41.63384, 0], [-90.9417, 41.63385, 0], [-90.94154, 41.63385, 0], [-90.94096, 41.63387, 0], [-90.94081, 41.63388, 0], [-90.94065, 41.63388, 0], [-90.94051, 41.63389, 0], [-90.94037, 41.63389, 0], [-90.94023, 41.6339, 0], [-90.94008, 41.6339, 0], [-90.93993, 41.63391, 0], [-90.93979, 41.63391, 0], [-90.93964, 41.63392, 0], [-90.93949, 41.63392, 0], [-90.9392, 41.63394, 0], [-90.93906, 41.63394, 0], [-90.9389, 41.63395, 0], [-90.93876, 41.63395, 0], [-90.93861, 41.63396, 0], [-90.93847, 41.63396, 0], [-90.93832, 41.63397, 0], [-90.93818, 41.63397, 0], [-90.93803, 41.63398, 0], [-90.93789, 41.63398, 0], [-90.93774, 41.63399, 0], [-90.93759, 41.63399, 0], [-90.93744, 41.634, 0], [-90.9373, 41.634, 0], [-90.93701, 41.63401, 0], [-90.93685, 41.63402, 0], [-90.93671, 41.63402, 0], [-90.93656, 41.63403, 0], [-90.93642, 41.63403, 0], [-90.93627, 41.63404, 0], [-90.93613, 41.63404, 0], [-90.93599, 41.63405, 0], [-90.93569, 41.63406, 0], [-90.93554, 41.63407, 0], [-90.9354, 41.63407, 0], [-90.93509, 41.63408, 0], [-90.93496, 41.63409, 0], [-90.93482, 41.63409, 0], [-90.93467, 41.6341, 0], [-90.93452, 41.6341, 0], [-90.9335, 41.63414, 0], [-90.93334, 41.63414, 0], [-90.9332, 41.63415, 0], [-90.93305, 41.63415, 0], [-90.93293, 41.63416, 0], [-90.93276, 41.63416, 0], [-90.93262, 41.63417, 0], [-90.93248, 41.63417, 0], [-90.93218, 41.63418, 0], [-90.93204, 41.63419, 0], [-90.93189, 41.63419, 0], [-90.93174, 41.6342, 0], [-90.9316, 41.6342, 0], [-90.93146, 41.63421, 0], [-90.93131, 41.63421, 0], [-90.93122, 41.63422, 0], [-90.93115, 41.63422, 0], [-90.93102, 41.63423, 0], [-90.93086, 41.63423, 0], [-90.93072, 41.63424, 0], [-90.93057, 41.63424, 0], [-90.93043, 41.63425, 0], [-90.93025, 41.63425, 0], [-90.92985, 41.63426, 0], [-90.92969, 41.63427, 0], [-90.92838, 41.63427, 0], [-90.9275, 41.63424, 0], [-90.9272, 41.63422, 0], [-90.92713, 41.63422, 0], [-90.92662, 41.63419, 0], [-90.92648, 41.63419, 0], [-90.92604, 41.63416, 0], [-90.92575, 41.63415, 0], [-90.92531, 41.63412, 0], [-90.92488, 41.6341, 0], [-90.92443, 41.63407, 0], [-90.92414, 41.63406, 0], [-90.92384, 41.63404, 0], [-90.9238, 41.63404, 0], [-90.9237, 41.63403, 0], [-90.92323, 41.63401, 0], [-90.92298, 41.63399, 0], [-90.92283, 41.63399, 0], [-90.92224, 41.63395, 0], [-90.92207, 41.63395, 0], [-90.92181, 41.63393, 0], [-90.92151, 41.63392, 0], [-90.92143, 41.63391, 0], [-90.92136, 41.63391, 0], [-90.92073, 41.63387, 0], [-90.92065, 41.63387, 0], [-90.9202, 41.63385, 0], [-90.91962, 41.63381, 0], [-90.91917, 41.63379, 0], [-90.91875, 41.63376, 0], [-90.91866, 41.63376, 0], [-90.91816, 41.63373, 0], [-90.91786, 41.63372, 0], [-90.91611, 41.63362, 0], [-90.91583, 41.63361, 0], [-90.91464, 41.63354, 0], [-90.91458, 41.63354, 0], [-90.91392, 41.6335, 0], [-90.91381, 41.6335, 0], [-90.91303, 41.63345, 0], [-90.91276, 41.63344, 0], [-90.91245, 41.63342, 0], [-90.91216, 41.63341, 0], [-90.91194, 41.63339, 0], [-90.91158, 41.63338, 0], [-90.911, 41.63334, 0], [-90.91012, 41.6333, 0], [-90.90968, 41.63327, 0], [-90.90939, 41.63326, 0], [-90.90881, 41.63322, 0], [-90.90852, 41.63321, 0], [-90.90822, 41.63319, 0], [-90.90814, 41.63319, 0], [-90.90808, 41.63318, 0], [-90.90793, 41.63317, 0], [-90.90764, 41.63316, 0], [-90.90735, 41.63314, 0], [-90.90706, 41.63313, 0], [-90.90691, 41.63312, 0], [-90.90688, 41.63312, 0], [-90.90681, 41.63311, 0], [-90.90662, 41.6331, 0], [-90.90647, 41.6331, 0], [-90.90618, 41.63308, 0], [-90.90575, 41.63306, 0], [-90.90515, 41.63302, 0], [-90.90413, 41.63297, 0], [-90.90369, 41.63294, 0], [-90.90324, 41.63292, 0], [-90.9028, 41.63291, 0], [-90.90239, 41.63289, 0], [-90.90179, 41.63288, 0], [-90.90133, 41.63288, 0], [-90.90088, 41.63287, 0], [-90.87798, 41.63289, 0], [-90.87738, 41.6329, 0], [-90.8768, 41.63289, 0], [-90.87595, 41.6329, 0], [-90.87536, 41.63289, 0], [-90.87477, 41.6329, 0], [-90.86028, 41.6329, 0], [-90.85945, 41.63291, 0], [-90.83951, 41.63291, 0], [-90.83922, 41.63289, 0], [-90.83906, 41.63289, 0], [-90.83882, 41.63287, 0], [-90.83878, 41.63287, 0], [-90.83862, 41.63285, 0], [-90.83848, 41.63284, 0], [-90.8382, 41.63281, 0], [-90.83777, 41.63275, 0], [-90.83722, 41.63265, 0], [-90.8372, 41.63265, 0], [-90.83694, 41.63259, 0], [-90.83608, 41.63237, 0], [-90.83594, 41.63233, 0], [-90.83584, 41.63229, 0], [-90.83543, 41.63216, 0], [-90.8349, 41.63198, 0], [-90.83474, 41.63193, 0], [-90.83463, 41.63189, 0], [-90.83369, 41.63158, 0], [-90.83315, 41.63139, 0], [-90.83061, 41.63054, 0], [-90.83033, 41.63044, 0], [-90.82593, 41.62896, 0], [-90.82589, 41.62895, 0], [-90.82484, 41.6286, 0], [-90.82418, 41.62837, 0], [-90.82339, 41.62811, 0], [-90.82326, 41.62806, 0], [-90.82071, 41.6272, 0], [-90.82062, 41.62718, 0], [-90.82041, 41.6271, 0], [-90.81887, 41.62659, 0], [-90.81869, 41.62652, 0], [-90.81865, 41.62651, 0], [-90.8183, 41.6264, 0], [-90.81821, 41.62636, 0], [-90.81306, 41.62463, 0], [-90.8129, 41.62458, 0], [-90.81254, 41.62445, 0], [-90.81011, 41.62364, 0], [-90.80918, 41.62332, 0], [-90.80865, 41.62315, 0], [-90.80825, 41.62301, 0], [-90.80598, 41.62225, 0], [-90.80594, 41.62223, 0], [-90.80571, 41.62216, 0], [-90.80544, 41.62207, 0], [-90.80517, 41.62197, 0], [-90.80441, 41.62172, 0], [-90.80436, 41.6217, 0], [-90.80275, 41.62116, 0], [-90.80262, 41.62111, 0], [-90.80243, 41.62105, 0], [-90.80235, 41.62102, 0], [-90.80208, 41.62093, 0], [-90.80182, 41.62085, 0], [-90.80169, 41.6208, 0], [-90.8009, 41.62054, 0], [-90.80075, 41.62048, 0], [-90.80047, 41.62039, 0], [-90.80046, 41.62039, 0], [-90.80031, 41.62034, 0], [-90.80024, 41.62031, 0], [-90.80002, 41.62024, 0], [-90.79977, 41.62015, 0], [-90.79963, 41.62011, 0], [-90.79936, 41.62002, 0], [-90.79909, 41.61992, 0], [-90.79773, 41.6195, 0], [-90.79715, 41.61934, 0], [-90.79687, 41.61927, 0], [-90.79673, 41.61923, 0], [-90.7966, 41.6192, 0], [-90.79646, 41.61916, 0], [-90.79573, 41.61899, 0], [-90.7937, 41.61857, 0], [-90.79328, 41.61849, 0], [-90.79272, 41.61837, 0], [-90.7828, 41.61637, 0], [-90.78263, 41.61633, 0], [-90.77775, 41.61535, 0], [-90.77695, 41.61518, 0], [-90.77489, 41.61477, 0], [-90.77389, 41.61456, 0], [-90.77341, 41.61447, 0], [-90.77338, 41.61446, 0], [-90.77119, 41.61402, 0], [-90.77092, 41.61396, 0], [-90.7692, 41.61362, 0], [-90.76883, 41.61354, 0], [-90.7688, 41.61353, 0], [-90.76809, 41.61339, 0], [-90.76806, 41.61338, 0], [-90.76782, 41.61334, 0], [-90.76767, 41.6133, 0], [-90.76759, 41.61329, 0], [-90.76442, 41.61265, 0], [-90.76441, 41.61265, 0], [-90.76434, 41.61263, 0], [-90.76419, 41.6126, 0], [-90.76416, 41.61259, 0], [-90.75804, 41.61135, 0], [-90.75756, 41.61126, 0], [-90.75515, 41.61077, 0], [-90.75502, 41.61074, 0], [-90.75346, 41.61043, 0], [-90.7533, 41.61039, 0], [-90.75168, 41.61007, 0], [-90.75164, 41.61006, 0], [-90.75144, 41.61002, 0], [-90.75132, 41.61, 0], [-90.7491, 41.60954, 0], [-90.74851, 41.60943, 0], [-90.74786, 41.60929, 0], [-90.74726, 41.60917, 0], [-90.74703, 41.60913, 0], [-90.74643, 41.609, 0], [-90.74248, 41.60821, 0], [-90.74026, 41.60775, 0], [-90.7401, 41.60771, 0], [-90.72671, 41.60475, 0], [-90.72655, 41.60472, 0], [-90.7263, 41.60466, 0], [-90.72573, 41.60454, 0], [-90.72567, 41.60452, 0], [-90.72532, 41.60445, 0], [-90.72516, 41.60441, 0], [-90.72405, 41.60417, 0], [-90.72363, 41.60407, 0], [-90.72345, 41.60404, 0], [-90.72321, 41.60399, 0], [-90.72292, 41.60394, 0], [-90.72195, 41.60379, 0], [-90.72175, 41.60377, 0], [-90.72145, 41.60373, 0], [-90.72116, 41.6037, 0], [-90.72051, 41.60365, 0], [-90.71991, 41.60362, 0], [-90.71956, 41.60362, 0], [-90.71934, 41.60361, 0], [-90.7147, 41.60361, 0], [-90.71396, 41.60362, 0], [-90.688, 41.60363, 0], [-90.68718, 41.60364, 0], [-90.68689, 41.60363, 0], [-90.68601, 41.60363, 0], [-90.68572, 41.60364, 0], [-90.68558, 41.60363, 0], [-90.68458, 41.60363, 0], [-90.68443, 41.60362, 0], [-90.68425, 41.60362, 0], [-90.68414, 41.60361, 0], [-90.68399, 41.60361, 0], [-90.68339, 41.60357, 0], [-90.68324, 41.60349, 0], [-90.68322, 41.60349, 0], [-90.68274, 41.60343, 0], [-90.68245, 41.60338, 0], [-90.68224, 41.60335, 0], [-90.68192, 41.60328, 0], [-90.68141, 41.60314, 0], [-90.68128, 41.6031, 0], [-90.68115, 41.60305, 0], [-90.68101, 41.60301, 0], [-90.68074, 41.60291, 0], [-90.68062, 41.60286, 0], [-90.68049, 41.6028, 0], [-90.68037, 41.60275, 0], [-90.68023, 41.60268, 0], [-90.68013, 41.60264, 0], [-90.6799, 41.60251, 0], [-90.67978, 41.60245, 0], [-90.67967, 41.60238, 0], [-90.67955, 41.60231, 0], [-90.67946, 41.60225, 0], [-90.67944, 41.60224, 0], [-90.67933, 41.60217, 0], [-90.67901, 41.60194, 0], [-90.67881, 41.60178, 0], [-90.67872, 41.6017, 0], [-90.67862, 41.60162, 0], [-90.67852, 41.60153, 0], [-90.67835, 41.60136, 0], [-90.67818, 41.60117, 0], [-90.6781, 41.60109, 0], [-90.67802, 41.601, 0], [-90.67795, 41.6009, 0], [-90.67781, 41.60072, 0], [-90.67781, 41.60071, 0], [-90.67768, 41.60052, 0], [-90.6775, 41.60022, 0], [-90.67745, 41.60012, 0], [-90.6774, 41.60001, 0], [-90.67735, 41.59992, 0], [-90.67722, 41.5996, 0], [-90.67718, 41.59949, 0], [-90.67709, 41.59918, 0], [-90.67706, 41.59906, 0], [-90.67696, 41.59852, 0], [-90.67693, 41.59841, 0], [-90.6769, 41.5982, 0], [-90.67688, 41.59809, 0], [-90.67687, 41.59805, 0], [-90.67686, 41.59798, 0], [-90.67681, 41.59776, 0], [-90.67677, 41.59756, 0], [-90.67677, 41.59755, 0], [-90.67637, 41.59539, 0], [-90.67634, 41.59528, 0], [-90.67634, 41.59526, 0], [-90.67632, 41.59517, 0], [-90.67631, 41.59506, 0], [-90.67628, 41.59496, 0], [-90.67627, 41.59485, 0], [-90.67626, 41.5948, 0], [-90.67624, 41.59474, 0], [-90.6762, 41.59452, 0], [-90.67619, 41.59444, 0], [-90.67619, 41.59441, 0], [-90.67615, 41.59419, 0], [-90.67614, 41.59409, 0], [-90.67612, 41.59397, 0], [-90.67612, 41.59394, 0], [-90.67611, 41.59387, 0], [-90.67606, 41.59322, 0], [-90.67606, 41.5923, 0], [-90.67605, 41.59206, 0], [-90.67605, 41.5919, 0], [-90.67606, 41.59179, 0], [-90.67606, 41.59125, 0], [-90.67605, 41.59114, 0], [-90.67606, 41.59103, 0], [-90.67606, 41.58677, 0], [-90.67607, 41.58669, 0], [-90.67607, 41.58637, 0], [-90.67608, 41.58623, 0], [-90.67608, 41.58612, 0], [-90.67609, 41.58601, 0], [-90.67609, 41.58579, 0], [-90.6761, 41.58575, 0], [-90.6761, 41.58569, 0], [-90.67611, 41.58557, 0], [-90.67611, 41.58547, 0], [-90.67612, 41.58537, 0], [-90.67612, 41.58526, 0], [-90.67615, 41.58493, 0], [-90.67615, 41.58492, 0], [-90.67619, 41.58449, 0], [-90.67621, 41.58439, 0], [-90.67621, 41.58428, 0], [-90.67623, 41.58417, 0], [-90.67624, 41.58406, 0], [-90.67626, 41.58396, 0], [-90.6763, 41.58363, 0], [-90.67632, 41.58351, 0], [-90.67633, 41.58343, 0], [-90.67689, 41.5803, 0], [-90.67689, 41.58029, 0], [-90.6769, 41.58025, 0], [-90.67693, 41.58008, 0], [-90.67694, 41.57997, 0], [-90.67694, 41.57996, 0], [-90.677, 41.57964, 0], [-90.67701, 41.57956, 0], [-90.67702, 41.57952, 0], [-90.67731, 41.57789, 0], [-90.67733, 41.57776, 0], [-90.67737, 41.57755, 0], [-90.67738, 41.57743, 0], [-90.67742, 41.57718, 0], [-90.67744, 41.57709, 0], [-90.67748, 41.57687, 0], [-90.6775, 41.57672, 0], [-90.67757, 41.57632, 0], [-90.67759, 41.57618, 0], [-90.67763, 41.57599, 0], [-90.67801, 41.57378, 0], [-90.67804, 41.57366, 0], [-90.6787, 41.5699, 0], [-90.67873, 41.56978, 0], [-90.67874, 41.56967, 0], [-90.67881, 41.56932, 0], [-90.67886, 41.56903, 0], [-90.67888, 41.56889, 0], [-90.67894, 41.56857, 0], [-90.67894, 41.5685, 0], [-90.67903, 41.5679, 0], [-90.67904, 41.56778, 0], [-90.67905, 41.56771, 0], [-90.67906, 41.5676, 0], [-90.67908, 41.56746, 0], [-90.67914, 41.56662, 0], [-90.67914, 41.56644, 0], [-90.67915, 41.56621, 0], [-90.67915, 41.56587, 0], [-90.67914, 41.56576, 0], [-90.67914, 41.56543, 0], [-90.67913, 41.56532, 0], [-90.67913, 41.56521, 0], [-90.67911, 41.56498, 0], [-90.67911, 41.56487, 0], [-90.67907, 41.56442, 0], [-90.67907, 41.56431, 0], [-90.679, 41.56353, 0], [-90.679, 41.56346, 0], [-90.67895, 41.56286, 0], [-90.67895, 41.56275, 0], [-90.67889, 41.56208, 0], [-90.67887, 41.56175, 0], [-90.67884, 41.56141, 0], [-90.67884, 41.5613, 0], [-90.67881, 41.56097, 0], [-90.67881, 41.56086, 0], [-90.67875, 41.56019, 0], [-90.67875, 41.56008, 0], [-90.6787, 41.55952, 0], [-90.67868, 41.55919, 0], [-90.67857, 41.55781, 0], [-90.67857, 41.55774, 0], [-90.67848, 41.55651, 0], [-90.67842, 41.55582, 0], [-90.67842, 41.55572, 0], [-90.67839, 41.55549, 0], [-90.67839, 41.55535, 0], [-90.67837, 41.55516, 0], [-90.67837, 41.55504, 0], [-90.67832, 41.55448, 0], [-90.67832, 41.55437, 0], [-90.6783, 41.55415, 0], [-90.6783, 41.554, 0], [-90.67829, 41.55393, 0], [-90.67829, 41.55381, 0], [-90.67828, 41.5537, 0], [-90.67828, 41.5536, 0], [-90.67827, 41.55349, 0], [-90.67827, 41.55337, 0], [-90.67826, 41.55327, 0], [-90.67825, 41.55282, 0], [-90.67824, 41.5527, 0], [-90.67824, 41.55238, 0], [-90.67823, 41.55215, 0], [-90.67823, 41.55081, 0], [-90.67824, 41.55047, 0], [-90.67824, 41.55002, 0], [-90.67825, 41.54991, 0], [-90.67825, 41.54946, 0], [-90.67826, 41.54935, 0], [-90.67826, 41.5489, 0], [-90.67827, 41.54879, 0], [-90.67827, 41.54823, 0], [-90.67828, 41.54811, 0], [-90.67828, 41.54767, 0], [-90.67829, 41.54756, 0], [-90.67829, 41.5471, 0], [-90.6783, 41.547, 0], [-90.6783, 41.54643, 0], [-90.67831, 41.54631, 0], [-90.67831, 41.54587, 0], [-90.67832, 41.54576, 0], [-90.67832, 41.54519, 0], [-90.67833, 41.54508, 0], [-90.67833, 41.54486, 0], [-90.67832, 41.54476, 0], [-90.67832, 41.54465, 0], [-90.67831, 41.54452, 0], [-90.67831, 41.5443, 0], [-90.67826, 41.54375, 0], [-90.67826, 41.54374, 0], [-90.67824, 41.54363, 0], [-90.67823, 41.54353, 0], [-90.67823, 41.5435, 0], [-90.67822, 41.54342, 0], [-90.67818, 41.5432, 0], [-90.67817, 41.54309, 0], [-90.67811, 41.54276, 0], [-90.67808, 41.54265, 0], [-90.67806, 41.54254, 0], [-90.67803, 41.54242, 0], [-90.67801, 41.54231, 0], [-90.67798, 41.54221, 0], [-90.67796, 41.54209, 0], [-90.67787, 41.54177, 0], [-90.67785, 41.54166, 0], [-90.67779, 41.54143, 0], [-90.67777, 41.54132, 0], [-90.67771, 41.54111, 0], [-90.67769, 41.541, 0], [-90.67763, 41.54079, 0], [-90.67763, 41.54078, 0], [-90.6776, 41.54067, 0], [-90.67759, 41.54062, 0], [-90.67757, 41.54056, 0], [-90.67755, 41.54045, 0], [-90.67749, 41.54023, 0], [-90.67747, 41.54012, 0], [-90.67741, 41.53989, 0], [-90.67738, 41.53979, 0], [-90.67736, 41.53968, 0], [-90.67723, 41.53918, 0], [-90.67722, 41.53912, 0], [-90.67716, 41.5389, 0], [-90.67714, 41.53879, 0], [-90.67711, 41.5387, 0], [-90.67711, 41.53868, 0], [-90.67694, 41.53802, 0], [-90.67692, 41.53791, 0], [-90.67686, 41.53769, 0], [-90.67684, 41.53758, 0], [-90.67678, 41.53737, 0], [-90.67676, 41.53726, 0], [-90.6767, 41.53703, 0], [-90.67667, 41.53693, 0], [-90.67665, 41.53682, 0], [-90.67662, 41.5367, 0], [-90.67659, 41.5366, 0], [-90.67657, 41.53651, 0], [-90.67657, 41.53649, 0], [-90.67648, 41.53616, 0], [-90.67646, 41.53605, 0], [-90.67637, 41.53572, 0], [-90.67635, 41.53561, 0], [-90.67629, 41.53539, 0], [-90.67629, 41.53538, 0], [-90.67626, 41.53528, 0], [-90.67624, 41.53517, 0], [-90.67618, 41.53495, 0], [-90.67584, 41.53356, 0], [-90.67577, 41.5333, 0], [-90.67576, 41.53324, 0], [-90.67561, 41.53264, 0], [-90.67561, 41.53262, 0], [-90.67558, 41.53253, 0], [-90.67555, 41.53242, 0], [-90.67553, 41.53233, 0], [-90.67553, 41.53231, 0], [-90.67544, 41.53198, 0], [-90.67544, 41.53196, 0], [-90.67541, 41.53187, 0], [-90.67539, 41.53176, 0], [-90.67538, 41.53174, 0], [-90.67536, 41.53165, 0], [-90.67527, 41.53132, 0], [-90.67522, 41.5311, 0], [-90.67521, 41.53108, 0], [-90.67519, 41.53099, 0], [-90.67516, 41.53088, 0], [-90.67514, 41.53077, 0], [-90.67508, 41.53055, 0], [-90.67506, 41.53045, 0], [-90.67506, 41.53044, 0], [-90.675, 41.53022, 0], [-90.67498, 41.53011, 0], [-90.67497, 41.53009, 0], [-90.67495, 41.53, 0], [-90.67489, 41.52978, 0], [-90.67487, 41.52967, 0], [-90.67485, 41.52961, 0], [-90.67484, 41.52956, 0], [-90.67478, 41.52934, 0], [-90.67474, 41.52915, 0], [-90.67473, 41.52912, 0], [-90.67471, 41.52901, 0], [-90.67462, 41.52868, 0], [-90.6746, 41.52857, 0], [-90.67455, 41.52839, 0], [-90.67455, 41.52836, 0], [-90.67452, 41.52825, 0], [-90.67444, 41.52792, 0], [-90.67442, 41.52781, 0], [-90.67441, 41.52777, 0], [-90.67438, 41.52759, 0], [-90.67435, 41.52748, 0], [-90.67434, 41.52741, 0], [-90.67431, 41.52725, 0], [-90.6743, 41.52715, 0], [-90.67424, 41.52681, 0], [-90.67422, 41.52659, 0], [-90.67422, 41.52656, 0], [-90.67421, 41.52652, 0], [-90.67421, 41.52648, 0], [-90.67416, 41.52593, 0], [-90.67416, 41.52582, 0], [-90.67415, 41.5257, 0], [-90.67415, 41.52548, 0], [-90.67414, 41.52536, 0], [-90.67415, 41.52526, 0], [-90.67415, 41.52492, 0], [-90.67416, 41.52481, 0], [-90.67416, 41.52458, 0], [-90.67418, 41.52436, 0], [-90.67418, 41.52425, 0], [-90.6742, 41.52402, 0], [-90.6742, 41.52392, 0], [-90.67421, 41.5238, 0], [-90.67423, 41.52335, 0], [-90.67424, 41.52324, 0], [-90.67424, 41.52313, 0], [-90.67425, 41.52302, 0], [-90.67425, 41.52282, 0], [-90.67427, 41.52257, 0], [-90.67427, 41.52247, 0], [-90.67428, 41.52236, 0], [-90.67428, 41.52231, 0], [-90.67429, 41.52214, 0], [-90.6743, 41.52203, 0], [-90.6743, 41.52193, 0], [-90.67431, 41.52181, 0], [-90.67431, 41.5217, 0], [-90.67432, 41.52162, 0], [-90.67432, 41.52159, 0], [-90.67433, 41.52149, 0], [-90.67433, 41.52132, 0], [-90.67434, 41.52126, 0], [-90.67434, 41.52115, 0], [-90.67435, 41.52094, 0], [-90.67436, 41.52093, 0], [-90.67436, 41.52083, 0], [-90.67437, 41.52072, 0], [-90.67437, 41.52061, 0], [-90.67439, 41.5204, 0], [-90.67439, 41.52029, 0], [-90.6744, 41.52022, 0], [-90.6744, 41.52006, 0], [-90.67442, 41.51985, 0], [-90.67442, 41.51974, 0], [-90.67443, 41.51963, 0], [-90.67443, 41.51952, 0], [-90.67444, 41.51941, 0], [-90.67444, 41.51933, 0], [-90.67446, 41.5191, 0], [-90.67466, 41.51518, 0], [-90.67466, 41.51486, 0], [-90.67464, 41.51463, 0], [-90.67464, 41.51453, 0], [-90.67463, 41.51439, 0], [-90.6746, 41.51424, 0], [-90.67453, 41.51383, 0], [-90.67442, 41.51334, 0], [-90.67404, 41.51222, 0], [-90.67395, 41.51199, 0], [-90.67366, 41.51114, 0], [-90.67363, 41.51098, 0], [-90.67355, 41.51076, 0], [-90.67352, 41.51066, 0], [-90.67344, 41.51044, 0], [-90.67341, 41.51034, 0], [-90.67333, 41.51013, 0], [-90.6733, 41.51002, 0], [-90.67322, 41.50981, 0], [-90.67319, 41.5097, 0], [-90.67311, 41.5095, 0], [-90.67304, 41.50928, 0], [-90.673, 41.50918, 0], [-90.67297, 41.50907, 0], [-90.67293, 41.50897, 0], [-90.6729, 41.50886, 0], [-90.67279, 41.50854, 0], [-90.67259, 41.50801, 0], [-90.67256, 41.50791, 0], [-90.67248, 41.50769, 0], [-90.67245, 41.50759, 0], [-90.67241, 41.50748, 0], [-90.67236, 41.50738, 0], [-90.67232, 41.50727, 0], [-90.67229, 41.50716, 0], [-90.67225, 41.50706, 0], [-90.67219, 41.50685, 0], [-90.67205, 41.50644, 0], [-90.67204, 41.50642, 0], [-90.6718, 41.50579, 0], [-90.6717, 41.50559, 0], [-90.67167, 41.50551, 0], [-90.67154, 41.50525, 0], [-90.67153, 41.50522, 0], [-90.67152, 41.50521, 0], [-90.67152, 41.50519, 0], [-90.67151, 41.50518, 0], [-90.67146, 41.5051, 0], [-90.67144, 41.50505, 0], [-90.67138, 41.50496, 0], [-90.67133, 41.50487, 0], [-90.67099, 41.50438, 0], [-90.67091, 41.50429, 0], [-90.67085, 41.50421, 0], [-90.67083, 41.50419, 0], [-90.67075, 41.5041, 0], [-90.67068, 41.50401, 0], [-90.6706, 41.50392, 0], [-90.67051, 41.50383, 0], [-90.67043, 41.50374, 0], [-90.67025, 41.50356, 0], [-90.67017, 41.50347, 0], [-90.67008, 41.50338, 0], [-90.66971, 41.50305, 0], [-90.66941, 41.5028, 0], [-90.66922, 41.50265, 0], [-90.6691, 41.50257, 0], [-90.6689, 41.50242, 0], [-90.66856, 41.5022, 0], [-90.66845, 41.50214, 0], [-90.66834, 41.50206, 0], [-90.66811, 41.50193, 0], [-90.66799, 41.50187, 0], [-90.66787, 41.5018, 0], [-90.66751, 41.50162, 0], [-90.66739, 41.50155, 0], [-90.66715, 41.50144, 0], [-90.66679, 41.50125, 0], [-90.66666, 41.50119, 0], [-90.66654, 41.50113, 0], [-90.66641, 41.50107, 0], [-90.6663, 41.50101, 0], [-90.66617, 41.50095, 0], [-90.66606, 41.50089, 0], [-90.66593, 41.50083, 0], [-90.66532, 41.50052, 0], [-90.6652, 41.50047, 0], [-90.66484, 41.50029, 0], [-90.66471, 41.50023, 0], [-90.66459, 41.50017, 0], [-90.66447, 41.5001, 0], [-90.66435, 41.50005, 0], [-90.66423, 41.49998, 0], [-90.66399, 41.49987, 0], [-90.66386, 41.4998, 0], [-90.66326, 41.4995, 0], [-90.66312, 41.49944, 0], [-90.66299, 41.49937, 0], [-90.66288, 41.49932, 0], [-90.66278, 41.49926, 0], [-90.66265, 41.4992, 0], [-90.66253, 41.49914, 0], [-90.6624, 41.49908, 0], [-90.66227, 41.49901, 0], [-90.66204, 41.4989, 0], [-90.66191, 41.49883, 0], [-90.66178, 41.49877, 0], [-90.66171, 41.49873, 0], [-90.66155, 41.49865, 0], [-90.66131, 41.49854, 0], [-90.66119, 41.49847, 0], [-90.66107, 41.49841, 0], [-90.66094, 41.49835, 0], [-90.66083, 41.49829, 0], [-90.6607, 41.49823, 0], [-90.66059, 41.49817, 0], [-90.66046, 41.49811, 0], [-90.66022, 41.49799, 0], [-90.66011, 41.49793, 0], [-90.65999, 41.49787, 0], [-90.65975, 41.49774, 0], [-90.65963, 41.49768, 0], [-90.65951, 41.49761, 0], [-90.65939, 41.49755, 0], [-90.65916, 41.49742, 0], [-90.65908, 41.49738, 0], [-90.65904, 41.49735, 0], [-90.65892, 41.49729, 0], [-90.65873, 41.49717, 0], [-90.65869, 41.49715, 0], [-90.65858, 41.49708, 0], [-90.65812, 41.49681, 0], [-90.65781, 41.49661, 0], [-90.65707, 41.49615, 0], [-90.65691, 41.49606, 0], [-90.65641, 41.49574, 0], [-90.65602, 41.4955, 0], [-90.65581, 41.49538, 0], [-90.65476, 41.49474, 0], [-90.6544, 41.49451, 0], [-90.65387, 41.49419, 0], [-90.6529, 41.49358, 0], [-90.65064, 41.4922, 0], [-90.64977, 41.49165, 0], [-90.64842, 41.49083, 0], [-90.64823, 41.49072, 0], [-90.64738, 41.49019, 0], [-90.64734, 41.49017, 0], [-90.64581, 41.48917, 0], [-90.64572, 41.48909, 0], [-90.64346, 41.48743, 0], [-90.64344, 41.48741, 0], [-90.6425, 41.48675, 0], [-90.64205, 41.48642, 0], [-90.64164, 41.4861, 0], [-90.64119, 41.48577, 0], [-90.64085, 41.4855, 0], [-90.64073, 41.48541, 0], [-90.64072, 41.4854, 0], [-90.64044, 41.48518, 0], [-90.64015, 41.48497, 0], [-90.63937, 41.48436, 0], [-90.63927, 41.48429, 0], [-90.63917, 41.48421, 0], [-90.63905, 41.48412, 0], [-90.63876, 41.48389, 0], [-90.63875, 41.48389, 0], [-90.63858, 41.48376, 0], [-90.63856, 41.48374, 0], [-90.63808, 41.48337, 0], [-90.63805, 41.48334, 0], [-90.63791, 41.48324, 0], [-90.63784, 41.48318, 0], [-90.63775, 41.48311, 0], [-90.63774, 41.48311, 0], [-90.63766, 41.48304, 0], [-90.63764, 41.48303, 0], [-90.63758, 41.48298, 0], [-90.63753, 41.48295, 0], [-90.63743, 41.48287, 0], [-90.63741, 41.48286, 0], [-90.63724, 41.48273, 0], [-90.63722, 41.48271, 0], [-90.63712, 41.48263, 0], [-90.63702, 41.48256, 0], [-90.63682, 41.4824, 0], [-90.63674, 41.48234, 0], [-90.63671, 41.48232, 0], [-90.63651, 41.48216, 0], [-90.63629, 41.482, 0], [-90.63609, 41.48184, 0], [-90.63607, 41.48182, 0], [-90.63589, 41.48169, 0], [-90.63558, 41.48144, 0], [-90.6354, 41.48131, 0], [-90.63538, 41.48129, 0], [-90.63516, 41.48113, 0], [-90.63507, 41.48105, 0], [-90.63465, 41.48074, 0], [-90.63464, 41.48073, 0], [-90.63447, 41.4806, 0], [-90.63445, 41.48058, 0], [-90.63439, 41.48054, 0], [-90.63435, 41.4805, 0], [-90.63425, 41.48042, 0], [-90.63415, 41.48035, 0], [-90.63406, 41.48028, 0], [-90.63405, 41.48027, 0], [-90.63395, 41.4802, 0], [-90.63374, 41.48003, 0], [-90.63372, 41.48002, 0], [-90.63364, 41.47995, 0], [-90.63356, 41.47989, 0], [-90.63353, 41.47987, 0], [-90.63313, 41.47956, 0], [-90.63306, 41.47951, 0], [-90.63303, 41.47948, 0], [-90.63297, 41.47944, 0], [-90.63188, 41.4786, 0], [-90.63172, 41.47847, 0], [-90.63163, 41.47841, 0], [-90.63121, 41.47809, 0], [-90.63105, 41.47796, 0], [-90.62987, 41.47706, 0], [-90.62971, 41.47693, 0], [-90.6292, 41.47654, 0], [-90.62904, 41.47641, 0], [-90.62887, 41.47628, 0], [-90.6287, 41.47616, 0], [-90.62853, 41.47603, 0], [-90.62837, 41.4759, 0], [-90.627, 41.47484, 0], [-90.62633, 41.47434, 0], [-90.62629, 41.4743, 0], [-90.62529, 41.47353, 0], [-90.62528, 41.47352, 0], [-90.62429, 41.47275, 0], [-90.62428, 41.47275, 0], [-90.62416, 41.47266, 0], [-90.62412, 41.47262, 0], [-90.62338, 41.47205, 0], [-90.62331, 41.472, 0], [-90.62247, 41.47136, 0], [-90.62244, 41.47133, 0], [-90.62232, 41.47124, 0], [-90.6223, 41.47123, 0], [-90.62008, 41.4695, 0], [-90.61996, 41.4694, 0], [-90.61984, 41.46931, 0], [-90.61953, 41.46902, 0], [-90.61923, 41.46876, 0], [-90.61906, 41.46858, 0], [-90.61893, 41.46847, 0], [-90.61876, 41.46829, 0], [-90.61859, 41.4681, 0], [-90.6184, 41.4679, 0], [-90.6183, 41.46778, 0], [-90.61793, 41.46738, 0], [-90.61778, 41.46721, 0], [-90.61768, 41.46711, 0], [-90.61518, 41.4643, 0], [-90.61483, 41.46392, 0], [-90.61394, 41.46292, 0], [-90.61364, 41.46261, 0], [-90.61297, 41.46195, 0], [-90.61268, 41.46169, 0], [-90.61238, 41.46141, 0], [-90.61209, 41.46116, 0], [-90.61193, 41.46103, 0], [-90.61179, 41.46091, 0], [-90.61155, 41.46072, 0], [-90.61152, 41.46069, 0], [-90.61144, 41.46062, 0], [-90.61133, 41.46054, 0], [-90.61098, 41.46026, 0], [-90.61092, 41.46022, 0], [-90.61021, 41.45969, 0], [-90.61, 41.45954, 0], [-90.60993, 41.4595, 0], [-90.60979, 41.4594, 0], [-90.60974, 41.45937, 0], [-90.60956, 41.45925, 0], [-90.60945, 41.45917, 0], [-90.60933, 41.4591, 0], [-90.60924, 41.45904, 0], [-90.60923, 41.45903, 0], [-90.60872, 41.45872, 0], [-90.60855, 41.45861, 0], [-90.60819, 41.4584, 0], [-90.60808, 41.45833, 0], [-90.60747, 41.458, 0], [-90.60716, 41.45784, 0], [-90.60685, 41.45767, 0], [-90.60673, 41.45761, 0], [-90.60662, 41.45755, 0], [-90.60648, 41.45749, 0], [-90.60612, 41.45731, 0], [-90.60561, 41.45707, 0], [-90.60548, 41.45702, 0], [-90.6051, 41.45684, 0], [-90.60504, 41.45682, 0], [-90.60494, 41.45678, 0], [-90.60486, 41.45674, 0], [-90.60449, 41.45659, 0], [-90.60447, 41.45658, 0], [-90.60422, 41.45648, 0], [-90.60396, 41.45636, 0], [-90.60384, 41.45631, 0], [-90.6037, 41.45626, 0], [-90.60369, 41.45625, 0], [-90.60345, 41.45615, 0], [-90.60332, 41.4561, 0], [-90.60319, 41.45604, 0], [-90.60307, 41.45599, 0], [-90.60281, 41.45589, 0], [-90.60255, 41.45577, 0], [-90.6023, 41.45567, 0], [-90.60205, 41.45556, 0], [-90.60165, 41.4554, 0], [-90.59987, 41.45465, 0], [-90.59974, 41.45459, 0], [-90.59934, 41.45442, 0], [-90.59894, 41.45426, 0], [-90.59834, 41.454, 0], [-90.59272, 41.45164, 0], [-90.59261, 41.4516, 0], [-90.59146, 41.45112, 0], [-90.59124, 41.45102, 0], [-90.59095, 41.45091, 0], [-90.59072, 41.45081, 0], [-90.59059, 41.45076, 0], [-90.59046, 41.4507, 0], [-90.58713, 41.4493, 0], [-90.58702, 41.44926, 0], [-90.58657, 41.44907, 0], [-90.58647, 41.44902, 0], [-90.58508, 41.44844, 0], [-90.58504, 41.44842, 0], [-90.58378, 41.4479, 0], [-90.58341, 41.44776, 0], [-90.58291, 41.44759, 0], [-90.58278, 41.44754, 0], [-90.58197, 41.44728, 0], [-90.58157, 41.44716, 0], [-90.58129, 41.44709, 0], [-90.58112, 41.44704, 0], [-90.58052, 41.44689, 0], [-90.58047, 41.44688, 0], [-90.57997, 41.44676, 0], [-90.5789, 41.44655, 0], [-90.57875, 41.44653, 0], [-90.57861, 41.4465, 0], [-90.57852, 41.44649, 0], [-90.57836, 41.44646, 0], [-90.57804, 41.44642, 0], [-90.57751, 41.44634, 0], [-90.57617, 41.44621, 0], [-90.57571, 41.44618, 0], [-90.57565, 41.44618, 0], [-90.57541, 41.44617, 0], [-90.5753, 41.44616, 0], [-90.57502, 41.44615, 0], [-90.57487, 41.44615, 0], [-90.57449, 41.44614, 0], [-90.57127, 41.44614, 0], [-90.57082, 41.44615, 0], [-90.56694, 41.44615, 0], [-90.56616, 41.44616, 0], [-90.5629, 41.44616, 0], [-90.56223, 41.44618, 0], [-90.56167, 41.44621, 0], [-90.56083, 41.44629, 0], [-90.56028, 41.44636, 0], [-90.5596, 41.44648, 0], [-90.55879, 41.44664, 0], [-90.55868, 41.44667, 0], [-90.55865, 41.44668, 0], [-90.55845, 41.44673, 0], [-90.55842, 41.44674, 0], [-90.55822, 41.44679, 0], [-90.55797, 41.44686, 0], [-90.55792, 41.44687, 0], [-90.55779, 41.44692, 0], [-90.55756, 41.44698, 0], [-90.5572, 41.4471, 0], [-90.5565, 41.44736, 0], [-90.55617, 41.44749, 0], [-90.55598, 41.44758, 0], [-90.55586, 41.44763, 0], [-90.55582, 41.44765, 0], [-90.55572, 41.44769, 0], [-90.55563, 41.44773, 0], [-90.55513, 41.44797, 0], [-90.55478, 41.44815, 0], [-90.5545, 41.44831, 0], [-90.5541, 41.44855, 0], [-90.55375, 41.44877, 0], [-90.55364, 41.44885, 0], [-90.5535, 41.44894, 0], [-90.55335, 41.44906, 0], [-90.55325, 41.44912, 0], [-90.55304, 41.44928, 0], [-90.55283, 41.44943, 0], [-90.55027, 41.45133, 0], [-90.54998, 41.45156, 0], [-90.54949, 41.45191, 0], [-90.54799, 41.45304, 0], [-90.54798, 41.45305, 0], [-90.54773, 41.45324, 0], [-90.54737, 41.45349, 0], [-90.54716, 41.45362, 0], [-90.54694, 41.45377, 0], [-90.54683, 41.45383, 0], [-90.54671, 41.45391, 0], [-90.54632, 41.45414, 0], [-90.54626, 41.45418, 0], [-90.54619, 41.45422, 0], [-90.54551, 41.45457, 0], [-90.54519, 41.45472, 0], [-90.54505, 41.45478, 0], [-90.54504, 41.45479, 0], [-90.54449, 41.45502, 0], [-90.54415, 41.45515, 0], [-90.54387, 41.45525, 0], [-90.54359, 41.45534, 0], [-90.54348, 41.45538, 0], [-90.54326, 41.45545, 0], [-90.54252, 41.45566, 0], [-90.5421, 41.45576, 0], [-90.54154, 41.45588, 0], [-90.54097, 41.45598, 0], [-90.54025, 41.45608, 0], [-90.54013, 41.45609, 0], [-90.53982, 41.45613, 0], [-90.53881, 41.4562, 0], [-90.53867, 41.4562, 0], [-90.5384, 41.45621, 0], [-90.5375, 41.45621, 0], [-90.53706, 41.45622, 0], [-90.52876, 41.45624, 0], [-90.52802, 41.45625, 0], [-90.52712, 41.45625, 0], [-90.52665, 41.45626, 0], [-90.52472, 41.45626, 0], [-90.52442, 41.45627, 0], [-90.52409, 41.45627, 0], [-90.52348, 41.4563, 0], [-90.5227, 41.45635, 0], [-90.52232, 41.45639, 0], [-90.52205, 41.45641, 0], [-90.52172, 41.45645, 0], [-90.52171, 41.45645, 0], [-90.52109, 41.45653, 0], [-90.52075, 41.45658, 0], [-90.52066, 41.45659, 0], [-90.52045, 41.45663, 0], [-90.52009, 41.45669, 0], [-90.51944, 41.45681, 0], [-90.51905, 41.45687, 0], [-90.51853, 41.45697, 0], [-90.51783, 41.45709, 0], [-90.51748, 41.45716, 0], [-90.51692, 41.45726, 0], [-90.51689, 41.45726, 0], [-90.51654, 41.45733, 0], [-90.51636, 41.45735, 0], [-90.51576, 41.45745, 0], [-90.51515, 41.45754, 0], [-90.51505, 41.45755, 0], [-90.51504, 41.45755, 0], [-90.51443, 41.45762, 0], [-90.51426, 41.45765, 0], [-90.51388, 41.45768, 0], [-90.51375, 41.4577, 0], [-90.51314, 41.45775, 0], [-90.51311, 41.45775, 0], [-90.51303, 41.45776, 0], [-90.51212, 41.45782, 0], [-90.51199, 41.45782, 0], [-90.51158, 41.45784, 0], [-90.51114, 41.45785, 0], [-90.50667, 41.45787, 0], [-90.50607, 41.45788, 0], [-90.50371, 41.45788, 0], [-90.50339, 41.45789, 0], [-90.50167, 41.45789, 0], [-90.50134, 41.4579, 0], [-90.49932, 41.4579, 0], [-90.49882, 41.45791, 0], [-90.49645, 41.45791, 0], [-90.49542, 41.45789, 0], [-90.49515, 41.45789, 0], [-90.49422, 41.45785, 0], [-90.49375, 41.45782, 0], [-90.49364, 41.45782, 0], [-90.49318, 41.45778, 0], [-90.49303, 41.45776, 0], [-90.49292, 41.45775, 0], [-90.49291, 41.45775, 0], [-90.49203, 41.45764, 0], [-90.49201, 41.45764, 0], [-90.49178, 41.4576, 0], [-90.49149, 41.45756, 0], [-90.49131, 41.45752, 0], [-90.49105, 41.45748, 0], [-90.49043, 41.45736, 0], [-90.49036, 41.45734, 0], [-90.4902, 41.45731, 0], [-90.49004, 41.45727, 0], [-90.48962, 41.45718, 0], [-90.48892, 41.457, 0], [-90.48801, 41.45674, 0], [-90.48765, 41.45662, 0], [-90.4876, 41.45661, 0], [-90.48631, 41.45616, 0], [-90.4861, 41.45608, 0], [-90.48539, 41.45584, 0], [-90.48381, 41.45528, 0], [-90.48322, 41.45508, 0], [-90.48233, 41.45481, 0], [-90.48216, 41.45477, 0], [-90.48175, 41.45466, 0], [-90.48164, 41.45464, 0], [-90.48158, 41.45462, 0], [-90.48107, 41.4545, 0], [-90.48105, 41.4545, 0], [-90.48078, 41.45444, 0], [-90.48075, 41.45443, 0], [-90.48043, 41.45437, 0], [-90.47958, 41.45423, 0], [-90.47901, 41.45415, 0], [-90.47815, 41.45406, 0], [-90.47698, 41.45398, 0], [-90.4768, 41.45398, 0], [-90.47653, 41.45397, 0], [-90.47484, 41.45398, 0], [-90.4747, 41.45399, 0], [-90.47431, 41.45399, 0], [-90.47271, 41.45402, 0], [-90.47261, 41.45403, 0], [-90.47239, 41.45403, 0], [-90.47158, 41.45405, 0], [-90.47126, 41.45405, 0], [-90.46951, 41.45409, 0], [-90.4691, 41.45409, 0], [-90.46859, 41.4541, 0], [-90.46682, 41.4541, 0], [-90.46641, 41.45408, 0], [-90.46488, 41.45403, 0], [-90.46429, 41.45399, 0], [-90.46421, 41.45398, 0], [-90.46385, 41.45396, 0], [-90.4635, 41.45393, 0], [-90.46348, 41.45393, 0], [-90.46256, 41.45385, 0], [-90.46198, 41.45379, 0], [-90.46181, 41.45378, 0], [-90.46112, 41.45369, 0], [-90.46111, 41.45369, 0], [-90.46061, 41.45363, 0], [-90.45973, 41.4535, 0], [-90.45934, 41.45345, 0], [-90.45913, 41.45341, 0], [-90.458, 41.45324, 0], [-90.45799, 41.45324, 0], [-90.45767, 41.4532, 0], [-90.45604, 41.45295, 0], [-90.45541, 41.45287, 0], [-90.45406, 41.45274, 0], [-90.45372, 41.45272, 0], [-90.45252, 41.45268, 0], [-90.45183, 41.45268, 0], [-90.45036, 41.45273, 0], [-90.45026, 41.45274, 0], [-90.44697, 41.45296, 0], [-90.44667, 41.45297, 0], [-90.44553, 41.45305, 0], [-90.44524, 41.45306, 0], [-90.44495, 41.45308, 0], [-90.44491, 41.45309, 0], [-90.44465, 41.4531, 0], [-90.44364, 41.45317, 0], [-90.44337, 41.45318, 0], [-90.44206, 41.45327, 0], [-90.44193, 41.45327, 0], [-90.44048, 41.45337, 0], [-90.44019, 41.45338, 0], [-90.43904, 41.45346, 0], [-90.43862, 41.45348, 0], [-90.43774, 41.45354, 0], [-90.43765, 41.45354, 0], [-90.43746, 41.45356, 0], [-90.43697, 41.45358, 0], [-90.43689, 41.45359, 0], [-90.43646, 41.45362, 0], [-90.43603, 41.45364, 0], [-90.43339, 41.45381, 0], [-90.43328, 41.45382, 0], [-90.43271, 41.45385, 0], [-90.43156, 41.45393, 0], [-90.43112, 41.45395, 0], [-90.43011, 41.45402, 0], [-90.42982, 41.45403, 0], [-90.42825, 41.45414, 0], [-90.42794, 41.45415, 0], [-90.42774, 41.45417, 0], [-90.4275, 41.45418, 0], [-90.42695, 41.45422, 0], [-90.42666, 41.45423, 0], [-90.42277, 41.45449, 0], [-90.42263, 41.45451, 0], [-90.42221, 41.45454, 0], [-90.42205, 41.45456, 0], [-90.42192, 41.45457, 0], [-90.42177, 41.45459, 0], [-90.42162, 41.4546, 0], [-90.42148, 41.45462, 0], [-90.42134, 41.45463, 0], [-90.4212, 41.45465, 0], [-90.42105, 41.45466, 0], [-90.42092, 41.45468, 0], [-90.42063, 41.45471, 0], [-90.42048, 41.45473, 0], [-90.42034, 41.45474, 0], [-90.41991, 41.4548, 0], [-90.41977, 41.45481, 0], [-90.41835, 41.45501, 0], [-90.4182, 41.45504, 0], [-90.41764, 41.45512, 0], [-90.4175, 41.45515, 0], [-90.41722, 41.45519, 0], [-90.41708, 41.45522, 0], [-90.4168, 41.45526, 0], [-90.41666, 41.45529, 0], [-90.41651, 41.45531, 0], [-90.41643, 41.45533, 0], [-90.41636, 41.45534, 0], [-90.41623, 41.45537, 0], [-90.41609, 41.45539, 0], [-90.41596, 41.45542, 0], [-90.41581, 41.45544, 0], [-90.41554, 41.4555, 0], [-90.41539, 41.45552, 0], [-90.41469, 41.45567, 0], [-90.41456, 41.45569, 0], [-90.41441, 41.45573, 0], [-90.41427, 41.45576, 0], [-90.41414, 41.45578, 0], [-90.41399, 41.45582, 0], [-90.41289, 41.45606, 0], [-90.41276, 41.4561, 0], [-90.41248, 41.45616, 0], [-90.41234, 41.4562, 0], [-90.41207, 41.45626, 0], [-90.41193, 41.4563, 0], [-90.41139, 41.45644, 0], [-90.41125, 41.45648, 0], [-90.41071, 41.45662, 0], [-90.41043, 41.4567, 0], [-90.41016, 41.45677, 0], [-90.40882, 41.45717, 0], [-90.40874, 41.45719, 0], [-90.40829, 41.45733, 0], [-90.40802, 41.45742, 0], [-90.40775, 41.4575, 0], [-90.40748, 41.45759, 0], [-90.40683, 41.45782, 0], [-90.40658, 41.4579, 0], [-90.4054, 41.45832, 0], [-90.40385, 41.45892, 0], [-90.4036, 41.45903, 0], [-90.40322, 41.45918, 0], [-90.40297, 41.45929, 0], [-90.40272, 41.45939, 0], [-90.40222, 41.45961, 0], [-90.40171, 41.45982, 0], [-90.40158, 41.45988, 0], [-90.40018, 41.46047, 0], [-90.40005, 41.46052, 0], [-90.39995, 41.46057, 0], [-90.39948, 41.46077, 0], [-90.39928, 41.46085, 0], [-90.39855, 41.46116, 0], [-90.39817, 41.46133, 0], [-90.39789, 41.46144, 0], [-90.39775, 41.4615, 0], [-90.39762, 41.46155, 0], [-90.39746, 41.46162, 0], [-90.39738, 41.46166, 0], [-90.39711, 41.46177, 0], [-90.39699, 41.46181, 0], [-90.39695, 41.46183, 0], [-90.39686, 41.46186, 0], [-90.39663, 41.46195, 0], [-90.39647, 41.462, 0], [-90.39634, 41.46205, 0], [-90.3962, 41.46209, 0], [-90.39607, 41.46214, 0], [-90.39567, 41.46226, 0], [-90.39513, 41.46241, 0], [-90.39485, 41.46247, 0], [-90.39471, 41.46251, 0], [-90.3943, 41.4626, 0], [-90.39415, 41.46262, 0], [-90.39388, 41.46268, 0], [-90.39374, 41.4627, 0], [-90.39345, 41.46275, 0], [-90.39303, 41.46281, 0], [-90.39288, 41.46282, 0], [-90.3926, 41.46286, 0], [-90.39229, 41.46288, 0], [-90.39207, 41.4629, 0], [-90.39202, 41.46291, 0], [-90.39187, 41.46292, 0], [-90.39129, 41.46294, 0], [-90.39115, 41.46295, 0], [-90.39021, 41.46295, 0], [-90.39006, 41.46294, 0], [-90.38993, 41.46294, 0], [-90.38906, 41.46288, 0], [-90.3889, 41.46286, 0], [-90.38876, 41.46285, 0], [-90.38862, 41.46283, 0], [-90.38848, 41.46282, 0], [-90.3879, 41.46274, 0], [-90.38776, 41.46271, 0], [-90.38762, 41.46269, 0], [-90.38747, 41.46266, 0], [-90.38733, 41.46264, 0], [-90.38691, 41.46255, 0], [-90.38675, 41.46252, 0], [-90.38606, 41.46235, 0], [-90.3858, 41.46228, 0], [-90.38553, 41.4622, 0], [-90.38472, 41.46193, 0], [-90.38421, 41.46173, 0], [-90.38344, 41.4614, 0], [-90.3834, 41.46138, 0], [-90.38333, 41.46134, 0], [-90.38321, 41.46128, 0], [-90.3832, 41.46128, 0], [-90.38297, 41.46116, 0], [-90.38284, 41.4611, 0], [-90.38261, 41.46097, 0], [-90.38248, 41.46091, 0], [-90.38237, 41.46084, 0], [-90.38224, 41.46077, 0], [-90.38168, 41.46042, 0], [-90.38157, 41.46034, 0], [-90.38155, 41.46033, 0], [-90.38147, 41.46028, 0], [-90.38103, 41.45996, 0], [-90.38092, 41.45989, 0], [-90.38073, 41.45973, 0], [-90.38032, 41.4594, 0], [-90.38003, 41.45914, 0], [-90.37994, 41.45905, 0], [-90.37985, 41.45897, 0], [-90.37896, 41.45808, 0], [-90.37888, 41.45799, 0], [-90.37879, 41.4579, 0], [-90.3787, 41.45782, 0], [-90.37862, 41.45773, 0], [-90.37842, 41.45753, 0], [-90.37829, 41.45741, 0], [-90.37791, 41.45703, 0], [-90.37781, 41.45692, 0], [-90.37773, 41.45684, 0], [-90.37763, 41.45675, 0], [-90.37755, 41.45666, 0], [-90.37658, 41.45569, 0], [-90.37649, 41.45559, 0], [-90.3764, 41.45551, 0], [-90.37613, 41.45524, 0], [-90.37605, 41.45515, 0], [-90.37602, 41.45513, 0], [-90.37596, 41.45506, 0], [-90.37588, 41.45498, 0], [-90.37587, 41.45498, 0], [-90.37579, 41.45489, 0], [-90.37569, 41.4548, 0], [-90.3756, 41.45471, 0], [-90.37552, 41.45462, 0], [-90.37489, 41.45399, 0], [-90.37472, 41.45381, 0], [-90.37454, 41.45364, 0], [-90.37422, 41.45331, 0], [-90.37417, 41.45327, 0], [-90.37384, 41.45294, 0], [-90.37357, 41.45266, 0], [-90.37311, 41.4522, 0], [-90.37295, 41.45205, 0], [-90.37276, 41.45185, 0], [-90.37203, 41.45112, 0], [-90.37196, 41.45104, 0], [-90.36905, 41.44813, 0], [-90.36878, 41.44785, 0], [-90.36861, 41.44769, 0], [-90.36852, 41.44759, 0], [-90.3682, 41.44728, 0], [-90.36813, 41.4472, 0], [-90.36795, 41.44703, 0], [-90.36772, 41.4468, 0], [-90.36763, 41.4467, 0], [-90.36744, 41.44652, 0], [-90.36667, 41.44584, 0], [-90.36607, 41.44536, 0], [-90.36597, 41.44529, 0], [-90.36586, 41.4452, 0], [-90.36576, 41.44513, 0], [-90.36571, 41.4451, 0], [-90.36523, 41.44475, 0], [-90.36467, 41.44439, 0], [-90.36462, 41.44435, 0], [-90.36456, 41.44432, 0], [-90.36422, 41.44411, 0], [-90.36363, 41.44376, 0], [-90.36326, 41.44356, 0], [-90.3631, 41.44348, 0], [-90.3629, 41.44337, 0], [-90.36252, 41.44318, 0], [-90.36205, 41.44296, 0], [-90.36189, 41.44288, 0], [-90.36179, 41.44284, 0], [-90.36152, 41.44272, 0], [-90.36048, 41.4423, 0], [-90.36034, 41.44225, 0], [-90.36024, 41.44221, 0], [-90.36012, 41.44217, 0], [-90.36011, 41.44217, 0], [-90.35969, 41.44202, 0], [-90.35888, 41.44176, 0], [-90.3588, 41.44174, 0], [-90.35833, 41.4416, 0], [-90.35816, 41.44156, 0], [-90.35776, 41.44145, 0], [-90.35705, 41.44128, 0], [-90.35604, 41.44107, 0], [-90.35572, 41.44102, 0], [-90.35557, 41.44099, 0], [-90.35546, 41.44098, 0], [-90.35529, 41.44095, 0], [-90.35468, 41.44086, 0], [-90.35416, 41.4408, 0], [-90.35286, 41.44068, 0], [-90.35271, 41.44067, 0], [-90.35257, 41.44067, 0], [-90.35228, 41.44065, 0], [-90.35213, 41.44065, 0], [-90.35199, 41.44064, 0], [-90.35184, 41.44064, 0], [-90.3517, 41.44063, 0], [-90.35139, 41.44063, 0], [-90.35125, 41.44062, 0], [-90.35081, 41.44062, 0], [-90.35066, 41.44061, 0], [-90.35036, 41.44061, 0], [-90.35022, 41.4406, 0], [-90.3499, 41.4406, 0], [-90.34977, 41.44059, 0], [-90.34933, 41.44059, 0], [-90.34873, 41.44057, 0], [-90.34846, 41.44057, 0], [-90.34829, 41.44056, 0], [-90.34808, 41.44056, 0], [-90.34785, 41.44055, 0], [-90.34754, 41.44055, 0], [-90.34738, 41.44054, 0], [-90.34697, 41.44054, 0], [-90.34682, 41.44053, 0], [-90.34652, 41.44053, 0], [-90.34596, 41.44051, 0], [-90.3456, 41.44051, 0], [-90.345, 41.44049, 0], [-90.3446, 41.44049, 0], [-90.34428, 41.44048, 0], [-90.34409, 41.44048, 0], [-90.34386, 41.44047, 0], [-90.34362, 41.44047, 0], [-90.34333, 41.44046, 0], [-90.34308, 41.44046, 0], [-90.34284, 41.44045, 0], [-90.34254, 41.44045, 0], [-90.34194, 41.44043, 0], [-90.34164, 41.44043, 0], [-90.34128, 41.44042, 0], [-90.34106, 41.44042, 0], [-90.34088, 41.44041, 0], [-90.34047, 41.44041, 0], [-90.34033, 41.4404, 0], [-90.33972, 41.4404, 0], [-90.33898, 41.44038, 0], [-90.33852, 41.44038, 0], [-90.33821, 41.44037, 0], [-90.33803, 41.44032, 0], [-90.33593, 41.4402, 0], [-90.33562, 41.44017, 0], [-90.33525, 41.44011, 0], [-90.33518, 41.44009, 0], [-90.33509, 41.44007, 0], [-90.33507, 41.44007, 0], [-90.33491, 41.44003, 0], [-90.33488, 41.44003, 0], [-90.33463, 41.43996, 0], [-90.33429, 41.43985, 0], [-90.33425, 41.43984, 0], [-90.33419, 41.43981, 0], [-90.33393, 41.43971, 0], [-90.33367, 41.43959, 0], [-90.33338, 41.43943, 0], [-90.33315, 41.43929, 0], [-90.33284, 41.43908, 0], [-90.33218, 41.43861, 0], [-90.33217, 41.4386, 0], [-90.33199, 41.43848, 0], [-90.33182, 41.43836, 0], [-90.33177, 41.43833, 0], [-90.33157, 41.43818, 0], [-90.33118, 41.4379, 0], [-90.33113, 41.43786, 0], [-90.33095, 41.43774, 0], [-90.33078, 41.43761, 0], [-90.33064, 41.43751, 0], [-90.33056, 41.43746, 0], [-90.33044, 41.43737, 0], [-90.33016, 41.43711, 0], [-90.32999, 41.43694, 0], [-90.32993, 41.43686, 0], [-90.32986, 41.43679, 0], [-90.32983, 41.43674, 0], [-90.32972, 41.43659, 0], [-90.32969, 41.43656, 0], [-90.32955, 41.43633, 0], [-90.32942, 41.43608, 0], [-90.32937, 41.43597, 0], [-90.32935, 41.4359, 0], [-90.32925, 41.43562, 0], [-90.32922, 41.43552, 0], [-90.32917, 41.43528, 0], [-90.32914, 41.43508, 0], [-90.32912, 41.43474, 0], [-90.32911, 41.43467, 0], [-90.32909, 41.43443, 0], [-90.32907, 41.43429, 0], [-90.32906, 41.43427, 0], [-90.32906, 41.43426, 0], [-90.32901, 41.43423, 0], [-90.32899, 41.4334, 0], [-90.32899, 41.4306, 0], [-90.32898, 41.43024, 0], [-90.32898, 41.42982, 0], [-90.32899, 41.42949, 0], [-90.32898, 41.42683, 0], [-90.32899, 41.42638, 0], [-90.32899, 41.42602, 0], [-90.329, 41.42596, 0], [-90.329, 41.42055, 0], [-90.32899, 41.42044, 0], [-90.329, 41.42033, 0], [-90.32899, 41.42022, 0], [-90.329, 41.42012, 0], [-90.329, 41.4199, 0], [-90.32899, 41.41979, 0], [-90.32899, 41.41957, 0], [-90.329, 41.41946, 0], [-90.32899, 41.41935, 0], [-90.32899, 41.41848, 0], [-90.329, 41.41837, 0], [-90.32899, 41.41826, 0], [-90.32899, 41.41598, 0], [-90.329, 41.41587, 0], [-90.329, 41.41565, 0], [-90.32899, 41.41555, 0], [-90.32899, 41.37813, 0], [-90.329, 41.3779, 0], [-90.329, 41.37768, 0], [-90.32901, 41.3775, 0], [-90.32901, 41.37728, 0], [-90.32902, 41.37724, 0], [-90.32902, 41.37701, 0], [-90.32903, 41.3769, 0], [-90.32903, 41.37667, 0], [-90.32904, 41.37652, 0], [-90.32904, 41.37633, 0], [-90.32905, 41.37622, 0], [-90.32905, 41.37611, 0], [-90.32906, 41.376, 0], [-90.32907, 41.37579, 0], [-90.32907, 41.37566, 0], [-90.32908, 41.37546, 0], [-90.3291, 41.37521, 0], [-90.32912, 41.37478, 0], [-90.32913, 41.37467, 0], [-90.32913, 41.37455, 0], [-90.32916, 41.37421, 0], [-90.32917, 41.37399, 0], [-90.32918, 41.37391, 0], [-90.32918, 41.37388, 0], [-90.32919, 41.37381, 0], [-90.32919, 41.37374, 0], [-90.32921, 41.37355, 0], [-90.32921, 41.37348, 0], [-90.32922, 41.37343, 0], [-90.32927, 41.37287, 0], [-90.32927, 41.3728, 0], [-90.32929, 41.37257, 0], [-90.32931, 41.37242, 0], [-90.32933, 41.37219, 0], [-90.32936, 41.37198, 0], [-90.3294, 41.37153, 0], [-90.32943, 41.37131, 0], [-90.32945, 41.37108, 0], [-90.32951, 41.37064, 0], [-90.32953, 41.37042, 0], [-90.32955, 41.3703, 0], [-90.32958, 41.37008, 0], [-90.32959, 41.36997, 0], [-90.32965, 41.36952, 0], [-90.32967, 41.36929, 0], [-90.32977, 41.36863, 0], [-90.32979, 41.36841, 0], [-90.32997, 41.36706, 0], [-90.32999, 41.36695, 0], [-90.33002, 41.36673, 0], [-90.33003, 41.36662, 0], [-90.33012, 41.36595, 0], [-90.33019, 41.3655, 0], [-90.33035, 41.36433, 0], [-90.33038, 41.36416, 0], [-90.3304, 41.36398, 0], [-90.33041, 41.36394, 0], [-90.33042, 41.36383, 0], [-90.33044, 41.36371, 0], [-90.33044, 41.3637, 0], [-90.33047, 41.36349, 0], [-90.33048, 41.36338, 0], [-90.33052, 41.36314, 0], [-90.33054, 41.36293, 0], [-90.33056, 41.36282, 0], [-90.33056, 41.3628, 0], [-90.33057, 41.36272, 0], [-90.33061, 41.36249, 0], [-90.33063, 41.36227, 0], [-90.33066, 41.36204, 0], [-90.33068, 41.36193, 0], [-90.33071, 41.3617, 0], [-90.33072, 41.36158, 0], [-90.33086, 41.36064, 0], [-90.33086, 41.3606, 0], [-90.33092, 41.36014, 0], [-90.33093, 41.36003, 0], [-90.33095, 41.35991, 0], [-90.33096, 41.35981, 0], [-90.33099, 41.35962, 0], [-90.33099, 41.35959, 0], [-90.33101, 41.35948, 0], [-90.33102, 41.35936, 0], [-90.33104, 41.35926, 0], [-90.33105, 41.35914, 0], [-90.33107, 41.35903, 0], [-90.33108, 41.35892, 0], [-90.3311, 41.35881, 0], [-90.33111, 41.35869, 0], [-90.33113, 41.35858, 0], [-90.33114, 41.35848, 0], [-90.33117, 41.35826, 0], [-90.33119, 41.35814, 0], [-90.3312, 41.35803, 0], [-90.33124, 41.3578, 0], [-90.33125, 41.35769, 0], [-90.33127, 41.35758, 0], [-90.33127, 41.35752, 0], [-90.3313, 41.35736, 0], [-90.33131, 41.35725, 0], [-90.33133, 41.35714, 0], [-90.33134, 41.35702, 0], [-90.33137, 41.35681, 0], [-90.33137, 41.3568, 0], [-90.33139, 41.35669, 0], [-90.3314, 41.35657, 0], [-90.33142, 41.35646, 0], [-90.33143, 41.35635, 0], [-90.33145, 41.35624, 0], [-90.33146, 41.35612, 0], [-90.33148, 41.35601, 0], [-90.33149, 41.35591, 0], [-90.33149, 41.3559, 0], [-90.33152, 41.35568, 0], [-90.33154, 41.35557, 0], [-90.33154, 41.35556, 0], [-90.33156, 41.35538, 0], [-90.33157, 41.35535, 0], [-90.33158, 41.35523, 0], [-90.33162, 41.35501, 0], [-90.33163, 41.3549, 0], [-90.33165, 41.35479, 0], [-90.33166, 41.35466, 0], [-90.33168, 41.35448, 0], [-90.33169, 41.35445, 0], [-90.3317, 41.35435, 0], [-90.33171, 41.3543, 0], [-90.33172, 41.35423, 0], [-90.33173, 41.35412, 0], [-90.33177, 41.3539, 0], [-90.33179, 41.35368, 0], [-90.33183, 41.35345, 0], [-90.33189, 41.353, 0], [-90.3319, 41.35289, 0], [-90.33192, 41.35278, 0], [-90.33193, 41.35267, 0], [-90.33197, 41.35245, 0], [-90.33199, 41.35223, 0], [-90.33201, 41.35216, 0], [-90.33201, 41.35211, 0], [-90.33203, 41.35201, 0], [-90.33204, 41.35189, 0], [-90.33206, 41.35178, 0], [-90.3321, 41.3515, 0], [-90.33211, 41.35138, 0], [-90.33213, 41.35128, 0], [-90.33214, 41.35116, 0], [-90.33215, 41.35108, 0], [-90.33216, 41.35105, 0], [-90.33217, 41.35095, 0], [-90.33219, 41.35084, 0], [-90.3322, 41.35072, 0], [-90.33223, 41.35049, 0], [-90.33225, 41.35039, 0], [-90.33227, 41.35019, 0], [-90.33228, 41.35017, 0], [-90.33229, 41.35005, 0], [-90.3323, 41.35001, 0], [-90.3323, 41.34995, 0], [-90.33232, 41.34984, 0], [-90.33232, 41.34983, 0], [-90.33233, 41.34972, 0], [-90.33235, 41.34962, 0], [-90.33236, 41.34951, 0], [-90.33238, 41.3494, 0], [-90.33239, 41.34929, 0], [-90.33241, 41.34918, 0], [-90.33242, 41.34908, 0], [-90.33244, 41.34896, 0], [-90.33245, 41.34886, 0], [-90.33247, 41.34875, 0], [-90.33249, 41.34857, 0], [-90.33251, 41.34847, 0], [-90.33252, 41.34835, 0], [-90.33254, 41.34824, 0], [-90.33256, 41.34806, 0], [-90.33257, 41.34803, 0], [-90.33259, 41.34781, 0], [-90.33262, 41.34762, 0], [-90.33263, 41.34753, 0], [-90.33264, 41.34751, 0], [-90.33265, 41.3474, 0], [-90.33267, 41.3473, 0], [-90.33269, 41.34708, 0], [-90.33272, 41.34686, 0], [-90.33274, 41.34678, 0], [-90.33275, 41.34664, 0], [-90.33278, 41.34643, 0], [-90.3328, 41.34632, 0], [-90.33282, 41.34615, 0], [-90.33284, 41.34603, 0], [-90.33286, 41.34583, 0], [-90.33288, 41.34572, 0], [-90.33289, 41.34562, 0], [-90.33291, 41.34551, 0], [-90.33292, 41.34541, 0], [-90.33294, 41.3453, 0], [-90.33296, 41.34509, 0], [-90.33298, 41.34498, 0], [-90.333, 41.3448, 0], [-90.33301, 41.34476, 0], [-90.33302, 41.34465, 0], [-90.33303, 41.34462, 0], [-90.33304, 41.34455, 0], [-90.33305, 41.34444, 0], [-90.33307, 41.34433, 0], [-90.33308, 41.34422, 0], [-90.3331, 41.34411, 0], [-90.33311, 41.34401, 0], [-90.33313, 41.34389, 0], [-90.33314, 41.34378, 0], [-90.33316, 41.34367, 0], [-90.33317, 41.34356, 0], [-90.33319, 41.34345, 0], [-90.3332, 41.34335, 0], [-90.33322, 41.34324, 0], [-90.33324, 41.34302, 0], [-90.33328, 41.3428, 0], [-90.3333, 41.34258, 0], [-90.33332, 41.34248, 0], [-90.33333, 41.34236, 0], [-90.33337, 41.34214, 0], [-90.33339, 41.34192, 0], [-90.33341, 41.34181, 0], [-90.33342, 41.34171, 0], [-90.33344, 41.34159, 0], [-90.33345, 41.34149, 0], [-90.33347, 41.34138, 0], [-90.33348, 41.34127, 0], [-90.3335, 41.34116, 0], [-90.33351, 41.34104, 0], [-90.33353, 41.34093, 0], [-90.33355, 41.34072, 0], [-90.33356, 41.34069, 0], [-90.33357, 41.34059, 0], [-90.33359, 41.34047, 0], [-90.3336, 41.34036, 0], [-90.33362, 41.34025, 0], [-90.33363, 41.34014, 0], [-90.33365, 41.34003, 0], [-90.33366, 41.33991, 0], [-90.33368, 41.3398, 0], [-90.3337, 41.33961, 0], [-90.33371, 41.3396, 0], [-90.33372, 41.33948, 0], [-90.33374, 41.33937, 0], [-90.33375, 41.33926, 0], [-90.33377, 41.33915, 0], [-90.33378, 41.33904, 0], [-90.33382, 41.33881, 0], [-90.33386, 41.33848, 0], [-90.33388, 41.33837, 0], [-90.33389, 41.33825, 0], [-90.3339, 41.33821, 0], [-90.33391, 41.33815, 0], [-90.33397, 41.33769, 0], [-90.33398, 41.33758, 0], [-90.334, 41.33747, 0], [-90.33401, 41.33736, 0], [-90.33403, 41.33725, 0], [-90.33404, 41.33714, 0], [-90.33409, 41.33678, 0], [-90.33411, 41.3367, 0], [-90.33412, 41.3366, 0], [-90.33414, 41.33647, 0], [-90.33421, 41.33591, 0], [-90.33423, 41.33579, 0], [-90.33424, 41.33568, 0], [-90.33427, 41.33546, 0], [-90.33429, 41.33535, 0], [-90.3343, 41.33524, 0], [-90.33436, 41.33481, 0], [-90.33437, 41.33468, 0], [-90.3344, 41.33447, 0], [-90.33442, 41.33425, 0], [-90.33445, 41.33403, 0], [-90.33447, 41.3338, 0], [-90.33449, 41.33369, 0], [-90.33453, 41.33325, 0], [-90.33454, 41.3332, 0], [-90.33455, 41.33303, 0], [-90.33465, 41.33191, 0], [-90.33466, 41.33176, 0], [-90.33467, 41.33169, 0], [-90.3347, 41.33135, 0], [-90.3347, 41.33124, 0], [-90.33473, 41.3309, 0], [-90.33473, 41.33086, 0], [-90.33474, 41.33079, 0], [-90.33474, 41.33068, 0], [-90.33477, 41.33035, 0], [-90.33477, 41.33023, 0], [-90.33478, 41.33012, 0], [-90.33478, 41.32996, 0], [-90.33479, 41.32989, 0], [-90.33479, 41.32978, 0], [-90.33481, 41.32956, 0], [-90.33481, 41.32945, 0], [-90.33482, 41.32933, 0], [-90.33482, 41.32922, 0], [-90.33483, 41.32911, 0], [-90.33483, 41.329, 0], [-90.33484, 41.32889, 0], [-90.33484, 41.32878, 0], [-90.33485, 41.32867, 0], [-90.33485, 41.32844, 0], [-90.33486, 41.32833, 0], [-90.33486, 41.32811, 0], [-90.33487, 41.328, 0], [-90.33487, 41.32766, 0], [-90.33488, 41.32755, 0], [-90.33488, 41.32711, 0], [-90.33489, 41.32702, 0], [-90.33489, 41.32493, 0], [-90.33488, 41.32482, 0], [-90.33488, 41.32449, 0], [-90.33487, 41.32438, 0], [-90.33487, 41.32406, 0], [-90.33486, 41.32395, 0], [-90.33486, 41.32373, 0], [-90.33485, 41.32361, 0], [-90.33485, 41.3235, 0], [-90.33484, 41.32338, 0], [-90.33484, 41.32316, 0], [-90.33482, 41.32272, 0], [-90.33481, 41.32261, 0], [-90.33481, 41.32251, 0], [-90.3348, 41.32239, 0], [-90.3348, 41.32229, 0], [-90.33479, 41.32217, 0], [-90.33479, 41.32213, 0], [-90.33478, 41.32206, 0], [-90.33478, 41.32196, 0], [-90.33477, 41.32184, 0], [-90.33477, 41.32174, 0], [-90.33475, 41.32151, 0], [-90.33474, 41.32128, 0], [-90.33472, 41.32107, 0], [-90.33472, 41.32096, 0], [-90.3347, 41.32074, 0], [-90.33468, 41.3203, 0], [-90.33466, 41.3201, 0], [-90.33466, 41.31997, 0], [-90.33464, 41.31975, 0], [-90.33464, 41.31964, 0], [-90.33461, 41.31931, 0], [-90.33459, 41.31886, 0], [-90.33457, 41.31864, 0], [-90.33454, 41.3181, 0], [-90.33453, 41.318, 0], [-90.33453, 41.31788, 0], [-90.33451, 41.31766, 0], [-90.33448, 41.31715, 0], [-90.33447, 41.31688, 0], [-90.33445, 41.31666, 0], [-90.33445, 41.31655, 0], [-90.33443, 41.31634, 0], [-90.33443, 41.31627, 0], [-90.33442, 41.31623, 0], [-90.3344, 41.31579, 0], [-90.33438, 41.31556, 0], [-90.33437, 41.31537, 0], [-90.33437, 41.31534, 0], [-90.33436, 41.31519, 0], [-90.33436, 41.31512, 0], [-90.33434, 41.3149, 0], [-90.33433, 41.31468, 0], [-90.33432, 41.31456, 0], [-90.33431, 41.31434, 0], [-90.3343, 41.31423, 0], [-90.33428, 41.3138, 0], [-90.33425, 41.31346, 0], [-90.33418, 41.31225, 0], [-90.33417, 41.31214, 0], [-90.33417, 41.31204, 0], [-90.33414, 41.31148, 0], [-90.33412, 41.31092, 0], [-90.33411, 41.3108, 0], [-90.3341, 41.31058, 0], [-90.3341, 41.31035, 0], [-90.33408, 41.3099, 0], [-90.33408, 41.30968, 0], [-90.33407, 41.30946, 0], [-90.33407, 41.30889, 0], [-90.33406, 41.30868, 0], [-90.33406, 41.30743, 0], [-90.33407, 41.3072, 0], [-90.33407, 41.30654, 0], [-90.33408, 41.30644, 0], [-90.33408, 41.30576, 0], [-90.33409, 41.30555, 0], [-90.33409, 41.30492, 0], [-90.3341, 41.30487, 0], [-90.3341, 41.30431, 0], [-90.33411, 41.30397, 0], [-90.33411, 41.30341, 0], [-90.33412, 41.30307, 0], [-90.33412, 41.30262, 0], [-90.33413, 41.30241, 0], [-90.33413, 41.30186, 0], [-90.33414, 41.30174, 0], [-90.33414, 41.30095, 0], [-90.33415, 41.30078, 0], [-90.33415, 41.30051, 0], [-90.33416, 41.30018, 0], [-90.33416, 41.2995, 0], [-90.33417, 41.29938, 0], [-90.33417, 41.29872, 0], [-90.33418, 41.29861, 0], [-90.33418, 41.29805, 0], [-90.33419, 41.29772, 0], [-90.33419, 41.29717, 0], [-90.3342, 41.29705, 0], [-90.3342, 41.2965, 0], [-90.33421, 41.29639, 0], [-90.33422, 41.29572, 0], [-90.33422, 41.29493, 0], [-90.33423, 41.29482, 0], [-90.33423, 41.29393, 0], [-90.33424, 41.29381, 0], [-90.33424, 41.29326, 0], [-90.33425, 41.29314, 0], [-90.33425, 41.29248, 0], [-90.33426, 41.29227, 0], [-90.33426, 41.29176, 0], [-90.33427, 41.2917, 0], [-90.33427, 41.29103, 0], [-90.33428, 41.29092, 0], [-90.33428, 41.29015, 0], [-90.33429, 41.29002, 0], [-90.33429, 41.28935, 0], [-90.3343, 41.28924, 0], [-90.3343, 41.28852, 0], [-90.33431, 41.28842, 0], [-90.33431, 41.28767, 0], [-90.33432, 41.28756, 0], [-90.33432, 41.287, 0], [-90.33433, 41.28689, 0], [-90.33433, 41.2861, 0], [-90.33434, 41.286, 0], [-90.33434, 41.28565, 0], [-90.33435, 41.28554, 0], [-90.33435, 41.28476, 0], [-90.33436, 41.28465, 0], [-90.33435, 41.28454, 0], [-90.33436, 41.28442, 0], [-90.33436, 41.28386, 0], [-90.33435, 41.28375, 0], [-90.33435, 41.28341, 0], [-90.33434, 41.2833, 0], [-90.33434, 41.28308, 0], [-90.33433, 41.28296, 0], [-90.33433, 41.28285, 0], [-90.33431, 41.28263, 0], [-90.33431, 41.28252, 0], [-90.33428, 41.28218, 0], [-90.33428, 41.2821, 0], [-90.33426, 41.28196, 0], [-90.33419, 41.28117, 0], [-90.33416, 41.28095, 0], [-90.33414, 41.28083, 0], [-90.33413, 41.28072, 0], [-90.33411, 41.28062, 0], [-90.3341, 41.28052, 0], [-90.33406, 41.28028, 0], [-90.33405, 41.28017, 0], [-90.33404, 41.28015, 0], [-90.33403, 41.28006, 0], [-90.33385, 41.27906, 0], [-90.33382, 41.27895, 0], [-90.33378, 41.27872, 0], [-90.33375, 41.27861, 0], [-90.33373, 41.2785, 0], [-90.3337, 41.27839, 0], [-90.33368, 41.27828, 0], [-90.33365, 41.27817, 0], [-90.33361, 41.27795, 0], [-90.33353, 41.27762, 0], [-90.3335, 41.27751, 0], [-90.33345, 41.27728, 0], [-90.33342, 41.27712, 0], [-90.3334, 41.27706, 0], [-90.33321, 41.27623, 0], [-90.3332, 41.27617, 0], [-90.33292, 41.27496, 0], [-90.33291, 41.2749, 0], [-90.33287, 41.27474, 0], [-90.33252, 41.27319, 0], [-90.33244, 41.27286, 0], [-90.33241, 41.27269, 0], [-90.3323, 41.27221, 0], [-90.33224, 41.27198, 0], [-90.33216, 41.27162, 0], [-90.33215, 41.27154, 0], [-90.33201, 41.27091, 0], [-90.332, 41.27088, 0], [-90.33185, 41.27021, 0], [-90.33184, 41.27018, 0], [-90.33182, 41.2701, 0], [-90.3318, 41.26999, 0], [-90.33175, 41.26979, 0], [-90.33175, 41.26977, 0], [-90.3317, 41.26955, 0], [-90.33167, 41.26944, 0], [-90.33162, 41.26921, 0], [-90.3316, 41.2691, 0], [-90.33157, 41.26899, 0], [-90.33155, 41.26888, 0], [-90.33149, 41.26864, 0], [-90.33147, 41.26854, 0], [-90.33141, 41.2683, 0], [-90.33127, 41.26765, 0], [-90.33124, 41.26754, 0], [-90.33119, 41.26733, 0], [-90.33117, 41.26723, 0], [-90.33101, 41.26654, 0], [-90.33096, 41.26635, 0], [-90.33095, 41.26629, 0], [-90.33089, 41.26605, 0], [-90.33084, 41.26579, 0], [-90.33079, 41.26558, 0], [-90.33076, 41.26547, 0], [-90.33074, 41.26536, 0], [-90.33071, 41.26525, 0], [-90.33067, 41.26505, 0], [-90.33054, 41.2645, 0], [-90.3305, 41.26429, 0], [-90.33045, 41.26407, 0], [-90.33041, 41.26386, 0], [-90.33035, 41.26359, 0], [-90.33034, 41.26351, 0], [-90.33032, 41.26342, 0], [-90.33026, 41.26309, 0], [-90.33026, 41.26307, 0], [-90.33022, 41.26287, 0], [-90.33022, 41.26285, 0], [-90.33021, 41.26276, 0], [-90.33018, 41.26259, 0], [-90.33014, 41.26232, 0], [-90.33014, 41.26227, 0], [-90.33011, 41.26208, 0], [-90.33007, 41.26175, 0], [-90.33006, 41.2616, 0], [-90.33001, 41.26115, 0], [-90.32999, 41.26085, 0], [-90.32998, 41.2608, 0], [-90.32998, 41.26074, 0], [-90.32996, 41.26052, 0], [-90.32996, 41.26045, 0], [-90.32994, 41.26015, 0], [-90.32994, 41.26008, 0], [-90.32991, 41.25928, 0], [-90.32991, 41.25885, 0], [-90.33, 41.25378, 0], [-90.33, 41.25352, 0], [-90.33001, 41.25326, 0], [-90.33003, 41.25178, 0], [-90.33004, 41.25152, 0], [-90.33007, 41.24986, 0], [-90.3301, 41.24936, 0], [-90.3301, 41.24925, 0], [-90.33011, 41.24918, 0], [-90.33011, 41.24907, 0], [-90.33012, 41.249, 0], [-90.33015, 41.24857, 0], [-90.33026, 41.24757, 0], [-90.33028, 41.24745, 0], [-90.33032, 41.24711, 0], [-90.33039, 41.24667, 0], [-90.3304, 41.24658, 0], [-90.33044, 41.24634, 0], [-90.33068, 41.24506, 0], [-90.33071, 41.24487, 0], [-90.33075, 41.24467, 0], [-90.33076, 41.24458, 0], [-90.33078, 41.24449, 0], [-90.33093, 41.24369, 0], [-90.33095, 41.24356, 0], [-90.33096, 41.24347, 0], [-90.33097, 41.24343, 0], [-90.33105, 41.24302, 0], [-90.33105, 41.243, 0], [-90.33117, 41.24234, 0], [-90.33131, 41.24163, 0], [-90.33141, 41.24108, 0], [-90.33141, 41.24107, 0], [-90.33147, 41.24073, 0], [-90.33148, 41.24069, 0], [-90.33164, 41.23981, 0], [-90.33169, 41.23947, 0], [-90.33174, 41.23918, 0], [-90.33176, 41.23903, 0], [-90.33177, 41.23899, 0], [-90.33181, 41.23868, 0], [-90.33183, 41.23858, 0], [-90.33183, 41.23855, 0], [-90.33185, 41.23836, 0], [-90.33187, 41.23823, 0], [-90.3319, 41.23792, 0], [-90.33191, 41.2379, 0], [-90.33192, 41.23774, 0], [-90.33193, 41.23769, 0], [-90.33197, 41.23725, 0], [-90.33201, 41.23667, 0], [-90.33201, 41.23658, 0], [-90.33202, 41.23646, 0], [-90.33202, 41.23633, 0], [-90.33203, 41.2361, 0], [-90.33203, 41.23592, 0], [-90.33204, 41.23574, 0], [-90.33204, 41.23436, 0], [-90.33202, 41.23324, 0], [-90.33201, 41.23297, 0], [-90.33198, 41.23073, 0], [-90.33198, 41.23027, 0], [-90.33197, 41.23001, 0], [-90.33197, 41.22965, 0], [-90.33196, 41.22938, 0], [-90.33196, 41.22903, 0], [-90.33195, 41.22885, 0], [-90.33195, 41.22846, 0], [-90.33194, 41.22821, 0], [-90.33194, 41.22777, 0], [-90.33193, 41.22771, 0], [-90.33193, 41.22719, 0], [-90.33192, 41.22687, 0], [-90.33191, 41.22445, 0], [-90.33192, 41.22309, 0], [-90.33193, 41.22273, 0], [-90.33193, 41.22237, 0], [-90.33194, 41.22219, 0], [-90.33194, 41.22183, 0], [-90.33195, 41.22165, 0], [-90.33195, 41.2212, 0], [-90.332, 41.21846, 0], [-90.33202, 41.2165, 0], [-90.33203, 41.2162, 0], [-90.33203, 41.21573, 0], [-90.33204, 41.21549, 0], [-90.33205, 41.21433, 0], [-90.33206, 41.21403, 0], [-90.33207, 41.21306, 0], [-90.33208, 41.21271, 0], [-90.33209, 41.21145, 0], [-90.3321, 41.21127, 0], [-90.3321, 41.21106, 0], [-90.33213, 41.20967, 0], [-90.33213, 41.20938, 0], [-90.33214, 41.20911, 0], [-90.33214, 41.20899, 0], [-90.33215, 41.20893, 0], [-90.33217, 41.20854, 0], [-90.33219, 41.20827, 0], [-90.33219, 41.20821, 0], [-90.33221, 41.20803, 0], [-90.33221, 41.20798, 0], [-90.33227, 41.20731, 0], [-90.33229, 41.20719, 0], [-90.33232, 41.20686, 0], [-90.33255, 41.20531, 0], [-90.33264, 41.2048, 0], [-90.33266, 41.20462, 0], [-90.33267, 41.20458, 0], [-90.33271, 41.20433, 0], [-90.33272, 41.20429, 0], [-90.33282, 41.20364, 0], [-90.3329, 41.20318, 0], [-90.33292, 41.20304, 0], [-90.33301, 41.20251, 0], [-90.33302, 41.20242, 0], [-90.33313, 41.20174, 0], [-90.33314, 41.20163, 0], [-90.33318, 41.20133, 0], [-90.33319, 41.2013, 0], [-90.33322, 41.20107, 0], [-90.33329, 41.20041, 0], [-90.33329, 41.20035, 0], [-90.33331, 41.20016, 0], [-90.33332, 41.2, 0], [-90.33332, 41.19995, 0], [-90.33335, 41.19961, 0], [-90.33336, 41.1994, 0], [-90.33337, 41.19928, 0], [-90.33339, 41.19883, 0], [-90.3334, 41.19842, 0], [-90.3334, 41.19799, 0], [-90.33339, 41.19777, 0], [-90.33339, 41.19727, 0], [-90.33337, 41.19698, 0], [-90.33337, 41.19693, 0], [-90.33336, 41.19674, 0], [-90.33336, 41.19669, 0], [-90.33335, 41.19657, 0], [-90.33335, 41.19645, 0], [-90.33332, 41.19613, 0], [-90.33331, 41.19591, 0], [-90.33329, 41.19576, 0], [-90.33327, 41.19549, 0], [-90.33317, 41.19466, 0], [-90.33316, 41.19454, 0], [-90.33292, 41.19285, 0], [-90.3329, 41.19275, 0], [-90.3328, 41.19209, 0], [-90.33277, 41.19184, 0], [-90.33268, 41.19126, 0], [-90.33264, 41.19094, 0], [-90.33263, 41.19078, 0], [-90.33261, 41.19066, 0], [-90.33253, 41.18979, 0], [-90.33252, 41.18961, 0], [-90.3325, 41.18937, 0], [-90.33248, 41.18881, 0], [-90.33247, 41.18872, 0], [-90.33247, 41.18846, 0], [-90.33246, 41.18824, 0], [-90.33246, 41.18756, 0], [-90.33247, 41.18732, 0], [-90.33247, 41.18707, 0], [-90.33248, 41.18687, 0], [-90.33248, 41.1863, 0], [-90.33249, 41.18621, 0], [-90.33251, 41.1847, 0], [-90.33251, 41.18416, 0], [-90.33256, 41.18097, 0], [-90.33257, 41.18072, 0], [-90.33257, 41.18021, 0], [-90.33274, 41.16903, 0], [-90.33274, 41.16863, 0], [-90.33281, 41.16452, 0], [-90.33281, 41.16426, 0], [-90.33283, 41.16317, 0], [-90.33283, 41.16284, 0], [-90.33284, 41.1624, 0], [-90.33284, 41.16206, 0], [-90.33282, 41.16152, 0], [-90.33275, 41.16077, 0], [-90.33269, 41.16034, 0], [-90.33264, 41.16011, 0], [-90.33258, 41.15976, 0], [-90.33239, 41.15887, 0], [-90.33239, 41.15885, 0], [-90.33238, 41.15883, 0], [-90.33235, 41.15869, 0], [-90.33231, 41.15847, 0], [-90.33228, 41.15834, 0], [-90.33224, 41.15814, 0], [-90.33214, 41.1577, 0], [-90.33209, 41.15744, 0], [-90.33201, 41.15707, 0], [-90.33198, 41.15691, 0], [-90.33197, 41.15687, 0], [-90.33195, 41.15676, 0], [-90.33194, 41.15675, 0], [-90.33194, 41.15672, 0], [-90.33176, 41.15588, 0], [-90.33172, 41.15567, 0], [-90.33162, 41.15524, 0], [-90.33156, 41.15492, 0], [-90.33145, 41.15443, 0], [-90.33138, 41.15403, 0], [-90.33136, 41.15394, 0], [-90.3313, 41.1535, 0], [-90.33128, 41.15339, 0], [-90.33126, 41.15318, 0], [-90.33125, 41.153, 0], [-90.33124, 41.15296, 0], [-90.33124, 41.15284, 0], [-90.33123, 41.15283, 0], [-90.33121, 41.15244, 0], [-90.33121, 41.15176, 0], [-90.33123, 41.15131, 0], [-90.33125, 41.1511, 0], [-90.33125, 41.15109, 0], [-90.33129, 41.15066, 0], [-90.33132, 41.15042, 0], [-90.33135, 41.15022, 0], [-90.33138, 41.14998, 0], [-90.33142, 41.14977, 0], [-90.33145, 41.14956, 0], [-90.33148, 41.1493, 0], [-90.33152, 41.14903, 0], [-90.33156, 41.1488, 0], [-90.33163, 41.14824, 0], [-90.33168, 41.14794, 0], [-90.33171, 41.14769, 0], [-90.33173, 41.14761, 0], [-90.33174, 41.14751, 0], [-90.33194, 41.14608, 0], [-90.33194, 41.14607, 0], [-90.33198, 41.14585, 0], [-90.33204, 41.14542, 0], [-90.33205, 41.14532, 0], [-90.33216, 41.14454, 0], [-90.33221, 41.14423, 0], [-90.33222, 41.14412, 0], [-90.33228, 41.14379, 0], [-90.33231, 41.14358, 0], [-90.33234, 41.14347, 0], [-90.3324, 41.14315, 0], [-90.33243, 41.14304, 0], [-90.33245, 41.14293, 0], [-90.3325, 41.14271, 0], [-90.33262, 41.14228, 0], [-90.33264, 41.14219, 0], [-90.33268, 41.14207, 0], [-90.33277, 41.14175, 0], [-90.33281, 41.14163, 0], [-90.33288, 41.14139, 0], [-90.33305, 41.14085, 0], [-90.33313, 41.14057, 0], [-90.33327, 41.14012, 0], [-90.33337, 41.13982, 0], [-90.33353, 41.1393, 0], [-90.33356, 41.13919, 0], [-90.3336, 41.13908, 0], [-90.33366, 41.13887, 0], [-90.3337, 41.13876, 0], [-90.33373, 41.13866, 0], [-90.33375, 41.13858, 0], [-90.3338, 41.13844, 0], [-90.33386, 41.13822, 0], [-90.33393, 41.13801, 0], [-90.33399, 41.1378, 0], [-90.33403, 41.1377, 0], [-90.33403, 41.13769, 0], [-90.33407, 41.13758, 0], [-90.33408, 41.13753, 0], [-90.3341, 41.13747, 0], [-90.33416, 41.13726, 0], [-90.33429, 41.13684, 0], [-90.3343, 41.13682, 0], [-90.33433, 41.13673, 0], [-90.33439, 41.13652, 0], [-90.33446, 41.1363, 0], [-90.33452, 41.13609, 0], [-90.33459, 41.13588, 0], [-90.3348, 41.13513, 0], [-90.3348, 41.1351, 0], [-90.33485, 41.13491, 0], [-90.33492, 41.13459, 0], [-90.33502, 41.13406, 0], [-90.33502, 41.13403, 0], [-90.33505, 41.13386, 0], [-90.33506, 41.13384, 0], [-90.33509, 41.13361, 0], [-90.3351, 41.1335, 0], [-90.33512, 41.1334, 0], [-90.33512, 41.13332, 0], [-90.33513, 41.13328, 0], [-90.33518, 41.13278, 0], [-90.33518, 41.13275, 0], [-90.33519, 41.1326, 0], [-90.3352, 41.13252, 0], [-90.33522, 41.13197, 0], [-90.33522, 41.1317, 0], [-90.33523, 41.13154, 0], [-90.33522, 41.13152, 0], [-90.33522, 41.13111, 0], [-90.33521, 41.13089, 0], [-90.33519, 41.13066, 0], [-90.33518, 41.13044, 0], [-90.33516, 41.13022, 0], [-90.33514, 41.13011, 0], [-90.33514, 41.13009, 0], [-90.33511, 41.12979, 0], [-90.33503, 41.12927, 0], [-90.33498, 41.12903, 0], [-90.33495, 41.12885, 0], [-90.3348, 41.12815, 0], [-90.33459, 41.12741, 0], [-90.33452, 41.1272, 0], [-90.33446, 41.12698, 0], [-90.33442, 41.12687, 0], [-90.33439, 41.12677, 0], [-90.33432, 41.12657, 0], [-90.33421, 41.12623, 0], [-90.33417, 41.12613, 0], [-90.3341, 41.12592, 0], [-90.33404, 41.12572, 0], [-90.334, 41.1256, 0], [-90.33397, 41.12553, 0], [-90.33393, 41.12539, 0], [-90.33375, 41.12485, 0], [-90.33375, 41.12483, 0], [-90.33372, 41.12475, 0], [-90.33366, 41.12454, 0], [-90.33356, 41.12411, 0], [-90.33356, 41.1241, 0], [-90.33346, 41.12356, 0], [-90.3334, 41.12313, 0], [-90.33338, 41.12292, 0], [-90.33335, 41.12213, 0], [-90.33335, 41.12142, 0], [-90.33334, 41.12137, 0], [-90.33334, 41.12076, 0], [-90.33333, 41.12038, 0], [-90.33333, 41.11962, 0], [-90.33332, 41.11951, 0], [-90.33331, 41.1188, 0], [-90.33331, 41.11816, 0], [-90.33325, 41.11315, 0], [-90.33324, 41.11304, 0], [-90.33324, 41.11238, 0], [-90.33315, 41.10526, 0], [-90.33315, 41.10471, 0], [-90.33314, 41.1044, 0], [-90.33312, 41.10244, 0], [-90.33311, 41.1021, 0], [-90.33311, 41.10142, 0], [-90.33308, 41.09913, 0], [-90.33307, 41.09903, 0], [-90.33307, 41.09815, 0], [-90.33306, 41.09804, 0], [-90.33306, 41.0976, 0], [-90.33307, 41.09749, 0], [-90.33307, 41.09689, 0], [-90.33308, 41.09684, 0], [-90.33308, 41.09662, 0], [-90.33309, 41.0965, 0], [-90.33309, 41.0964, 0], [-90.3331, 41.09629, 0], [-90.3331, 41.09607, 0], [-90.33312, 41.09586, 0], [-90.33312, 41.09575, 0], [-90.33313, 41.09563, 0], [-90.33313, 41.09552, 0], [-90.33317, 41.09509, 0], [-90.33317, 41.09498, 0], [-90.33321, 41.09454, 0], [-90.33321, 41.09442, 0], [-90.33325, 41.09399, 0], [-90.33325, 41.09388, 0], [-90.33329, 41.09345, 0], [-90.33329, 41.09333, 0], [-90.33333, 41.0929, 0], [-90.33333, 41.09279, 0], [-90.33337, 41.09235, 0], [-90.33338, 41.09213, 0], [-90.33341, 41.0918, 0], [-90.33341, 41.09169, 0], [-90.33345, 41.09125, 0], [-90.33345, 41.09114, 0], [-90.33348, 41.09081, 0], [-90.33348, 41.09071, 0], [-90.33353, 41.09015, 0], [-90.33353, 41.09005, 0], [-90.33357, 41.08961, 0], [-90.33357, 41.0895, 0], [-90.33359, 41.08928, 0], [-90.33359, 41.08923, 0], [-90.33361, 41.08906, 0], [-90.33361, 41.08895, 0], [-90.33363, 41.08874, 0], [-90.33363, 41.08873, 0], [-90.33365, 41.08851, 0], [-90.33365, 41.08841, 0], [-90.33368, 41.08808, 0], [-90.33368, 41.08797, 0], [-90.33372, 41.08753, 0], [-90.33372, 41.08742, 0], [-90.33373, 41.08742, 0], [-90.33373, 41.08731, 0], [-90.33375, 41.08709, 0], [-90.33375, 41.08699, 0], [-90.33376, 41.08698, 0], [-90.33376, 41.08688, 0], [-90.3338, 41.08644, 0], [-90.33381, 41.08622, 0], [-90.33384, 41.08589, 0], [-90.33384, 41.08578, 0], [-90.33387, 41.08545, 0], [-90.33387, 41.08544, 0], [-90.33388, 41.08533, 0], [-90.33388, 41.08523, 0], [-90.3339, 41.08501, 0], [-90.33391, 41.08493, 0], [-90.33391, 41.08483, 0], [-90.33392, 41.08479, 0], [-90.33392, 41.08468, 0], [-90.33396, 41.08424, 0], [-90.33396, 41.08414, 0], [-90.334, 41.0837, 0], [-90.334, 41.08359, 0], [-90.33404, 41.08315, 0], [-90.33404, 41.08304, 0], [-90.33406, 41.08282, 0], [-90.33406, 41.08271, 0], [-90.33408, 41.0825, 0], [-90.33411, 41.08205, 0], [-90.33414, 41.08173, 0], [-90.33418, 41.08109, 0], [-90.33422, 41.08063, 0], [-90.33422, 41.08051, 0], [-90.33424, 41.08031, 0], [-90.33429, 41.07953, 0], [-90.33432, 41.07921, 0], [-90.33436, 41.07857, 0], [-90.33436, 41.07844, 0], [-90.33437, 41.07831, 0], [-90.33438, 41.07829, 0], [-90.33442, 41.07777, 0], [-90.33444, 41.07739, 0], [-90.33447, 41.07705, 0], [-90.33447, 41.077, 0], [-90.3345, 41.07668, 0], [-90.33458, 41.07561, 0], [-90.3346, 41.07516, 0], [-90.33464, 41.07464, 0], [-90.33464, 41.07457, 0], [-90.33466, 41.07439, 0], [-90.33468, 41.07407, 0], [-90.33468, 41.07384, 0], [-90.33469, 41.07357, 0], [-90.33469, 41.07339, 0], [-90.3347, 41.07328, 0], [-90.3347, 41.07293, 0], [-90.33469, 41.07273, 0], [-90.33469, 41.07229, 0], [-90.33468, 41.07205, 0], [-90.33468, 41.07198, 0], [-90.33465, 41.07137, 0], [-90.33463, 41.07111, 0], [-90.33463, 41.07109, 0], [-90.3346, 41.07084, 0], [-90.33459, 41.07062, 0], [-90.33457, 41.0704, 0], [-90.33454, 41.07019, 0], [-90.33451, 41.06986, 0], [-90.33451, 41.06985, 0], [-90.33443, 41.06914, 0], [-90.33443, 41.06913, 0], [-90.3344, 41.06882, 0], [-90.33436, 41.0685, 0], [-90.33436, 41.06849, 0], [-90.33432, 41.06813, 0], [-90.33431, 41.06807, 0], [-90.33423, 41.06735, 0], [-90.33422, 41.06723, 0], [-90.33415, 41.06664, 0], [-90.33412, 41.06631, 0], [-90.33406, 41.06585, 0], [-90.33402, 41.06543, 0], [-90.33395, 41.06488, 0], [-90.33395, 41.06482, 0], [-90.33389, 41.06434, 0], [-90.33388, 41.06414, 0], [-90.33387, 41.06409, 0], [-90.33384, 41.06383, 0], [-90.33382, 41.06353, 0], [-90.33377, 41.06232, 0], [-90.33377, 41.06136, 0], [-90.3338, 41.06045, 0], [-90.33381, 41.06038, 0], [-90.33384, 41.05958, 0], [-90.33385, 41.05949, 0], [-90.33386, 41.05921, 0], [-90.33386, 41.05906, 0], [-90.3339, 41.05807, 0], [-90.33391, 41.05797, 0], [-90.33391, 41.05785, 0], [-90.33395, 41.05699, 0], [-90.33395, 41.05676, 0], [-90.33402, 41.05532, 0], [-90.33402, 41.05521, 0], [-90.33403, 41.05506, 0], [-90.33403, 41.05489, 0], [-90.33407, 41.05402, 0], [-90.33407, 41.05391, 0], [-90.33408, 41.05369, 0], [-90.33409, 41.05358, 0], [-90.33409, 41.05347, 0], [-90.3341, 41.05325, 0], [-90.3341, 41.05314, 0], [-90.33412, 41.05292, 0], [-90.33412, 41.05281, 0], [-90.33413, 41.05259, 0], [-90.33413, 41.05241, 0], [-90.33417, 41.05149, 0], [-90.33417, 41.05139, 0], [-90.33418, 41.05128, 0], [-90.3342, 41.05073, 0], [-90.3342, 41.05062, 0], [-90.33424, 41.04985, 0], [-90.33424, 41.04964, 0], [-90.33425, 41.04942, 0], [-90.33427, 41.0492, 0], [-90.33427, 41.04898, 0], [-90.33428, 41.04887, 0], [-90.33429, 41.04865, 0], [-90.33429, 41.04843, 0], [-90.3343, 41.04832, 0], [-90.3343, 41.04821, 0], [-90.33431, 41.0481, 0], [-90.33432, 41.04789, 0], [-90.33432, 41.04779, 0], [-90.33433, 41.04767, 0], [-90.33433, 41.04745, 0], [-90.33434, 41.04734, 0], [-90.33434, 41.04724, 0], [-90.33435, 41.04712, 0], [-90.33435, 41.04701, 0], [-90.33437, 41.04671, 0], [-90.33437, 41.04658, 0], [-90.33438, 41.04647, 0], [-90.33438, 41.04636, 0], [-90.33439, 41.04618, 0], [-90.33439, 41.046, 0], [-90.3344, 41.04593, 0], [-90.3344, 41.0457, 0], [-90.33441, 41.04559, 0], [-90.33441, 41.04537, 0], [-90.33442, 41.04526, 0], [-90.33442, 41.04503, 0], [-90.33443, 41.04483, 0], [-90.33443, 41.04471, 0], [-90.33444, 41.04451, 0], [-90.33444, 41.04395, 0], [-90.33445, 41.04385, 0], [-90.33445, 41.04351, 0], [-90.33446, 41.04348, 0], [-90.33446, 41.04297, 0], [-90.33447, 41.04275, 0], [-90.33447, 41.04231, 0], [-90.33448, 41.0421, 0], [-90.33448, 41.04177, 0], [-90.33449, 41.04166, 0], [-90.33449, 41.04132, 0], [-90.3345, 41.04111, 0], [-90.3345, 41.04067, 0], [-90.33451, 41.04056, 0], [-90.33451, 41.04013, 0], [-90.33452, 41.04002, 0], [-90.33452, 41.03969, 0], [-90.33453, 41.03947, 0], [-90.33453, 41.03926, 0], [-90.33454, 41.03914, 0], [-90.33454, 41.03871, 0], [-90.33455, 41.03849, 0], [-90.33455, 41.03826, 0], [-90.33456, 41.03805, 0], [-90.33456, 41.03761, 0], [-90.33457, 41.0374, 0], [-90.33457, 41.03718, 0], [-90.33458, 41.03696, 0], [-90.33458, 41.03652, 0], [-90.33459, 41.0363, 0], [-90.33459, 41.03608, 0], [-90.3346, 41.03586, 0], [-90.3346, 41.03543, 0], [-90.33461, 41.03521, 0], [-90.33461, 41.03499, 0], [-90.33463, 41.03411, 0], [-90.33463, 41.03378, 0], [-90.33464, 41.03356, 0], [-90.33464, 41.03313, 0], [-90.33465, 41.0329, 0], [-90.33465, 41.03269, 0], [-90.33466, 41.03247, 0], [-90.33466, 41.03225, 0], [-90.33467, 41.03203, 0], [-90.33467, 41.03182, 0], [-90.33468, 41.0316, 0], [-90.33468, 41.03116, 0], [-90.33469, 41.03094, 0], [-90.33482, 41.02353, 0], [-90.33483, 41.02348, 0], [-90.33485, 41.02214, 0], [-90.33486, 41.02196, 0], [-90.33486, 41.0216, 0], [-90.33487, 41.02142, 0], [-90.33487, 41.02114, 0], [-90.33492, 41.0187, 0], [-90.33494, 41.01825, 0], [-90.335, 41.01378, 0], [-90.33502, 41.01313, 0], [-90.33502, 41.01295, 0], [-90.33504, 41.01246, 0], [-90.33509, 41.00971, 0], [-90.33509, 41.00935, 0], [-90.3351, 41.00919, 0], [-90.3351, 41.00899, 0], [-90.33515, 41.00646, 0], [-90.33516, 41.00622, 0], [-90.33518, 41.00592, 0], [-90.33523, 41.00485, 0], [-90.33532, 41.0036, 0], [-90.33532, 41.0035, 0], [-90.33533, 41.00341, 0], [-90.33539, 41.00252, 0], [-90.33541, 41.00234, 0], [-90.33669, 40.98457, 0], [-90.33671, 40.984, 0], [-90.33676, 40.98332, 0], [-90.33675, 40.983, 0], [-90.33675, 40.98281, 0], [-90.33676, 40.98256, 0], [-90.33676, 40.98217, 0], [-90.33671, 40.98127, 0], [-90.33668, 40.98108, 0], [-90.33663, 40.9806, 0], [-90.3364, 40.9789, 0], [-90.33625, 40.97814, 0], [-90.33621, 40.97799, 0], [-90.33619, 40.9779, 0], [-90.33599, 40.9772, 0], [-90.33596, 40.97712, 0], [-90.33593, 40.97702, 0], [-90.33591, 40.97694, 0], [-90.33588, 40.97685, 0], [-90.33576, 40.97644, 0], [-90.3357, 40.97627, 0], [-90.33565, 40.97611, 0], [-90.33534, 40.97524, 0], [-90.33527, 40.97507, 0], [-90.33527, 40.97506, 0], [-90.33523, 40.97496, 0], [-90.3352, 40.9749, 0], [-90.3352, 40.97489, 0], [-90.33509, 40.97465, 0], [-90.33464, 40.97353, 0], [-90.33447, 40.97307, 0], [-90.33413, 40.97235, 0], [-90.3339, 40.97177, 0], [-90.33361, 40.97108, 0], [-90.3336, 40.97105, 0], [-90.33358, 40.97101, 0], [-90.33354, 40.97091, 0], [-90.3335, 40.97082, 0], [-90.33347, 40.97074, 0], [-90.33325, 40.97022, 0], [-90.33323, 40.97018, 0], [-90.33289, 40.96936, 0], [-90.33288, 40.96932, 0], [-90.33265, 40.96877, 0], [-90.33257, 40.9686, 0], [-90.33253, 40.9685, 0], [-90.33252, 40.96847, 0], [-90.33245, 40.9683, 0], [-90.33245, 40.96829, 0], [-90.33238, 40.96813, 0], [-90.33224, 40.96775, 0], [-90.33222, 40.96768, 0], [-90.33219, 40.96761, 0], [-90.33218, 40.96757, 0], [-90.33213, 40.96743, 0], [-90.33213, 40.96742, 0], [-90.33205, 40.96717, 0], [-90.33192, 40.9667, 0], [-90.3319, 40.96664, 0], [-90.33184, 40.96641, 0], [-90.33173, 40.96584, 0], [-90.33159, 40.96493, 0], [-90.33154, 40.96407, 0], [-90.33154, 40.96332, 0], [-90.33155, 40.96315, 0], [-90.33157, 40.96295, 0], [-90.33159, 40.96256, 0], [-90.3317, 40.96167, 0], [-90.33196, 40.95993, 0], [-90.33197, 40.95991, 0], [-90.33207, 40.95922, 0], [-90.33209, 40.95904, 0], [-90.33221, 40.95822, 0], [-90.33222, 40.95818, 0], [-90.33226, 40.95784, 0], [-90.33238, 40.95712, 0], [-90.33241, 40.95679, 0], [-90.33251, 40.95614, 0], [-90.33253, 40.95594, 0], [-90.33312, 40.95174, 0], [-90.33315, 40.95156, 0], [-90.33318, 40.95145, 0], [-90.33358, 40.94886, 0], [-90.33364, 40.94884, 0], [-90.33366, 40.9488, 0], [-90.33373, 40.94856, 0], [-90.33373, 40.94854, 0], [-90.33376, 40.94843, 0], [-90.33382, 40.9483, 0], [-90.33389, 40.94819, 0], [-90.334, 40.94804, 0], [-90.33404, 40.948, 0], [-90.33416, 40.94789, 0], [-90.3343, 40.94777, 0], [-90.33445, 40.94765, 0], [-90.33461, 40.94753, 0], [-90.33475, 40.94745, 0], [-90.33479, 40.94743, 0], [-90.3348, 40.94742, 0], [-90.33481, 40.94742, 0], [-90.33485, 40.9474, 0], [-90.33488, 40.94738, 0], [-90.33491, 40.94737, 0], [-90.33496, 40.94735, 0], [-90.33498, 40.94734, 0], [-90.33501, 40.94733, 0], [-90.33512, 40.94731, 0], [-90.3352, 40.94729, 0], [-90.33527, 40.94728, 0], [-90.33664, 40.9474, 0], [-90.33736, 40.94743, 0], [-90.33758, 40.94737, 0], [-90.33773, 40.94737, 0], [-90.33791, 40.94738, 0], [-90.339, 40.94738, 0], [-90.33979, 40.94737, 0], [-90.34031, 40.94738, 0], [-90.34121, 40.94738, 0], [-90.34162, 40.94739, 0], [-90.34259, 40.94738, 0], [-90.34291, 40.94739, 0], [-90.34413, 40.94739, 0], [-90.34497, 40.9474, 0], [-90.34921, 40.9474, 0], [-90.34988, 40.94741, 0], [-90.35624, 40.94741, 0], [-90.35669, 40.94742, 0], [-90.3568, 40.94741, 0], [-90.35709, 40.94742, 0], [-90.35784, 40.94742, 0], [-90.35815, 40.94743, 0], [-90.35841, 40.94742, 0], [-90.35888, 40.94743, 0], [-90.36, 40.94743, 0], [-90.36044, 40.94742, 0], [-90.36049, 40.94743, 0], [-90.36191, 40.94743, 0], [-90.36237, 40.94744, 0], [-90.3702, 40.94747, 0], [-90.37036, 40.94751, 0], [-90.3704, 40.94753, 0], [-90.37045, 40.94755, 0], [-90.37049, 40.94757, 0], [-90.37054, 40.94761, 0], [-90.37056, 40.94762, 0], [-90.3707, 40.94772, 0], [-90.37073, 40.94776, 0], [-90.37076, 40.94778, 0], [-90.37091, 40.94786, 0], [-90.37095, 40.94787, 0], [-90.37098, 40.94787, 0], [-90.37102, 40.94788, 0], [-90.37119, 40.94788, 0], [-90.37124, 40.94787, 0], [-90.37126, 40.94786, 0]]}, "properties": {"locationID": "rte004", "Location/feature name (incl. historical names)": "Grinnell to Galesburg", "COMPLETE": "FALSE", "Geometry type": "line", "Geography type": "route", "Country": "USA", "Region": "", "State/Province": "Iowa - Illinois", "County": "", "City": "Grinnell, IA - Burlington, IA - Galesburg, IL", "Neighborhood (incl. boroughs)": "", "Street address": "", "Notes": "route on google maps", "Source": ""}}, {"type": "Feature", "geometry": {"type": "LineString", "coordinates": [[-73.79354, 40.79993, 0], [-73.79358, 40.80494, 0], [-73.79359, 40.80504, 0], [-73.79363, 40.80996, 0], [-73.79365, 40.8102, 0], [-73.79367, 40.81033, 0], [-73.79368, 40.81046, 0], [-73.79377, 40.81096, 0], [-73.79384, 40.81123, 0], [-73.79386, 40.81133, 0], [-73.79392, 40.81149, 0], [-73.79399, 40.81171, 0], [-73.79415, 40.81212, 0], [-73.79418, 40.81221, 0], [-73.79439, 40.81265, 0], [-73.79445, 40.81275, 0], [-73.79447, 40.8128, 0], [-73.79448, 40.8128, 0], [-73.79456, 40.81295, 0], [-73.79471, 40.8132, 0], [-73.79492, 40.81351, 0], [-73.79498, 40.81361, 0], [-73.79511, 40.81379, 0], [-73.7952, 40.81389, 0], [-73.79545, 40.8142, 0], [-73.79602, 40.81479, 0], [-73.79656, 40.81526, 0], [-73.79663, 40.81531, 0], [-73.79689, 40.81552, 0], [-73.79701, 40.8156, 0], [-73.79711, 40.81568, 0], [-73.79724, 40.81577, 0], [-73.79768, 40.81605, 0], [-73.79774, 40.81608, 0], [-73.79785, 40.81615, 0], [-73.7983, 40.8164, 0], [-73.79885, 40.81667, 0], [-73.79897, 40.81672, 0], [-73.79907, 40.81677, 0], [-73.79983, 40.81708, 0], [-73.79991, 40.8171, 0], [-73.80009, 40.81717, 0], [-73.80039, 40.81727, 0], [-73.80049, 40.81729, 0], [-73.80077, 40.81738, 0], [-73.80108, 40.81746, 0], [-73.80118, 40.81748, 0], [-73.80124, 40.8175, 0], [-73.80125, 40.8175, 0], [-73.80159, 40.81758, 0], [-73.80183, 40.81762, 0], [-73.80189, 40.81764, 0], [-73.80222, 40.8177, 0], [-73.80276, 40.81778, 0], [-73.80288, 40.81779, 0], [-73.80293, 40.8178, 0], [-73.80306, 40.81781, 0], [-73.80309, 40.81782, 0], [-73.80338, 40.81785, 0], [-73.80341, 40.81786, 0], [-73.80365, 40.81788, 0], [-73.80376, 40.8179, 0], [-73.80379, 40.8179, 0], [-73.80428, 40.81796, 0], [-73.80444, 40.81806, 0], [-73.80444, 40.81807, 0], [-73.80445, 40.81807, 0], [-73.80453, 40.81809, 0], [-73.80457, 40.81811, 0], [-73.80479, 40.81818, 0], [-73.80481, 40.81819, 0], [-73.80489, 40.81821, 0], [-73.80549, 40.81841, 0], [-73.8055, 40.81841, 0], [-73.80554, 40.81843, 0], [-73.80563, 40.81845, 0], [-73.80573, 40.81849, 0], [-73.80605, 40.81857, 0], [-73.80647, 40.8187, 0], [-73.80654, 40.81873, 0], [-73.80659, 40.81874, 0], [-73.80733, 40.81897, 0], [-73.80741, 40.819, 0], [-73.80743, 40.819, 0], [-73.80747, 40.81902, 0], [-73.80808, 40.81921, 0], [-73.80816, 40.81923, 0], [-73.80867, 40.8194, 0], [-73.80869, 40.8194, 0], [-73.80873, 40.81942, 0], [-73.80924, 40.81958, 0], [-73.80925, 40.81958, 0], [-73.8093, 40.81959, 0], [-73.80932, 40.8196, 0], [-73.8094, 40.81963, 0], [-73.80957, 40.81968, 0], [-73.80961, 40.81963, 0], [-73.80964, 40.8196, 0], [-73.80965, 40.81958, 0], [-73.80965, 40.81957, 0], [-73.80966, 40.81954, 0], [-73.80967, 40.81952, 0], [-73.80969, 40.81946, 0], [-73.80981, 40.81917, 0], [-73.80984, 40.81911, 0], [-73.80984, 40.8191, 0], [-73.80985, 40.81908, 0], [-73.80989, 40.81897, 0], [-73.8099, 40.81895, 0], [-73.80991, 40.81892, 0], [-73.80997, 40.81878, 0], [-73.80997, 40.81877, 0], [-73.80998, 40.81875, 0], [-73.81003, 40.81861, 0], [-73.80987, 40.81855, 0], [-73.80983, 40.81854, 0], [-73.80981, 40.81854, 0], [-73.80971, 40.8185, 0], [-73.80818, 40.81801, 0], [-73.80813, 40.81799, 0], [-73.80769, 40.81785, 0], [-73.80753, 40.81779, 0], [-73.80747, 40.81778, 0], [-73.80609, 40.81733, 0], [-73.806, 40.81736, 0], [-73.80596, 40.81739, 0], [-73.80588, 40.81743, 0], [-73.80553, 40.81764, 0], [-73.80547, 40.81766, 0], [-73.80546, 40.81767, 0], [-73.80542, 40.81768, 0], [-73.80535, 40.81771, 0], [-73.80521, 40.81775, 0], [-73.80519, 40.81775, 0], [-73.80503, 40.81778, 0], [-73.80473, 40.8178, 0], [-73.80463, 40.81779, 0], [-73.80453, 40.81779, 0], [-73.80439, 40.81783, 0], [-73.80375, 40.81774, 0], [-73.80368, 40.81774, 0], [-73.80341, 40.8177, 0], [-73.80283, 40.81764, 0], [-73.8028, 40.81763, 0], [-73.80268, 40.81762, 0], [-73.80238, 40.81758, 0], [-73.80164, 40.81745, 0], [-73.80131, 40.81738, 0], [-73.80124, 40.81737, 0], [-73.80119, 40.81735, 0], [-73.80104, 40.81732, 0], [-73.80057, 40.81719, 0], [-73.80049, 40.81716, 0], [-73.80031, 40.81711, 0], [-73.79975, 40.81692, 0], [-73.79964, 40.81687, 0], [-73.79946, 40.81681, 0], [-73.79932, 40.81675, 0], [-73.79926, 40.81673, 0], [-73.79878, 40.81651, 0], [-73.79842, 40.81633, 0], [-73.79769, 40.81591, 0], [-73.79717, 40.81556, 0], [-73.79693, 40.81538, 0], [-73.79684, 40.81532, 0], [-73.7964, 40.81495, 0], [-73.79619, 40.81476, 0], [-73.79604, 40.81461, 0], [-73.79595, 40.81453, 0], [-73.79586, 40.81444, 0], [-73.79578, 40.81434, 0], [-73.79569, 40.81425, 0], [-73.79551, 40.81405, 0], [-73.79526, 40.81375, 0], [-73.79506, 40.81348, 0], [-73.79478, 40.81306, 0], [-73.79472, 40.81294, 0], [-73.79455, 40.81266, 0], [-73.79453, 40.81261, 0], [-73.7944, 40.81236, 0], [-73.79435, 40.81223, 0], [-73.79429, 40.81211, 0], [-73.79406, 40.81149, 0], [-73.79398, 40.81123, 0], [-73.79386, 40.81068, 0], [-73.79381, 40.81033, 0], [-73.79378, 40.81004, 0], [-73.79377, 40.80987, 0], [-73.79376, 40.80783, 0], [-73.79375, 40.80761, 0], [-73.79376, 40.80754, 0], [-73.79374, 40.80491, 0], [-73.79373, 40.80476, 0], [-73.79372, 40.80213, 0], [-73.79371, 40.80191, 0], [-73.79371, 40.80091, 0], [-73.7937, 40.80063, 0], [-73.79369, 40.79809, 0], [-73.79368, 40.79796, 0], [-73.79366, 40.79392, 0], [-73.79365, 40.79381, 0], [-73.79365, 40.79358, 0], [-73.79363, 40.79336, 0], [-73.79356, 40.79285, 0], [-73.79341, 40.79216, 0], [-73.79327, 40.79173, 0], [-73.79312, 40.79135, 0], [-73.79308, 40.79127, 0], [-73.79302, 40.79112, 0], [-73.79296, 40.791, 0], [-73.79296, 40.79099, 0], [-73.79289, 40.79086, 0], [-73.79277, 40.79066, 0], [-73.7928, 40.79058, 0], [-73.7928, 40.79057, 0], [-73.79275, 40.79039, 0], [-73.79267, 40.79017, 0], [-73.79266, 40.79011, 0], [-73.79262, 40.78994, 0], [-73.79241, 40.78851, 0], [-73.79237, 40.78837, 0], [-73.79228, 40.78817, 0], [-73.79213, 40.78802, 0], [-73.79205, 40.78796, 0], [-73.7919, 40.78787, 0], [-73.79176, 40.78781, 0], [-73.7917, 40.7878, 0], [-73.79162, 40.78778, 0], [-73.79144, 40.78775, 0], [-73.79131, 40.78774, 0], [-73.79123, 40.78774, 0], [-73.79094, 40.78778, 0], [-73.79088, 40.7878, 0], [-73.79083, 40.78781, 0], [-73.79078, 40.78783, 0], [-73.7907, 40.78787, 0], [-73.79056, 40.78792, 0], [-73.79044, 40.78798, 0], [-73.79038, 40.788, 0], [-73.79036, 40.78802, 0], [-73.79018, 40.78809, 0], [-73.78902, 40.78861, 0], [-73.78892, 40.78866, 0], [-73.78861, 40.78878, 0], [-73.78854, 40.7888, 0], [-73.78847, 40.78883, 0], [-73.78817, 40.78891, 0], [-73.78799, 40.78897, 0], [-73.78788, 40.78906, 0], [-73.78752, 40.78915, 0], [-73.78688, 40.78927, 0], [-73.78687, 40.78927, 0], [-73.78606, 40.78938, 0], [-73.78526, 40.78944, 0], [-73.78485, 40.78946, 0], [-73.7847, 40.78946, 0], [-73.78457, 40.78947, 0], [-73.78385, 40.78947, 0], [-73.7837, 40.78946, 0], [-73.78341, 40.78946, 0], [-73.78302, 40.78944, 0], [-73.78286, 40.78944, 0], [-73.78272, 40.78943, 0], [-73.78267, 40.78942, 0], [-73.78258, 40.78942, 0], [-73.78242, 40.7894, 0], [-73.78192, 40.78936, 0], [-73.7813, 40.78927, 0], [-73.78122, 40.78925, 0], [-73.78103, 40.78922, 0], [-73.7802, 40.78904, 0], [-73.78007, 40.789, 0], [-73.77994, 40.78897, 0], [-73.7796, 40.78887, 0], [-73.77882, 40.78861, 0], [-73.77878, 40.78859, 0], [-73.77828, 40.78839, 0], [-73.77777, 40.78815, 0], [-73.77775, 40.78815, 0], [-73.77765, 40.7881, 0], [-73.77753, 40.78803, 0], [-73.77742, 40.78798, 0], [-73.7773, 40.78791, 0], [-73.77707, 40.78779, 0], [-73.77696, 40.78772, 0], [-73.77684, 40.78766, 0], [-73.77639, 40.78738, 0], [-73.7762, 40.78725, 0], [-73.77593, 40.78705, 0], [-73.7758, 40.78694, 0], [-73.77569, 40.78686, 0], [-73.77538, 40.78661, 0], [-73.77504, 40.7863, 0], [-73.77495, 40.78621, 0], [-73.77487, 40.78612, 0], [-73.7747, 40.78595, 0], [-73.77463, 40.78587, 0], [-73.77454, 40.78578, 0], [-73.77391, 40.78505, 0], [-73.77384, 40.78496, 0], [-73.77376, 40.78487, 0], [-73.77369, 40.78478, 0], [-73.7736, 40.78469, 0], [-73.77236, 40.78324, 0], [-73.77189, 40.78275, 0], [-73.77186, 40.78271, 0], [-73.77096, 40.78186, 0], [-73.77075, 40.78165, 0], [-73.77055, 40.78147, 0], [-73.76984, 40.78079, 0], [-73.7695, 40.78041, 0], [-73.76912, 40.77991, 0], [-73.76891, 40.7796, 0], [-73.7687, 40.77925, 0], [-73.7685, 40.77888, 0], [-73.7682, 40.77825, 0], [-73.7681, 40.77802, 0], [-73.76792, 40.77765, 0], [-73.76782, 40.77742, 0], [-73.76729, 40.77633, 0], [-73.76716, 40.77609, 0], [-73.76679, 40.77546, 0], [-73.76633, 40.77475, 0], [-73.76581, 40.77403, 0], [-73.76544, 40.77359, 0], [-73.76509, 40.7732, 0], [-73.76469, 40.7728, 0], [-73.7646, 40.7727, 0], [-73.76423, 40.77236, 0], [-73.7637, 40.7719, 0], [-73.76184, 40.7704, 0], [-73.76156, 40.77014, 0], [-73.76141, 40.76999, 0], [-73.7613, 40.76989, 0], [-73.76118, 40.76974, 0], [-73.7611, 40.76965, 0], [-73.76071, 40.76917, 0], [-73.7605, 40.76887, 0], [-73.76022, 40.76841, 0], [-73.76012, 40.76823, 0], [-73.76005, 40.76808, 0], [-73.75995, 40.76789, 0], [-73.75973, 40.7674, 0], [-73.75964, 40.76718, 0], [-73.75959, 40.76708, 0], [-73.7595, 40.76684, 0], [-73.75918, 40.76587, 0], [-73.75869, 40.76448, 0], [-73.75851, 40.76403, 0], [-73.75835, 40.76374, 0], [-73.75835, 40.76373, 0], [-73.75829, 40.76363, 0], [-73.75827, 40.76362, 0], [-73.75825, 40.76358, 0], [-73.75824, 40.76357, 0], [-73.75813, 40.7634, 0], [-73.75781, 40.76301, 0], [-73.75779, 40.763, 0], [-73.75754, 40.76271, 0], [-73.75738, 40.76254, 0], [-73.75733, 40.7625, 0], [-73.75691, 40.76211, 0], [-73.75681, 40.76203, 0], [-73.75679, 40.76201, 0], [-73.75619, 40.76158, 0], [-73.75617, 40.76157, 0], [-73.75613, 40.76154, 0], [-73.75605, 40.76149, 0], [-73.75601, 40.76146, 0], [-73.75597, 40.76144, 0], [-73.75593, 40.76141, 0], [-73.75572, 40.76128, 0], [-73.75549, 40.76115, 0], [-73.75511, 40.76096, 0], [-73.75469, 40.76077, 0], [-73.75465, 40.76076, 0], [-73.7537, 40.76042, 0], [-73.75359, 40.76039, 0], [-73.75357, 40.76038, 0], [-73.75316, 40.76027, 0], [-73.75311, 40.76025, 0], [-73.75146, 40.75973, 0], [-73.75112, 40.7596, 0], [-73.75108, 40.75958, 0], [-73.75082, 40.75948, 0], [-73.75044, 40.75931, 0], [-73.74999, 40.75908, 0], [-73.74965, 40.75889, 0], [-73.74964, 40.75888, 0], [-73.74956, 40.75884, 0], [-73.74882, 40.75834, 0], [-73.74849, 40.75807, 0], [-73.74794, 40.75757, 0], [-73.74743, 40.75706, 0], [-73.74642, 40.75597, 0], [-73.74638, 40.75592, 0], [-73.74635, 40.75589, 0], [-73.74634, 40.75587, 0], [-73.74614, 40.75566, 0], [-73.74567, 40.7551, 0], [-73.74567, 40.75499, 0], [-73.74566, 40.75499, 0], [-73.74557, 40.75486, 0], [-73.74555, 40.75482, 0], [-73.74552, 40.75478, 0], [-73.74551, 40.75475, 0], [-73.74549, 40.75473, 0], [-73.74541, 40.75459, 0], [-73.74502, 40.75373, 0], [-73.745, 40.75367, 0], [-73.74498, 40.75364, 0], [-73.74496, 40.7536, 0], [-73.74489, 40.75351, 0], [-73.74485, 40.75348, 0], [-73.74481, 40.75344, 0], [-73.74467, 40.75336, 0], [-73.7445, 40.7533, 0], [-73.74446, 40.75329, 0], [-73.74431, 40.75327, 0], [-73.74408, 40.75327, 0], [-73.74394, 40.7533, 0], [-73.74388, 40.75332, 0], [-73.74383, 40.75333, 0], [-73.74376, 40.75337, 0], [-73.74371, 40.75339, 0], [-73.74367, 40.75342, 0], [-73.7436, 40.75346, 0], [-73.74358, 40.75348, 0], [-73.74354, 40.75351, 0], [-73.74347, 40.75361, 0], [-73.74345, 40.75363, 0], [-73.74337, 40.75375, 0], [-73.74326, 40.75389, 0], [-73.74322, 40.75397, 0], [-73.74304, 40.75418, 0], [-73.74296, 40.75426, 0], [-73.74289, 40.75432, 0], [-73.74284, 40.75435, 0], [-73.74283, 40.75436, 0], [-73.74272, 40.75439, 0], [-73.74262, 40.75447, 0], [-73.7426, 40.75448, 0], [-73.7416, 40.7552, 0], [-73.74104, 40.75564, 0], [-73.74103, 40.75565, 0], [-73.74075, 40.75584, 0], [-73.74074, 40.75585, 0], [-73.74074, 40.75586, 0], [-73.74072, 40.75597, 0], [-73.73757, 40.75802, 0], [-73.73718, 40.75826, 0], [-73.73705, 40.75833, 0], [-73.73671, 40.75854, 0], [-73.73651, 40.75865, 0], [-73.73645, 40.75869, 0], [-73.73642, 40.7587, 0], [-73.7364, 40.75872, 0], [-73.73559, 40.75916, 0], [-73.7352, 40.75935, 0], [-73.73486, 40.7595, 0], [-73.7342, 40.75976, 0], [-73.73394, 40.75984, 0], [-73.73381, 40.75989, 0], [-73.73368, 40.75993, 0], [-73.73315, 40.76012, 0], [-73.73289, 40.7602, 0], [-73.7325, 40.76034, 0], [-73.73237, 40.76038, 0], [-73.73225, 40.76043, 0], [-73.73213, 40.76047, 0], [-73.73166, 40.76067, 0], [-73.73088, 40.76105, 0], [-73.73074, 40.76113, 0], [-73.73065, 40.76119, 0], [-73.73056, 40.76124, 0], [-73.73055, 40.76125, 0], [-73.73042, 40.76133, 0], [-73.73032, 40.7614, 0], [-73.73009, 40.76154, 0], [-73.72999, 40.76161, 0], [-73.72998, 40.76162, 0], [-73.729, 40.76226, 0], [-73.72883, 40.76238, 0], [-73.72877, 40.76241, 0], [-73.7287, 40.76246, 0], [-73.72846, 40.76261, 0], [-73.72811, 40.7628, 0], [-73.72787, 40.76292, 0], [-73.72782, 40.76294, 0], [-73.72762, 40.76304, 0], [-73.7275, 40.76309, 0], [-73.72725, 40.76321, 0], [-73.72712, 40.76326, 0], [-73.72701, 40.76331, 0], [-73.72652, 40.7635, 0], [-73.72637, 40.76356, 0], [-73.72624, 40.7636, 0], [-73.72611, 40.76365, 0], [-73.72531, 40.76389, 0], [-73.72504, 40.76395, 0], [-73.7249, 40.76399, 0], [-73.72449, 40.76408, 0], [-73.72372, 40.76422, 0], [-73.723, 40.7643, 0], [-73.72286, 40.76431, 0], [-73.72282, 40.76432, 0], [-73.72214, 40.76438, 0], [-73.72208, 40.76439, 0], [-73.72092, 40.7645, 0], [-73.72082, 40.7645, 0], [-73.72071, 40.76451, 0], [-73.7199, 40.76462, 0], [-73.71975, 40.76465, 0], [-73.71967, 40.76466, 0], [-73.71931, 40.76474, 0], [-73.71919, 40.76478, 0], [-73.71914, 40.76479, 0], [-73.71879, 40.76489, 0], [-73.71877, 40.7649, 0], [-73.71863, 40.76494, 0], [-73.71861, 40.76495, 0], [-73.71814, 40.76512, 0], [-73.71774, 40.7653, 0], [-73.71738, 40.76548, 0], [-73.71737, 40.76548, 0], [-73.717, 40.7657, 0], [-73.71677, 40.76585, 0], [-73.71676, 40.76586, 0], [-73.71658, 40.76598, 0], [-73.71656, 40.76599, 0], [-73.71652, 40.76603, 0], [-73.71645, 40.76607, 0], [-73.71636, 40.76615, 0], [-73.71628, 40.76621, 0], [-73.71626, 40.76623, 0], [-73.71598, 40.76645, 0], [-73.71589, 40.76653, 0], [-73.71488, 40.76735, 0], [-73.71476, 40.76746, 0], [-73.71474, 40.76747, 0], [-73.71471, 40.76749, 0], [-73.71437, 40.76779, 0], [-73.71431, 40.76783, 0], [-73.71426, 40.76787, 0], [-73.7142, 40.7679, 0], [-73.714, 40.76803, 0], [-73.71365, 40.76823, 0], [-73.71346, 40.76832, 0], [-73.71341, 40.76835, 0], [-73.713, 40.76853, 0], [-73.71261, 40.76868, 0], [-73.71259, 40.76869, 0], [-73.71232, 40.76879, 0], [-73.71195, 40.76889, 0], [-73.71187, 40.76892, 0], [-73.71173, 40.76895, 0], [-73.71166, 40.76897, 0], [-73.71124, 40.76906, 0], [-73.7111, 40.76908, 0], [-73.71096, 40.76911, 0], [-73.71068, 40.76915, 0], [-73.71054, 40.76918, 0], [-73.7104, 40.76919, 0], [-73.71026, 40.76922, 0], [-73.71013, 40.76923, 0], [-73.71012, 40.76924, 0], [-73.70768, 40.76948, 0], [-73.70706, 40.7695, 0], [-73.70656, 40.7695, 0], [-73.70597, 40.76946, 0], [-73.70526, 40.76936, 0], [-73.70498, 40.7693, 0], [-73.70483, 40.76926, 0], [-73.70469, 40.76923, 0], [-73.70455, 40.76919, 0], [-73.70441, 40.76916, 0], [-73.70428, 40.76911, 0], [-73.70415, 40.76908, 0], [-73.70365, 40.7689, 0], [-73.70345, 40.76881, 0], [-73.70334, 40.76877, 0], [-73.70111, 40.76785, 0], [-73.70085, 40.76776, 0], [-73.70073, 40.76771, 0], [-73.70022, 40.76755, 0], [-73.70016, 40.76754, 0], [-73.69963, 40.7674, 0], [-73.6996, 40.7674, 0], [-73.69954, 40.76739, 0], [-73.69949, 40.76737, 0], [-73.69935, 40.76735, 0], [-73.69908, 40.76729, 0], [-73.69865, 40.76723, 0], [-73.69861, 40.76723, 0], [-73.69852, 40.76721, 0], [-73.69837, 40.7672, 0], [-73.69823, 40.76718, 0], [-73.6979, 40.76716, 0], [-73.69783, 40.76715, 0], [-73.69766, 40.76714, 0], [-73.69751, 40.76714, 0], [-73.69737, 40.76713, 0], [-73.69695, 40.76713, 0], [-73.6968, 40.76714, 0], [-73.69666, 40.76714, 0], [-73.69602, 40.76719, 0], [-73.69524, 40.76728, 0], [-73.6951, 40.76731, 0], [-73.69497, 40.76733, 0], [-73.69468, 40.76739, 0], [-73.69455, 40.76743, 0], [-73.69429, 40.76749, 0], [-73.69347, 40.76773, 0], [-73.69309, 40.76788, 0], [-73.69308, 40.76788, 0], [-73.6927, 40.76803, 0], [-73.69209, 40.76832, 0], [-73.69197, 40.76839, 0], [-73.69194, 40.7684, 0], [-73.68863, 40.77035, 0], [-73.68844, 40.77045, 0], [-73.68682, 40.77141, 0], [-73.6867, 40.77147, 0], [-73.68665, 40.7715, 0], [-73.68658, 40.77153, 0], [-73.68634, 40.77165, 0], [-73.68595, 40.77182, 0], [-73.68551, 40.77199, 0], [-73.68514, 40.77211, 0], [-73.68478, 40.77221, 0], [-73.68462, 40.77224, 0], [-73.68451, 40.77227, 0], [-73.68421, 40.77233, 0], [-73.68405, 40.77235, 0], [-73.68389, 40.77238, 0], [-73.68309, 40.77248, 0], [-73.68284, 40.77252, 0], [-73.68263, 40.77254, 0], [-73.68252, 40.77256, 0], [-73.68223, 40.77259, 0], [-73.68213, 40.77261, 0], [-73.6795, 40.77294, 0], [-73.67917, 40.77299, 0], [-73.67648, 40.77333, 0], [-73.67623, 40.77337, 0], [-73.67621, 40.77337, 0], [-73.67589, 40.77341, 0], [-73.67585, 40.77342, 0], [-73.67517, 40.7735, 0], [-73.67469, 40.77357, 0], [-73.67441, 40.7736, 0], [-73.67332, 40.77376, 0], [-73.67327, 40.77376, 0], [-73.67299, 40.7738, 0], [-73.67283, 40.77383, 0], [-73.67266, 40.77385, 0], [-73.6725, 40.77389, 0], [-73.67236, 40.77391, 0], [-73.67225, 40.77394, 0], [-73.67214, 40.77396, 0], [-73.67133, 40.77417, 0], [-73.67051, 40.77444, 0], [-73.66992, 40.77469, 0], [-73.66918, 40.77506, 0], [-73.66868, 40.77536, 0], [-73.6686, 40.77542, 0], [-73.66845, 40.77552, 0], [-73.66838, 40.77558, 0], [-73.66832, 40.77561, 0], [-73.66797, 40.77589, 0], [-73.66792, 40.77592, 0], [-73.66784, 40.776, 0], [-73.66755, 40.77626, 0], [-73.66739, 40.77627, 0], [-73.66721, 40.77644, 0], [-73.66719, 40.77645, 0], [-73.66708, 40.77656, 0], [-73.667, 40.77662, 0], [-73.66694, 40.77668, 0], [-73.66686, 40.77675, 0], [-73.66682, 40.77678, 0], [-73.66675, 40.77685, 0], [-73.66665, 40.77693, 0], [-73.66656, 40.77702, 0], [-73.66648, 40.77709, 0], [-73.66645, 40.77711, 0], [-73.66632, 40.77724, 0], [-73.66624, 40.7773, 0], [-73.66615, 40.77739, 0], [-73.66614, 40.77739, 0], [-73.66614, 40.7774, 0], [-73.6661, 40.7774, 0], [-73.66602, 40.77742, 0], [-73.66561, 40.77778, 0], [-73.6653, 40.77801, 0], [-73.66528, 40.77803, 0], [-73.66499, 40.77822, 0], [-73.66453, 40.77848, 0], [-73.66428, 40.7786, 0], [-73.66427, 40.7786, 0], [-73.66388, 40.77877, 0], [-73.66347, 40.77892, 0], [-73.66293, 40.77908, 0], [-73.66285, 40.77909, 0], [-73.66261, 40.77915, 0], [-73.66247, 40.77917, 0], [-73.66204, 40.77925, 0], [-73.6613, 40.77934, 0], [-73.66148, 40.77953, 0], [-73.66153, 40.7796, 0], [-73.6616, 40.77967, 0], [-73.66164, 40.77972, 0], [-73.66165, 40.77974, 0], [-73.66174, 40.77985, 0], [-73.66178, 40.77989, 0], [-73.66182, 40.77995, 0], [-73.66185, 40.77998, 0], [-73.66191, 40.78007, 0], [-73.66193, 40.78009, 0], [-73.66195, 40.78012, 0], [-73.66196, 40.78015, 0], [-73.66224, 40.78067, 0], [-73.66244, 40.78109, 0], [-73.66254, 40.78135, 0], [-73.66266, 40.78181, 0], [-73.66311, 40.78386, 0], [-73.66324, 40.78438, 0], [-73.66335, 40.78473, 0], [-73.66341, 40.78488, 0], [-73.66344, 40.78494, 0], [-73.66346, 40.78499, 0], [-73.66361, 40.78529, 0], [-73.66406, 40.78611, 0], [-73.66431, 40.7865, 0], [-73.66443, 40.78667, 0], [-73.66444, 40.78669, 0], [-73.6646, 40.78692, 0], [-73.66466, 40.78702, 0], [-73.66477, 40.78716, 0], [-73.66506, 40.78759, 0], [-73.66511, 40.78765, 0], [-73.66608, 40.78904, 0], [-73.66619, 40.78922, 0], [-73.66631, 40.78944, 0], [-73.66653, 40.78989, 0], [-73.66655, 40.78996, 0], [-73.66704, 40.79103, 0], [-73.66712, 40.79124, 0], [-73.66732, 40.79167, 0], [-73.66733, 40.79172, 0], [-73.66738, 40.79184, 0], [-73.66746, 40.7922, 0], [-73.66746, 40.79221, 0], [-73.66751, 40.79248, 0], [-73.66756, 40.7927, 0], [-73.66812, 40.79437, 0], [-73.66818, 40.79453, 0], [-73.6682, 40.79461, 0], [-73.66826, 40.79476, 0], [-73.66844, 40.79531, 0], [-73.66851, 40.79549, 0], [-73.66857, 40.79567, 0], [-73.66857, 40.79568, 0], [-73.66866, 40.79595, 0], [-73.66867, 40.796, 0], [-73.66871, 40.79611, 0], [-73.66872, 40.79612, 0], [-73.66873, 40.79617, 0], [-73.66883, 40.79652, 0], [-73.66891, 40.79676, 0], [-73.66894, 40.79687, 0], [-73.66895, 40.79694, 0], [-73.66897, 40.797, 0], [-73.66898, 40.79713, 0], [-73.66901, 40.79721, 0], [-73.66906, 40.79771, 0], [-73.66921, 40.79866, 0], [-73.66926, 40.79919, 0], [-73.66926, 40.79953, 0], [-73.66925, 40.79979, 0], [-73.66924, 40.7999, 0], [-73.66924, 40.79993, 0], [-73.66923, 40.79995, 0], [-73.66921, 40.80015, 0], [-73.66919, 40.80028, 0], [-73.66904, 40.80094, 0], [-73.66902, 40.80107, 0], [-73.66881, 40.80198, 0], [-73.66878, 40.80214, 0], [-73.66869, 40.80251, 0], [-73.66866, 40.80267, 0], [-73.66863, 40.80278, 0], [-73.66855, 40.80317, 0], [-73.66854, 40.8032, 0], [-73.66843, 40.80369, 0], [-73.6684, 40.80388, 0], [-73.6684, 40.8039, 0], [-73.66838, 40.80407, 0], [-73.66838, 40.80424, 0], [-73.6684, 40.80453, 0], [-73.6684, 40.80459, 0], [-73.66842, 40.8047, 0], [-73.66843, 40.80481, 0], [-73.66846, 40.80497, 0], [-73.66848, 40.80503, 0], [-73.66854, 40.80529, 0], [-73.6686, 40.80547, 0], [-73.66878, 40.80585, 0], [-73.66887, 40.806, 0], [-73.6691, 40.80634, 0], [-73.66926, 40.80652, 0], [-73.66939, 40.80665, 0], [-73.66945, 40.8067, 0], [-73.66951, 40.80676, 0], [-73.66959, 40.80682, 0], [-73.66968, 40.8069, 0], [-73.67095, 40.80779, 0], [-73.67103, 40.80784, 0], [-73.67104, 40.80785, 0], [-73.67106, 40.80786, 0], [-73.67124, 40.80798, 0], [-73.67142, 40.80808, 0], [-73.67168, 40.8082, 0], [-73.67205, 40.80835, 0], [-73.67255, 40.8085, 0], [-73.67382, 40.80885, 0], [-73.67388, 40.80886, 0], [-73.67448, 40.80904, 0], [-73.67513, 40.80929, 0], [-73.67559, 40.80949, 0], [-73.67619, 40.80981, 0], [-73.67636, 40.80991, 0], [-73.67645, 40.80999, 0], [-73.6766, 40.81007, 0], [-73.67662, 40.81009, 0], [-73.67746, 40.81069, 0], [-73.67793, 40.81105, 0], [-73.67828, 40.81137, 0], [-73.67836, 40.81146, 0], [-73.67838, 40.81149, 0], [-73.67844, 40.81155, 0], [-73.67856, 40.8117, 0], [-73.67858, 40.81172, 0], [-73.67885, 40.81208, 0], [-73.67958, 40.81313, 0], [-73.67959, 40.81315, 0], [-73.67969, 40.81329, 0], [-73.67982, 40.81349, 0], [-73.67988, 40.81362, 0], [-73.67991, 40.81366, 0], [-73.68004, 40.81398, 0], [-73.6801, 40.81418, 0], [-73.68017, 40.81461, 0], [-73.68017, 40.81465, 0], [-73.68018, 40.81478, 0], [-73.68018, 40.81489, 0], [-73.68016, 40.81494, 0], [-73.68017, 40.81502, 0], [-73.68021, 40.81512, 0], [-73.6802, 40.81514, 0], [-73.6802, 40.81519, 0], [-73.68019, 40.81525, 0], [-73.6801, 40.81562, 0], [-73.68006, 40.81572, 0], [-73.68006, 40.81575, 0], [-73.68002, 40.81591, 0], [-73.67999, 40.81599, 0], [-73.67999, 40.81601, 0], [-73.67991, 40.81629, 0], [-73.67987, 40.81651, 0], [-73.67984, 40.81674, 0], [-73.67982, 40.81697, 0], [-73.67982, 40.81731, 0], [-73.67986, 40.81759, 0], [-73.67986, 40.81761, 0], [-73.67998, 40.81822, 0], [-73.67999, 40.81832, 0], [-73.68003, 40.8185, 0], [-73.68003, 40.81853, 0], [-73.68009, 40.81877, 0], [-73.68015, 40.81912, 0], [-73.68016, 40.81915, 0], [-73.68036, 40.82014, 0], [-73.68037, 40.82017, 0], [-73.68037, 40.8202, 0], [-73.6804, 40.82031, 0], [-73.68041, 40.82038, 0], [-73.68043, 40.82042, 0], [-73.68057, 40.82077, 0], [-73.68057, 40.82078, 0], [-73.68064, 40.82095, 0], [-73.68095, 40.82159, 0], [-73.68096, 40.82159, 0], [-73.68098, 40.82163, 0], [-73.68102, 40.82169, 0], [-73.68103, 40.82172, 0], [-73.68142, 40.82238, 0], [-73.68147, 40.82245, 0], [-73.68149, 40.82249, 0], [-73.68178, 40.82298, 0], [-73.68179, 40.82299, 0], [-73.68226, 40.82381, 0], [-73.68227, 40.82384, 0], [-73.68232, 40.82394, 0], [-73.68233, 40.82395, 0], [-73.68238, 40.82407, 0], [-73.6824, 40.82414, 0], [-73.68244, 40.82425, 0], [-73.6825, 40.82445, 0], [-73.6825, 40.82447, 0], [-73.68257, 40.82474, 0], [-73.6826, 40.82482, 0], [-73.68262, 40.82493, 0], [-73.68274, 40.82531, 0], [-73.68274, 40.82532, 0], [-73.68275, 40.82536, 0], [-73.68275, 40.82539, 0], [-73.68276, 40.8254, 0], [-73.68279, 40.82551, 0], [-73.68294, 40.82549, 0], [-73.68296, 40.82549, 0], [-73.68332, 40.82545, 0], [-73.68337, 40.82544, 0], [-73.68344, 40.82544, 0], [-73.68349, 40.82543, 0], [-73.68355, 40.82543, 0], [-73.68438, 40.82535, 0], [-73.68443, 40.82535, 0], [-73.68451, 40.82534, 0], [-73.68467, 40.82533, 0], [-73.6847, 40.82532, 0], [-73.68491, 40.8253, 0], [-73.68498, 40.8253, 0], [-73.68621, 40.82518, 0], [-73.68625, 40.82518, 0], [-73.68947, 40.82488, 0], [-73.68949, 40.82496, 0], [-73.6895, 40.82498, 0], [-73.68965, 40.82545, 0], [-73.68966, 40.82547, 0], [-73.68968, 40.82555, 0], [-73.68971, 40.82563, 0], [-73.68971, 40.82564, 0], [-73.69008, 40.82681, 0], [-73.6901, 40.82686, 0], [-73.69011, 40.82691, 0], [-73.69014, 40.82698, 0], [-73.69019, 40.82715, 0], [-73.6903, 40.82714, 0], [-73.691, 40.82702, 0], [-73.69111, 40.82701, 0], [-73.69174, 40.82691, 0], [-73.69205, 40.82685, 0], [-73.69215, 40.82684, 0], [-73.69218, 40.82683, 0], [-73.69221, 40.82683, 0], [-73.69413, 40.82651, 0], [-73.69415, 40.82651, 0], [-73.69475, 40.82641, 0], [-73.69479, 40.8264, 0], [-73.69482, 40.8264, 0], [-73.69491, 40.82638, 0], [-73.69499, 40.82637, 0], [-73.69503, 40.82636, 0], [-73.69783, 40.8259, 0], [-73.69814, 40.82586, 0], [-73.69823, 40.82584, 0], [-73.69824, 40.82584, 0]]}, "properties": {"locationID": "rte005", "Location/feature name (incl. historical names)": "Throgs Neck Bridge to Port Washington", "COMPLETE": "FALSE", "Geometry type": "line", "Geography type": "route", "Country": "USA", "Region": "", "State/Province": "New York", "County": "", "City": "New York - Port Washington", "Neighborhood (incl. boroughs)": "", "Street address": "", "Notes": "", "Source": "route on google maps"}}, {"type": "Feature", "geometry": {"type": "LineString", "coordinates": [[-103.7894, 30.9444, 0], [-103.78933, 30.94443, 0], [-103.78914, 30.94452, 0], [-103.78821, 30.94492, 0], [-103.78806, 30.94499, 0], [-103.78802, 30.945, 0], [-103.78783, 30.94509, 0], [-103.78679, 30.94553, 0], [-103.77954, 30.94839, 0], [-103.77898, 30.94862, 0], [-103.77869, 30.94876, 0], [-103.77868, 30.94876, 0], [-103.77562, 30.95016, 0], [-103.77517, 30.95038, 0], [-103.77481, 30.95058, 0], [-103.77437, 30.95085, 0], [-103.77365, 30.95134, 0], [-103.77349, 30.95146, 0], [-103.77269, 30.95202, 0], [-103.77268, 30.95202, 0], [-103.77102, 30.95318, 0], [-103.77073, 30.95339, 0], [-103.77067, 30.95343, 0], [-103.7702, 30.95379, 0], [-103.77011, 30.95387, 0], [-103.76986, 30.95411, 0], [-103.76949, 30.95451, 0], [-103.76945, 30.95456, 0], [-103.76944, 30.95457, 0], [-103.76937, 30.95467, 0], [-103.7693, 30.95476, 0], [-103.76915, 30.95498, 0], [-103.76886, 30.95546, 0], [-103.76879, 30.95561, 0], [-103.76865, 30.95598, 0], [-103.76852, 30.95638, 0], [-103.76845, 30.95669, 0], [-103.76839, 30.95709, 0], [-103.76837, 30.95735, 0], [-103.76837, 30.95748, 0], [-103.76842, 30.95868, 0], [-103.76882, 30.96558, 0], [-103.76884, 30.96605, 0], [-103.76884, 30.96674, 0], [-103.76882, 30.96702, 0], [-103.76882, 30.96707, 0], [-103.76881, 30.96714, 0], [-103.7688, 30.96725, 0], [-103.7688, 30.96726, 0], [-103.76876, 30.96761, 0], [-103.76867, 30.96811, 0], [-103.76862, 30.96835, 0], [-103.76852, 30.96876, 0], [-103.76839, 30.96918, 0], [-103.76835, 30.96929, 0], [-103.76828, 30.96951, 0], [-103.76824, 30.9696, 0], [-103.76818, 30.96976, 0], [-103.76812, 30.9699, 0], [-103.76807, 30.97003, 0], [-103.76802, 30.97013, 0], [-103.76792, 30.97036, 0], [-103.76724, 30.97181, 0], [-103.7671, 30.97209, 0], [-103.76706, 30.97216, 0], [-103.76703, 30.97222, 0], [-103.76698, 30.97229, 0], [-103.76695, 30.97235, 0], [-103.7669, 30.97243, 0], [-103.76679, 30.97259, 0], [-103.76665, 30.97278, 0], [-103.76654, 30.97292, 0], [-103.76633, 30.97315, 0], [-103.76621, 30.97327, 0], [-103.76606, 30.97343, 0], [-103.76595, 30.97352, 0], [-103.76569, 30.97375, 0], [-103.76526, 30.97406, 0], [-103.76487, 30.9743, 0], [-103.76467, 30.9744, 0], [-103.76435, 30.97457, 0], [-103.75692, 30.97828, 0], [-103.75649, 30.97851, 0], [-103.75623, 30.97866, 0], [-103.75583, 30.97894, 0], [-103.75561, 30.97911, 0], [-103.7555, 30.9792, 0], [-103.75537, 30.97932, 0], [-103.75533, 30.97936, 0], [-103.75523, 30.97945, 0], [-103.75518, 30.97949, 0], [-103.75509, 30.97958, 0], [-103.75489, 30.9798, 0], [-103.75463, 30.98011, 0], [-103.75453, 30.98022, 0], [-103.75333, 30.98166, 0], [-103.7532, 30.9818, 0], [-103.75303, 30.98197, 0], [-103.75288, 30.98211, 0], [-103.75252, 30.98241, 0], [-103.75241, 30.98249, 0], [-103.75236, 30.98253, 0], [-103.75221, 30.98264, 0], [-103.75193, 30.98281, 0], [-103.75178, 30.98291, 0], [-103.74899, 30.98449, 0], [-103.7488, 30.98458, 0], [-103.74851, 30.98474, 0], [-103.74827, 30.98486, 0], [-103.74815, 30.98493, 0], [-103.74765, 30.98512, 0], [-103.74702, 30.98538, 0], [-103.74482, 30.98625, 0], [-103.74453, 30.98635, 0], [-103.74373, 30.98668, 0], [-103.74345, 30.98678, 0], [-103.74287, 30.98702, 0], [-103.74257, 30.98716, 0], [-103.74248, 30.98721, 0], [-103.74208, 30.98741, 0], [-103.74185, 30.98755, 0], [-103.73922, 30.98908, 0], [-103.73916, 30.98911, 0], [-103.73904, 30.98919, 0], [-103.739, 30.98922, 0], [-103.73842, 30.98956, 0], [-103.73777, 30.98991, 0], [-103.73765, 30.98998, 0], [-103.73753, 30.99004, 0], [-103.73748, 30.99007, 0], [-103.73622, 30.99075, 0], [-103.73617, 30.99077, 0], [-103.73517, 30.99131, 0], [-103.73509, 30.99135, 0], [-103.73499, 30.99141, 0], [-103.7344, 30.99172, 0], [-103.73439, 30.99173, 0], [-103.73422, 30.99182, 0], [-103.73421, 30.99182, 0], [-103.73388, 30.992, 0], [-103.73349, 30.99218, 0], [-103.73337, 30.99223, 0], [-103.73325, 30.99227, 0], [-103.7331, 30.99233, 0], [-103.73287, 30.99241, 0], [-103.73262, 30.99248, 0], [-103.73246, 30.99252, 0], [-103.73221, 30.99257, 0], [-103.7321, 30.9926, 0], [-103.73208, 30.9926, 0], [-103.73146, 30.9927, 0], [-103.73118, 30.99273, 0], [-103.73097, 30.99276, 0], [-103.72833, 30.99307, 0], [-103.72804, 30.99311, 0], [-103.72777, 30.99314, 0], [-103.72672, 30.9933, 0], [-103.7249, 30.99363, 0], [-103.72392, 30.99384, 0], [-103.72238, 30.99425, 0], [-103.71661, 30.99587, 0], [-103.7158, 30.99607, 0], [-103.71282, 30.99676, 0], [-103.70846, 30.99793, 0], [-103.70811, 30.99803, 0], [-103.70694, 30.99834, 0], [-103.70689, 30.99835, 0], [-103.70684, 30.99837, 0], [-103.70573, 30.99866, 0], [-103.70198, 30.99968, 0], [-103.70178, 30.99973, 0], [-103.70158, 30.99979, 0], [-103.70085, 30.99998, 0], [-103.7005, 31.00003, 0], [-103.70033, 31.00006, 0], [-103.70029, 31.00006, 0], [-103.69997, 31.00011, 0], [-103.69966, 31.00014, 0], [-103.69923, 31.00017, 0], [-103.69911, 31.00011, 0], [-103.69906, 31.00008, 0], [-103.699, 31.00006, 0], [-103.69895, 31.00005, 0], [-103.69887, 31.00003, 0], [-103.69834, 31, 0], [-103.69818, 31, 0], [-103.69816, 30.99999, 0], [-103.6981, 30.99999, 0], [-103.69782, 30.99997, 0], [-103.6975, 30.99994, 0], [-103.69733, 30.99991, 0], [-103.69719, 30.99989, 0], [-103.69617, 30.99971, 0], [-103.6961, 30.99969, 0], [-103.69528, 30.99954, 0], [-103.69525, 30.99954, 0], [-103.69487, 30.99946, 0], [-103.69461, 30.99942, 0], [-103.69441, 30.99938, 0], [-103.69379, 30.99927, 0], [-103.69317, 30.99915, 0], [-103.69276, 30.99908, 0], [-103.69274, 30.99907, 0], [-103.69174, 30.99889, 0], [-103.69161, 30.99886, 0], [-103.69071, 30.9987, 0], [-103.6901, 30.99858, 0], [-103.68969, 30.99851, 0], [-103.68961, 30.99849, 0], [-103.6896, 30.99849, 0], [-103.68948, 30.99847, 0], [-103.68907, 30.99839, 0], [-103.68866, 30.99832, 0], [-103.68805, 30.9982, 0], [-103.68764, 30.99813, 0], [-103.68708, 30.99802, 0], [-103.68579, 30.99779, 0], [-103.68518, 30.99767, 0], [-103.68456, 30.99756, 0], [-103.68452, 30.99755, 0], [-103.68292, 30.99725, 0], [-103.68288, 30.99725, 0], [-103.68276, 30.99722, 0], [-103.68251, 30.99718, 0], [-103.68247, 30.99717, 0], [-103.67902, 30.99653, 0], [-103.67861, 30.99646, 0], [-103.67656, 30.99607, 0], [-103.67636, 30.99604, 0], [-103.67615, 30.99599, 0], [-103.67248, 30.99524, 0], [-103.67125, 30.995, 0], [-103.66817, 30.99444, 0], [-103.66756, 30.99432, 0], [-103.66749, 30.99431, 0], [-103.66698, 30.9942, 0], [-103.66695, 30.9942, 0], [-103.66635, 30.99404, 0], [-103.66576, 30.99385, 0], [-103.66574, 30.99384, 0], [-103.6656, 30.99379, 0], [-103.66557, 30.99377, 0], [-103.66556, 30.99377, 0], [-103.66504, 30.99358, 0], [-103.66472, 30.99345, 0], [-103.66461, 30.99341, 0], [-103.66454, 30.99339, 0], [-103.66446, 30.99336, 0], [-103.66442, 30.99335, 0], [-103.66436, 30.99334, 0], [-103.6642, 30.99334, 0], [-103.66413, 30.99335, 0], [-103.66406, 30.99337, 0], [-103.664, 30.9934, 0], [-103.66394, 30.99344, 0], [-103.66366, 30.99335, 0], [-103.66317, 30.99323, 0], [-103.66302, 30.99323, 0], [-103.66249, 30.99314, 0], [-103.66201, 30.99305, 0], [-103.66196, 30.99331, 0], [-103.66117, 30.99651, 0], [-103.66103, 30.99711, 0], [-103.6609, 30.99775, 0], [-103.66083, 30.99805, 0], [-103.66073, 30.99856, 0], [-103.66043, 30.99986, 0], [-103.65957, 31.00332, 0], [-103.65952, 31.00349, 0], [-103.65874, 31.00666, 0], [-103.65869, 31.00684, 0], [-103.65773, 31.0107, 0], [-103.65768, 31.01088, 0], [-103.65758, 31.01132, 0], [-103.65749, 31.01166, 0], [-103.6573, 31.01244, 0], [-103.65729, 31.01246, 0], [-103.65725, 31.01261, 0], [-103.65725, 31.01264, 0], [-103.65687, 31.01415, 0], [-103.65686, 31.0142, 0], [-103.65686, 31.01422, 0], [-103.65679, 31.01448, 0], [-103.65586, 31.01826, 0], [-103.65585, 31.01829, 0], [-103.65581, 31.01847, 0], [-103.65477, 31.02263, 0], [-103.65449, 31.02348, 0], [-103.6541, 31.02457, 0], [-103.65397, 31.02501, 0], [-103.65391, 31.02527, 0], [-103.65312, 31.02845, 0], [-103.65307, 31.02867, 0], [-103.65294, 31.02919, 0], [-103.65286, 31.02948, 0], [-103.65265, 31.03039, 0], [-103.6525, 31.03115, 0], [-103.65243, 31.03147, 0], [-103.6524, 31.03164, 0], [-103.65235, 31.03186, 0], [-103.65209, 31.03312, 0], [-103.65193, 31.03376, 0], [-103.65186, 31.03408, 0], [-103.6518, 31.03428, 0], [-103.65167, 31.03484, 0], [-103.65166, 31.03487, 0], [-103.65163, 31.03501, 0], [-103.65157, 31.03536, 0], [-103.65157, 31.03541, 0], [-103.65156, 31.03559, 0], [-103.65155, 31.03565, 0], [-103.65155, 31.03614, 0], [-103.65156, 31.0363, 0], [-103.65159, 31.03651, 0], [-103.65162, 31.03665, 0], [-103.65165, 31.03684, 0], [-103.65186, 31.03755, 0], [-103.65197, 31.0378, 0], [-103.65201, 31.03787, 0], [-103.65212, 31.0381, 0], [-103.65228, 31.03837, 0], [-103.65244, 31.03861, 0], [-103.65249, 31.03867, 0], [-103.65305, 31.03943, 0], [-103.65351, 31.04003, 0], [-103.65356, 31.04011, 0], [-103.6545, 31.04133, 0], [-103.65454, 31.04139, 0], [-103.65465, 31.04154, 0], [-103.65482, 31.04179, 0], [-103.65505, 31.0421, 0], [-103.6552, 31.04236, 0], [-103.65534, 31.04262, 0], [-103.65539, 31.04277, 0], [-103.65546, 31.04295, 0], [-103.65554, 31.04324, 0], [-103.65557, 31.04338, 0], [-103.65558, 31.04347, 0], [-103.65562, 31.04372, 0], [-103.65563, 31.04389, 0], [-103.65563, 31.04404, 0], [-103.65562, 31.0442, 0], [-103.65562, 31.04433, 0], [-103.65556, 31.04473, 0], [-103.65544, 31.04515, 0], [-103.65536, 31.04533, 0], [-103.65528, 31.04553, 0], [-103.65517, 31.04574, 0], [-103.65507, 31.0459, 0], [-103.65494, 31.04609, 0], [-103.65477, 31.04631, 0], [-103.65457, 31.04654, 0], [-103.65444, 31.04667, 0], [-103.65431, 31.04679, 0], [-103.65411, 31.04695, 0], [-103.65394, 31.04707, 0], [-103.65367, 31.04724, 0], [-103.65308, 31.04758, 0], [-103.65304, 31.0476, 0], [-103.65155, 31.04843, 0], [-103.65138, 31.04852, 0], [-103.65066, 31.04893, 0], [-103.6322, 31.0592, 0], [-103.63202, 31.05929, 0], [-103.62973, 31.06057, 0], [-103.62956, 31.06067, 0], [-103.6252, 31.06309, 0], [-103.62517, 31.06311, 0], [-103.62241, 31.06464, 0], [-103.62235, 31.06467, 0], [-103.62218, 31.06477, 0], [-103.62077, 31.06556, 0], [-103.62038, 31.06577, 0], [-103.6139, 31.06938, 0], [-103.61374, 31.06946, 0], [-103.61337, 31.06967, 0], [-103.61331, 31.0697, 0], [-103.61267, 31.07006, 0], [-103.61257, 31.07012, 0], [-103.61143, 31.07075, 0], [-103.61139, 31.07077, 0], [-103.61003, 31.07153, 0], [-103.60978, 31.07165, 0], [-103.60958, 31.07178, 0], [-103.60923, 31.07203, 0], [-103.60885, 31.07233, 0], [-103.60852, 31.07261, 0], [-103.60838, 31.07278, 0], [-103.60821, 31.07295, 0], [-103.60793, 31.07327, 0], [-103.60752, 31.07381, 0], [-103.60751, 31.07383, 0], [-103.60723, 31.07425, 0], [-103.60704, 31.07459, 0], [-103.60702, 31.07468, 0], [-103.60692, 31.07486, 0], [-103.60682, 31.07508, 0], [-103.60668, 31.07541, 0], [-103.60654, 31.07579, 0], [-103.60641, 31.07623, 0], [-103.60638, 31.07637, 0], [-103.60623, 31.07693, 0], [-103.60527, 31.08078, 0], [-103.60525, 31.08084, 0], [-103.60523, 31.08096, 0], [-103.60517, 31.08116, 0], [-103.60511, 31.08144, 0], [-103.60494, 31.08208, 0], [-103.60484, 31.08251, 0], [-103.60483, 31.08254, 0], [-103.60459, 31.08347, 0], [-103.60456, 31.08361, 0], [-103.60439, 31.0843, 0], [-103.60438, 31.08433, 0], [-103.60436, 31.08441, 0], [-103.60434, 31.08447, 0], [-103.60434, 31.0845, 0], [-103.60432, 31.08459, 0], [-103.60421, 31.08499, 0], [-103.60361, 31.08741, 0], [-103.60358, 31.0875, 0], [-103.60299, 31.08989, 0], [-103.60294, 31.09007, 0], [-103.60148, 31.09591, 0], [-103.60145, 31.096, 0], [-103.60144, 31.09605, 0], [-103.60144, 31.09608, 0], [-103.59984, 31.10244, 0], [-103.59983, 31.10249, 0], [-103.59882, 31.10654, 0], [-103.59877, 31.10672, 0], [-103.59873, 31.1069, 0], [-103.59868, 31.10707, 0], [-103.59864, 31.10725, 0], [-103.59859, 31.10742, 0], [-103.59732, 31.11252, 0], [-103.59727, 31.1127, 0], [-103.59596, 31.11793, 0], [-103.59592, 31.11811, 0], [-103.59556, 31.11951, 0], [-103.59539, 31.12022, 0], [-103.59534, 31.1204, 0], [-103.59393, 31.12602, 0], [-103.59389, 31.1262, 0], [-103.5938, 31.12655, 0], [-103.59376, 31.12673, 0], [-103.59371, 31.1269, 0], [-103.59262, 31.13125, 0], [-103.59258, 31.13143, 0], [-103.59196, 31.13389, 0], [-103.59196, 31.13391, 0], [-103.59068, 31.13899, 0], [-103.59064, 31.13917, 0], [-103.5898, 31.14251, 0], [-103.58972, 31.14286, 0], [-103.58967, 31.14304, 0], [-103.58854, 31.14754, 0], [-103.58846, 31.14789, 0], [-103.58815, 31.14912, 0], [-103.5881, 31.1493, 0], [-103.58806, 31.14947, 0], [-103.58801, 31.14965, 0], [-103.58793, 31.14999, 0], [-103.58713, 31.15316, 0], [-103.58696, 31.15387, 0], [-103.58656, 31.15545, 0], [-103.58652, 31.15563, 0], [-103.58647, 31.1558, 0], [-103.5863, 31.15649, 0], [-103.5863, 31.15651, 0], [-103.57906, 31.18537, 0], [-103.57902, 31.18555, 0], [-103.57732, 31.19228, 0], [-103.57728, 31.19246, 0], [-103.57723, 31.19263, 0], [-103.57577, 31.19846, 0], [-103.57572, 31.19864, 0], [-103.57568, 31.19881, 0], [-103.57563, 31.19899, 0], [-103.57481, 31.20227, 0], [-103.57476, 31.20245, 0], [-103.57472, 31.20262, 0], [-103.57467, 31.2028, 0], [-103.57376, 31.20643, 0], [-103.57371, 31.20661, 0], [-103.57235, 31.21202, 0], [-103.5723, 31.21219, 0], [-103.57229, 31.21224, 0], [-103.57228, 31.21227, 0], [-103.57226, 31.21237, 0], [-103.57122, 31.21648, 0], [-103.57121, 31.21653, 0], [-103.57119, 31.21659, 0], [-103.56996, 31.22149, 0], [-103.56995, 31.22154, 0], [-103.56938, 31.22378, 0], [-103.56934, 31.22396, 0], [-103.56902, 31.2252, 0], [-103.56894, 31.22554, 0], [-103.56893, 31.22555, 0], [-103.56893, 31.22558, 0], [-103.56889, 31.22571, 0], [-103.56823, 31.22835, 0], [-103.56818, 31.22853, 0], [-103.5681, 31.22888, 0], [-103.56796, 31.22941, 0], [-103.56779, 31.23011, 0], [-103.56756, 31.23099, 0], [-103.56726, 31.23222, 0], [-103.56721, 31.2324, 0], [-103.56717, 31.23257, 0], [-103.56712, 31.23275, 0], [-103.56677, 31.23415, 0], [-103.56672, 31.23433, 0], [-103.56668, 31.23451, 0], [-103.56032, 31.25973, 0], [-103.56027, 31.25991, 0], [-103.55978, 31.26184, 0], [-103.55974, 31.26202, 0], [-103.55916, 31.2643, 0], [-103.55912, 31.26448, 0], [-103.55779, 31.26972, 0], [-103.55777, 31.26984, 0], [-103.55772, 31.27002, 0], [-103.55661, 31.2744, 0], [-103.55657, 31.27458, 0], [-103.55652, 31.27475, 0], [-103.55639, 31.27528, 0], [-103.55634, 31.27546, 0], [-103.55183, 31.29333, 0], [-103.55182, 31.29339, 0], [-103.55095, 31.29684, 0], [-103.5509, 31.29702, 0], [-103.55024, 31.29966, 0], [-103.55019, 31.29983, 0], [-103.55015, 31.30001, 0], [-103.5501, 31.30018, 0], [-103.55006, 31.30036, 0], [-103.54913, 31.30405, 0], [-103.54908, 31.30423, 0], [-103.54833, 31.30722, 0], [-103.54828, 31.30739, 0], [-103.54775, 31.3095, 0], [-103.5477, 31.30968, 0], [-103.54463, 31.32184, 0], [-103.54455, 31.32213, 0], [-103.5445, 31.32236, 0], [-103.54423, 31.3234, 0], [-103.54415, 31.32365, 0], [-103.54401, 31.32405, 0], [-103.5439, 31.32432, 0], [-103.54385, 31.32443, 0], [-103.54282, 31.32651, 0], [-103.54271, 31.32672, 0], [-103.54145, 31.32925, 0], [-103.54126, 31.32965, 0], [-103.54114, 31.32987, 0], [-103.541, 31.33017, 0], [-103.5404, 31.33136, 0], [-103.53994, 31.3323, 0], [-103.53987, 31.33243, 0], [-103.53924, 31.3337, 0], [-103.53918, 31.33381, 0], [-103.53718, 31.33782, 0], [-103.5371, 31.33799, 0], [-103.53519, 31.34183, 0], [-103.5351, 31.34203, 0], [-103.53505, 31.34213, 0], [-103.53486, 31.34261, 0], [-103.53467, 31.34323, 0], [-103.53429, 31.34487, 0], [-103.53429, 31.3449, 0], [-103.53425, 31.34505, 0], [-103.52887, 31.3684, 0], [-103.52885, 31.36846, 0], [-103.52808, 31.37181, 0], [-103.52805, 31.37196, 0], [-103.52742, 31.37469, 0], [-103.5274, 31.37479, 0], [-103.52407, 31.38922, 0], [-103.52393, 31.38986, 0], [-103.52294, 31.39412, 0], [-103.52284, 31.39459, 0], [-103.5222, 31.39736, 0], [-103.52207, 31.39787, 0], [-103.52183, 31.39897, 0], [-103.52177, 31.39922, 0], [-103.5217, 31.39955, 0], [-103.52165, 31.39975, 0], [-103.52158, 31.40007, 0], [-103.5215, 31.40034, 0], [-103.52128, 31.40131, 0], [-103.52123, 31.40151, 0], [-103.52119, 31.4017, 0], [-103.5209, 31.40291, 0], [-103.52084, 31.4032, 0], [-103.52045, 31.40493, 0], [-103.52039, 31.40517, 0], [-103.52018, 31.40609, 0], [-103.52014, 31.40623, 0], [-103.52004, 31.40669, 0], [-103.51995, 31.40706, 0], [-103.51985, 31.40753, 0], [-103.51941, 31.4094, 0], [-103.51938, 31.4096, 0], [-103.51823, 31.41456, 0], [-103.51794, 31.41574, 0], [-103.51787, 31.41615, 0], [-103.51766, 31.41698, 0], [-103.51756, 31.41747, 0], [-103.5175, 31.41753, 0], [-103.51748, 31.41757, 0], [-103.51747, 31.41763, 0], [-103.51745, 31.41768, 0], [-103.51743, 31.41774, 0], [-103.51741, 31.41776, 0], [-103.5174, 31.41779, 0], [-103.51733, 31.41786, 0], [-103.5173, 31.41788, 0], [-103.51725, 31.41792, 0], [-103.51715, 31.41801, 0], [-103.51494, 31.41877, 0], [-103.51462, 31.4189, 0], [-103.5127, 31.41956, 0], [-103.51254, 31.41962, 0], [-103.50967, 31.42061, 0], [-103.50951, 31.42067, 0], [-103.50926, 31.42075, 0], [-103.50721, 31.42146, 0], [-103.50694, 31.42156, 0], [-103.50689, 31.42157, 0], [-103.50607, 31.42186, 0], [-103.50524, 31.42214, 0], [-103.5048, 31.4223, 0], [-103.50387, 31.42261, 0], [-103.50377, 31.42264, 0], [-103.50231, 31.42315, 0], [-103.5018, 31.42332, 0], [-103.50132, 31.42349, 0], [-103.50033, 31.42382, 0], [-103.49986, 31.424, 0], [-103.49935, 31.42416, 0], [-103.4969, 31.42501, 0], [-103.4964, 31.42517, 0], [-103.49592, 31.42534, 0], [-103.49587, 31.42535, 0], [-103.4954, 31.42551, 0], [-103.49488, 31.4257, 0], [-103.4948, 31.42572, 0], [-103.49434, 31.42588, 0], [-103.49371, 31.4245, 0], [-103.49344, 31.42394, 0], [-103.49299, 31.42296, 0], [-103.49322, 31.42288, 0], [-103.49299, 31.42296, 0], [-103.49344, 31.42394, 0], [-103.49371, 31.4245, 0], [-103.49452, 31.42627, 0], [-103.49525, 31.4278, 0], [-103.49563, 31.42857, 0], [-103.49662, 31.43068, 0], [-103.49667, 31.43077, 0], [-103.49776, 31.43311, 0], [-103.49781, 31.4332, 0], [-103.49913, 31.43602, 0], [-103.50013, 31.4382, 0], [-103.50022, 31.43837, 0], [-103.50251, 31.44326, 0], [-103.50254, 31.44331, 0], [-103.50455, 31.4476, 0], [-103.50476, 31.44803, 0], [-103.50582, 31.45029, 0], [-103.50653, 31.45176, 0], [-103.50804, 31.45498, 0], [-103.5081, 31.45512, 0], [-103.50827, 31.45547, 0], [-103.50986, 31.45889, 0], [-103.51014, 31.45946, 0], [-103.51055, 31.46016, 0], [-103.51071, 31.46042, 0], [-103.51076, 31.46051, 0], [-103.51083, 31.46062, 0], [-103.51177, 31.46218, 0], [-103.51178, 31.4622, 0], [-103.51187, 31.46234, 0], [-103.51216, 31.46282, 0], [-103.51277, 31.46379, 0], [-103.51405, 31.46593, 0], [-103.51456, 31.46676, 0], [-103.51466, 31.46694, 0], [-103.51509, 31.46766, 0], [-103.5155, 31.46837, 0], [-103.51615, 31.46942, 0], [-103.5173, 31.47132, 0], [-103.51734, 31.47138, 0], [-103.51865, 31.47355, 0], [-103.51873, 31.4737, 0], [-103.51908, 31.47424, 0], [-103.51912, 31.47431, 0], [-103.51914, 31.47433, 0], [-103.51925, 31.47449, 0], [-103.51975, 31.47507, 0], [-103.51991, 31.47522, 0], [-103.52, 31.47531, 0], [-103.52006, 31.47538, 0], [-103.5205, 31.47574, 0], [-103.52075, 31.47593, 0], [-103.52087, 31.47601, 0], [-103.52099, 31.4761, 0], [-103.52147, 31.47639, 0], [-103.52162, 31.47646, 0], [-103.5219, 31.4766, 0], [-103.52256, 31.47691, 0], [-103.52325, 31.47721, 0], [-103.52369, 31.47741, 0], [-103.52402, 31.47755, 0], [-103.52478, 31.47791, 0], [-103.52525, 31.47815, 0], [-103.52557, 31.47835, 0], [-103.52579, 31.47852, 0], [-103.5259, 31.4786, 0], [-103.52595, 31.47863, 0], [-103.52606, 31.47873, 0], [-103.5262, 31.47884, 0], [-103.52636, 31.47899, 0], [-103.52676, 31.47942, 0], [-103.52689, 31.4796, 0], [-103.52704, 31.47984, 0], [-103.52743, 31.48037, 0], [-103.52852, 31.4819, 0], [-103.52933, 31.48296, 0], [-103.52945, 31.48311, 0], [-103.52957, 31.48327, 0], [-103.52967, 31.48342, 0], [-103.53014, 31.48409, 0], [-103.53219, 31.48693, 0], [-103.53221, 31.48695, 0], [-103.53333, 31.48847, 0], [-103.53432, 31.48985, 0], [-103.53578, 31.49183, 0], [-103.53592, 31.49203, 0], [-103.53767, 31.49443, 0], [-103.53771, 31.49448, 0], [-103.53972, 31.49723, 0], [-103.54028, 31.49796, 0], [-103.54261, 31.50117, 0], [-103.54272, 31.50133, 0], [-103.54716, 31.50745, 0], [-103.54717, 31.50746, 0], [-103.54939, 31.51053, 0], [-103.54949, 31.51068, 0], [-103.54987, 31.5112, 0], [-103.5499, 31.51123, 0], [-103.55084, 31.51253, 0], [-103.55241, 31.51466, 0], [-103.55282, 31.51526, 0], [-103.55405, 31.51693, 0], [-103.55416, 31.51709, 0], [-103.55716, 31.52116, 0], [-103.55825, 31.52268, 0], [-103.55894, 31.5236, 0], [-103.55968, 31.52462, 0], [-103.56007, 31.52512, 0], [-103.56015, 31.52521, 0], [-103.56188, 31.5276, 0], [-103.5662, 31.53349, 0], [-103.56826, 31.53634, 0], [-103.56836, 31.53646, 0], [-103.57161, 31.54093, 0], [-103.57185, 31.54125, 0], [-103.57594, 31.54686, 0], [-103.57602, 31.54696, 0], [-103.57613, 31.54712, 0], [-103.57646, 31.54757, 0], [-103.57657, 31.54773, 0], [-103.57811, 31.54983, 0], [-103.57846, 31.55032, 0], [-103.57891, 31.55093, 0], [-103.57902, 31.55109, 0], [-103.58072, 31.55341, 0], [-103.58076, 31.55346, 0], [-103.58187, 31.55499, 0], [-103.58228, 31.55554, 0], [-103.58254, 31.55591, 0], [-103.58319, 31.55679, 0], [-103.58343, 31.55713, 0], [-103.58421, 31.5582, 0], [-103.58433, 31.55835, 0], [-103.58477, 31.55897, 0], [-103.58527, 31.55964, 0], [-103.59214, 31.56905, 0], [-103.59225, 31.56921, 0], [-103.59326, 31.57058, 0], [-103.59381, 31.57135, 0], [-103.59971, 31.57942, 0], [-103.59978, 31.5795, 0], [-103.60123, 31.5815, 0], [-103.60134, 31.58164, 0], [-103.60468, 31.58622, 0], [-103.60497, 31.5866, 0], [-103.60567, 31.58757, 0], [-103.60575, 31.58767, 0], [-103.60737, 31.5899, 0], [-103.60746, 31.59001, 0], [-103.60857, 31.59154, 0], [-103.60866, 31.59167, 0], [-103.60868, 31.59169, 0], [-103.60877, 31.59182, 0], [-103.61022, 31.59381, 0], [-103.61024, 31.59383, 0], [-103.61035, 31.59399, 0], [-103.61468, 31.59992, 0], [-103.61515, 31.60055, 0], [-103.61626, 31.60208, 0], [-103.61635, 31.60221, 0], [-103.61637, 31.60223, 0], [-103.61749, 31.60376, 0], [-103.61758, 31.60389, 0], [-103.6176, 31.60391, 0], [-103.61769, 31.60404, 0], [-103.61991, 31.60705, 0], [-103.61999, 31.60715, 0], [-103.62002, 31.6072, 0], [-103.62177, 31.60959, 0], [-103.62219, 31.61015, 0], [-103.62289, 31.61112, 0], [-103.623, 31.61128, 0], [-103.62302, 31.61129, 0], [-103.62378, 31.61235, 0], [-103.62519, 31.61426, 0], [-103.62534, 31.61448, 0], [-103.62555, 31.61476, 0], [-103.62594, 31.6153, 0], [-103.62632, 31.61581, 0], [-103.62764, 31.61763, 0], [-103.62815, 31.6183, 0], [-103.62876, 31.61915, 0], [-103.6288, 31.6192, 0], [-103.63025, 31.62118, 0], [-103.63033, 31.6213, 0], [-103.63082, 31.62196, 0], [-103.63096, 31.62216, 0], [-103.63102, 31.62226, 0], [-103.63202, 31.62363, 0], [-103.63209, 31.62372, 0], [-103.63213, 31.62378, 0], [-103.63213, 31.62379, 0], [-103.63225, 31.62394, 0], [-103.63392, 31.62623, 0], [-103.63404, 31.62638, 0], [-103.63448, 31.62699, 0], [-103.6346, 31.62714, 0], [-103.63695, 31.63034, 0], [-103.63729, 31.63082, 0], [-103.63884, 31.63291, 0], [-103.63886, 31.63293, 0], [-103.6393, 31.63355, 0], [-103.63942, 31.6337, 0], [-103.64087, 31.63568, 0], [-103.64129, 31.63628, 0], [-103.64176, 31.63693, 0], [-103.64209, 31.63734, 0], [-103.64227, 31.63754, 0], [-103.6424, 31.63767, 0], [-103.6425, 31.63776, 0], [-103.64267, 31.6379, 0], [-103.64308, 31.63827, 0], [-103.64363, 31.6387, 0], [-103.64388, 31.63887, 0], [-103.64453, 31.63928, 0], [-103.64459, 31.63931, 0], [-103.64512, 31.63961, 0], [-103.64567, 31.63984, 0], [-103.64605, 31.63998, 0], [-103.64677, 31.64022, 0], [-103.64684, 31.64024, 0], [-103.64685, 31.64024, 0], [-103.6479, 31.64055, 0], [-103.64943, 31.64104, 0], [-103.65498, 31.64269, 0], [-103.65518, 31.64274, 0], [-103.65857, 31.64375, 0], [-103.65863, 31.64376, 0], [-103.66222, 31.64483, 0], [-103.66262, 31.64494, 0], [-103.66495, 31.64564, 0], [-103.66535, 31.64575, 0], [-103.66555, 31.64581, 0], [-103.6656, 31.64582, 0], [-103.66562, 31.64583, 0], [-103.66795, 31.64652, 0], [-103.66801, 31.64654, 0], [-103.66815, 31.64658, 0], [-103.6684, 31.64666, 0], [-103.66996, 31.64712, 0], [-103.67071, 31.64732, 0], [-103.6756, 31.64877, 0], [-103.67687, 31.64913, 0], [-103.67809, 31.6495, 0], [-103.68322, 31.65101, 0], [-103.68349, 31.6511, 0], [-103.68362, 31.65113, 0], [-103.71503, 31.66041, 0], [-103.71507, 31.66043, 0], [-103.72681, 31.66388, 0], [-103.727, 31.66393, 0], [-103.73259, 31.66558, 0], [-103.7326, 31.66559, 0], [-103.7359, 31.66656, 0], [-103.73682, 31.66685, 0], [-103.73786, 31.66714, 0], [-103.7471, 31.66986, 0], [-103.74712, 31.66987, 0], [-103.74713, 31.66987, 0], [-103.75343, 31.67173, 0], [-103.75352, 31.67176, 0], [-103.75371, 31.67181, 0], [-103.75935, 31.67347, 0], [-103.75963, 31.67356, 0], [-103.76843, 31.67616, 0], [-103.76876, 31.67625, 0], [-103.76882, 31.67627, 0], [-103.77182, 31.67716, 0], [-103.77184, 31.67716, 0], [-103.77192, 31.67718, 0], [-103.77435, 31.6779, 0], [-103.77441, 31.67792, 0], [-103.77812, 31.67901, 0], [-103.77854, 31.67914, 0], [-103.77861, 31.67915, 0], [-103.77881, 31.67921, 0], [-103.77885, 31.67923, 0], [-103.7791, 31.6793, 0], [-103.7797, 31.67949, 0], [-103.77974, 31.6795, 0], [-103.77983, 31.67953, 0], [-103.78068, 31.67985, 0], [-103.78079, 31.6799, 0], [-103.78102, 31.67999, 0], [-103.7816, 31.68024, 0], [-103.78234, 31.6806, 0], [-103.78273, 31.68081, 0], [-103.78293, 31.68091, 0], [-103.78328, 31.68112, 0], [-103.78348, 31.68123, 0], [-103.78435, 31.68179, 0], [-103.78442, 31.68183, 0], [-103.78481, 31.68211, 0], [-103.78515, 31.68237, 0], [-103.78532, 31.68249, 0], [-103.78545, 31.6826, 0], [-103.78555, 31.68267, 0], [-103.78594, 31.68301, 0], [-103.78604, 31.68309, 0], [-103.78621, 31.68324, 0], [-103.78627, 31.6833, 0], [-103.78633, 31.68335, 0], [-103.78644, 31.68345, 0], [-103.78679, 31.68379, 0], [-103.78684, 31.68383, 0], [-103.78708, 31.68407, 0], [-103.78711, 31.68411, 0], [-103.78713, 31.68412, 0], [-103.78726, 31.68427, 0], [-103.78743, 31.68444, 0], [-103.78744, 31.68446, 0], [-103.78753, 31.68455, 0], [-103.78756, 31.68459, 0], [-103.78759, 31.68462, 0], [-103.78763, 31.68467, 0], [-103.78772, 31.68477, 0], [-103.78783, 31.6849, 0], [-103.7879, 31.68497, 0], [-103.78799, 31.68508, 0], [-103.78801, 31.68511, 0], [-103.78803, 31.68512, 0], [-103.78813, 31.68525, 0], [-103.78817, 31.68529, 0], [-103.78826, 31.68539, 0], [-103.78838, 31.68554, 0], [-103.78858, 31.68576, 0], [-103.78958, 31.68694, 0], [-103.7905, 31.68799, 0], [-103.79095, 31.68852, 0], [-103.79119, 31.68879, 0], [-103.79187, 31.68959, 0], [-103.79224, 31.69001, 0], [-103.79293, 31.69083, 0], [-103.79368, 31.69169, 0], [-103.79377, 31.6918, 0], [-103.7938, 31.69183, 0], [-103.79392, 31.69198, 0], [-103.79805, 31.69676, 0], [-103.79818, 31.6969, 0], [-103.79818, 31.69691, 0], [-103.79943, 31.69835, 0], [-103.79955, 31.6985, 0], [-103.80442, 31.70416, 0], [-103.80443, 31.70416, 0], [-103.80594, 31.70592, 0], [-103.80624, 31.70626, 0], [-103.80768, 31.70794, 0], [-103.80832, 31.70867, 0], [-103.80857, 31.70897, 0], [-103.8087, 31.70911, 0], [-103.80957, 31.71012, 0], [-103.80998, 31.71061, 0], [-103.81019, 31.71085, 0], [-103.8102, 31.71085, 0], [-103.81157, 31.71245, 0], [-103.81182, 31.71273, 0], [-103.81194, 31.71288, 0], [-103.81832, 31.72027, 0], [-103.81834, 31.7203, 0], [-103.81881, 31.72084, 0], [-103.81919, 31.72129, 0], [-103.81922, 31.72132, 0], [-103.81944, 31.72158, 0], [-103.81957, 31.72172, 0], [-103.8196, 31.72176, 0], [-103.82021, 31.72246, 0], [-103.82104, 31.72344, 0], [-103.82106, 31.72346, 0], [-103.82119, 31.72361, 0], [-103.82122, 31.72364, 0], [-103.82272, 31.72539, 0], [-103.8236, 31.72639, 0], [-103.82647, 31.72978, 0], [-103.82647, 31.7298, 0], [-103.82648, 31.72981, 0], [-103.82649, 31.72983, 0], [-103.82751, 31.73104, 0], [-103.82788, 31.73146, 0], [-103.82795, 31.73156, 0], [-103.82825, 31.73187, 0], [-103.82869, 31.73241, 0], [-103.83004, 31.73396, 0], [-103.83053, 31.7345, 0], [-103.8306, 31.73457, 0], [-103.83173, 31.73587, 0], [-103.83235, 31.73661, 0], [-103.8324, 31.73668, 0], [-103.83298, 31.73736, 0], [-103.83357, 31.73803, 0], [-103.83401, 31.73855, 0], [-103.83402, 31.73857, 0], [-103.83564, 31.74043, 0], [-103.836, 31.74083, 0], [-103.83616, 31.74102, 0], [-103.83619, 31.74105, 0], [-103.83622, 31.74109, 0], [-103.83694, 31.74192, 0], [-103.83697, 31.74196, 0], [-103.8375, 31.74256, 0], [-103.83772, 31.74282, 0], [-103.83773, 31.74283, 0], [-103.83776, 31.74283, 0], [-103.83805, 31.74315, 0], [-103.83996, 31.74533, 0], [-103.84175, 31.74741, 0], [-103.84236, 31.7481, 0], [-103.84378, 31.74975, 0], [-103.84404, 31.75007, 0], [-103.84431, 31.75037, 0], [-103.84591, 31.75221, 0], [-103.84598, 31.7523, 0], [-103.84615, 31.75249, 0], [-103.84653, 31.75295, 0], [-103.84675, 31.75319, 0], [-103.84874, 31.75548, 0], [-103.84912, 31.75594, 0], [-103.84981, 31.75674, 0], [-103.85028, 31.75726, 0], [-103.85069, 31.75776, 0], [-103.85094, 31.75805, 0], [-103.85117, 31.7583, 0], [-103.85141, 31.7586, 0], [-103.85174, 31.75895, 0], [-103.85242, 31.75976, 0], [-103.853, 31.76042, 0], [-103.8537, 31.76124, 0], [-103.85431, 31.76192, 0], [-103.85458, 31.76224, 0], [-103.85497, 31.76272, 0], [-103.8553, 31.76314, 0], [-103.85531, 31.76315, 0], [-103.85532, 31.76317, 0], [-103.85534, 31.76322, 0], [-103.85537, 31.76326, 0], [-103.85541, 31.76332, 0], [-103.85603, 31.76407, 0], [-103.85681, 31.7649, 0], [-103.85732, 31.76551, 0], [-103.85764, 31.76588, 0], [-103.85787, 31.76616, 0], [-103.85853, 31.76693, 0], [-103.85879, 31.76722, 0], [-103.85909, 31.76758, 0], [-103.85912, 31.76761, 0], [-103.85919, 31.76771, 0], [-103.85958, 31.76817, 0], [-103.86184, 31.77077, 0], [-103.86257, 31.77163, 0], [-103.86272, 31.77178, 0], [-103.86279, 31.77183, 0], [-103.86281, 31.77184, 0], [-103.86292, 31.77195, 0], [-103.86343, 31.77252, 0], [-103.86373, 31.77288, 0], [-103.8657, 31.77516, 0], [-103.86711, 31.77675, 0], [-103.86927, 31.77925, 0], [-103.86931, 31.77929, 0], [-103.87051, 31.78065, 0], [-103.87394, 31.78465, 0], [-103.87401, 31.78472, 0], [-103.87739, 31.78863, 0], [-103.87751, 31.78878, 0], [-103.87795, 31.78926, 0], [-103.87805, 31.78938, 0], [-103.87861, 31.79002, 0], [-103.88107, 31.79289, 0], [-103.88211, 31.79408, 0], [-103.88256, 31.79461, 0], [-103.88268, 31.79476, 0], [-103.88303, 31.79515, 0], [-103.88392, 31.79618, 0], [-103.88414, 31.79645, 0], [-103.89117, 31.80457, 0], [-103.89165, 31.80514, 0], [-103.8922, 31.80575, 0], [-103.89337, 31.80708, 0], [-103.89416, 31.808, 0], [-103.89473, 31.80864, 0], [-103.89532, 31.80934, 0], [-103.89597, 31.81008, 0], [-103.8975, 31.81186, 0], [-103.89769, 31.81209, 0], [-103.90444, 31.8199, 0], [-103.90459, 31.82006, 0], [-103.90471, 31.82021, 0], [-103.90596, 31.82164, 0], [-103.90687, 31.82271, 0], [-103.90833, 31.8245, 0], [-103.90833, 31.82457, 0], [-103.90834, 31.82458, 0], [-103.90837, 31.82463, 0], [-103.90888, 31.82519, 0], [-103.90893, 31.82527, 0], [-103.90916, 31.82552, 0], [-103.90956, 31.82604, 0], [-103.90981, 31.82631, 0], [-103.9099, 31.82633, 0], [-103.91023, 31.82673, 0], [-103.91043, 31.82695, 0], [-103.91067, 31.82724, 0], [-103.91094, 31.82758, 0], [-103.91195, 31.82878, 0], [-103.91311, 31.8301, 0], [-103.91346, 31.83052, 0], [-103.91349, 31.83056, 0], [-103.91352, 31.83059, 0], [-103.91379, 31.83091, 0], [-103.91427, 31.83146, 0], [-103.91528, 31.83265, 0], [-103.91539, 31.8328, 0], [-103.91559, 31.83305, 0], [-103.9156, 31.83307, 0], [-103.91566, 31.83317, 0], [-103.91741, 31.83572, 0], [-103.91744, 31.83575, 0], [-103.91754, 31.83591, 0], [-103.91756, 31.83593, 0], [-103.91905, 31.8381, 0], [-103.91916, 31.83825, 0], [-103.92023, 31.83978, 0], [-103.92024, 31.8398, 0], [-103.9203, 31.83989, 0], [-103.92033, 31.83993, 0], [-103.92163, 31.84182, 0], [-103.92193, 31.84227, 0], [-103.92261, 31.84324, 0], [-103.92283, 31.84357, 0], [-103.92325, 31.84415, 0], [-103.93019, 31.8542, 0], [-103.93102, 31.85534, 0], [-103.93952, 31.86765, 0], [-103.93963, 31.8678, 0], [-103.94213, 31.87141, 0], [-103.9422, 31.87152, 0], [-103.94435, 31.87463, 0], [-103.94476, 31.87524, 0], [-103.94477, 31.87525, 0], [-103.94481, 31.8753, 0], [-103.94506, 31.87565, 0], [-103.94531, 31.87602, 0], [-103.94707, 31.87848, 0], [-103.94886, 31.88103, 0], [-103.9493, 31.8817, 0], [-103.94985, 31.88258, 0], [-103.95344, 31.88778, 0], [-103.95355, 31.88793, 0], [-103.95408, 31.88871, 0], [-103.95752, 31.89367, 0], [-103.95763, 31.89382, 0], [-103.96149, 31.89941, 0], [-103.9616, 31.89956, 0], [-103.96428, 31.90346, 0], [-103.96439, 31.90361, 0], [-103.9645, 31.90378, 0], [-103.96461, 31.90393, 0], [-103.96558, 31.90533, 0], [-103.96578, 31.90563, 0], [-103.96819, 31.90911, 0], [-103.96878, 31.90994, 0], [-103.9763, 31.92078, 0], [-103.97651, 31.9211, 0], [-103.97693, 31.92169, 0], [-103.9778, 31.92296, 0], [-103.97781, 31.92296, 0], [-103.98049, 31.92684, 0], [-103.98187, 31.92887, 0], [-103.98216, 31.92928, 0], [-103.98229, 31.92948, 0], [-103.9824, 31.92963, 0], [-103.98241, 31.92964, 0], [-103.98251, 31.92979, 0], [-103.98251, 31.9298, 0], [-103.98262, 31.92994, 0], [-103.98734, 31.93675, 0], [-103.98745, 31.9369, 0], [-103.98766, 31.93721, 0], [-103.98788, 31.93752, 0], [-103.98858, 31.93854, 0], [-103.9895, 31.93984, 0], [-103.98951, 31.93986, 0], [-103.99004, 31.94062, 0], [-103.99015, 31.94077, 0], [-103.99025, 31.94093, 0], [-103.99036, 31.94108, 0], [-103.99184, 31.9432, 0], [-103.99187, 31.94325, 0], [-103.99198, 31.9434, 0], [-103.99208, 31.94356, 0], [-103.99214, 31.94364, 0], [-103.99226, 31.94382, 0], [-103.99233, 31.94391, 0], [-103.99316, 31.94511, 0], [-103.99263, 31.9454, 0], [-103.99182, 31.94586, 0], [-103.99159, 31.94598, 0], [-103.98351, 31.95066, 0], [-103.98345, 31.95079, 0], [-103.98306, 31.95092, 0], [-103.98151, 31.95182, 0], [-103.98134, 31.95193, 0], [-103.98047, 31.95244, 0], [-103.97818, 31.95374, 0], [-103.97772, 31.95401, 0], [-103.97722, 31.95421, 0], [-103.97712, 31.95427, 0], [-103.97628, 31.95482, 0], [-103.97611, 31.95492, 0], [-103.97526, 31.95547, 0], [-103.97515, 31.95562, 0], [-103.97503, 31.95577, 0], [-103.97492, 31.95592, 0], [-103.9748, 31.95607, 0], [-103.97377, 31.95743, 0], [-103.97342, 31.95788, 0], [-103.97331, 31.95804, 0], [-103.973, 31.95843, 0], [-103.97209, 31.95965, 0], [-103.97174, 31.9601, 0], [-103.97165, 31.96021, 0], [-103.97104, 31.961, 0], [-103.9708, 31.9613, 0], [-103.97069, 31.96145, 0], [-103.97045, 31.96175, 0], [-103.97034, 31.9619, 0], [-103.97033, 31.9619, 0], [-103.96976, 31.96265, 0], [-103.96915, 31.96339, 0], [-103.96901, 31.9635, 0], [-103.96883, 31.96363, 0], [-103.96836, 31.96399, 0], [-103.96832, 31.96401, 0], [-103.96815, 31.96411, 0], [-103.96814, 31.96412, 0], [-103.96767, 31.9643, 0], [-103.96745, 31.96437, 0], [-103.96736, 31.96438, 0], [-103.96722, 31.96441, 0], [-103.96698, 31.96443, 0], [-103.96674, 31.96446, 0], [-103.96647, 31.96429, 0], [-103.96617, 31.96409, 0], [-103.96607, 31.96401, 0], [-103.96602, 31.96396, 0], [-103.96592, 31.96388, 0], [-103.9659, 31.96387, 0], [-103.96582, 31.96376, 0], [-103.9658, 31.96374, 0], [-103.96575, 31.96364, 0], [-103.96571, 31.96352, 0], [-103.96566, 31.96341, 0], [-103.96554, 31.96323, 0], [-103.96537, 31.96307, 0], [-103.96502, 31.96284, 0], [-103.96457, 31.96256, 0], [-103.96423, 31.96234, 0], [-103.96422, 31.96233, 0], [-103.96375, 31.96197, 0], [-103.96359, 31.96188, 0], [-103.96355, 31.96185, 0], [-103.96342, 31.96178, 0], [-103.96339, 31.96178, 0], [-103.96335, 31.96179, 0], [-103.9633, 31.96179, 0], [-103.96326, 31.9618, 0], [-103.96235, 31.96235, 0], [-103.96218, 31.96246, 0], [-103.96151, 31.96287, 0], [-103.96127, 31.96304, 0], [-103.96105, 31.96324, 0], [-103.96127, 31.96304, 0], [-103.96151, 31.96287, 0], [-103.96218, 31.96246, 0], [-103.96235, 31.96235, 0], [-103.96326, 31.9618, 0], [-103.9633, 31.96179, 0], [-103.96335, 31.96179, 0], [-103.96339, 31.96178, 0], [-103.96342, 31.96178, 0], [-103.96355, 31.96185, 0], [-103.96359, 31.96188, 0], [-103.96375, 31.96197, 0], [-103.96422, 31.96233, 0], [-103.96423, 31.96234, 0], [-103.96457, 31.96256, 0], [-103.96502, 31.96284, 0], [-103.96537, 31.96307, 0], [-103.96554, 31.96323, 0], [-103.96566, 31.96341, 0], [-103.96571, 31.96352, 0], [-103.96575, 31.96364, 0], [-103.9658, 31.96374, 0], [-103.96582, 31.96376, 0], [-103.9659, 31.96387, 0], [-103.96592, 31.96388, 0], [-103.96602, 31.96396, 0], [-103.96607, 31.96401, 0], [-103.96617, 31.96409, 0], [-103.96647, 31.96429, 0], [-103.96674, 31.96446, 0], [-103.96698, 31.96443, 0], [-103.96722, 31.96441, 0], [-103.96736, 31.96438, 0], [-103.96745, 31.96437, 0], [-103.96767, 31.9643, 0], [-103.96814, 31.96412, 0], [-103.96815, 31.96411, 0], [-103.96832, 31.96401, 0], [-103.96836, 31.96399, 0], [-103.96883, 31.96363, 0], [-103.96901, 31.9635, 0], [-103.96915, 31.96339, 0], [-103.96976, 31.96265, 0], [-103.97033, 31.9619, 0], [-103.97034, 31.9619, 0], [-103.97045, 31.96175, 0], [-103.97069, 31.96145, 0], [-103.9708, 31.9613, 0], [-103.97104, 31.961, 0], [-103.97165, 31.96021, 0], [-103.97174, 31.9601, 0], [-103.97209, 31.95965, 0], [-103.973, 31.95843, 0], [-103.97331, 31.95804, 0], [-103.97342, 31.95788, 0], [-103.97377, 31.95743, 0], [-103.9748, 31.95607, 0], [-103.97492, 31.95592, 0], [-103.97503, 31.95577, 0], [-103.97515, 31.95562, 0], [-103.97526, 31.95547, 0], [-103.97611, 31.95492, 0], [-103.97628, 31.95482, 0], [-103.97712, 31.95427, 0], [-103.97722, 31.95421, 0], [-103.97772, 31.95401, 0], [-103.97818, 31.95374, 0], [-103.98047, 31.95244, 0], [-103.98134, 31.95193, 0], [-103.98151, 31.95182, 0], [-103.98306, 31.95092, 0], [-103.98345, 31.95079, 0], [-103.98351, 31.95066, 0], [-103.99159, 31.94598, 0], [-103.99182, 31.94586, 0], [-103.99263, 31.9454, 0], [-103.99316, 31.94511, 0], [-103.99332, 31.94533, 0], [-103.99435, 31.94682, 0], [-103.99435, 31.94683, 0], [-103.99438, 31.94687, 0], [-103.99445, 31.94698, 0], [-103.99446, 31.94699, 0], [-103.99488, 31.94761, 0], [-103.99521, 31.94807, 0], [-103.99646, 31.94989, 0], [-103.99664, 31.95014, 0], [-104.00351, 31.96008, 0], [-104.00378, 31.96046, 0], [-104.00389, 31.96063, 0], [-104.00536, 31.96273, 0], [-104.00546, 31.96289, 0], [-104.00557, 31.96304, 0], [-104.00568, 31.9632, 0], [-104.0059, 31.9635, 0], [-104.00631, 31.96408, 0], [-104.00645, 31.96427, 0], [-104.01013, 31.9696, 0], [-104.01024, 31.96975, 0], [-104.01085, 31.97063, 0], [-104.01111, 31.97098, 0], [-104.01112, 31.97098, 0], [-104.01192, 31.97212, 0], [-104.01193, 31.97213, 0], [-104.01267, 31.9732, 0], [-104.01268, 31.97322, 0], [-104.01342, 31.97429, 0], [-104.01343, 31.97431, 0], [-104.01737, 31.98002, 0], [-104.01738, 31.98003, 0], [-104.01835, 31.98143, 0], [-104.01838, 31.98148, 0], [-104.01844, 31.98156, 0], [-104.01846, 31.98158, 0], [-104.01867, 31.98189, 0], [-104.0187, 31.98195, 0], [-104.01993, 31.98372, 0], [-104.02, 31.98381, 0], [-104.02004, 31.98388, 0], [-104.02071, 31.98484, 0], [-104.02075, 31.98489, 0], [-104.02129, 31.98569, 0], [-104.02322, 31.98847, 0], [-104.0234, 31.98872, 0], [-104.02359, 31.98901, 0], [-104.02363, 31.98906, 0], [-104.02552, 31.99179, 0], [-104.02563, 31.99194, 0], [-104.02564, 31.99196, 0], [-104.02692, 31.9938, 0], [-104.02756, 31.99474, 0], [-104.02767, 31.99489, 0], [-104.02799, 31.99536, 0], [-104.02801, 31.99538, 0], [-104.02842, 31.99596, 0], [-104.02881, 31.99653, 0], [-104.02888, 31.99662, 0], [-104.02892, 31.99668, 0], [-104.02896, 31.99675, 0], [-104.02929, 31.99721, 0], [-104.02961, 31.99768, 0], [-104.02962, 31.9977, 0], [-104.02967, 31.99776, 0], [-104.02968, 31.99779, 0], [-104.02972, 31.99783, 0], [-104.03023, 31.99862, 0], [-104.03024, 31.99863, 0], [-104.03045, 31.99893, 0], [-104.03045, 31.99894, 0], [-104.03051, 31.99902, 0], [-104.03083, 31.9995, 0], [-104.03111, 31.99988, 0], [-104.03112, 31.99995, 0], [-104.03113, 31.99997, 0], [-104.03113, 31.99998, 0], [-104.03114, 32, 0], [-104.0312, 32.0001, 0], [-104.03147, 32.00047, 0], [-104.03169, 32.00079, 0], [-104.03175, 32.00085, 0], [-104.03198, 32.00115, 0], [-104.03211, 32.0013, 0], [-104.03223, 32.00147, 0], [-104.03242, 32.00166, 0], [-104.03293, 32.00222, 0], [-104.03311, 32.0024, 0], [-104.03336, 32.00263, 0], [-104.03441, 32.00366, 0], [-104.03452, 32.00376, 0], [-104.03558, 32.00478, 0], [-104.0359, 32.0051, 0], [-104.03591, 32.0051, 0], [-104.03591, 32.00511, 0], [-104.036, 32.0052, 0], [-104.03605, 32.00524, 0], [-104.03701, 32.00618, 0], [-104.03703, 32.00619, 0], [-104.03714, 32.0063, 0], [-104.03716, 32.00633, 0], [-104.03728, 32.00644, 0], [-104.03781, 32.00695, 0], [-104.03787, 32.007, 0], [-104.03827, 32.00738, 0], [-104.0383, 32.0074, 0], [-104.03838, 32.00749, 0], [-104.03843, 32.00753, 0], [-104.03854, 32.00765, 0], [-104.0388, 32.00789, 0], [-104.03886, 32.00794, 0], [-104.0395, 32.00857, 0], [-104.03955, 32.00861, 0], [-104.0401, 32.00915, 0], [-104.04068, 32.0097, 0], [-104.04081, 32.00983, 0], [-104.04082, 32.00983, 0], [-104.04143, 32.01045, 0], [-104.0415, 32.01051, 0], [-104.04178, 32.01079, 0], [-104.04275, 32.01171, 0], [-104.04348, 32.01243, 0], [-104.04388, 32.0128, 0], [-104.04671, 32.01553, 0], [-104.04687, 32.01571, 0], [-104.0475, 32.01631, 0], [-104.04881, 32.0176, 0], [-104.04892, 32.01769, 0], [-104.04897, 32.01774, 0], [-104.04935, 32.01808, 0], [-104.04969, 32.0184, 0], [-104.04978, 32.01848, 0], [-104.04986, 32.01856, 0], [-104.04992, 32.01861, 0], [-104.05009, 32.01879, 0], [-104.05019, 32.01889, 0], [-104.05024, 32.01895, 0], [-104.05033, 32.01903, 0], [-104.05089, 32.01957, 0], [-104.05102, 32.01971, 0], [-104.05106, 32.01974, 0], [-104.05116, 32.01985, 0], [-104.05122, 32.01991, 0], [-104.05136, 32.02004, 0], [-104.05322, 32.02166, 0], [-104.05379, 32.02219, 0], [-104.05426, 32.02264, 0], [-104.05442, 32.02277, 0], [-104.05476, 32.02311, 0], [-104.05501, 32.02334, 0], [-104.05546, 32.02377, 0], [-104.05596, 32.0243, 0], [-104.05608, 32.02445, 0], [-104.05647, 32.02487, 0], [-104.05653, 32.02494, 0], [-104.05656, 32.02497, 0], [-104.05725, 32.02574, 0], [-104.05737, 32.02588, 0], [-104.0574, 32.02593, 0], [-104.05742, 32.02594, 0], [-104.05753, 32.02607, 0], [-104.05771, 32.0263, 0], [-104.05773, 32.02632, 0], [-104.05777, 32.02637, 0], [-104.05778, 32.02638, 0], [-104.05809, 32.02677, 0], [-104.05812, 32.02682, 0], [-104.0583, 32.02707, 0], [-104.05852, 32.02741, 0], [-104.05871, 32.02773, 0], [-104.05881, 32.02787, 0], [-104.05883, 32.02791, 0], [-104.05884, 32.02792, 0], [-104.05885, 32.02794, 0], [-104.05886, 32.02795, 0], [-104.05912, 32.0284, 0], [-104.05934, 32.02881, 0], [-104.05948, 32.02911, 0], [-104.05959, 32.02936, 0], [-104.05962, 32.02942, 0], [-104.05967, 32.02951, 0], [-104.05976, 32.02969, 0], [-104.05991, 32.03005, 0], [-104.06006, 32.03047, 0], [-104.06014, 32.03071, 0], [-104.06016, 32.03076, 0], [-104.06017, 32.03078, 0], [-104.06022, 32.03092, 0], [-104.0603, 32.03123, 0], [-104.06034, 32.03134, 0], [-104.06035, 32.0314, 0], [-104.06037, 32.03146, 0], [-104.06037, 32.03147, 0], [-104.06042, 32.03163, 0], [-104.06043, 32.03168, 0], [-104.06056, 32.03216, 0], [-104.0606, 32.03233, 0], [-104.06064, 32.03255, 0], [-104.06068, 32.03281, 0], [-104.06071, 32.03294, 0], [-104.06072, 32.03304, 0], [-104.06074, 32.03317, 0], [-104.06075, 32.03322, 0], [-104.06076, 32.03324, 0], [-104.06077, 32.03335, 0], [-104.06078, 32.03336, 0], [-104.06081, 32.03358, 0], [-104.06083, 32.0337, 0], [-104.06084, 32.03373, 0], [-104.06098, 32.03441, 0], [-104.06099, 32.03447, 0], [-104.061, 32.03448, 0], [-104.06101, 32.03459, 0], [-104.06106, 32.03495, 0], [-104.06107, 32.035, 0], [-104.06107, 32.03501, 0], [-104.06111, 32.0352, 0], [-104.06116, 32.03548, 0], [-104.06117, 32.0355, 0], [-104.06142, 32.03702, 0], [-104.06148, 32.03744, 0], [-104.06156, 32.03782, 0], [-104.06157, 32.03785, 0], [-104.06171, 32.03862, 0], [-104.06178, 32.03911, 0], [-104.06185, 32.03945, 0], [-104.06189, 32.03968, 0], [-104.06198, 32.04027, 0], [-104.06199, 32.04032, 0], [-104.06202, 32.04057, 0], [-104.06206, 32.04082, 0], [-104.06209, 32.04098, 0], [-104.06211, 32.04106, 0], [-104.06212, 32.04116, 0], [-104.06218, 32.04151, 0], [-104.06218, 32.04157, 0], [-104.06225, 32.04198, 0], [-104.06242, 32.04285, 0], [-104.06248, 32.04324, 0], [-104.06252, 32.04342, 0], [-104.06279, 32.04512, 0], [-104.06358, 32.04959, 0], [-104.06374, 32.05042, 0], [-104.06459, 32.0553, 0], [-104.06465, 32.05572, 0], [-104.06466, 32.05573, 0], [-104.06469, 32.05596, 0], [-104.06505, 32.05794, 0], [-104.06553, 32.06088, 0], [-104.06561, 32.06126, 0], [-104.06593, 32.063, 0], [-104.06593, 32.06305, 0], [-104.06599, 32.06338, 0], [-104.06601, 32.06347, 0], [-104.06601, 32.06352, 0], [-104.06602, 32.06356, 0], [-104.06605, 32.06371, 0], [-104.06606, 32.06374, 0], [-104.06631, 32.06528, 0], [-104.06641, 32.06585, 0], [-104.06643, 32.066, 0], [-104.06644, 32.06603, 0], [-104.06644, 32.06605, 0], [-104.0668, 32.06815, 0], [-104.06685, 32.06834, 0], [-104.06699, 32.06916, 0], [-104.06704, 32.06939, 0], [-104.06708, 32.06966, 0], [-104.06711, 32.06977, 0], [-104.06716, 32.07008, 0], [-104.0674, 32.07141, 0], [-104.06767, 32.07304, 0], [-104.06769, 32.07313, 0], [-104.06804, 32.07518, 0], [-104.06808, 32.07535, 0], [-104.06809, 32.07546, 0], [-104.06835, 32.07691, 0], [-104.06846, 32.07757, 0], [-104.06858, 32.0782, 0], [-104.06866, 32.07831, 0], [-104.06915, 32.08129, 0], [-104.06926, 32.08185, 0], [-104.06932, 32.08223, 0], [-104.0695, 32.08317, 0], [-104.06962, 32.0837, 0], [-104.0697, 32.08416, 0], [-104.06986, 32.08492, 0], [-104.06988, 32.08497, 0], [-104.0699, 32.08507, 0], [-104.06994, 32.08524, 0], [-104.07006, 32.08568, 0], [-104.07015, 32.08624, 0], [-104.07035, 32.08717, 0], [-104.0707, 32.08903, 0], [-104.07081, 32.08968, 0], [-104.07085, 32.08982, 0], [-104.07088, 32.09, 0], [-104.0709, 32.09018, 0], [-104.07108, 32.09125, 0], [-104.07113, 32.09192, 0], [-104.07121, 32.09251, 0], [-104.07126, 32.09301, 0], [-104.07137, 32.09375, 0], [-104.07139, 32.09383, 0], [-104.07157, 32.09494, 0], [-104.07165, 32.09533, 0], [-104.07173, 32.09577, 0], [-104.07174, 32.0958, 0], [-104.07174, 32.09581, 0], [-104.0719, 32.09672, 0], [-104.07191, 32.0968, 0], [-104.07223, 32.09876, 0], [-104.07225, 32.09884, 0], [-104.07228, 32.09902, 0], [-104.07229, 32.09911, 0], [-104.07253, 32.10037, 0], [-104.0729, 32.1026, 0], [-104.073, 32.10333, 0], [-104.07304, 32.10375, 0], [-104.07307, 32.10419, 0], [-104.07308, 32.10455, 0], [-104.07307, 32.10531, 0], [-104.07313, 32.10731, 0], [-104.07316, 32.11055, 0], [-104.07317, 32.11091, 0], [-104.07328, 32.11897, 0], [-104.07333, 32.12116, 0], [-104.07334, 32.12248, 0], [-104.07353, 32.13479, 0], [-104.07354, 32.13493, 0], [-104.07355, 32.13564, 0], [-104.07357, 32.1361, 0], [-104.07356, 32.13797, 0], [-104.07352, 32.13882, 0], [-104.07353, 32.14068, 0], [-104.07356, 32.14142, 0], [-104.07361, 32.14209, 0], [-104.07364, 32.14239, 0], [-104.07365, 32.143, 0], [-104.07368, 32.14386, 0], [-104.07368, 32.14406, 0], [-104.0737, 32.14464, 0], [-104.07371, 32.14604, 0], [-104.07372, 32.14637, 0], [-104.07376, 32.14955, 0], [-104.07376, 32.15027, 0], [-104.07377, 32.15039, 0], [-104.07379, 32.151, 0], [-104.07389, 32.157, 0], [-104.07389, 32.15816, 0], [-104.07388, 32.15853, 0], [-104.07382, 32.15926, 0], [-104.07368, 32.16023, 0], [-104.07362, 32.1605, 0], [-104.07355, 32.16077, 0], [-104.07345, 32.16122, 0], [-104.07341, 32.16136, 0], [-104.07336, 32.16159, 0], [-104.07321, 32.16205, 0], [-104.07188, 32.16649, 0], [-104.07172, 32.16705, 0], [-104.07143, 32.16796, 0], [-104.07034, 32.17158, 0], [-104.07005, 32.17261, 0], [-104.07005, 32.17263, 0], [-104.0693, 32.17504, 0], [-104.06876, 32.17684, 0], [-104.06868, 32.17709, 0], [-104.06867, 32.17713, 0], [-104.06844, 32.17788, 0], [-104.06839, 32.17806, 0], [-104.068, 32.17936, 0], [-104.06798, 32.1794, 0], [-104.06639, 32.1847, 0], [-104.06638, 32.18475, 0], [-104.06631, 32.18497, 0], [-104.06629, 32.18505, 0], [-104.06615, 32.18551, 0], [-104.06611, 32.18563, 0], [-104.06608, 32.18574, 0], [-104.06606, 32.1858, 0], [-104.06599, 32.18604, 0], [-104.06595, 32.18615, 0], [-104.06592, 32.18627, 0], [-104.0659, 32.18632, 0], [-104.06573, 32.18693, 0], [-104.06558, 32.18742, 0], [-104.0655, 32.18766, 0], [-104.06549, 32.18772, 0], [-104.06545, 32.18784, 0], [-104.06544, 32.18785, 0], [-104.0654, 32.18801, 0], [-104.06522, 32.18859, 0], [-104.06509, 32.18906, 0], [-104.06493, 32.18958, 0], [-104.06491, 32.18963, 0], [-104.06487, 32.18975, 0], [-104.06472, 32.19028, 0], [-104.06463, 32.19063, 0], [-104.06455, 32.1909, 0], [-104.06446, 32.1913, 0], [-104.06444, 32.19151, 0], [-104.06441, 32.19169, 0], [-104.06439, 32.19187, 0], [-104.06438, 32.19205, 0], [-104.06438, 32.19223, 0], [-104.06437, 32.19242, 0], [-104.06438, 32.19269, 0], [-104.06439, 32.19274, 0], [-104.0644, 32.19313, 0], [-104.06447, 32.1936, 0], [-104.06458, 32.19411, 0], [-104.06484, 32.19506, 0], [-104.06495, 32.19543, 0], [-104.06661, 32.2015, 0], [-104.06665, 32.20168, 0], [-104.06832, 32.20782, 0], [-104.06871, 32.20918, 0], [-104.0694, 32.21172, 0], [-104.06951, 32.21215, 0], [-104.06992, 32.21365, 0], [-104.06994, 32.2137, 0], [-104.07038, 32.21532, 0], [-104.07118, 32.21843, 0], [-104.07146, 32.21944, 0], [-104.0717, 32.22036, 0], [-104.07189, 32.22104, 0], [-104.07193, 32.22132, 0], [-104.07208, 32.22219, 0], [-104.07216, 32.22277, 0], [-104.0722, 32.2242, 0], [-104.0722, 32.22482, 0], [-104.07222, 32.2253, 0], [-104.07222, 32.22558, 0], [-104.07223, 32.22572, 0], [-104.07225, 32.2258, 0], [-104.07238, 32.22622, 0], [-104.07243, 32.22636, 0], [-104.0726, 32.22672, 0], [-104.07273, 32.22695, 0], [-104.07283, 32.22709, 0], [-104.07284, 32.22716, 0], [-104.07289, 32.22726, 0], [-104.07295, 32.22734, 0], [-104.073, 32.22742, 0], [-104.07367, 32.22824, 0], [-104.0761, 32.2309, 0], [-104.07719, 32.23214, 0], [-104.07724, 32.23219, 0], [-104.07813, 32.23334, 0], [-104.07827, 32.23354, 0], [-104.07845, 32.23377, 0], [-104.07858, 32.2339, 0], [-104.07899, 32.23447, 0], [-104.07903, 32.23451, 0], [-104.07906, 32.23455, 0], [-104.07928, 32.23482, 0], [-104.07938, 32.23495, 0], [-104.08044, 32.23623, 0], [-104.08076, 32.23658, 0], [-104.08094, 32.23675, 0], [-104.08122, 32.23703, 0], [-104.08126, 32.23705, 0], [-104.08133, 32.23707, 0], [-104.08148, 32.2372, 0], [-104.0816, 32.23732, 0], [-104.0817, 32.23743, 0], [-104.08175, 32.23748, 0], [-104.08183, 32.23757, 0], [-104.08188, 32.23764, 0], [-104.08257, 32.23847, 0], [-104.08268, 32.23859, 0], [-104.08308, 32.23908, 0], [-104.08316, 32.23917, 0], [-104.08341, 32.23948, 0], [-104.08368, 32.23979, 0], [-104.08375, 32.23988, 0], [-104.08613, 32.24276, 0], [-104.0862, 32.24284, 0], [-104.08627, 32.24293, 0], [-104.0871, 32.24393, 0], [-104.08734, 32.24425, 0], [-104.08757, 32.24461, 0], [-104.08767, 32.24481, 0], [-104.08781, 32.24512, 0], [-104.08796, 32.24558, 0], [-104.08799, 32.24569, 0], [-104.08807, 32.24618, 0], [-104.08808, 32.24643, 0], [-104.08808, 32.24658, 0], [-104.08807, 32.24691, 0], [-104.08807, 32.24702, 0], [-104.08795, 32.25013, 0], [-104.08794, 32.25028, 0], [-104.08783, 32.25342, 0], [-104.08773, 32.25563, 0], [-104.08772, 32.25599, 0], [-104.08771, 32.25613, 0], [-104.08771, 32.25624, 0], [-104.08768, 32.2569, 0], [-104.08766, 32.25757, 0], [-104.08766, 32.25775, 0], [-104.08765, 32.25778, 0], [-104.08762, 32.25851, 0], [-104.08762, 32.25921, 0], [-104.08768, 32.25969, 0], [-104.08774, 32.25992, 0], [-104.0878, 32.26011, 0], [-104.08795, 32.2605, 0], [-104.08804, 32.2607, 0], [-104.0882, 32.261, 0], [-104.08833, 32.2612, 0], [-104.08855, 32.2615, 0], [-104.08882, 32.26181, 0], [-104.08905, 32.26204, 0], [-104.08933, 32.26227, 0], [-104.08967, 32.26252, 0], [-104.09192, 32.26424, 0], [-104.09614, 32.26742, 0], [-104.09603, 32.2676, 0], [-104.096, 32.26769, 0], [-104.09599, 32.2677, 0], [-104.09599, 32.26775, 0], [-104.096, 32.26789, 0], [-104.09605, 32.26809, 0], [-104.09606, 32.26823, 0], [-104.09608, 32.26839, 0], [-104.09608, 32.26891, 0], [-104.09606, 32.26939, 0], [-104.09603, 32.27113, 0], [-104.09602, 32.27127, 0], [-104.09602, 32.27167, 0], [-104.09599, 32.27269, 0], [-104.09599, 32.27294, 0], [-104.09598, 32.27305, 0], [-104.09598, 32.27359, 0], [-104.09597, 32.27378, 0], [-104.09597, 32.27413, 0], [-104.09592, 32.27657, 0], [-104.09591, 32.27665, 0], [-104.09591, 32.27676, 0], [-104.09588, 32.27761, 0], [-104.09584, 32.27832, 0], [-104.09584, 32.28012, 0], [-104.09583, 32.28102, 0], [-104.09584, 32.28334, 0], [-104.09582, 32.28475, 0], [-104.09582, 32.28593, 0], [-104.09583, 32.28623, 0], [-104.09582, 32.28593, 0], [-104.09517, 32.28593, 0], [-104.09478, 32.28594, 0], [-104.09452, 32.28594, 0], [-104.09454, 32.28916, 0], [-104.09453, 32.29069, 0], [-104.09368, 32.29069, 0], [-104.09347, 32.29068, 0], [-104.0829, 32.29073, 0], [-104.08268, 32.29074, 0], [-104.08225, 32.29074, 0], [-104.08203, 32.29075, 0], [-104.07996, 32.29078, 0], [-104.07964, 32.29079, 0], [-104.07658, 32.29082, 0], [-104.06983, 32.29094, 0], [-104.06969, 32.29095, 0], [-104.06911, 32.29095, 0], [-104.06826, 32.29097, 0], [-104.06734, 32.29098, 0], [-104.06717, 32.29099, 0], [-104.0667, 32.29099, 0], [-104.0667, 32.29137, 0], [-104.06669, 32.29154, 0], [-104.06669, 32.2928, 0], [-104.0667, 32.29294, 0], [-104.0667, 32.2944, 0], [-104.06669, 32.29481, 0], [-104.06669, 32.29638, 0], [-104.06667, 32.29784, 0], [-104.06667, 32.29938, 0], [-104.06666, 32.29983, 0], [-104.06666, 32.30061, 0], [-104.06665, 32.30115, 0], [-104.06665, 32.30247, 0], [-104.06663, 32.30391, 0], [-104.06662, 32.30758, 0], [-104.06663, 32.3083, 0], [-104.06664, 32.31197, 0], [-104.06665, 32.3122, 0], [-104.06665, 32.31252, 0], [-104.06664, 32.31269, 0], [-104.06629, 32.31262, 0], [-104.06581, 32.31251, 0], [-104.06553, 32.31243, 0], [-104.06375, 32.31181, 0], [-104.06324, 32.31167, 0], [-104.0631, 32.31164, 0], [-104.06298, 32.31162, 0], [-104.06276, 32.31159, 0], [-104.0624, 32.31156, 0], [-104.06192, 32.31156, 0], [-104.06171, 32.31157, 0], [-104.06155, 32.31159, 0], [-104.06134, 32.31161, 0], [-104.0611, 32.31165, 0], [-104.06092, 32.31169, 0], [-104.06086, 32.3117, 0], [-104.06058, 32.31176, 0], [-104.05977, 32.31199, 0], [-104.05464, 32.31366, 0], [-104.05439, 32.31375, 0], [-104.05193, 32.31451, 0], [-104.04835, 32.31566, 0], [-104.0483, 32.31567, 0], [-104.04476, 32.3168, 0], [-104.04471, 32.31682, 0], [-104.04277, 32.31743, 0], [-104.04257, 32.3175, 0], [-104.04252, 32.31751, 0], [-104.04218, 32.31762, 0], [-104.04198, 32.31769, 0], [-104.04192, 32.3177, 0], [-104.03934, 32.31853, 0], [-104.03909, 32.3186, 0], [-104.03714, 32.31922, 0], [-104.03703, 32.31925, 0], [-104.03683, 32.31932, 0], [-104.03614, 32.31953, 0], [-104.0357, 32.31968, 0], [-104.03543, 32.31976, 0], [-104.03535, 32.31979, 0], [-104.0345, 32.32008, 0], [-104.0344, 32.32012, 0], [-104.03436, 32.32013, 0], [-104.03259, 32.32079, 0], [-104.03229, 32.32091, 0], [-104.03225, 32.32092, 0], [-104.03224, 32.32092, 0], [-104.03166, 32.32114, 0], [-104.03147, 32.32122, 0], [-104.0314, 32.32124, 0], [-104.02801, 32.32252, 0], [-104.02794, 32.32255, 0], [-104.02782, 32.32259, 0], [-104.02778, 32.32261, 0], [-104.02725, 32.32281, 0], [-104.02622, 32.32326, 0], [-104.02455, 32.32416, 0], [-104.02404, 32.32447, 0], [-104.02376, 32.32466, 0], [-104.02342, 32.32488, 0], [-104.02228, 32.32569, 0], [-104.02227, 32.3257, 0], [-104.0214, 32.3263, 0], [-104.0213, 32.32638, 0], [-104.02113, 32.32649, 0], [-104.02048, 32.32695, 0], [-104.02047, 32.32695, 0], [-104.02043, 32.32699, 0], [-104.02033, 32.32705, 0], [-104.01909, 32.32792, 0], [-104.01859, 32.32826, 0], [-104.01114, 32.33347, 0], [-104.01102, 32.33356, 0], [-104.01069, 32.33379, 0], [-104.01049, 32.33395, 0], [-104.01028, 32.3341, 0], [-104.01, 32.33433, 0], [-104.00952, 32.33475, 0], [-104.00918, 32.33506, 0], [-104.00901, 32.33523, 0], [-104.00887, 32.33536, 0], [-104.00556, 32.33861, 0], [-104.00547, 32.33869, 0], [-104.005, 32.33917, 0], [-104.00376, 32.34039, 0], [-104.002, 32.34216, 0], [-104, 32.34109, 0], [-103.99973, 32.34097, 0], [-103.99942, 32.34084, 0], [-103.99917, 32.34075, 0], [-103.99898, 32.3407, 0], [-103.99882, 32.34065, 0], [-103.99841, 32.34055, 0], [-103.99817, 32.3405, 0], [-103.99788, 32.34046, 0], [-103.99786, 32.34045, 0], [-103.99734, 32.3404, 0], [-103.99715, 32.34039, 0], [-103.99648, 32.34039, 0], [-103.99633, 32.3404, 0], [-103.9962, 32.34042, 0], [-103.99604, 32.34043, 0], [-103.9957, 32.34048, 0], [-103.99566, 32.34049, 0], [-103.99564, 32.34049, 0], [-103.99559, 32.3405, 0], [-103.99551, 32.34052, 0], [-103.99524, 32.34057, 0], [-103.99503, 32.34063, 0], [-103.99488, 32.34066, 0], [-103.99307, 32.34122, 0], [-103.99303, 32.34123, 0], [-103.99063, 32.34197, 0], [-103.9903, 32.34208, 0], [-103.99025, 32.34209, 0], [-103.99023, 32.3421, 0], [-103.99005, 32.34215, 0], [-103.98924, 32.3424, 0], [-103.98923, 32.34241, 0], [-103.98823, 32.34272, 0], [-103.98805, 32.34277, 0], [-103.98803, 32.34278, 0], [-103.98783, 32.34284, 0], [-103.98743, 32.34297, 0], [-103.98734, 32.34299, 0], [-103.98672, 32.34319, 0], [-103.98476, 32.34379, 0], [-103.98465, 32.34383, 0], [-103.98463, 32.34383, 0], [-103.98423, 32.34396, 0], [-103.98394, 32.34404, 0], [-103.98346, 32.34414, 0], [-103.98343, 32.34415, 0], [-103.98341, 32.34415, 0], [-103.98325, 32.34419, 0], [-103.9828, 32.34425, 0], [-103.98259, 32.34427, 0], [-103.98235, 32.3443, 0], [-103.98218, 32.3443, 0], [-103.98202, 32.34431, 0], [-103.9817, 32.34432, 0], [-103.98131, 32.34432, 0], [-103.98096, 32.34431, 0], [-103.97984, 32.3442, 0], [-103.97979, 32.34419, 0], [-103.97849, 32.34406, 0], [-103.97786, 32.34401, 0], [-103.97734, 32.34401, 0], [-103.97663, 32.34405, 0], [-103.97651, 32.34407, 0], [-103.97645, 32.34407, 0], [-103.97627, 32.3441, 0], [-103.97624, 32.3441, 0], [-103.97592, 32.34415, 0], [-103.97267, 32.34479, 0], [-103.97226, 32.34488, 0], [-103.95367, 32.34856, 0], [-103.95366, 32.34856, 0], [-103.95159, 32.34897, 0], [-103.95021, 32.34921, 0], [-103.94878, 32.3494, 0], [-103.94806, 32.34947, 0], [-103.94663, 32.34958, 0], [-103.94612, 32.3496, 0], [-103.94605, 32.34961, 0], [-103.94545, 32.34963, 0], [-103.94486, 32.34964, 0], [-103.94428, 32.34964, 0], [-103.94373, 32.34963, 0], [-103.94264, 32.34959, 0], [-103.94211, 32.34956, 0], [-103.9411, 32.34948, 0], [-103.94059, 32.34943, 0], [-103.93916, 32.34925, 0], [-103.93827, 32.34911, 0], [-103.93775, 32.34902, 0], [-103.93678, 32.34882, 0], [-103.93581, 32.3486, 0], [-103.93501, 32.3484, 0], [-103.93421, 32.34818, 0], [-103.93364, 32.34801, 0], [-103.93254, 32.34765, 0], [-103.93145, 32.34725, 0], [-103.93094, 32.34705, 0], [-103.93091, 32.34704, 0], [-103.93038, 32.34682, 0], [-103.92918, 32.34629, 0], [-103.92788, 32.34565, 0], [-103.92727, 32.34531, 0], [-103.92663, 32.34497, 0], [-103.92592, 32.34454, 0], [-103.92541, 32.34422, 0], [-103.92494, 32.34391, 0], [-103.92422, 32.34342, 0], [-103.92416, 32.34337, 0], [-103.92399, 32.34326, 0], [-103.92327, 32.34272, 0], [-103.92257, 32.34217, 0], [-103.92241, 32.34205, 0], [-103.92201, 32.34172, 0], [-103.92179, 32.34156, 0], [-103.92164, 32.34144, 0], [-103.92148, 32.34132, 0], [-103.92137, 32.34123, 0], [-103.92132, 32.3412, 0], [-103.92083, 32.34084, 0], [-103.92027, 32.34045, 0], [-103.9197, 32.34007, 0], [-103.91911, 32.33969, 0], [-103.91848, 32.33931, 0], [-103.91846, 32.33929, 0], [-103.91721, 32.3386, 0], [-103.91654, 32.33825, 0], [-103.91528, 32.33765, 0], [-103.91394, 32.33708, 0], [-103.91326, 32.33681, 0], [-103.91256, 32.33655, 0], [-103.91252, 32.33654, 0], [-103.91113, 32.33608, 0], [-103.90931, 32.33558, 0], [-103.90893, 32.33549, 0], [-103.9089, 32.33548, 0], [-103.90765, 32.3352, 0], [-103.90707, 32.33509, 0], [-103.906, 32.33491, 0], [-103.90531, 32.33481, 0], [-103.90332, 32.33458, 0], [-103.89867, 32.33409, 0], [-103.89841, 32.33407, 0], [-103.88673, 32.33285, 0], [-103.88672, 32.33285, 0], [-103.87231, 32.33132, 0], [-103.8721, 32.33129, 0], [-103.87146, 32.33123, 0], [-103.87125, 32.3312, 0], [-103.84419, 32.32835, 0], [-103.84318, 32.32822, 0], [-103.84224, 32.32807, 0], [-103.84127, 32.3279, 0], [-103.84043, 32.32773, 0], [-103.84031, 32.32771, 0], [-103.83371, 32.32628, 0], [-103.8335, 32.32624, 0], [-103.8333, 32.32619, 0], [-103.83082, 32.32565, 0], [-103.83045, 32.32556, 0], [-103.8297, 32.32532, 0], [-103.82946, 32.32523, 0], [-103.82855, 32.32483, 0], [-103.82802, 32.32456, 0], [-103.82771, 32.32437, 0], [-103.82727, 32.32406, 0], [-103.82703, 32.32388, 0], [-103.82674, 32.32365, 0], [-103.82644, 32.32339, 0], [-103.82633, 32.32328, 0], [-103.8262, 32.32317, 0], [-103.82586, 32.3228, 0], [-103.8193, 32.31494, 0], [-103.81929, 32.31492, 0], [-103.81917, 32.31477, 0], [-103.8161, 32.3111, 0], [-103.81586, 32.3108, 0], [-103.81524, 32.31007, 0], [-103.8139, 32.30845, 0], [-103.81365, 32.30816, 0], [-103.81353, 32.30801, 0], [-103.81316, 32.30757, 0], [-103.81304, 32.30742, 0], [-103.8123, 32.30654, 0], [-103.81218, 32.30639, 0], [-103.80762, 32.30091, 0], [-103.80728, 32.30052, 0], [-103.80695, 32.30017, 0], [-103.80662, 32.29986, 0], [-103.80652, 32.29978, 0], [-103.80626, 32.29956, 0], [-103.80581, 32.2992, 0], [-103.80379, 32.2977, 0], [-103.80313, 32.29723, 0], [-103.79825, 32.29366, 0], [-103.79817, 32.29361, 0], [-103.78432, 32.28352, 0], [-103.78431, 32.2835, 0], [-103.78416, 32.2834, 0], [-103.77836, 32.27917, 0], [-103.77819, 32.27906, 0], [-103.77787, 32.27882, 0], [-103.774, 32.276, 0], [-103.77384, 32.27589, 0], [-103.77223, 32.27471, 0], [-103.77207, 32.2746, 0], [-103.76009, 32.26587, 0], [-103.75742, 32.26396, 0], [-103.7573, 32.26388, 0], [-103.75498, 32.26222, 0], [-103.75483, 32.2621, 0], [-103.74983, 32.25833, 0], [-103.74715, 32.25637, 0], [-103.74682, 32.25614, 0], [-103.7465, 32.2559, 0], [-103.74617, 32.25567, 0], [-103.74602, 32.25555, 0], [-103.74586, 32.25543, 0], [-103.7457, 32.25532, 0], [-103.74121, 32.25202, 0], [-103.74112, 32.25195, 0], [-103.74006, 32.2512, 0], [-103.73635, 32.2485, 0], [-103.73619, 32.24839, 0], [-103.73471, 32.24732, 0], [-103.73445, 32.24712, 0], [-103.73408, 32.24687, 0], [-103.73351, 32.24645, 0], [-103.73335, 32.24634, 0], [-103.73145, 32.24497, 0], [-103.73139, 32.24492, 0], [-103.73054, 32.24432, 0], [-103.73018, 32.24405, 0], [-103.72832, 32.24273, 0], [-103.72645, 32.24137, 0], [-103.72534, 32.24058, 0], [-103.72502, 32.24036, 0], [-103.72454, 32.24001, 0], [-103.72438, 32.2399, 0], [-103.72357, 32.23931, 0], [-103.7217, 32.23798, 0], [-103.72154, 32.23786, 0], [-103.71976, 32.23658, 0], [-103.71944, 32.23634, 0], [-103.71787, 32.23521, 0], [-103.71782, 32.23518, 0], [-103.71701, 32.2346, 0], [-103.71682, 32.23447, 0], [-103.71671, 32.23438, 0], [-103.71641, 32.23416, 0], [-103.71623, 32.23402, 0], [-103.71256, 32.23134, 0], [-103.71224, 32.23109, 0], [-103.7107, 32.22998, 0], [-103.70881, 32.22859, 0], [-103.70877, 32.22857, 0], [-103.70864, 32.22848, 0], [-103.7072, 32.22742, 0], [-103.707, 32.22728, 0], [-103.70655, 32.22695, 0], [-103.70652, 32.22692, 0], [-103.70575, 32.22636, 0], [-103.70571, 32.22634, 0], [-103.70098, 32.22287, 0], [-103.70092, 32.22283, 0], [-103.70011, 32.22225, 0], [-103.69994, 32.22212, 0], [-103.69929, 32.22165, 0], [-103.69886, 32.22135, 0], [-103.6986, 32.22118, 0], [-103.69812, 32.22088, 0], [-103.69778, 32.22069, 0], [-103.69761, 32.22058, 0], [-103.69722, 32.22036, 0], [-103.69629, 32.21989, 0], [-103.69562, 32.21958, 0], [-103.69464, 32.21918, 0], [-103.69379, 32.21887, 0], [-103.69335, 32.21873, 0], [-103.69306, 32.21865, 0], [-103.69257, 32.2185, 0], [-103.69194, 32.21834, 0], [-103.69144, 32.21823, 0], [-103.69137, 32.21821, 0], [-103.6907, 32.21807, 0], [-103.68989, 32.21793, 0], [-103.68936, 32.21786, 0], [-103.68925, 32.21784, 0], [-103.68283, 32.21708, 0], [-103.68241, 32.21702, 0], [-103.6822, 32.217, 0], [-103.68199, 32.21697, 0], [-103.67989, 32.21672, 0], [-103.67968, 32.2167, 0], [-103.67398, 32.21603, 0], [-103.67377, 32.216, 0], [-103.67356, 32.21598, 0], [-103.67335, 32.21595, 0], [-103.66646, 32.21513, 0], [-103.66607, 32.21509, 0], [-103.6657, 32.21504, 0], [-103.6655, 32.21502, 0], [-103.66529, 32.21499, 0], [-103.66361, 32.21479, 0], [-103.6634, 32.21476, 0], [-103.66312, 32.21473, 0], [-103.66298, 32.21471, 0], [-103.6613, 32.21451, 0], [-103.66003, 32.21434, 0], [-103.65967, 32.21428, 0], [-103.65852, 32.21403, 0], [-103.65807, 32.21394, 0], [-103.658, 32.21392, 0], [-103.65799, 32.21392, 0], [-103.65601, 32.21349, 0], [-103.656, 32.21349, 0], [-103.65245, 32.2127, 0], [-103.65205, 32.21262, 0], [-103.64839, 32.21176, 0], [-103.64817, 32.2117, 0], [-103.64608, 32.21119, 0], [-103.64469, 32.2109, 0], [-103.64354, 32.21071, 0], [-103.64258, 32.21062, 0], [-103.64248, 32.21062, 0], [-103.64197, 32.21058, 0], [-103.64104, 32.21055, 0], [-103.63211, 32.21058, 0], [-103.61996, 32.21056, 0], [-103.61974, 32.21054, 0], [-103.61868, 32.21053, 0], [-103.61757, 32.21054, 0], [-103.60795, 32.21053, 0], [-103.60484, 32.21049, 0], [-103.60401, 32.21049, 0], [-103.60188, 32.21045, 0], [-103.60164, 32.21045, 0], [-103.60103, 32.21043, 0], [-103.5999, 32.21042, 0], [-103.59783, 32.21038, 0], [-103.58528, 32.21036, 0], [-103.57958, 32.21042, 0], [-103.57937, 32.21043, 0], [-103.5771, 32.21045, 0], [-103.57682, 32.21046, 0], [-103.5699, 32.21049, 0], [-103.56654, 32.21046, 0], [-103.56356, 32.21046, 0], [-103.55994, 32.2105, 0], [-103.55888, 32.2105, 0], [-103.55867, 32.21049, 0], [-103.55828, 32.21049, 0], [-103.55782, 32.21051, 0], [-103.55718, 32.21051, 0], [-103.55272, 32.21046, 0], [-103.55251, 32.21045, 0], [-103.54422, 32.21045, 0], [-103.54365, 32.21044, 0], [-103.54072, 32.21044, 0], [-103.54051, 32.21045, 0], [-103.53997, 32.21045, 0], [-103.53954, 32.21044, 0], [-103.53923, 32.21044, 0], [-103.53918, 32.21046, 0], [-103.53614, 32.21046, 0], [-103.5355, 32.21045, 0], [-103.52374, 32.21045, 0], [-103.52333, 32.21044, 0], [-103.51098, 32.21043, 0], [-103.51089, 32.2104, 0], [-103.51083, 32.21039, 0], [-103.51057, 32.21037, 0], [-103.50913, 32.21038, 0], [-103.50879, 32.21039, 0], [-103.5079, 32.2104, 0], [-103.50777, 32.21043, 0], [-103.50279, 32.21045, 0], [-103.49931, 32.21042, 0], [-103.49391, 32.21034, 0], [-103.48629, 32.21049, 0], [-103.48421, 32.21041, 0], [-103.47839, 32.2104, 0], [-103.47605, 32.21043, 0], [-103.47244, 32.21039, 0], [-103.45735, 32.21038, 0], [-103.45662, 32.21037, 0], [-103.45572, 32.21038, 0], [-103.44804, 32.21037, 0], [-103.44748, 32.21036, 0], [-103.44716, 32.21034, 0], [-103.44673, 32.21029, 0], [-103.44604, 32.21019, 0], [-103.44555, 32.21009, 0], [-103.44513, 32.20998, 0], [-103.44511, 32.20998, 0], [-103.44475, 32.20987, 0], [-103.44439, 32.20975, 0], [-103.44389, 32.20956, 0], [-103.44359, 32.20943, 0], [-103.44292, 32.2091, 0], [-103.44267, 32.20895, 0], [-103.44251, 32.20886, 0], [-103.44232, 32.20874, 0], [-103.44215, 32.20864, 0], [-103.44205, 32.20857, 0], [-103.44154, 32.20819, 0], [-103.44151, 32.20817, 0], [-103.44039, 32.20728, 0], [-103.44009, 32.20705, 0], [-103.43672, 32.20436, 0], [-103.43656, 32.20424, 0], [-103.43655, 32.20423, 0], [-103.43594, 32.20375, 0], [-103.43579, 32.20362, 0], [-103.43577, 32.20361, 0], [-103.43408, 32.20227, 0], [-103.43407, 32.20226, 0], [-103.42897, 32.1982, 0], [-103.42896, 32.19819, 0], [-103.4288, 32.19807, 0], [-103.42525, 32.19523, 0], [-103.42509, 32.19511, 0], [-103.42294, 32.19339, 0], [-103.42261, 32.19314, 0], [-103.42193, 32.19259, 0], [-103.41842, 32.18983, 0], [-103.41786, 32.18936, 0], [-103.41701, 32.18875, 0], [-103.417, 32.18874, 0], [-103.41679, 32.18859, 0], [-103.41638, 32.18831, 0], [-103.41633, 32.18829, 0], [-103.41616, 32.18819, 0], [-103.416, 32.18809, 0], [-103.41599, 32.18808, 0], [-103.41519, 32.18763, 0], [-103.41466, 32.18736, 0], [-103.414, 32.18704, 0], [-103.41286, 32.18658, 0], [-103.41028, 32.1857, 0], [-103.40966, 32.1855, 0], [-103.40681, 32.18452, 0], [-103.40658, 32.18442, 0], [-103.40414, 32.18358, 0], [-103.40392, 32.18353, 0], [-103.40102, 32.18253, 0], [-103.40097, 32.18251, 0], [-103.39328, 32.17988, 0], [-103.39323, 32.17987, 0], [-103.38875, 32.17834, 0], [-103.3885, 32.17826, 0], [-103.384, 32.17671, 0], [-103.38359, 32.17659, 0], [-103.38315, 32.17645, 0], [-103.38263, 32.17626, 0], [-103.38196, 32.17598, 0], [-103.38135, 32.17566, 0], [-103.38101, 32.17546, 0], [-103.38072, 32.17528, 0], [-103.38025, 32.17497, 0], [-103.38022, 32.17494, 0], [-103.37983, 32.17464, 0], [-103.37976, 32.17457, 0], [-103.37958, 32.17442, 0], [-103.37932, 32.17416, 0], [-103.37907, 32.17389, 0], [-103.37878, 32.17356, 0], [-103.37803, 32.17268, 0], [-103.3769, 32.17145, 0], [-103.37685, 32.1714, 0], [-103.37637, 32.17088, 0], [-103.37622, 32.17071, 0], [-103.37612, 32.17059, 0], [-103.37465, 32.169, 0], [-103.37424, 32.16858, 0], [-103.37393, 32.16829, 0], [-103.37386, 32.16821, 0], [-103.37343, 32.16783, 0], [-103.37304, 32.16751, 0], [-103.37301, 32.16748, 0], [-103.37279, 32.1673, 0], [-103.37273, 32.16726, 0], [-103.37254, 32.16711, 0], [-103.37223, 32.16688, 0], [-103.37185, 32.16661, 0], [-103.3718, 32.16657, 0], [-103.37107, 32.1661, 0], [-103.37087, 32.16598, 0], [-103.37024, 32.16562, 0], [-103.36989, 32.16543, 0], [-103.36956, 32.16526, 0], [-103.36893, 32.16495, 0], [-103.36882, 32.1649, 0], [-103.36866, 32.16482, 0], [-103.36829, 32.16465, 0], [-103.368, 32.1645, 0], [-103.36718, 32.16411, 0], [-103.367, 32.16403, 0], [-103.35898, 32.16017, 0], [-103.35878, 32.16008, 0], [-103.35736, 32.15938, 0], [-103.35684, 32.15914, 0], [-103.35666, 32.15905, 0], [-103.35665, 32.15905, 0], [-103.35592, 32.15869, 0], [-103.35573, 32.15861, 0], [-103.35556, 32.15852, 0], [-103.35551, 32.1585, 0], [-103.35547, 32.15848, 0], [-103.35542, 32.15846, 0], [-103.35277, 32.15719, 0], [-103.35253, 32.15707, 0], [-103.35067, 32.15619, 0], [-103.35046, 32.15608, 0], [-103.3484, 32.15508, 0], [-103.34833, 32.15505, 0], [-103.34815, 32.15496, 0], [-103.34812, 32.15495, 0], [-103.34748, 32.15464, 0], [-103.34741, 32.15461, 0], [-103.34739, 32.15459, 0], [-103.34723, 32.15452, 0], [-103.34593, 32.15389, 0], [-103.34575, 32.15381, 0], [-103.34569, 32.15378, 0], [-103.34468, 32.15333, 0], [-103.34459, 32.1533, 0], [-103.34443, 32.15323, 0], [-103.34401, 32.15308, 0], [-103.34379, 32.15299, 0], [-103.34307, 32.15276, 0], [-103.34251, 32.15259, 0], [-103.34202, 32.15245, 0], [-103.34182, 32.1524, 0], [-103.34152, 32.15231, 0], [-103.34104, 32.15218, 0], [-103.34003, 32.15189, 0], [-103.33983, 32.15184, 0], [-103.3394, 32.15171, 0], [-103.32031, 32.14633, 0], [-103.31991, 32.14621, 0], [-103.31689, 32.14536, 0], [-103.31628, 32.14518, 0], [-103.31608, 32.14513, 0], [-103.31146, 32.14382, 0], [-103.31136, 32.1438, 0], [-103.30984, 32.14337, 0], [-103.30983, 32.14337, 0], [-103.30604, 32.14229, 0], [-103.3058, 32.14223, 0], [-103.3054, 32.14211, 0], [-103.30459, 32.14189, 0], [-103.30419, 32.14177, 0], [-103.29581, 32.1394, 0], [-103.29486, 32.13915, 0], [-103.29481, 32.13913, 0], [-103.29476, 32.13912, 0], [-103.2942, 32.13897, 0], [-103.293, 32.13868, 0], [-103.29192, 32.13846, 0], [-103.29149, 32.13838, 0], [-103.29072, 32.13825, 0], [-103.28975, 32.1381, 0], [-103.28872, 32.13797, 0], [-103.288, 32.13789, 0], [-103.28765, 32.13786, 0], [-103.28757, 32.13786, 0], [-103.28736, 32.13784, 0], [-103.28611, 32.13775, 0], [-103.2855, 32.13772, 0], [-103.28532, 32.13772, 0], [-103.28469, 32.1377, 0], [-103.28257, 32.13768, 0], [-103.25837, 32.13765, 0], [-103.25691, 32.13763, 0], [-103.25165, 32.13762, 0], [-103.25086, 32.13759, 0], [-103.25006, 32.13754, 0], [-103.24825, 32.1374, 0], [-103.24788, 32.13736, 0], [-103.2478, 32.13736, 0], [-103.24765, 32.13734, 0], [-103.2476, 32.13734, 0], [-103.24737, 32.1373, 0], [-103.24736, 32.1373, 0], [-103.24718, 32.13727, 0], [-103.24695, 32.13722, 0], [-103.24688, 32.13721, 0], [-103.24636, 32.13706, 0], [-103.24635, 32.13706, 0], [-103.24591, 32.1369, 0], [-103.24567, 32.1368, 0], [-103.24523, 32.13658, 0], [-103.24468, 32.13629, 0], [-103.24379, 32.13579, 0], [-103.24367, 32.13573, 0], [-103.2435, 32.13563, 0], [-103.24344, 32.13559, 0], [-103.24326, 32.13549, 0], [-103.24064, 32.13396, 0], [-103.2406, 32.13393, 0], [-103.23878, 32.13287, 0], [-103.23861, 32.13278, 0], [-103.2386, 32.13277, 0], [-103.23854, 32.13273, 0], [-103.2365, 32.13155, 0], [-103.23634, 32.13145, 0], [-103.23599, 32.13125, 0], [-103.23598, 32.13124, 0], [-103.23592, 32.1312, 0], [-103.23581, 32.13114, 0], [-103.2358, 32.13114, 0], [-103.23529, 32.13084, 0], [-103.23528, 32.13083, 0], [-103.23388, 32.13002, 0], [-103.2337, 32.12991, 0], [-103.23266, 32.12931, 0], [-103.23262, 32.12928, 0], [-103.23258, 32.12926, 0], [-103.23125, 32.12849, 0], [-103.23119, 32.12845, 0], [-103.23089, 32.12828, 0], [-103.23073, 32.12818, 0], [-103.23038, 32.12798, 0], [-103.23003, 32.12777, 0], [-103.22985, 32.12767, 0], [-103.2288, 32.12705, 0], [-103.22874, 32.12702, 0], [-103.22828, 32.12675, 0], [-103.2281, 32.12665, 0], [-103.22792, 32.12654, 0], [-103.226, 32.12543, 0], [-103.226, 32.12542, 0], [-103.22594, 32.12539, 0], [-103.22443, 32.12451, 0], [-103.22425, 32.1244, 0], [-103.22419, 32.12437, 0], [-103.22408, 32.1243, 0], [-103.224, 32.12426, 0], [-103.22335, 32.12389, 0], [-103.22319, 32.12381, 0], [-103.22316, 32.12379, 0], [-103.22288, 32.12366, 0], [-103.22258, 32.12354, 0], [-103.22243, 32.12349, 0], [-103.22224, 32.12342, 0], [-103.22205, 32.12337, 0], [-103.22203, 32.12336, 0], [-103.22196, 32.12334, 0], [-103.22184, 32.1233, 0], [-103.2213, 32.12319, 0], [-103.22127, 32.12318, 0], [-103.22121, 32.12317, 0], [-103.22068, 32.12311, 0], [-103.22015, 32.12308, 0], [-103.21952, 32.12308, 0], [-103.21909, 32.12307, 0], [-103.21862, 32.12305, 0], [-103.21782, 32.12305, 0], [-103.21754, 32.12304, 0], [-103.21416, 32.12304, 0], [-103.21357, 32.12303, 0], [-103.21182, 32.12303, 0], [-103.21162, 32.12302, 0], [-103.20974, 32.12302, 0], [-103.20956, 32.12301, 0], [-103.20935, 32.12301, 0], [-103.20885, 32.12297, 0], [-103.20847, 32.12291, 0], [-103.20846, 32.12291, 0], [-103.20798, 32.12281, 0], [-103.20736, 32.12263, 0], [-103.20724, 32.12259, 0], [-103.20708, 32.12253, 0], [-103.2069, 32.12247, 0], [-103.20618, 32.12218, 0], [-103.20601, 32.12212, 0], [-103.20584, 32.12205, 0], [-103.20321, 32.12103, 0], [-103.20312, 32.12099, 0], [-103.20261, 32.1208, 0], [-103.20245, 32.12073, 0], [-103.20199, 32.12055, 0], [-103.20143, 32.12036, 0], [-103.20143, 32.12035, 0], [-103.20126, 32.1203, 0], [-103.20097, 32.12023, 0], [-103.20075, 32.12017, 0], [-103.20049, 32.12012, 0], [-103.2, 32.12005, 0], [-103.19962, 32.12003, 0], [-103.19926, 32.12003, 0], [-103.19918, 32.12002, 0], [-103.19884, 32.12002, 0], [-103.19871, 32.12003, 0], [-103.19809, 32.12002, 0], [-103.19692, 32.12003, 0], [-103.19338, 32.12001, 0], [-103.19274, 32.12002, 0], [-103.19241, 32.12001, 0], [-103.18951, 32.12001, 0], [-103.18938, 32.12002, 0], [-103.18844, 32.12, 0], [-103.18772, 32.12, 0], [-103.18744, 32.11999, 0], [-103.18574, 32.11999, 0], [-103.18543, 32.12, 0], [-103.18517, 32.12003, 0], [-103.18494, 32.12007, 0], [-103.18469, 32.12014, 0], [-103.1833, 32.12062, 0], [-103.18144, 32.12129, 0], [-103.18068, 32.12155, 0], [-103.18063, 32.12157, 0], [-103.17702, 32.12285, 0], [-103.17669, 32.12295, 0], [-103.17649, 32.12299, 0], [-103.17603, 32.12305, 0], [-103.17581, 32.12307, 0], [-103.17409, 32.12308, 0], [-103.15097, 32.12305, 0], [-103.15015, 32.12309, 0], [-103.14315, 32.12305, 0], [-103.13959, 32.12305, 0], [-103.13938, 32.12304, 0], [-103.1187, 32.12302, 0], [-103.1181, 32.12303, 0], [-103.05605, 32.12297, 0], [-103.05564, 32.12296, 0], [-103.02105, 32.12295, 0], [-103.02063, 32.12294, 0], [-102.99883, 32.12293, 0], [-102.9983, 32.12292, 0], [-102.99812, 32.12293, 0], [-102.99401, 32.12293, 0], [-102.99303, 32.12292, 0], [-102.98113, 32.12291, 0], [-102.98047, 32.12292, 0], [-102.97488, 32.12291, 0], [-102.97387, 32.12292, 0], [-102.97335, 32.12294, 0], [-102.9729, 32.12299, 0], [-102.97243, 32.12307, 0], [-102.97223, 32.12311, 0], [-102.97222, 32.12311, 0], [-102.97163, 32.12324, 0], [-102.96574, 32.12467, 0], [-102.96569, 32.12468, 0], [-102.9612, 32.12577, 0], [-102.96114, 32.12579, 0], [-102.96099, 32.12582, 0], [-102.95895, 32.12633, 0], [-102.95875, 32.12637, 0], [-102.95367, 32.1276, 0], [-102.95364, 32.12761, 0], [-102.94661, 32.1293, 0], [-102.94649, 32.12932, 0], [-102.94006, 32.13089, 0], [-102.93996, 32.13091, 0], [-102.93452, 32.13223, 0], [-102.93403, 32.13234, 0], [-102.93383, 32.13239, 0], [-102.9338, 32.1324, 0], [-102.93373, 32.13241, 0], [-102.93234, 32.13276, 0], [-102.93122, 32.13302, 0], [-102.92857, 32.13367, 0], [-102.92703, 32.13403, 0], [-102.92688, 32.13406, 0], [-102.92443, 32.13466, 0], [-102.92402, 32.13475, 0], [-102.92198, 32.13525, 0], [-102.92191, 32.13526, 0], [-102.92178, 32.1353, 0], [-102.91851, 32.13608, 0], [-102.91821, 32.13616, 0], [-102.90891, 32.1384, 0], [-102.90877, 32.13843, 0], [-102.90764, 32.13871, 0], [-102.90523, 32.13928, 0], [-102.90509, 32.13932, 0], [-102.90482, 32.13938, 0], [-102.89979, 32.14059, 0], [-102.89959, 32.14063, 0], [-102.89775, 32.14108, 0], [-102.89713, 32.14122, 0], [-102.89415, 32.14194, 0], [-102.89371, 32.14204, 0], [-102.8934, 32.14212, 0], [-102.89302, 32.14221, 0], [-102.89247, 32.14229, 0], [-102.89204, 32.14233, 0], [-102.89168, 32.14234, 0], [-102.89132, 32.14234, 0], [-102.89109, 32.14233, 0], [-102.89087, 32.14231, 0], [-102.89037, 32.14224, 0], [-102.89, 32.14216, 0], [-102.87861, 32.13939, 0], [-102.8786, 32.13939, 0], [-102.86616, 32.13635, 0], [-102.86615, 32.13635, 0], [-102.86473, 32.136, 0], [-102.86472, 32.136, 0], [-102.86167, 32.13526, 0], [-102.86166, 32.13526, 0], [-102.85234, 32.13298, 0], [-102.85227, 32.13296, 0], [-102.8433, 32.13077, 0], [-102.84329, 32.13077, 0], [-102.84167, 32.13037, 0], [-102.84166, 32.13037, 0], [-102.83983, 32.12992, 0], [-102.83982, 32.12992, 0], [-102.83778, 32.12942, 0], [-102.83768, 32.1294, 0], [-102.83636, 32.12908, 0], [-102.83625, 32.12905, 0], [-102.83616, 32.12903, 0], [-102.83605, 32.129, 0], [-102.83489, 32.12872, 0], [-102.83462, 32.12866, 0], [-102.83366, 32.12992, 0], [-102.83364, 32.12996, 0], [-102.83361, 32.13, 0], [-102.83357, 32.13004, 0], [-102.833, 32.1308, 0], [-102.83298, 32.13083, 0], [-102.83286, 32.13098, 0], [-102.83058, 32.13397, 0], [-102.83056, 32.134, 0], [-102.83044, 32.13415, 0], [-102.83016, 32.13453, 0], [-102.8301, 32.1346, 0], [-102.82998, 32.13475, 0], [-102.8299, 32.13486, 0], [-102.82986, 32.1349, 0], [-102.82906, 32.13596, 0], [-102.82894, 32.13611, 0], [-102.82878, 32.13633, 0], [-102.82825, 32.13701, 0], [-102.82804, 32.13731, 0], [-102.82789, 32.1375, 0], [-102.8278, 32.13763, 0], [-102.82776, 32.13767, 0], [-102.82718, 32.13847, 0], [-102.8267, 32.1391, 0], [-102.82656, 32.1393, 0], [-102.82589, 32.14016, 0], [-102.82565, 32.14048, 0], [-102.82546, 32.14071, 0], [-102.82425, 32.1423, 0], [-102.8242, 32.14237, 0], [-102.82413, 32.14245, 0], [-102.82278, 32.14426, 0], [-102.82241, 32.14472, 0], [-102.82218, 32.14503, 0], [-102.82213, 32.14509, 0], [-102.82195, 32.14533, 0], [-102.82186, 32.14543, 0], [-102.8215, 32.14591, 0], [-102.82127, 32.1462, 0], [-102.82006, 32.1478, 0], [-102.81958, 32.14852, 0], [-102.81947, 32.14867, 0], [-102.81771, 32.15095, 0], [-102.81759, 32.15108, 0], [-102.81748, 32.15121, 0], [-102.81704, 32.15167, 0], [-102.81672, 32.15197, 0], [-102.81635, 32.1523, 0], [-102.81604, 32.15255, 0], [-102.81557, 32.1529, 0], [-102.81506, 32.15324, 0], [-102.815, 32.15327, 0], [-102.81473, 32.15344, 0], [-102.81441, 32.15363, 0], [-102.81436, 32.15365, 0], [-102.81422, 32.15373, 0], [-102.81405, 32.15382, 0], [-102.814, 32.15384, 0], [-102.81376, 32.15396, 0], [-102.81344, 32.1541, 0], [-102.81338, 32.15414, 0], [-102.81149, 32.15495, 0], [-102.81107, 32.15514, 0], [-102.80869, 32.15617, 0], [-102.80847, 32.15626, 0], [-102.79948, 32.16015, 0], [-102.79636, 32.16146, 0], [-102.79286, 32.16301, 0], [-102.78832, 32.16498, 0], [-102.78824, 32.16501, 0], [-102.78586, 32.16604, 0], [-102.78578, 32.16607, 0], [-102.78389, 32.16689, 0], [-102.78299, 32.16725, 0], [-102.76143, 32.17657, 0], [-102.76113, 32.17669, 0], [-102.76023, 32.17708, 0], [-102.76017, 32.17709, 0], [-102.76015, 32.1771, 0], [-102.76009, 32.17712, 0], [-102.75909, 32.17755, 0], [-102.75907, 32.17756, 0], [-102.75759, 32.17819, 0], [-102.75688, 32.17851, 0], [-102.75668, 32.17859, 0], [-102.7552, 32.17927, 0], [-102.75491, 32.17942, 0], [-102.75462, 32.17955, 0], [-102.75273, 32.18049, 0], [-102.75256, 32.18058, 0], [-102.75255, 32.18058, 0], [-102.75162, 32.18102, 0], [-102.75133, 32.18115, 0], [-102.74924, 32.18204, 0], [-102.74887, 32.18219, 0], [-102.7482, 32.18249, 0], [-102.74781, 32.18265, 0], [-102.74404, 32.18427, 0], [-102.74316, 32.18462, 0], [-102.74066, 32.18558, 0], [-102.73969, 32.18598, 0], [-102.73891, 32.18629, 0], [-102.73807, 32.18666, 0], [-102.73799, 32.18669, 0], [-102.73615, 32.18746, 0], [-102.73602, 32.18752, 0], [-102.73528, 32.18784, 0], [-102.73527, 32.18784, 0], [-102.73526, 32.18785, 0], [-102.73524, 32.18788, 0], [-102.69963, 32.20325, 0], [-102.6995, 32.20325, 0], [-102.69927, 32.2033, 0], [-102.69573, 32.20417, 0], [-102.69511, 32.20431, 0], [-102.69394, 32.2046, 0], [-102.69358, 32.20468, 0], [-102.69215, 32.20503, 0], [-102.6904, 32.20543, 0], [-102.68897, 32.20578, 0], [-102.68878, 32.20582, 0], [-102.67952, 32.20802, 0], [-102.67835, 32.20831, 0], [-102.6741, 32.20932, 0], [-102.67399, 32.20935, 0], [-102.67194, 32.20984, 0], [-102.67153, 32.20993, 0], [-102.66901, 32.21053, 0], [-102.669, 32.21054, 0], [-102.66246, 32.2121, 0], [-102.66245, 32.2121, 0], [-102.65864, 32.21301, 0], [-102.65843, 32.21305, 0], [-102.65838, 32.21307, 0], [-102.65823, 32.2131, 0], [-102.6572, 32.21335, 0], [-102.65705, 32.21338, 0], [-102.65408, 32.21409, 0], [-102.65393, 32.21413, 0], [-102.65372, 32.21417, 0], [-102.65331, 32.21427, 0], [-102.65326, 32.21428, 0], [-102.65291, 32.21437, 0], [-102.65147, 32.21471, 0], [-102.65112, 32.2148, 0], [-102.64975, 32.21512, 0], [-102.64961, 32.21516, 0], [-102.64899, 32.21531, 0], [-102.64893, 32.21532, 0], [-102.6489, 32.21533, 0], [-102.64882, 32.21534, 0], [-102.64878, 32.21533, 0], [-102.64875, 32.21533, 0], [-102.6487, 32.21532, 0], [-102.64867, 32.21531, 0], [-102.64863, 32.21529, 0], [-102.64862, 32.21528, 0], [-102.6486, 32.21527, 0], [-102.64857, 32.21523, 0], [-102.64855, 32.21521, 0], [-102.64853, 32.21518, 0], [-102.64851, 32.2151, 0], [-102.64846, 32.21495, 0], [-102.64818, 32.21401, 0], [-102.63774, 32.21656, 0], [-102.63773, 32.21656, 0], [-102.62638, 32.21936, 0], [-102.62637, 32.21936, 0], [-102.62373, 32.22001, 0], [-102.62371, 32.22001, 0], [-102.6223, 32.22036, 0], [-102.62208, 32.22041, 0], [-102.62106, 32.22067, 0], [-102.62007, 32.22095, 0], [-102.61957, 32.2211, 0], [-102.61535, 32.22212, 0], [-102.61311, 32.22269, 0], [-102.57892, 32.2311, 0], [-102.5785, 32.23121, 0], [-102.57585, 32.23184, 0], [-102.56802, 32.23376, 0], [-102.56768, 32.23385, 0], [-102.55951, 32.23584, 0], [-102.55948, 32.23584, 0], [-102.55614, 32.23665, 0], [-102.54897, 32.23834, 0], [-102.54856, 32.23843, 0], [-102.54671, 32.23887, 0], [-102.54548, 32.23915, 0], [-102.54262, 32.23983, 0], [-102.54186, 32.24, 0], [-102.5377, 32.24098, 0], [-102.53769, 32.24098, 0], [-102.53763, 32.24099, 0], [-102.53749, 32.24103, 0], [-102.53565, 32.24146, 0], [-102.53564, 32.24146, 0], [-102.53217, 32.24227, 0], [-102.53216, 32.24227, 0], [-102.5321, 32.24229, 0], [-102.5295, 32.2429, 0], [-102.5293, 32.24294, 0], [-102.5261, 32.24369, 0], [-102.52583, 32.24376, 0], [-102.52412, 32.24416, 0], [-102.52402, 32.24418, 0], [-102.52296, 32.24443, 0], [-102.52193, 32.24466, 0], [-102.52153, 32.24345, 0], [-102.52141, 32.24311, 0], [-102.52118, 32.24241, 0], [-102.52103, 32.24199, 0], [-102.52085, 32.24156, 0], [-102.52081, 32.24145, 0], [-102.5207, 32.24122, 0], [-102.52011, 32.24007, 0], [-102.52002, 32.23991, 0], [-102.51994, 32.23975, 0], [-102.51993, 32.23974, 0], [-102.51991, 32.23969, 0], [-102.51873, 32.23742, 0], [-102.51857, 32.2371, 0], [-102.51848, 32.23694, 0], [-102.51796, 32.23591, 0], [-102.5178, 32.23562, 0], [-102.51764, 32.23529, 0], [-102.51729, 32.23463, 0], [-102.51721, 32.23447, 0], [-102.51703, 32.23414, 0], [-102.51695, 32.23397, 0], [-102.51686, 32.23381, 0], [-102.5167, 32.23348, 0], [-102.5161, 32.23232, 0], [-102.51601, 32.23216, 0], [-102.51414, 32.22853, 0], [-102.51405, 32.22837, 0], [-102.51397, 32.2282, 0], [-102.51252, 32.2254, 0], [-102.51243, 32.22524, 0], [-102.51226, 32.22489, 0], [-102.51159, 32.22359, 0], [-102.51157, 32.22356, 0], [-102.50832, 32.21729, 0], [-102.50832, 32.21728, 0], [-102.50747, 32.21564, 0], [-102.50746, 32.21563, 0], [-102.50015, 32.20149, 0], [-102.50006, 32.20133, 0], [-102.489, 32.17994, 0], [-102.48892, 32.17977, 0], [-102.48883, 32.17961, 0], [-102.48807, 32.17812, 0], [-102.48798, 32.17796, 0], [-102.48598, 32.17408, 0], [-102.4859, 32.17391, 0], [-102.48581, 32.17375, 0], [-102.48573, 32.17358, 0], [-102.48325, 32.1688, 0], [-102.48298, 32.16826, 0], [-102.48297, 32.16826, 0], [-102.48198, 32.16633, 0], [-102.48196, 32.1663, 0], [-102.48154, 32.16547, 0], [-102.48035, 32.16318, 0], [-102.48034, 32.16317, 0], [-102.47865, 32.15988, 0], [-102.47856, 32.15972, 0], [-102.47809, 32.1588, 0], [-102.47731, 32.15732, 0], [-102.47326, 32.14945, 0], [-102.47317, 32.14929, 0], [-102.47309, 32.14912, 0], [-102.47181, 32.14665, 0], [-102.47172, 32.14649, 0], [-102.47061, 32.14435, 0], [-102.47053, 32.14418, 0], [-102.47044, 32.14402, 0], [-102.47036, 32.14385, 0], [-102.4701, 32.14336, 0], [-102.47002, 32.14319, 0], [-102.46847, 32.14025, 0], [-102.46719, 32.13776, 0], [-102.46707, 32.13749, 0], [-102.46689, 32.13699, 0], [-102.46661, 32.13614, 0], [-102.46656, 32.13597, 0], [-102.46637, 32.1354, 0], [-102.46583, 32.13363, 0], [-102.46491, 32.13076, 0], [-102.46488, 32.13068, 0], [-102.46466, 32.12998, 0], [-102.46454, 32.12964, 0], [-102.46399, 32.1279, 0], [-102.46393, 32.12773, 0], [-102.46147, 32.1201, 0], [-102.46142, 32.11993, 0], [-102.45946, 32.11385, 0], [-102.45941, 32.11372, 0], [-102.4594, 32.11368, 0], [-102.45884, 32.11195, 0], [-102.45879, 32.11177, 0], [-102.45834, 32.11038, 0], [-102.45829, 32.11021, 0], [-102.45824, 32.11007, 0], [-102.45784, 32.10882, 0], [-102.45778, 32.10865, 0], [-102.45762, 32.10813, 0], [-102.4575, 32.10778, 0], [-102.45734, 32.10726, 0], [-102.45694, 32.10605, 0], [-102.45678, 32.10552, 0], [-102.45546, 32.10146, 0], [-102.45538, 32.10119, 0], [-102.45472, 32.09911, 0], [-102.45453, 32.09855, 0], [-102.45394, 32.09671, 0], [-102.45392, 32.09664, 0], [-102.45386, 32.09647, 0], [-102.45236, 32.09178, 0], [-102.4523, 32.09161, 0], [-102.45224, 32.0914, 0], [-102.45202, 32.09074, 0], [-102.45197, 32.09056, 0], [-102.4519, 32.09036, 0], [-102.44967, 32.08344, 0], [-102.44962, 32.08326, 0], [-102.4496, 32.08321, 0], [-102.44806, 32.07843, 0], [-102.44801, 32.07826, 0], [-102.44778, 32.07756, 0], [-102.44773, 32.07738, 0], [-102.44767, 32.07721, 0], [-102.44723, 32.07582, 0], [-102.44717, 32.07565, 0], [-102.44661, 32.07391, 0], [-102.44656, 32.07374, 0], [-102.4465, 32.07357, 0], [-102.44644, 32.07337, 0], [-102.44638, 32.0732, 0], [-102.44459, 32.0676, 0], [-102.44453, 32.06743, 0], [-102.44448, 32.06725, 0], [-102.44442, 32.06708, 0], [-102.44347, 32.06413, 0], [-102.44342, 32.06396, 0], [-102.44225, 32.06031, 0], [-102.44219, 32.06014, 0], [-102.44214, 32.05997, 0], [-102.44208, 32.05979, 0], [-102.44206, 32.05972, 0], [-102.44169, 32.05858, 0], [-102.44168, 32.05856, 0], [-102.44082, 32.05589, 0], [-102.4408, 32.0558, 0], [-102.44077, 32.05573, 0], [-102.44001, 32.05337, 0], [-102.43996, 32.0532, 0], [-102.43948, 32.0517, 0], [-102.43934, 32.05129, 0], [-102.43901, 32.05025, 0], [-102.43896, 32.05007, 0], [-102.43862, 32.04903, 0], [-102.43857, 32.04886, 0], [-102.43802, 32.04717, 0], [-102.43799, 32.04706, 0], [-102.4376, 32.04577, 0], [-102.43626, 32.04161, 0], [-102.43621, 32.04143, 0], [-102.43609, 32.04109, 0], [-102.43604, 32.04091, 0], [-102.43598, 32.04074, 0], [-102.43476, 32.03692, 0], [-102.4347, 32.03675, 0], [-102.43336, 32.03258, 0], [-102.43331, 32.03241, 0], [-102.43193, 32.02807, 0], [-102.4319, 32.02796, 0], [-102.43104, 32.0251, 0], [-102.431, 32.02494, 0], [-102.43083, 32.02449, 0], [-102.4304, 32.02314, 0], [-102.42974, 32.0233, 0], [-102.42937, 32.02344, 0], [-102.42928, 32.02348, 0], [-102.42895, 32.02366, 0], [-102.4284, 32.02402, 0], [-102.42834, 32.02405, 0], [-102.42826, 32.0241, 0], [-102.42816, 32.02415, 0], [-102.42792, 32.02426, 0], [-102.42782, 32.02429, 0], [-102.42773, 32.02433, 0], [-102.42761, 32.02437, 0], [-102.42756, 32.02439, 0], [-102.42698, 32.02458, 0], [-102.42682, 32.02462, 0], [-102.42653, 32.02471, 0], [-102.42644, 32.02473, 0], [-102.42643, 32.02474, 0], [-102.42628, 32.02483, 0], [-102.41385, 32.02772, 0], [-102.41364, 32.02776, 0], [-102.40609, 32.02952, 0], [-102.40606, 32.02952, 0], [-102.40516, 32.02973, 0], [-102.40506, 32.02975, 0], [-102.40499, 32.02977, 0], [-102.3999, 32.03095, 0], [-102.39988, 32.03096, 0], [-102.3997, 32.031, 0], [-102.39954, 32.03103, 0], [-102.39906, 32.03115, 0], [-102.39811, 32.03137, 0], [-102.398, 32.03139, 0], [-102.39565, 32.03193, 0], [-102.39551, 32.03197, 0], [-102.38359, 32.03472, 0], [-102.38337, 32.03478, 0], [-102.37859, 32.03588, 0], [-102.37806, 32.03601, 0], [-102.36982, 32.03793, 0], [-102.36943, 32.03803, 0], [-102.35542, 32.04133, 0], [-102.35522, 32.04137, 0], [-102.34633, 32.04346, 0], [-102.34618, 32.0435, 0], [-102.3388, 32.04523, 0], [-102.33857, 32.04529, 0], [-102.33328, 32.04653, 0], [-102.33292, 32.04662, 0], [-102.33272, 32.04666, 0], [-102.33261, 32.04669, 0], [-102.33251, 32.04671, 0], [-102.32801, 32.04777, 0], [-102.32791, 32.04779, 0], [-102.32781, 32.04782, 0], [-102.3274, 32.04791, 0], [-102.32393, 32.04873, 0], [-102.32382, 32.04875, 0], [-102.31994, 32.04967, 0], [-102.31978, 32.0497, 0], [-102.31652, 32.05047, 0], [-102.31651, 32.05047, 0], [-102.30441, 32.05331, 0], [-102.30423, 32.05336, 0], [-102.29818, 32.05477, 0], [-102.29807, 32.0548, 0], [-102.2978, 32.05485, 0], [-102.29766, 32.05488, 0], [-102.29732, 32.05494, 0], [-102.29717, 32.05496, 0], [-102.29706, 32.05497, 0], [-102.29692, 32.05499, 0], [-102.29676, 32.055, 0], [-102.29661, 32.05502, 0], [-102.29623, 32.05505, 0], [-102.29615, 32.05505, 0], [-102.29605, 32.05506, 0], [-102.29596, 32.05506, 0], [-102.29585, 32.05507, 0], [-102.29536, 32.05507, 0], [-102.29519, 32.05506, 0], [-102.29503, 32.05506, 0], [-102.29436, 32.05501, 0], [-102.29411, 32.05498, 0], [-102.29399, 32.05497, 0], [-102.2939, 32.05495, 0], [-102.29373, 32.05493, 0], [-102.29328, 32.05485, 0], [-102.29301, 32.05479, 0], [-102.29256, 32.05468, 0], [-102.29242, 32.05465, 0], [-102.29231, 32.05461, 0], [-102.29209, 32.05455, 0], [-102.29179, 32.05445, 0], [-102.29172, 32.05442, 0], [-102.2916, 32.05438, 0], [-102.29134, 32.05428, 0], [-102.2911, 32.05418, 0], [-102.29046, 32.05389, 0], [-102.28873, 32.05304, 0], [-102.28862, 32.05299, 0], [-102.28715, 32.05227, 0], [-102.28682, 32.0521, 0], [-102.27803, 32.04779, 0], [-102.27798, 32.04776, 0], [-102.27797, 32.04776, 0], [-102.27707, 32.04732, 0], [-102.27702, 32.0473, 0], [-102.27558, 32.04659, 0], [-102.27536, 32.04649, 0], [-102.27514, 32.04637, 0], [-102.26803, 32.04289, 0], [-102.26796, 32.04285, 0], [-102.26186, 32.03987, 0], [-102.26179, 32.03983, 0], [-102.25058, 32.03434, 0], [-102.25037, 32.03423, 0], [-102.24356, 32.03091, 0], [-102.24351, 32.03086, 0], [-102.2435, 32.03086, 0], [-102.24348, 32.03084, 0], [-102.24267, 32.03043, 0], [-102.24256, 32.03037, 0], [-102.24229, 32.03024, 0], [-102.24174, 32.02996, 0], [-102.24102, 32.02961, 0], [-102.24091, 32.02955, 0], [-102.24084, 32.02952, 0], [-102.23931, 32.02876, 0], [-102.23919, 32.02871, 0], [-102.23872, 32.02847, 0], [-102.23822, 32.02823, 0], [-102.23805, 32.02814, 0], [-102.23414, 32.02624, 0], [-102.23291, 32.02566, 0], [-102.2329, 32.02565, 0], [-102.23287, 32.02565, 0], [-102.23287, 32.02564, 0], [-102.23282, 32.02564, 0], [-102.23036, 32.02444, 0], [-102.22936, 32.02394, 0], [-102.22928, 32.02391, 0], [-102.22671, 32.02264, 0], [-102.22633, 32.02246, 0], [-102.22598, 32.02228, 0], [-102.22341, 32.02102, 0], [-102.22292, 32.02079, 0], [-102.22157, 32.02012, 0], [-102.22156, 32.02011, 0], [-102.2212, 32.01994, 0], [-102.21827, 32.0185, 0], [-102.21822, 32.01848, 0], [-102.21374, 32.01628, 0], [-102.21367, 32.01623, 0], [-102.21366, 32.01622, 0], [-102.21365, 32.01622, 0], [-102.21097, 32.01488, 0], [-102.2105, 32.01466, 0], [-102.20985, 32.01433, 0], [-102.209, 32.01392, 0], [-102.20856, 32.01372, 0], [-102.20855, 32.01372, 0], [-102.20854, 32.01371, 0], [-102.20852, 32.01371, 0], [-102.20846, 32.01369, 0], [-102.20641, 32.01268, 0], [-102.20623, 32.0126, 0], [-102.20491, 32.01195, 0], [-102.20478, 32.01189, 0], [-102.20292, 32.01097, 0], [-102.20285, 32.01094, 0], [-102.19993, 32.00951, 0], [-102.1998, 32.00944, 0], [-102.19973, 32.00941, 0], [-102.19954, 32.00932, 0], [-102.19937, 32.00923, 0], [-102.19887, 32.00899, 0], [-102.19665, 32.00789, 0], [-102.19643, 32.00779, 0], [-102.19625, 32.0077, 0], [-102.19624, 32.0077, 0], [-102.19172, 32.00548, 0], [-102.19165, 32.00545, 0], [-102.19147, 32.00536, 0], [-102.19138, 32.00531, 0], [-102.18767, 32.00349, 0], [-102.1876, 32.00345, 0], [-102.18658, 32.00295, 0], [-102.18638, 32.00286, 0], [-102.18553, 32.00243, 0], [-102.18529, 32.00232, 0], [-102.18337, 32.00137, 0], [-102.18282, 32.00111, 0], [-102.18199, 32.0007, 0], [-102.18198, 32.0007, 0], [-102.18183, 32.00062, 0], [-102.17991, 31.99968, 0], [-102.17974, 31.99959, 0], [-102.17963, 31.99954, 0], [-102.17772, 31.9986, 0], [-102.17767, 31.99858, 0], [-102.17624, 31.99788, 0], [-102.17622, 31.99784, 0], [-102.17622, 31.99783, 0], [-102.17621, 31.99782, 0], [-102.1762, 31.99782, 0], [-102.17589, 31.99764, 0], [-102.17522, 31.9973, 0], [-102.17518, 31.99729, 0], [-102.17477, 31.99708, 0], [-102.17421, 31.99681, 0], [-102.17408, 31.99674, 0], [-102.17286, 31.99614, 0], [-102.1728, 31.9961, 0], [-102.17219, 31.9958, 0], [-102.17189, 31.99564, 0], [-102.17157, 31.99542, 0], [-102.17138, 31.99528, 0], [-102.17116, 31.9951, 0], [-102.17098, 31.99496, 0], [-102.17091, 31.99489, 0], [-102.17083, 31.99482, 0], [-102.17065, 31.99464, 0], [-102.17054, 31.99452, 0], [-102.1704, 31.99447, 0], [-102.17026, 31.99427, 0], [-102.17021, 31.99422, 0], [-102.17012, 31.99408, 0], [-102.17006, 31.994, 0], [-102.16993, 31.99379, 0], [-102.16977, 31.9935, 0], [-102.16942, 31.99358, 0], [-102.16927, 31.99362, 0], [-102.16919, 31.99363, 0], [-102.16863, 31.99377, 0], [-102.16803, 31.99393, 0], [-102.16734, 31.99408, 0], [-102.16724, 31.99414, 0], [-102.16722, 31.99416, 0], [-102.16716, 31.99418, 0], [-102.16678, 31.99429, 0], [-102.16666, 31.99433, 0], [-102.16659, 31.99435, 0], [-102.16621, 31.99448, 0], [-102.16619, 31.99449, 0], [-102.16569, 31.99469, 0], [-102.16562, 31.99471, 0], [-102.16508, 31.99493, 0], [-102.16474, 31.99505, 0], [-102.16463, 31.99508, 0], [-102.16434, 31.99518, 0], [-102.16427, 31.9952, 0], [-102.16416, 31.99522, 0], [-102.16377, 31.99534, 0], [-102.16373, 31.99536, 0], [-102.16372, 31.99536, 0], [-102.16363, 31.99544, 0], [-102.16326, 31.99553, 0], [-102.16311, 31.99556, 0], [-102.163, 31.99559, 0], [-102.16298, 31.99559, 0], [-102.16286, 31.99562, 0], [-102.16263, 31.99567, 0], [-102.16261, 31.99568, 0], [-102.16259, 31.99568, 0], [-102.16247, 31.99571, 0], [-102.16237, 31.99573, 0], [-102.16235, 31.99574, 0], [-102.16227, 31.99576, 0], [-102.16211, 31.99579, 0], [-102.16197, 31.99583, 0], [-102.16184, 31.99585, 0], [-102.16145, 31.99594, 0], [-102.16124, 31.996, 0], [-102.16074, 31.99612, 0], [-102.16064, 31.99615, 0], [-102.16061, 31.99615, 0], [-102.16036, 31.99621, 0], [-102.16026, 31.99624, 0], [-102.16024, 31.99624, 0], [-102.1601, 31.99628, 0], [-102.15986, 31.99634, 0], [-102.15963, 31.99639, 0], [-102.15948, 31.99643, 0], [-102.15924, 31.99648, 0], [-102.1591, 31.99652, 0], [-102.15876, 31.9966, 0], [-102.15866, 31.99663, 0], [-102.15811, 31.99676, 0], [-102.15802, 31.99679, 0], [-102.15785, 31.99683, 0], [-102.15772, 31.99687, 0], [-102.15735, 31.99697, 0], [-102.15729, 31.99698, 0], [-102.1571, 31.99703, 0], [-102.15699, 31.99707, 0], [-102.15666, 31.99715, 0], [-102.1566, 31.99717, 0], [-102.15638, 31.99723, 0], [-102.15625, 31.99726, 0], [-102.15612, 31.9973, 0], [-102.15576, 31.99739, 0], [-102.15559, 31.99744, 0], [-102.15506, 31.99757, 0], [-102.15465, 31.99766, 0], [-102.15413, 31.99779, 0], [-102.15376, 31.99787, 0], [-102.15365, 31.9979, 0], [-102.15352, 31.99793, 0], [-102.1535, 31.99793, 0], [-102.15327, 31.99799, 0], [-102.15325, 31.99799, 0], [-102.15316, 31.99801, 0], [-102.15305, 31.99804, 0], [-102.15267, 31.99813, 0], [-102.15252, 31.99817, 0], [-102.15214, 31.99826, 0], [-102.15199, 31.99829, 0], [-102.15188, 31.99832, 0], [-102.15151, 31.9984, 0], [-102.15137, 31.99844, 0], [-102.15127, 31.99846, 0], [-102.15115, 31.99849, 0], [-102.15103, 31.99851, 0], [-102.15053, 31.99863, 0], [-102.1504, 31.99867, 0], [-102.15027, 31.99869, 0], [-102.15022, 31.99871, 0], [-102.15012, 31.99873, 0], [-102.14951, 31.99887, 0], [-102.14936, 31.99891, 0], [-102.14922, 31.99894, 0], [-102.14919, 31.99895, 0], [-102.14899, 31.99899, 0], [-102.14896, 31.99899, 0], [-102.14894, 31.999, 0], [-102.14891, 31.99903, 0], [-102.14891, 31.99908, 0], [-102.14864, 31.99913, 0], [-102.14857, 31.99915, 0], [-102.14533, 31.9999, 0], [-102.14522, 31.99993, 0], [-102.14219, 32.00063, 0], [-102.14198, 32.00067, 0], [-102.13389, 32.00256, 0], [-102.13378, 32.00259, 0], [-102.13356, 32.00263, 0], [-102.13345, 32.00259, 0], [-102.13306, 32.00269, 0], [-102.13217, 32.00289, 0], [-102.13101, 32.00317, 0], [-102.12873, 32.00369, 0], [-102.12854, 32.00374, 0], [-102.1273, 32.00403, 0], [-102.1266, 32.00414, 0], [-102.12597, 32.0042, 0], [-102.12552, 32.00422, 0], [-102.12536, 32.00428, 0], [-102.12472, 32.00426, 0], [-102.12459, 32.00426, 0], [-102.12427, 32.00424, 0], [-102.12394, 32.00421, 0], [-102.12378, 32.00419, 0], [-102.12369, 32.00417, 0], [-102.12357, 32.00416, 0], [-102.12332, 32.00412, 0], [-102.12307, 32.00406, 0], [-102.12286, 32.00402, 0], [-102.12259, 32.00395, 0], [-102.12245, 32.00392, 0], [-102.12242, 32.00391, 0], [-102.12228, 32.00388, 0], [-102.12151, 32.00362, 0], [-102.12144, 32.00359, 0], [-102.12111, 32.00348, 0], [-102.12102, 32.00344, 0], [-102.12091, 32.00341, 0], [-102.12004, 32.00308, 0], [-102.1198, 32.003, 0], [-102.11909, 32.00274, 0], [-102.11895, 32.00268, 0], [-102.11883, 32.00264, 0], [-102.11625, 32.00169, 0], [-102.11559, 32.00146, 0], [-102.11552, 32.00143, 0], [-102.11504, 32.00125, 0], [-102.11468, 32.00113, 0], [-102.1145, 32.00106, 0], [-102.11391, 32.00085, 0], [-102.11276, 32.00042, 0], [-102.11258, 32.00036, 0], [-102.11169, 32.00004, 0], [-102.11163, 32.00003, 0], [-102.11148, 31.99997, 0], [-102.11074, 31.99971, 0], [-102.11038, 31.99954, 0], [-102.11016, 31.99946, 0], [-102.11009, 31.99943, 0], [-102.1093, 31.99915, 0], [-102.10896, 31.99902, 0], [-102.10863, 31.99891, 0], [-102.10829, 31.99878, 0], [-102.10726, 31.99841, 0], [-102.107, 31.99831, 0], [-102.10684, 31.99826, 0], [-102.10619, 31.99804, 0], [-102.10598, 31.99796, 0], [-102.10535, 31.9977, 0], [-102.10232, 31.9966, 0], [-102.1018, 31.9964, 0], [-102.10174, 31.99637, 0], [-102.10111, 31.99615, 0], [-102.10099, 31.9961, 0], [-102.10088, 31.99606, 0], [-102.10067, 31.99597, 0], [-102.10054, 31.9959, 0], [-102.10033, 31.99576, 0], [-102.0999, 31.99544, 0], [-102.09979, 31.99538, 0], [-102.09955, 31.99518, 0], [-102.09934, 31.99491, 0], [-102.09907, 31.99445, 0], [-102.09873, 31.99452, 0], [-102.0978, 31.99474, 0], [-102.09761, 31.99479, 0], [-102.09608, 31.99515, 0], [-102.09588, 31.99519, 0], [-102.09487, 31.99543, 0], [-102.09445, 31.99552, 0], [-102.09048, 31.99648, 0], [-102.08936, 31.99674, 0], [-102.08904, 31.99682, 0], [-102.08899, 31.99683, 0], [-102.08712, 31.99728, 0], [-102.08601, 31.99756, 0], [-102.08489, 31.9978, 0], [-102.08348, 31.99816, 0], [-102.08333, 31.99819, 0], [-102.08297, 31.99828, 0], [-102.08266, 31.99835, 0], [-102.08262, 31.99835, 0], [-102.08241, 31.99839, 0], [-102.08232, 31.9984, 0], [-102.08222, 31.9984, 0], [-102.08212, 31.99841, 0], [-102.08179, 31.99841, 0], [-102.08139, 31.99842, 0], [-102.08118, 31.99843, 0], [-102.08086, 31.99843, 0], [-102.07759, 31.99851, 0], [-102.07745, 31.9985, 0], [-102.0772, 31.99852, 0], [-102.07688, 31.99853, 0], [-102.07564, 31.99854, 0], [-102.07566, 31.99958, 0]]}, "properties": {"locationID": "rte006", "Location/feature name (incl. historical names)": "Toyahvale to Midland", "COMPLETE": "FALSE", "Geometry type": "line", "Geography type": "route", "Country": "USA", "Region": "", "State/Province": "New Mexico / Texas", "County": "", "City": "Toyahvale - switch to 285 in Pecos - head to Red Bluff - drive up to New Mexico - take first exit to 128 - Midland", "Neighborhood (incl. boroughs)": "", "Street address": "", "Notes": "https://www.reddit.com/r/themountaingoats/comments/1osn2e/map_outlining_the_route_of_the_main_character_in/", "Source": ""}}]}