{
	"type": "FeatureCollection",
	"features": [
		{
			"type": "Feature",
			"properties": {
				"locationID": "nli001",
				"Location/feature name (incl. historical names)": "Tigris and Euphrates rivers",
				"Geometry type": "line",
				"Geography type": "feature",
				"Country": "",
				"Region": "",
				"State/Province": "",
				"County": "",
				"City": "",
				"Neighborhood (incl. boroughs)": "",
				"Street address": "",
				"Notes": "Rivers of Babylon in lyrics",
				"Source": "",
				"songs": [
					{
						"title": "Sail Babylon Springs",
						"album": "Babylon Springs EP",
						"albums": [
							"Babylon Springs EP"
						],
						"lyric": "\"And I reach for a glass of cool water drawn / From the rivers of Babylon\""
					}
				]
			},
			"geometry": {
				"type": "MultiLineString",
				"coordinates": [
					[
						[
							38.808726636363645,
							38.87645254545455
						],
						[
							38.795829636363635,
							38.88109654545455
						],
						[
							38.781105636363634,
							38.89082554545454
						],
						[
							38.77138563636365,
							38.90332654545454
						],
						[
							38.76916263636363,
							38.91916654545454
						],
						[
							38.770557636363634,
							38.937490545454544
						],
						[
							38.781663636363646,
							38.953042545454544
						],
						[
							38.78777463636365,
							38.96611054545455
						],
						[
							38.79027663636364,
							38.98305754545455
						],
						[
							38.78222163636363,
							38.99666554545454
						],
						[
							38.77250163636364,
							39.00916654545454
						],
						[
							38.73708663636364,
							39.07556854545455
						],
						[
							38.71050063636363,
							39.162409545454544
						],
						[
							38.612490636363646,
							39.16776454545454
						],
						[
							38.35058163636364,
							39.37187554545455
						],
						[
							38.46063363636364,
							39.44634154545455
						],
						[
							38.581098636363635,
							39.49915354545454
						],
						[
							38.71387563636364,
							39.49304254545455
						],
						[
							38.86081863636363,
							39.57832654545455
						],
						[
							39.31248363636362,
							39.62832154545455
						],
						[
							39.404427636363636,
							39.695533545454545
						],
						[
							39.54360363636363,
							39.70221154545454
						],
						[
							40.08886863636363,
							39.55470154545454
						],
						[
							40.17608763636363,
							39.583321545454545
						],
						[
							40.23998763636365,
							39.69943054545454
						],
						[
							40.25332563636363,
							39.753322545454544
						],
						[
							40.138314636363646,
							39.87664954545455
						],
						[
							40.19831763636364,
							39.91275754545455
						],
						[
							40.498035636363625,
							39.95026054545455
						],
						[
							40.66582263636363,
							39.925546545454544
						],
						[
							41.31526263636363,
							39.99721354545455
						],
						[
							41.46276363636363,
							40.17859954545454
						],
						[
							41.543052636363626,
							40.187203545454544
						]
					],
					[
						[
							38.808726636363645,
							38.87645254545455
						],
						[
							38.76288963636364,
							38.80881754545454
						],
						[
							38.63104863636363,
							38.78201554545455
						],
						[
							38.634423636363636,
							38.74886854545455
						],
						[
							38.480811636363626,
							38.752207545454546
						],
						[
							38.349150636363646,
							38.59915354545455
						],
						[
							38.381658636363625,
							38.51610154545454
						],
						[
							38.68803663636365,
							38.41998154545454
						],
						[
							38.81859963636364,
							38.43442654545455
						],
						[
							38.95637163636363,
							38.323600545454546
						],
						[
							39.10554663636364,
							38.34108754545455
						],
						[
							39.144435636363625,
							38.30415154545454
						],
						[
							39.111657636363645,
							38.189707545454546
						],
						[
							39.203043636363645,
							38.20470154545455
						],
						[
							39.251652636363644,
							38.178034545454544
						],
						[
							39.193179636363624,
							38.038039545454545
						],
						[
							38.979978636363626,
							37.89943054545454
						],
						[
							38.97664863636365,
							37.82387554545455
						],
						[
							38.91998463636364,
							37.822210545454546
						],
						[
							38.962203636363625,
							37.759705545454544
						],
						[
							38.89500063636365,
							37.74665554545455
						],
						[
							38.86220463636363,
							37.69026154545454
						],
						[
							38.86638063636363,
							37.65748354545455
						],
						[
							38.60332863636364,
							37.58331454545455
						],
						[
							38.49943263636365,
							37.49859754545455
						],
						[
							38.20082163636363,
							37.44886354545455
						],
						[
							38.18664663636363,
							37.41026254545455
						],
						[
							38.03473563636365,
							37.44177154545455
						],
						[
							37.956372636363625,
							37.41526654545455
						],
						[
							37.853871636363635,
							37.30443154545454
						],
						[
							37.86581463636364,
							37.069981545454546
						],
						[
							37.97249163636363,
							37.05248554545454
						],
						[
							38.02797663636363,
							36.83275954545454
						],
						[
							38.02906563636364,
							36.828475545454545
						],
						[
							38.09332563636363,
							36.677212545454545
						],
						[
							38.23610163636363,
							36.61914454545454
						],
						[
							38.292486636363634,
							36.530818545454544
						],
						[
							38.185467636363626,
							36.33833554545455
						],
						[
							38.20047963636364,
							36.276838545454545
						],
						[
							38.19668163636365,
							36.26800054545455
						],
						[
							38.17944663636365,
							36.25555354545454
						],
						[
							38.15833263636364,
							36.24859654545454
						],
						[
							38.13693963636365,
							36.23888554545454
						],
						[
							38.119992636363634,
							36.225556545454545
						],
						[
							38.10888663636365,
							36.21333454545455
						],
						[
							38.064993636363624,
							36.147769545454544
						],
						[
							38.06082663636363,
							36.14083054545454
						],
						[
							38.058054636363636,
							36.12693454545454
						],
						[
							38.057217636363646,
							36.11054554545455
						],
						[
							38.06138463636364,
							36.081385545454545
						],
						[
							38.063886636363634,
							36.073330545454546
						],
						[
							38.07915963636364,
							36.05498854545454
						],
						[
							38.13349263636363,
							35.99999854545454
						],
						[
							38.145966636363625,
							35.98029754545454
						],
						[
							38.17395663636364,
							35.96272054545454
						],
						[
							38.313555636363645,
							35.89824454545454
						],
						[
							38.342850636363636,
							35.88652654545455
						],
						[
							38.43077163636363,
							35.86308154545454
						],
						[
							38.53626963636364,
							35.86308154545454
						],
						[
							38.55826563636364,
							35.85734854545455
						],
						[
							38.73804963636363,
							35.84581954545454
						],
						[
							38.81637663636363,
							35.93776354545455
						],
						[
							39.801930636363636,
							35.73610054545454
						],
						[
							39.906375636363634,
							35.53054054545455
						],
						[
							40.05498363636363,
							35.46609154545454
						],
						[
							40.17360363636362,
							35.31276754545454
						],
						[
							40.27026363636364,
							35.30109454545454
						],
						[
							40.25554863636364,
							35.26443754545455
						],
						[
							40.41359763636365,
							35.20582054545455
						],
						[
							40.423290636363646,
							35.131417545454546
						],
						[
							40.62303663636365,
							34.82192554545454
						],
						[
							40.77664863636363,
							34.70749054545454
						],
						[
							40.83249363636364,
							34.653589545454544
						],
						[
							40.92360063636363,
							34.61858854545455
						],
						[
							40.932492636363634,
							34.46026054545454
						],
						[
							41.006751636363646,
							34.42513354545455
						],
						[
							41.11665063636363,
							34.35803854545454
						],
						[
							41.20721763636362,
							34.381654545454545
						],
						[
							41.178597636363634,
							34.41832054545454
						],
						[
							41.23359663636364,
							34.44942454545454
						],
						[
							41.260542636363624,
							34.41359554545455
						],
						[
							41.43165063636363,
							34.46414854545454
						],
						[
							41.45748963636365,
							34.41608854545455
						],
						[
							41.58859263636364,
							34.43664454545455
						],
						[
							41.58166263636363,
							34.46831554545454
						],
						[
							41.69526063636363,
							34.44553654545454
						],
						[
							41.780535636363624,
							34.51970554545455
						],
						[
							41.91219663636363,
							34.459981545454546
						],
						[
							41.96832063636364,
							34.46943154545455
						],
						[
							42.13499163636365,
							34.27915354545454
						],
						[
							42.26859663636364,
							34.26165754545455
						],
						[
							42.30331863636363,
							34.34999254545455
						],
						[
							42.38109663636365,
							34.32248854545454
						],
						[
							42.38053863636364,
							34.27858654545454
						],
						[
							42.30692763636364,
							34.24665454545454
						],
						[
							42.38749563636364,
							34.18776754545454
						],
						[
							42.40998663636364,
							34.032202545454545
						],
						[
							42.43415163636362,
							34.00665154545454
						],
						[
							42.49554063636364,
							34.04110354545454
						],
						[
							42.56081763636362,
							33.953875545454544
						],
						[
							42.53053263636363,
							33.862489545454544
						],
						[
							42.578043636363645,
							33.84637054545454
						],
						[
							42.62637363636364,
							33.89526754545454
						],
						[
							42.73776663636363,
							33.86942854545455
						],
						[
							42.76194063636365,
							33.84386854545455
						],
						[
							42.71970363636365,
							33.798598545454546
						],
						[
							42.80165763636364,
							33.65221354545455
						],
						[
							42.92831463636364,
							33.54443854545455
						],
						[
							43.06053363636363,
							33.48664954545455
						],
						[
							43.09664163636364,
							33.52748254545454
						],
						[
							43.25832663636365,
							33.44303554545454
						],
						[
							43.59999363636365,
							33.39470554545455
						],
						[
							44.16202563636364,
							33.02944954545455
						],
						[
							44.284992636363626,
							32.80387354545454
						],
						[
							44.21247963636364,
							32.590537545454545
						],
						[
							44.32891263636364,
							32.246359545454546
						],
						[
							44.47803363636365,
							31.93443754545455
						],
						[
							44.506095636363625,
							31.75804654545454
						],
						[
							44.46942963636363,
							31.706656545454543
						],
						[
							44.56333563636363,
							31.60941154545454
						],
						[
							44.818017636363635,
							31.47142354545455
						],
						[
							45.11582763636363,
							31.305274545454544
						],
						[
							45.242241636363644,
							31.319908545454545
						],
						[
							45.52831563636363,
							31.28749054545454
						],
						[
							45.548043636363644,
							31.204438545454543
						],
						[
							46.06081863636365,
							31.108048545454544
						],
						[
							46.141665636363626,
							31.05304954545455
						],
						[
							46.25720763636363,
							31.045543545454542
						],
						[
							46.37758263636363,
							30.96106054545455
						]
					],
					[
						[
							38.808726636363645,
							38.87645254545455
						],
						[
							38.81277663636365,
							38.87499454545455
						],
						[
							38.83610463636364,
							38.87583154545454
						],
						[
							38.919714636363636,
							38.891662545454544
						],
						[
							38.98359663636364,
							38.89998754545454
						],
						[
							39.07027563636365,
							38.88971854545455
						],
						[
							39.08082363636365,
							38.88721654545454
						],
						[
							39.20527563636364,
							38.85694954545455
						],
						[
							39.27693363636362,
							38.83805854545455
						],
						[
							39.285825636363626,
							38.83027354545454
						],
						[
							39.29721963636365,
							38.82416254545455
						],
						[
							39.385275636363644,
							38.790268545454545
						],
						[
							39.46027263636364,
							38.76611254545454
						],
						[
							39.47889363636364,
							38.763898545454545
						],
						[
							39.47865963636363,
							38.74160554545454
						],
						[
							39.48369963636364,
							38.69920654545455
						],
						[
							39.49069263636363,
							38.68040554545454
						],
						[
							39.50271663636363,
							38.65439554545454
						],
						[
							39.53200263636364,
							38.64434254545454
						],
						[
							39.561945636363646,
							38.65330654545455
						],
						[
							39.585984636363634,
							38.65571854545454
						],
						[
							39.628599636363646,
							38.65876954545454
						],
						[
							39.65440263636364,
							38.66029954545454
						],
						[
							39.68062863636365,
							38.65986754545454
						],
						[
							39.69241863636364,
							38.65876954545454
						],
						[
							39.72455763636364,
							38.64325354545455
						],
						[
							39.752961636363636,
							38.629267545454546
						],
						[
							39.760395636363626,
							38.626864545454545
						],
						[
							39.784002636363624,
							38.62729654545455
						],
						[
							39.808482636363635,
							38.63538754545454
						],
						[
							39.84563463636363,
							38.65921054545455
						],
						[
							39.87011463636364,
							38.68434754545455
						],
						[
							40.05109563636364,
							38.74360354545454
						],
						[
							40.41970863636362,
							38.71220254545454
						],
						[
							40.94469663636363,
							38.89471354545454
						],
						[
							41.15637663636363,
							38.74915654545455
						],
						[
							41.247483636363626,
							38.83443154545454
						],
						[
							41.43581763636362,
							38.821372545454544
						],
						[
							41.545266636363635,
							38.85694054545454
						],
						[
							41.55526563636363,
							39.07637854545454
						],
						[
							41.669718636363626,
							39.034150545454544
						],
						[
							41.77776363636363,
							39.03998254545454
						],
						[
							42.120825636363634,
							39.125266545454544
						],
						[
							42.52832763636363,
							39.16331854545455
						],
						[
							42.54220563636363,
							39.303034545454544
						],
						[
							42.71526663636362,
							39.50665054545454
						],
						[
							42.86111163636363,
							39.537493545454545
						],
						[
							43.05276663636363,
							39.70832254545454
						],
						[
							43.52275563636363,
							39.61553254545455
						],
						[
							43.66636863636364,
							39.55165054545454
						],
						[
							43.68054363636364,
							39.512761545454545
						],
						[
							43.55025963636365,
							39.335533545454545
						],
						[
							43.570824636363625,
							39.30581554545454
						]
					],
					[
						[
							39.50666763636363,
							38.49748054545454
						],
						[
							39.67053963636363,
							38.39192854545454
						],
						[
							39.67109763636364,
							38.352211545454544
						],
						[
							40.00165863636363,
							38.361931545454546
						],
						[
							40.17276663636363,
							38.15386954545455
						],
						[
							40.13555163636363,
							38.11720354545455
						],
						[
							40.22671263636363,
							38.094820545454546
						],
						[
							40.26054363636365,
							38.03998354545454
						],
						[
							40.244991636363636,
							37.837762545454545
						],
						[
							40.95859263636365,
							37.81192354545454
						],
						[
							41.055792636363634,
							37.78249354545455
						],
						[
							41.36304363636364,
							37.71747754545455
						],
						[
							41.82776763636363,
							37.713049545454545
						],
						[
							41.826651636363636,
							37.653037545454545
						],
						[
							41.89749063636364,
							37.57054354545455
						],
						[
							41.853597636363645,
							37.44498454545454
						],
						[
							41.892765636363634,
							37.40525854545455
						],
						[
							42.01776663636363,
							37.42609354545454
						],
						[
							42.20524563636363,
							37.31875054545454
						],
						[
							42.22374063636363,
							37.30817554545454
						],
						[
							42.27658863636364,
							37.277908545454544
						],
						[
							42.29443563636363,
							37.269718545454545
						],
						[
							42.351522636363626,
							37.23117154545455
						],
						[
							42.357075636363646,
							37.12970554545455
						],
						[
							42.35561763636363,
							37.10692654545455
						],
						[
							42.37832463636363,
							37.07206054545454
						],
						[
							42.37410363636363,
							37.063159545454546
						],
						[
							42.37313163636364,
							37.062124545454544
						],
						[
							42.373275636363644,
							37.06126954545454
						],
						[
							42.60192963636365,
							36.78471754545455
						],
						[
							42.76997763636365,
							36.74665654545455
						],
						[
							42.74748663636365,
							36.71470654545454
						],
						[
							42.88247763636363,
							36.71081854545455
						],
						[
							42.91053963636364,
							36.65387554545455
						],
						[
							42.83081763636363,
							36.63831454545454
						],
						[
							42.75249063636363,
							36.49721254545454
						],
						[
							42.93221163636363,
							36.49137154545455
						],
						[
							42.99859563636363,
							36.40082254545454
						],
						[
							43.119429636363634,
							36.39526054545454
						],
						[
							43.302759636363646,
							36.14165854545454
						],
						[
							43.36249263636364,
							35.87858854545454
						],
						[
							43.288602636363635,
							35.785546545454544
						],
						[
							43.32192963636365,
							35.69915554545454
						],
						[
							43.24721163636363,
							35.64443554545455
						],
						[
							43.264707636363624,
							35.40859054545455
						],
						[
							43.429479636363624,
							35.25548254545455
						],
						[
							43.38470463636364,
							35.21887054545454
						],
						[
							43.57833063636363,
							35.037763545454546
						],
						[
							43.519983636363634,
							34.94053654545454
						],
						[
							43.676934636363626,
							34.70915554545454
						],
						[
							43.88248563636364,
							34.14110254545455
						],
						[
							44.03562063636363,
							34.07321554545454
						],
						[
							44.080512636363636,
							34.07321554545454
						],
						[
							44.18025063636364,
							34.06323454545454
						],
						[
							44.188566636363646,
							34.06156954545454
						],
						[
							44.26171863636364,
							34.04662054545454
						],
						[
							44.383605636363626,
							34.00305154545455
						],
						[
							44.43916263636365,
							33.95416354545454
						],
						[
							44.44676763636363,
							33.94049254545454
						],
						[
							44.451798636363634,
							33.922771545454545
						],
						[
							44.452545636363624,
							33.908587545454544
						],
						[
							44.45029563636365,
							33.901315545454544
						],
						[
							44.447505636363644,
							33.897589545454544
						],
						[
							44.43612963636363,
							33.89031754545454
						],
						[
							44.39326263636363,
							33.81064054545454
						],
						[
							44.38576563636363,
							33.79563754545455
						],
						[
							44.38326363636364,
							33.78341554545454
						],
						[
							44.38455963636363,
							33.764821545454545
						],
						[
							44.388735636363634,
							33.755101545454544
						],
						[
							44.40066963636363,
							33.74342854545454
						],
						[
							44.414007636363635,
							33.734815545454545
						],
						[
							44.42095563636363,
							33.726760545454546
						],
						[
							44.40136263636364,
							33.63930754545455
						],
						[
							44.38308363636364,
							33.62434954545454
						],
						[
							44.339856636363635,
							33.62434954545454
						],
						[
							44.32322463636365,
							33.60273154545454
						],
						[
							44.304936636363635,
							33.53955154545455
						],
						[
							44.30327163636363,
							33.49300354545455
						],
						[
							44.30826663636364,
							33.47305954545454
						],
						[
							44.33819163636363,
							33.394921545454544
						],
						[
							44.386404636363636,
							33.31512754545455
						],
						[
							44.41133463636365,
							33.27854254545455
						],
						[
							44.45124063636365,
							33.27523054545454
						],
						[
							44.48948163636365,
							33.227008545454545
						],
						[
							44.54268063636363,
							33.14720554545455
						],
						[
							44.55597363636363,
							33.10730854545455
						],
						[
							44.56214763636365,
							33.08431354545454
						],
						[
							44.572047636363635,
							33.068923545454545
						],
						[
							44.57592663636365,
							33.06409054545454
						],
						[
							44.65415463636364,
							33.011224545454546
						],
						[
							44.67813063636365,
							33.009919545454544
						],
						[
							44.68938963636364,
							33.01309654545454
						],
						[
							44.706507636363625,
							33.02038654545455
						],
						[
							44.72794563636364,
							33.03343654545454
						],
						[
							44.74549563636364,
							32.96266954545454
						],
						[
							44.80535463636363,
							32.95436254545455
						],
						[
							44.87849763636365,
							32.93440954545455
						],
						[
							44.93502663636363,
							32.91113554545455
						],
						[
							44.94001263636363,
							32.90449354545455
						],
						[
							44.944998636363636,
							32.87954554545454
						],
						[
							44.94832863636364,
							32.87455054545455
						],
						[
							44.958300636363646,
							32.866243545454545
						],
						[
							45.09130263636365,
							32.78146354545455
						],
						[
							45.184398636363625,
							32.76981754545455
						],
						[
							45.25589463636365,
							32.76484054545454
						],
						[
							45.26420163636362,
							32.76151054545455
						],
						[
							45.27085263636363,
							32.756524545454546
						],
						[
							45.27750363636363,
							32.73823654545455
						],
						[
							45.27418263636363,
							32.72826454545454
						],
						[
							45.314070636363624,
							32.68170754545455
						],
						[
							45.395538636363625,
							32.61853654545454
						],
						[
							45.472011636363646,
							32.583625545454545
						],
						[
							45.59668863636364,
							32.54039854545454
						],
						[
							45.61498563636363,
							32.53542154545455
						],
						[
							45.629943636363635,
							32.542063545454546
						],
						[
							45.63825963636364,
							32.55037054545455
						],
						[
							45.65654763636363,
							32.56200754545454
						],
						[
							45.673170636363636,
							32.56034254545454
						],
						[
							45.691467636363626,
							32.55702154545454
						],
						[
							45.787893636363634,
							32.52876154545455
						],
						[
							45.80450763636364,
							32.51878054545454
						],
						[
							45.81115863636364,
							32.51213854545454
						],
						[
							45.81281463636364,
							32.505478545454544
						]
					],
					[
						[
							45.81281463636364,
							32.505478545454544
						],
						[
							45.83443263636363,
							32.51380354545454
						],
						[
							45.92254263636363,
							32.55037054545455
						],
						[
							45.954132636363624,
							32.59193254545455
						],
						[
							45.96576963636363,
							32.60356954545454
						],
						[
							46.055544636363635,
							32.64015454545454
						],
						[
							46.103766636363645,
							32.65179154545455
						],
						[
							46.113729636363644,
							32.65179154545455
						],
						[
							46.12537563636363,
							32.65012654545455
						],
						[
							46.17025863636363,
							32.62020154545454
						],
						[
							46.185216636363634,
							32.60356954545454
						],
						[
							46.18854663636364,
							32.59193254545455
						],
						[
							46.195197636363645,
							32.583625545454545
						],
						[
							46.23675063636364,
							32.55535654545455
						],
						[
							46.246740636363626,
							32.55203554545455
						],
						[
							46.34315763636363,
							32.522110545454545
						],
						[
							46.36311063636364,
							32.52044554545454
						],
						[
							46.40300763636364,
							32.52044554545454
						],
						[
							46.41464463636365,
							32.52044554545454
						],
						[
							46.442904636363636,
							32.52876154545455
						],
						[
							46.461201636363626,
							32.52876154545455
						],
						[
							46.501089636363645,
							32.52044554545454
						],
						[
							46.65071463636363,
							32.48886454545454
						],
						[
							46.66401663636364,
							32.48055754545454
						],
						[
							46.68895563636363,
							32.45893954545455
						],
						[
							46.71888063636365,
							32.40739654545454
						],
						[
							46.73550363636363,
							32.369164545454545
						],
						[
							46.74215463636364,
							32.349211545454544
						],
						[
							46.73882463636363,
							32.34256054545454
						],
						[
							46.73383863636363,
							32.33758354545454
						],
						[
							46.72719663636363,
							32.33591854545454
						],
						[
							46.715550636363645,
							32.33758354545454
						],
						[
							46.70557863636364,
							32.327602545454546
						],
						[
							46.70392263636364,
							32.22952054545454
						],
						[
							46.70392263636364,
							32.18629354545454
						],
						[
							46.708908636363645,
							32.134750545454544
						],
						[
							46.72554063636363,
							32.11479754545454
						],
						[
							46.775409636363634,
							32.07988654545455
						],
						[
							46.787037636363635,
							32.07324454545455
						],
						[
							46.81862763636363,
							32.069914545454544
						],
						[
							46.82860863636364,
							32.069914545454544
						],
						[
							46.84688763636365,
							32.07656554545455
						],
						[
							46.85353863636362,
							32.07656554545455
						],
						[
							46.86018963636363,
							32.07324454545455
						],
						[
							46.86518463636364,
							32.066593545454545
						],
						[
							46.87515663636364,
							32.00342254545455
						],
						[
							46.95081963636363,
							31.876099545454544
						],
						[
							47.00027463636363,
							31.854994545454538
						],
						[
							47.09470263636365,
							31.890274545454538
						],
						[
							47.13831663636364,
							31.858045545454537
						],
						[
							47.13915363636363,
							31.730542545454547
						],
						[
							47.42223063636365,
							31.373368545454547
						],
						[
							47.43045663636363,
							31.013071545454544
						]
					],
					[
						[
							45.81281463636364,
							32.505478545454544
						],
						[
							45.87100863636363,
							32.44231654545454
						],
						[
							45.932766636363624,
							32.40637054545454
						],
						[
							45.92193063636364,
							32.28053254545454
						],
						[
							46.00915863636365,
							32.195257545454545
						],
						[
							45.95332263636362,
							31.94054854545454
						],
						[
							46.06081863636365,
							31.873318545454545
						],
						[
							46.12415163636365,
							31.504435545454548
						],
						[
							46.269708636363646,
							31.26582754545455
						],
						[
							46.421655636363624,
							31.155829545454544
						],
						[
							46.36275963636365,
							31.049989545454544
						],
						[
							46.400532636363636,
							31.021657545454538
						],
						[
							46.37758263636363,
							30.96106054545455
						]
					],
					[
						[
							46.37758263636363,
							30.96106054545455
						],
						[
							46.53276063636363,
							30.878602545454548
						],
						[
							46.736376636363644,
							30.953869545454545
						],
						[
							47.43045663636363,
							31.013071545454544
						]
					],
					[
						[
							47.43045663636363,
							31.013071545454544
						],
						[
							47.46754563636364,
							30.97644154545454
						],
						[
							47.63555763636364,
							30.770548545454538
						],
						[
							47.72970663636363,
							30.739705545454548
						],
						[
							47.75095563636364,
							30.621679545454548
						],
						[
							47.75461863636363,
							30.59861254545455
						],
						[
							47.76792063636364,
							30.577003545454538
						],
						[
							47.77621863636364,
							30.572008545454544
						],
						[
							47.78394063636364,
							30.56475454545454
						],
						[
							47.82111063636364,
							30.532111545454548
						],
						[
							47.83773363636362,
							30.515488545454538
						],
						[
							47.84605863636364,
							30.507172545454544
						],
						[
							47.86434663636365,
							30.492205545454546
						],
						[
							47.92253163636363,
							30.465610545454545
						],
						[
							47.99234463636364,
							30.465610545454545
						],
						[
							48.007311636363625,
							30.463945545454543
						],
						[
							48.06752163636364,
							30.463792545454545
						],
						[
							48.10754463636363,
							30.454324545454547
						],
						[
							48.141384636363625,
							30.43998754545455
						],
						[
							48.16042863636363,
							30.42708154545455
						],
						[
							48.28943463636364,
							30.329719545454545
						],
						[
							48.41194263636365,
							30.199669545454547
						],
						[
							48.41012463636363,
							30.16998754545454
						],
						[
							48.411096636363624,
							30.103612545454546
						],
						[
							48.45012963636364,
							30.005413545454537
						],
						[
							48.473385636363645,
							29.982895545454546
						],
						[
							48.54555663636364,
							29.96302354545454
						]
					]
				]
			}
		},
		{
			"type": "Feature",
			"properties": {
				"locationID": "nli002",
				"Location/feature name (incl. historical names)": "Cuyahoga River",
				"Geometry type": "line",
				"Geography type": "feature",
				"Country": "USA",
				"Region": "",
				"State/Province": "Ohio",
				"County": "",
				"City": "",
				"Neighborhood (incl. boroughs)": "",
				"Street address": "",
				"Notes": "",
				"Source": "",
				"songs": [
					{
						"title": "Going to Cleveland",
						"album": "Transmissions to Horace",
						"albums": [
							"Transmissions to Horace",
							"Bitter Melon Farm (1999)"
						],
						"lyric": "\"I hear the Cuyahoga calling, now I know what I was born for\""
					}
				]
			},
			"geometry": {
				"type": "MultiLineString",
				"coordinates": [
					[
						[
							-81.71025848388672,
							41.499942779541016
						],
						[
							-81.71056365966797,
							41.498348236083984
						],
						[
							-81.71086883544922,
							41.496944427490234
						],
						[
							-81.7111587524414,
							41.49544906616211
						],
						[
							-81.71146392822266,
							41.49394226074219
						],
						[
							-81.7117691040039,
							41.4925422668457
						],
						[
							-81.7120590209961,
							41.49104690551758
						],
						[
							-81.71045684814453,
							41.489341735839844
						],
						[
							-81.7087631225586,
							41.48764419555664
						],
						[
							-81.70906829833984,
							41.48624801635742
						],
						[
							-81.70935821533203,
							41.4847412109375
						],
						[
							-81.70977020263672,
							41.48324203491211
						],
						[
							-81.70775604248047,
							41.4830436706543
						],
						[
							-81.70616912841797,
							41.48134231567383
						],
						[
							-81.70645904541016,
							41.47984313964844
						],
						[
							-81.70446014404297,
							41.47964859008789
						],
						[
							-81.70256805419922,
							41.47934341430664
						],
						[
							-81.70056915283203,
							41.47914505004883
						],
						[
							-81.69866180419922,
							41.478946685791016
						],
						[
							-81.69635772705078,
							41.48014450073242
						],
						[
							-81.6940689086914,
							41.481449127197266
						],
						[
							-81.69376373291016,
							41.48284149169922
						],
						[
							-81.6934585571289,
							41.48434829711914
						],
						[
							-81.6912612915039,
							41.48554611206055
						],
						[
							-81.68956756591797,
							41.483943939208984
						],
						[
							-81.68766021728516,
							41.483642578125
						],
						[
							-81.68596649169922,
							41.4819450378418
						],
						[
							-81.6840591430664,
							41.481746673583984
						],
						[
							-81.68206024169922,
							41.4814453125
						],
						[
							-81.67986297607422,
							41.48274612426758
						],
						[
							-81.67786407470703,
							41.482547760009766
						],
						[
							-81.67626190185547,
							41.480743408203125
						],
						[
							-81.67456817626953,
							41.47904586791992
						],
						[
							-81.6768569946289,
							41.477848052978516
						],
						[
							-81.6752700805664,
							41.47614669799805
						],
						[
							-81.6774673461914,
							41.47494888305664
						],
						[
							-81.67586517333984,
							41.47325134277344
						],
						[
							-81.67615509033203,
							41.471744537353516
						],
						[
							-81.67646026611328,
							41.47024917602539
						],
						[
							-81.67476654052734,
							41.46854782104492
						],
						[
							-81.67516326904297,
							41.46714401245117
						],
						[
							-81.67546844482422,
							41.46564865112305
						],
						[
							-81.67766571044922,
							41.4643440246582
						],
						[
							-81.67996978759766,
							41.4631462097168
						],
						[
							-81.68225860595703,
							41.46194839477539
						],
						[
							-81.68256378173828,
							41.46044921875
						],
						[
							-81.68476104736328,
							41.45924758911133
						],
						[
							-81.68706512451172,
							41.45804214477539
						],
						[
							-81.68926239013672,
							41.45674514770508
						],
						[
							-81.68965911865234,
							41.45534896850586
						],
						[
							-81.6879653930664,
							41.453548431396484
						],
						[
							-81.6882553100586,
							41.452144622802734
						],
						[
							-81.68856048583984,
							41.45064926147461
						],
						[
							-81.6888656616211,
							41.44914627075195
						],
						[
							-81.68915557861328,
							41.4477424621582
						],
						[
							-81.68756866455078,
							41.446048736572266
						],
						[
							-81.68596649169922,
							41.4443473815918
						],
						[
							-81.68425750732422,
							41.44264602661133
						],
						[
							-81.68265533447266,
							41.44084548950195
						],
						[
							-81.68065643310547,
							41.44074630737305
						],
						[
							-81.67906951904297,
							41.43894577026367
						],
						[
							-81.6774673461914,
							41.43724822998047
						],
						[
							-81.67516326904297,
							41.43854904174805
						],
						[
							-81.67346954345703,
							41.43674850463867
						],
						[
							-81.67156219482422,
							41.43654251098633
						],
						[
							-81.66996002197266,
							41.43484878540039
						],
						[
							-81.66796112060547,
							41.43464660644531
						],
						[
							-81.6663589477539,
							41.43294906616211
						],
						[
							-81.66666412353516,
							41.43144607543945
						],
						[
							-81.6669692993164,
							41.4300422668457
						],
						[
							-81.66925811767578,
							41.42874526977539
						],
						[
							-81.6711654663086,
							41.4289436340332
						],
						[
							-81.67145538330078,
							41.427547454833984
						],
						[
							-81.67176055908203,
							41.42604446411133
						],
						[
							-81.66986846923828,
							41.425846099853516
						],
						[
							-81.66815948486328,
							41.42414474487305
						],
						[
							-81.66845703125,
							41.422752380371094
						],
						[
							-81.66686248779297,
							41.42094802856445
						],
						[
							-81.66716003417969,
							41.4195442199707
						],
						[
							-81.6652603149414,
							41.41925048828125
						],
						[
							-81.66326141357422,
							41.41904830932617
						],
						[
							-81.66165924072266,
							41.4173469543457
						],
						[
							-81.65995788574219,
							41.4156494140625
						],
						[
							-81.6580581665039,
							41.415348052978516
						],
						[
							-81.65576934814453,
							41.41664505004883
						],
						[
							-81.65385437011719,
							41.41634750366211
						],
						[
							-81.65185546875,
							41.4161491394043
						],
						[
							-81.65025329589844,
							41.414451599121094
						],
						[
							-81.64825439453125,
							41.41425323486328
						],
						[
							-81.64665985107422,
							41.41254806518555
						],
						[
							-81.6446533203125,
							41.4122428894043
						],
						[
							-81.64276123046875,
							41.41204833984375
						],
						[
							-81.64115905761719,
							41.410343170166016
						],
						[
							-81.63945007324219,
							41.40864944458008
						],
						[
							-81.63784790039062,
							41.406951904296875
						],
						[
							-81.63616180419922,
							41.40524673461914
						],
						[
							-81.63455200195312,
							41.40354537963867
						],
						[
							-81.63485717773438,
							41.40214920043945
						],
						[
							-81.63516235351562,
							41.4006462097168
						],
						[
							-81.63545227050781,
							41.39914321899414
						],
						[
							-81.63385009765625,
							41.3974494934082
						],
						[
							-81.6341552734375,
							41.39594650268555
						],
						[
							-81.63255310058594,
							41.394248962402344
						],
						[
							-81.63475036621094,
							41.39305114746094
						],
						[
							-81.63314819335938,
							41.3913459777832
						],
						[
							-81.63345336914062,
							41.38984680175781
						],
						[
							-81.63575744628906,
							41.38864517211914
						],
						[
							-81.63375854492188,
							41.38844680786133
						],
						[
							-81.63185119628906,
							41.38814926147461
						],
						[
							-81.63015747070312,
							41.386451721191406
						],
						[
							-81.62855529785156,
							41.38474655151367
						],
						[
							-81.62886047363281,
							41.383243560791016
						],
						[
							-81.62715148925781,
							41.38154220581055
						],
						[
							-81.62754821777344,
							41.38014602661133
						],
						[
							-81.62554931640625,
							41.379947662353516
						],
						[
							-81.62396240234375,
							41.378150939941406
						],
						[
							-81.62225341796875,
							41.37644958496094
						],
						[
							-81.620361328125,
							41.37624740600586
						],
						[
							-81.61875915527344,
							41.374549865722656
						],
						[
							-81.61705017089844,
							41.37284469604492
						],
						[
							-81.61735534667969,
							41.37135314941406
						],
						[
							-81.61575317382812,
							41.36964797973633
						],
						[
							-81.61605834960938,
							41.368247985839844
						],
						[
							-81.61445617675781,
							41.3664436340332
						],
						[
							-81.61476135253906,
							41.36505126953125
						],
						[
							-81.61505126953125,
							41.363548278808594
						],
						[
							-81.6153564453125,
							41.3620491027832
						],
						[
							-81.6136474609375,
							41.360450744628906
						],
						[
							-81.61405944824219,
							41.35894775390625
						],
						[
							-81.61235046386719,
							41.35724639892578
						],
						[
							-81.61045837402344,
							41.3569450378418
						],
						[
							-81.60874938964844,
							41.355247497558594
						],
						[
							-81.60716247558594,
							41.353546142578125
						],
						[
							-81.60525512695312,
							41.35334777832031
						],
						[
							-81.60325622558594,
							41.3531494140625
						],
						[
							-81.60165405273438,
							41.35144805908203
						],
						[
							-81.59996032714844,
							41.34974670410156
						],
						[
							-81.59835815429688,
							41.348052978515625
						],
						[
							-81.59864807128906,
							41.34654998779297
						],
						[
							-81.59706115722656,
							41.344844818115234
						],
						[
							-81.59735107421875,
							41.343353271484375
						],
						[
							-81.59765625,
							41.341949462890625
						],
						[
							-81.59605407714844,
							41.340145111083984
						],
						[
							-81.59635925292969,
							41.33875274658203
						],
						[
							-81.59855651855469,
							41.337547302246094
						],
						[
							-81.59695434570312,
							41.33574676513672
						],
						[
							-81.59506225585938,
							41.335548400878906
						],
						[
							-81.59304809570312,
							41.335350036621094
						],
						[
							-81.59146118164062,
							41.333648681640625
						],
						[
							-81.59175109863281,
							41.3321533203125
						],
						[
							-81.59394836425781,
							41.33094787597656
						],
						[
							-81.5943603515625,
							41.32945251464844
						],
						[
							-81.5926513671875,
							41.32775115966797
						],
						[
							-81.59295654296875,
							41.32624816894531
						],
						[
							-81.59326171875,
							41.324851989746094
						],
						[
							-81.59365844726562,
							41.32334518432617
						],
						[
							-81.59194946289062,
							41.32164764404297
						],
						[
							-81.59225463867188,
							41.32025146484375
						],
						[
							-81.59036254882812,
							41.3199462890625
						],
						[
							-81.58876037597656,
							41.3182487487793
						],
						[
							-81.58905029296875,
							41.316749572753906
						],
						[
							-81.58924865722656,
							41.31524658203125
						],
						[
							-81.58966064453125,
							41.31385040283203
						],
						[
							-81.58805847167969,
							41.3121452331543
						],
						[
							-81.58634948730469,
							41.310447692871094
						],
						[
							-81.58476257324219,
							41.308746337890625
						],
						[
							-81.58505249023438,
							41.3072509765625
						],
						[
							-81.58535766601562,
							41.30574417114258
						],
						[
							-81.5833511352539,
							41.30554962158203
						],
						[
							-81.58175659179688,
							41.3038444519043
						],
						[
							-81.58206176757812,
							41.30235290527344
						],
						[
							-81.58045959472656,
							41.30065155029297
						],
						[
							-81.57815551757812,
							41.301944732666016
						],
						[
							-81.57655334472656,
							41.30024719238281
						],
						[
							-81.57494354248047,
							41.29844665527344
						],
						[
							-81.57525634765625,
							41.29704666137695
						],
						[
							-81.5755615234375,
							41.29554748535156
						],
						[
							-81.57584381103516,
							41.294151306152344
						],
						[
							-81.57615661621094,
							41.29264450073242
						],
						[
							-81.57646179199219,
							41.29115295410156
						],
						[
							-81.5748519897461,
							41.289451599121094
						],
						[
							-81.57315063476562,
							41.287750244140625
						],
						[
							-81.57356262207031,
							41.286346435546875
						],
						[
							-81.57184600830078,
							41.284542083740234
						],
						[
							-81.56954956054688,
							41.285850524902344
						],
						[
							-81.56796264648438,
							41.28414535522461
						],
						[
							-81.56635284423828,
							41.282447814941406
						],
						[
							-81.56664276123047,
							41.28095245361328
						],
						[
							-81.56695556640625,
							41.279449462890625
						],
						[
							-81.56725311279297,
							41.278053283691406
						],
						[
							-81.5656509399414,
							41.27635192871094
						],
						[
							-81.5659408569336,
							41.27484893798828
						],
						[
							-81.56624603271484,
							41.273345947265625
						],
						[
							-81.5665512084961,
							41.271949768066406
						],
						[
							-81.56494903564453,
							41.27014923095703
						],
						[
							-81.5672607421875,
							41.268951416015625
						],
						[
							-81.5655517578125,
							41.267250061035156
						],
						[
							-81.56365203857422,
							41.267051696777344
						],
						[
							-81.56194305419922,
							41.265350341796875
						],
						[
							-81.56005096435547,
							41.26515197753906
						],
						[
							-81.5584487915039,
							41.26335144042969
						],
						[
							-81.5567398071289,
							41.26165008544922
						],
						[
							-81.55704498291016,
							41.26024627685547
						],
						[
							-81.5573501586914,
							41.258750915527344
						],
						[
							-81.55574798583984,
							41.257049560546875
						],
						[
							-81.5560531616211,
							41.25554656982422
						],
						[
							-81.55414581298828,
							41.255348205566406
						],
						[
							-81.55254364013672,
							41.25364685058594
						],
						[
							-81.55054473876953,
							41.25334930419922
						],
						[
							-81.54894256591797,
							41.251747131347656
						],
						[
							-81.54694366455078,
							41.25144958496094
						],
						[
							-81.54534149169922,
							41.24974822998047
						],
						[
							-81.54764556884766,
							41.24855041503906
						],
						[
							-81.5479507446289,
							41.247047424316406
						],
						[
							-81.5501480102539,
							41.245849609375
						],
						[
							-81.55245208740234,
							41.244651794433594
						],
						[
							-81.55074310302734,
							41.242950439453125
						],
						[
							-81.55304718017578,
							41.24164581298828
						],
						[
							-81.55335235595703,
							41.240150451660156
						],
						[
							-81.55364227294922,
							41.238746643066406
						],
						[
							-81.55594635009766,
							41.237548828125
						],
						[
							-81.5562515258789,
							41.236045837402344
						],
						[
							-81.5565414428711,
							41.23455047607422
						],
						[
							-81.5549545288086,
							41.23284912109375
						],
						[
							-81.55294036865234,
							41.23265075683594
						],
						[
							-81.55135345458984,
							41.23085021972656
						],
						[
							-81.55164337158203,
							41.22944641113281
						],
						[
							-81.54975128173828,
							41.229248046875
						],
						[
							-81.54804229736328,
							41.22754669189453
						],
						[
							-81.54834747314453,
							41.226051330566406
						],
						[
							-81.54674530029297,
							41.22434997558594
						],
						[
							-81.54705047607422,
							41.22285079956055
						],
						[
							-81.54935455322266,
							41.221649169921875
						],
						[
							-81.5512466430664,
							41.22184753417969
						],
						[
							-81.55155181884766,
							41.22035217285156
						],
						[
							-81.55384063720703,
							41.21915054321289
						],
						[
							-81.55414581298828,
							41.2176513671875
						],
						[
							-81.55644989013672,
							41.216552734375
						],
						[
							-81.5567398071289,
							41.215049743652344
						],
						[
							-81.55704498291016,
							41.21354293823242
						],
						[
							-81.5573501586914,
							41.21205139160156
						],
						[
							-81.5595474243164,
							41.210845947265625
						],
						[
							-81.55795288085938,
							41.20915222167969
						],
						[
							-81.56024932861328,
							41.20794677734375
						],
						[
							-81.56055450439453,
							41.206451416015625
						],
						[
							-81.56084442138672,
							41.20494842529297
						],
						[
							-81.56304168701172,
							41.20375061035156
						],
						[
							-81.56534576416016,
							41.202552795410156
						],
						[
							-81.56565856933594,
							41.2010498046875
						],
						[
							-81.56795501708984,
							41.199851989746094
						],
						[
							-81.57015228271484,
							41.19854736328125
						],
						[
							-81.57244110107422,
							41.197349548339844
						],
						[
							-81.57466125488281,
							41.19615173339844
						],
						[
							-81.57695007324219,
							41.194847106933594
						],
						[
							-81.57725524902344,
							41.19335174560547
						],
						[
							-81.57564544677734,
							41.191650390625
						],
						[
							-81.57595825195312,
							41.190242767333984
						],
						[
							-81.57624816894531,
							41.188751220703125
						],
						[
							-81.57846069335938,
							41.18744659423828
						],
						[
							-81.58074951171875,
							41.186248779296875
						],
						[
							-81.5810546875,
							41.184852600097656
						],
						[
							-81.58135223388672,
							41.183349609375
						],
						[
							-81.58164978027344,
							41.181846618652344
						],
						[
							-81.58394622802734,
							41.18064880371094
						],
						[
							-81.5842514038086,
							41.17914581298828
						],
						[
							-81.58454895019531,
							41.17774963378906
						],
						[
							-81.58296203613281,
							41.17594909667969
						],
						[
							-81.58135223388672,
							41.17424392700195
						],
						[
							-81.57964324951172,
							41.17265701293945
						],
						[
							-81.5799560546875,
							41.17115020751953
						],
						[
							-81.58025360107422,
							41.169647216796875
						],
						[
							-81.57865905761719,
							41.16794967651367
						],
						[
							-81.57675170898438,
							41.167747497558594
						],
						[
							-81.57505798339844,
							41.166046142578125
						],
						[
							-81.57534790039062,
							41.164546966552734
						],
						[
							-81.5737533569336,
							41.16284942626953
						],
						[
							-81.57404327392578,
							41.161346435546875
						],
						[
							-81.57435607910156,
							41.159950256347656
						],
						[
							-81.57666015625,
							41.158653259277344
						],
						[
							-81.574951171875,
							41.15694808959961
						],
						[
							-81.5753402709961,
							41.155548095703125
						],
						[
							-81.57365417480469,
							41.153846740722656
						],
						[
							-81.57395935058594,
							41.15235137939453
						],
						[
							-81.5720443725586,
							41.15215301513672
						],
						[
							-81.57015991210938,
							41.15184783935547
						],
						[
							-81.56844329833984,
							41.150146484375
						],
						[
							-81.56875610351562,
							41.14875030517578
						],
						[
							-81.56905364990234,
							41.147247314453125
						],
						[
							-81.56745910644531,
							41.145545959472656
						],
						[
							-81.5677490234375,
							41.14405059814453
						],
						[
							-81.56615447998047,
							41.14234924316406
						],
						[
							-81.56645202636719,
							41.140846252441406
						],
						[
							-81.5667495727539,
							41.13945007324219
						],
						[
							-81.5648422241211,
							41.139251708984375
						],
						[
							-81.56314849853516,
							41.137451171875
						],
						[
							-81.5615463256836,
							41.13584899902344
						],
						[
							-81.55965423583984,
							41.13555145263672
						],
						[
							-81.55805206298828,
							41.13385009765625
						],
						[
							-81.5560531616211,
							41.13365173339844
						],
						[
							-81.55445098876953,
							41.13195037841797
						],
						[
							-81.55245208740234,
							41.13165283203125
						],
						[
							-81.55055236816406,
							41.131446838378906
						],
						[
							-81.54865264892578,
							41.131248474121094
						],
						[
							-81.54634857177734,
							41.1324462890625
						],
						[
							-81.54474639892578,
							41.130653381347656
						],
						[
							-81.54305267333984,
							41.12895202636719
						],
						[
							-81.54145050048828,
							41.127349853515625
						],
						[
							-81.53914642333984,
							41.12854766845703
						],
						[
							-81.53754425048828,
							41.12684631347656
						],
						[
							-81.53784942626953,
							41.12535095214844
						],
						[
							-81.53815460205078,
							41.12384796142578
						],
						[
							-81.53655242919922,
							41.12224578857422
						],
						[
							-81.53495025634766,
							41.12045669555664
						],
						[
							-81.5333480834961,
							41.11874771118164
						],
						[
							-81.53165435791016,
							41.11705017089844
						],
						[
							-81.5300521850586,
							41.115352630615234
						],
						[
							-81.52845001220703,
							41.113651275634766
						],
						[
							-81.52674102783203,
							41.11194610595703
						]
					],
					[
						[
							-81.52674102783203,
							41.11194610595703
						],
						[
							-81.52484893798828,
							41.11174774169922
						],
						[
							-81.52254486083984,
							41.112953186035156
						],
						[
							-81.52034759521484,
							41.11425018310547
						],
						[
							-81.5200424194336,
							41.11565017700195
						],
						[
							-81.51775360107422,
							41.11695098876953
						],
						[
							-81.51554107666016,
							41.11814880371094
						],
						[
							-81.51325225830078,
							41.119346618652344
						],
						[
							-81.51105499267578,
							41.12065505981445
						],
						[
							-81.50875091552734,
							41.121849060058594
						],
						[
							-81.50684356689453,
							41.12165069580078
						],
						[
							-81.50484466552734,
							41.12135314941406
						],
						[
							-81.50264739990234,
							41.122650146484375
						],
						[
							-81.5009536743164,
							41.120849609375
						],
						[
							-81.49935150146484,
							41.11914825439453
						],
						[
							-81.49964141845703,
							41.11775207519531
						],
						[
							-81.49994659423828,
							41.11625289916992
						],
						[
							-81.49834442138672,
							41.11455154418945
						],
						[
							-81.49614715576172,
							41.115753173828125
						],
						[
							-81.4957504272461,
							41.11724853515625
						],
						[
							-81.4935531616211,
							41.118446350097656
						],
						[
							-81.49324798583984,
							41.11994934082031
						],
						[
							-81.4909439086914,
							41.121150970458984
						],
						[
							-81.49065399169922,
							41.12265396118164
						],
						[
							-81.48844146728516,
							41.12384796142578
						],
						[
							-81.48815155029297,
							41.1253547668457
						],
						[
							-81.48584747314453,
							41.126548767089844
						],
						[
							-81.4835433959961,
							41.12785339355469
						],
						[
							-81.4832534790039,
							41.12935256958008
						],
						[
							-81.4848403930664,
							41.130950927734375
						],
						[
							-81.4826431274414,
							41.13214874267578
						],
						[
							-81.48235321044922,
							41.13365173339844
						],
						[
							-81.48394012451172,
							41.13545227050781
						],
						[
							-81.48174285888672,
							41.13665008544922
						],
						[
							-81.48145294189453,
							41.13804626464844
						],
						[
							-81.4791488647461,
							41.13935089111328
						],
						[
							-81.47884368896484,
							41.1407470703125
						],
						[
							-81.47655487060547,
							41.142051696777344
						],
						[
							-81.47464752197266,
							41.14175033569336
						],
						[
							-81.47264862060547,
							41.14154815673828
						],
						[
							-81.47074127197266,
							41.14134979248047
						],
						[
							-81.46874237060547,
							41.141056060791016
						],
						[
							-81.46685028076172,
							41.140846252441406
						],
						[
							-81.46465301513672,
							41.14205551147461
						],
						[
							-81.46265411376953,
							41.14185333251953
						],
						[
							-81.46074676513672,
							41.14154815673828
						],
						[
							-81.45844268798828,
							41.14285659790039
						],
						[
							-81.45683288574219,
							41.141151428222656
						],
						[
							-81.45484161376953,
							41.140846252441406
						],
						[
							-81.45264434814453,
							41.14215087890625
						],
						[
							-81.45104217529297,
							41.14045333862305
						],
						[
							-81.44903564453125,
							41.14015579223633
						],
						[
							-81.44715118408203,
							41.13994598388672
						],
						[
							-81.44554901123047,
							41.13825225830078
						],
						[
							-81.44355010986328,
							41.13804626464844
						],
						[
							-81.44135284423828,
							41.13925552368164
						],
						[
							-81.43963623046875,
							41.137454986572266
						],
						[
							-81.43803405761719,
							41.13584899902344
						],
						[
							-81.43614959716797,
							41.13555145263672
						],
						[
							-81.43414306640625,
							41.135353088378906
						],
						[
							-81.43223571777344,
							41.135047912597656
						],
						[
							-81.43035125732422,
							41.134849548339844
						],
						[
							-81.4283447265625,
							41.13465118408203
						],
						[
							-81.42643737792969,
							41.13445281982422
						],
						[
							-81.4244384765625,
							41.13414764404297
						],
						[
							-81.42284393310547,
							41.1324462890625
						],
						[
							-81.42094421386719,
							41.13214874267578
						],
						[
							-81.41895294189453,
							41.13195037841797
						],
						[
							-81.41673278808594,
							41.133148193359375
						],
						[
							-81.41444396972656,
							41.13445281982422
						],
						[
							-81.41284942626953,
							41.13275146484375
						],
						[
							-81.41084289550781,
							41.1324462890625
						],
						[
							-81.40864562988281,
							41.13375473022461
						],
						[
							-81.40634155273438,
							41.13494873046875
						],
						[
							-81.40414428710938,
							41.136146545410156
						],
						[
							-81.40214538574219,
							41.135948181152344
						],
						[
							-81.40023803710938,
							41.135650634765625
						],
						[
							-81.39864349365234,
							41.13404846191406
						],
						[
							-81.39663696289062,
							41.13375473022461
						],
						[
							-81.39443969726562,
							41.134952545166016
						],
						[
							-81.39244079589844,
							41.1347541809082
						],
						[
							-81.39053344726562,
							41.134456634521484
						],
						[
							-81.38853454589844,
							41.134246826171875
						],
						[
							-81.38824462890625,
							41.13574981689453
						],
						[
							-81.38633728027344,
							41.13545608520508
						],
						[
							-81.384033203125,
							41.13675308227539
						],
						[
							-81.38374328613281,
							41.13815689086914
						],
						[
							-81.38154602050781,
							41.13945388793945
						],
						[
							-81.37954711914062,
							41.13925552368164
						],
						[
							-81.37733459472656,
							41.14044952392578
						],
						[
							-81.37533569335938,
							41.14015197753906
						],
						[
							-81.37344360351562,
							41.13994598388672
						],
						[
							-81.37144470214844,
							41.139747619628906
						],
						[
							-81.37113952636719,
							41.14115524291992
						],
						[
							-81.36883544921875,
							41.14235305786133
						],
						[
							-81.366943359375,
							41.142250061035156
						],
						[
							-81.36474609375,
							41.143348693847656
						],
						[
							-81.36433410644531,
							41.14485168457031
						],
						[
							-81.36404418945312,
							41.1463508605957
						],
						[
							-81.36373901367188,
							41.14775085449219
						],
						[
							-81.36534118652344,
							41.14955139160156
						],
						[
							-81.36314392089844,
							41.150753021240234
						],
						[
							-81.36114501953125,
							41.15045166015625
						],
						[
							-81.36083984375,
							41.15195083618164
						],
						[
							-81.36053466796875,
							41.15345001220703
						],
						[
							-81.35833740234375,
							41.15464782714844
						],
						[
							-81.35603332519531,
							41.15595626831055
						],
						[
							-81.35574340820312,
							41.1573486328125
						],
						[
							-81.35543823242188,
							41.158851623535156
						],
						[
							-81.35313415527344,
							41.16004943847656
						],
						[
							-81.35093688964844,
							41.16124725341797
						],
						[
							-81.3486328125,
							41.16255187988281
						],
						[
							-81.34663391113281,
							41.16225051879883
						],
						[
							-81.34474182128906,
							41.16204833984375
						],
						[
							-81.34254455566406,
							41.163246154785156
						]
					],
					[
						[
							-81.34254455566406,
							41.163246154785156
						],
						[
							-81.34213256835938,
							41.16474914550781
						],
						[
							-81.34184265136719,
							41.16625213623047
						],
						[
							-81.33964538574219,
							41.16745376586914
						],
						[
							-81.3392333984375,
							41.168846130371094
						],
						[
							-81.3370361328125,
							41.17015075683594
						],
						[
							-81.33674621582031,
							41.17164611816406
						],
						[
							-81.33633422851562,
							41.17304992675781
						],
						[
							-81.33604431152344,
							41.17455291748047
						],
						[
							-81.33573913574219,
							41.17594909667969
						],
						[
							-81.33354187011719,
							41.17724609375
						],
						[
							-81.33123779296875,
							41.17845153808594
						],
						[
							-81.329345703125,
							41.178253173828125
						]
					],
					[
						[
							-81.16002655029297,
							41.414947509765625
						],
						[
							-81.15973663330078,
							41.416351318359375
						],
						[
							-81.15743255615234,
							41.417545318603516
						],
						[
							-81.1571273803711,
							41.41904830932617
						],
						[
							-81.1568374633789,
							41.42054748535156
						],
						[
							-81.15642547607422,
							41.42205047607422
						],
						[
							-81.15613555908203,
							41.42344665527344
						],
						[
							-81.15393829345703,
							41.42475128173828
						],
						[
							-81.15352630615234,
							41.426143646240234
						],
						[
							-81.15323638916016,
							41.42764663696289
						],
						[
							-81.1529312133789,
							41.429046630859375
						],
						[
							-81.15453338623047,
							41.430747985839844
						],
						[
							-81.15233612060547,
							41.43205261230469
						],
						[
							-81.15193939208984,
							41.43354797363281
						],
						[
							-81.1516342163086,
							41.43495178222656
						],
						[
							-81.15132904052734,
							41.43644714355469
						],
						[
							-81.1490249633789,
							41.437652587890625
						],
						[
							-81.15062713623047,
							41.43934631347656
						],
						[
							-81.15033721923828,
							41.44084930419922
						],
						[
							-81.15003204345703,
							41.442352294921875
						],
						[
							-81.1477279663086,
							41.443546295166016
						],
						[
							-81.1474380493164,
							41.444942474365234
						],
						[
							-81.14713287353516,
							41.446449279785156
						],
						[
							-81.14873504638672,
							41.448150634765625
						],
						[
							-81.14643096923828,
							41.44934844970703
						],
						[
							-81.14612579345703,
							41.45084762573242
						],
						[
							-81.14583587646484,
							41.45234298706055
						],
						[
							-81.1435317993164,
							41.453548431396484
						],
						[
							-81.1413345336914,
							41.454750061035156
						],
						[
							-81.13933563232422,
							41.454551696777344
						],
						[
							-81.13903045654297,
							41.4559440612793
						],
						[
							-81.13672637939453,
							41.45724868774414
						],
						[
							-81.13483428955078,
							41.456947326660156
						],
						[
							-81.13443756103516,
							41.45844650268555
						],
						[
							-81.1322250366211,
							41.45964431762695
						],
						[
							-81.1302261352539,
							41.459449768066406
						],
						[
							-81.1280288696289,
							41.46064758300781
						],
						[
							-81.12572479248047,
							41.46185302734375
						],
						[
							-81.12543487548828,
							41.463348388671875
						],
						[
							-81.12313079833984,
							41.464542388916016
						],
						[
							-81.12113189697266,
							41.4643440246582
						],
						[
							-81.1208267211914,
							41.46574783325195
						],
						[
							-81.11853790283203,
							41.467044830322266
						],
						[
							-81.11663055419922,
							41.46675109863281
						],
						[
							-81.11432647705078,
							41.46804428100586
						],
						[
							-81.11212921142578,
							41.469146728515625
						],
						[
							-81.11173248291016,
							41.47074508666992
						],
						[
							-81.1114273071289,
							41.47215270996094
						],
						[
							-81.11113739013672,
							41.473548889160156
						],
						[
							-81.11083221435547,
							41.47514724731445
						],
						[
							-81.10852813720703,
							41.476348876953125
						],
						[
							-81.10823822021484,
							41.47774887084961
						],
						[
							-81.10782623291016,
							41.479248046875
						],
						[
							-81.10753631591797,
							41.48065185546875
						],
						[
							-81.10723114013672,
							41.48214340209961
						],
						[
							-81.10692596435547,
							41.483646392822266
						],
						[
							-81.1046371459961,
							41.48484420776367
						],
						[
							-81.10433197021484,
							41.486351013183594
						],
						[
							-81.1059341430664,
							41.4880485534668
						],
						[
							-81.10363006591797,
							41.48925018310547
						],
						[
							-81.10143280029297,
							41.49044418334961
						],
						[
							-81.09943389892578,
							41.4902458190918
						],
						[
							-81.09712982177734,
							41.49144744873047
						],
						[
							-81.0968246459961,
							41.492950439453125
						],
						[
							-81.0965347290039,
							41.49434280395508
						],
						[
							-81.09622955322266,
							41.495845794677734
						],
						[
							-81.09783172607422,
							41.4975471496582
						],
						[
							-81.09552764892578,
							41.49884796142578
						],
						[
							-81.0936279296875,
							41.49855041503906
						],
						[
							-81.0913314819336,
							41.4997444152832
						],
						[
							-81.09102630615234,
							41.50124740600586
						],
						[
							-81.09073638916016,
							41.50274658203125
						],
						[
							-81.09233856201172,
							41.50444412231445
						],
						[
							-81.09203338623047,
							41.5058479309082
						],
						[
							-81.09163665771484,
							41.50734329223633
						],
						[
							-81.08943176269531,
							41.50855255126953
						],
						[
							-81.09102630615234,
							41.510353088378906
						],
						[
							-81.09073638916016,
							41.511749267578125
						],
						[
							-81.0904312133789,
							41.513248443603516
						],
						[
							-81.09233856201172,
							41.513450622558594
						],
						[
							-81.09391784667969,
							41.51515197753906
						],
						[
							-81.09363555908203,
							41.51664733886719
						],
						[
							-81.09523010253906,
							41.518348693847656
						],
						[
							-81.09693145751953,
							41.520050048828125
						]
					],
					[
						[
							-81.329345703125,
							41.178253173828125
						],
						[
							-81.30813598632812,
							41.220848083496094
						],
						[
							-81.30784606933594,
							41.222251892089844
						],
						[
							-81.30754089355469,
							41.22374725341797
						],
						[
							-81.30723571777344,
							41.225250244140625
						],
						[
							-81.30683898925781,
							41.226646423339844
						],
						[
							-81.30653381347656,
							41.228153228759766
						],
						[
							-81.30624389648438,
							41.229652404785156
						],
						[
							-81.30593872070312,
							41.231048583984375
						],
						[
							-81.30363464355469,
							41.23235321044922
						],
						[
							-81.3033447265625,
							41.23374938964844
						],
						[
							-81.30113220214844,
							41.234947204589844
						],
						[
							-81.29884338378906,
							41.23625183105469
						],
						[
							-81.29653930664062,
							41.237449645996094
						],
						[
							-81.29434204101562,
							41.2386474609375
						],
						[
							-81.29234313964844,
							41.23844909667969
						],
						[
							-81.29014587402344,
							41.239646911621094
						],
						[
							-81.28813934326172,
							41.23944854736328
						],
						[
							-81.28593444824219,
							41.24064636230469
						],
						[
							-81.28392791748047,
							41.24045181274414
						],
						[
							-81.28173828125,
							41.24164581298828
						],
						[
							-81.27973175048828,
							41.24134826660156
						],
						[
							-81.27742767333984,
							41.242652893066406
						],
						[
							-81.2755355834961,
							41.242347717285156
						],
						[
							-81.27363586425781,
							41.242149353027344
						],
						[
							-81.2716293334961,
							41.24195098876953
						],
						[
							-81.2713394165039,
							41.24334716796875
						],
						[
							-81.26903533935547,
							41.244651794433594
						],
						[
							-81.26712799072266,
							41.244346618652344
						],
						[
							-81.26483917236328,
							41.24555206298828
						],
						[
							-81.26262664794922,
							41.246849060058594
						],
						[
							-81.26234436035156,
							41.24835205078125
						],
						[
							-81.26192474365234,
							41.24974822998047
						],
						[
							-81.26163482666016,
							41.251251220703125
						],
						[
							-81.25943756103516,
							41.25244903564453
						],
						[
							-81.25902557373047,
							41.25395202636719
						],
						[
							-81.25682830810547,
							41.25515365600586
						],
						[
							-81.25482940673828,
							41.25495147705078
						],
						[
							-81.25293731689453,
							41.25464630126953
						],
						[
							-81.25263214111328,
							41.25614929199219
						],
						[
							-81.25223541259766,
							41.257652282714844
						],
						[
							-81.25423431396484,
							41.257850646972656
						],
						[
							-81.25393676757812,
							41.25934600830078
						],
						[
							-81.25162506103516,
							41.26055145263672
						],
						[
							-81.24933624267578,
							41.261749267578125
						],
						[
							-81.24713897705078,
							41.26294708251953
						],
						[
							-81.24512481689453,
							41.26274871826172
						],
						[
							-81.24292755126953,
							41.263946533203125
						],
						[
							-81.24263763427734,
							41.26544952392578
						],
						[
							-81.2403335571289,
							41.26664733886719
						],
						[
							-81.23802947998047,
							41.267852783203125
						],
						[
							-81.23583221435547,
							41.26905059814453
						],
						[
							-81.23352813720703,
							41.270347595214844
						],
						[
							-81.23323822021484,
							41.2718505859375
						],
						[
							-81.2329330444336,
							41.27324676513672
						],
						[
							-81.23062896728516,
							41.27455139160156
						],
						[
							-81.2287368774414,
							41.27424621582031
						],
						[
							-81.22832489013672,
							41.27574920654297
						],
						[
							-81.22803497314453,
							41.27715301513672
						],
						[
							-81.22772979736328,
							41.278648376464844
						],
						[
							-81.22742462158203,
							41.2801513671875
						],
						[
							-81.22713470458984,
							41.281646728515625
						],
						[
							-81.22673797607422,
							41.283050537109375
						],
						[
							-81.22452545166016,
							41.28434753417969
						],
						[
							-81.22223663330078,
							41.285552978515625
						],
						[
							-81.22032928466797,
							41.285247802734375
						],
						[
							-81.21833038330078,
							41.2850456237793
						],
						[
							-81.21643829345703,
							41.284751892089844
						],
						[
							-81.21443939208984,
							41.2845458984375
						],
						[
							-81.21222686767578,
							41.28575134277344
						],
						[
							-81.2119369506836,
							41.28724670410156
						],
						[
							-81.20963287353516,
							41.2884521484375
						],
						[
							-81.20732879638672,
							41.28974914550781
						],
						[
							-81.20703887939453,
							41.29115295410156
						],
						[
							-81.20673370361328,
							41.29264831542969
						],
						[
							-81.20442962646484,
							41.293846130371094
						],
						[
							-81.20413970947266,
							41.29534912109375
						],
						[
							-81.20183563232422,
							41.29654312133789
						],
						[
							-81.20153045654297,
							41.29804992675781
						],
						[
							-81.20122528076172,
							41.299442291259766
						],
						[
							-81.19893646240234,
							41.30065155029297
						],
						[
							-81.1986312866211,
							41.302146911621094
						],
						[
							-81.19632720947266,
							41.30345153808594
						],
						[
							-81.19603729248047,
							41.304847717285156
						],
						[
							-81.19573211669922,
							41.30635070800781
						],
						[
							-81.19733428955078,
							41.30805206298828
						],
						[
							-81.19513702392578,
							41.30924987792969
						],
						[
							-81.19483184814453,
							41.310752868652344
						],
						[
							-81.1925277709961,
							41.311946868896484
						],
						[
							-81.19063568115234,
							41.31175231933594
						],
						[
							-81.1883316040039,
							41.312950134277344
						],
						[
							-81.18633270263672,
							41.31275177001953
						],
						[
							-81.18402862548828,
							41.31394958496094
						],
						[
							-81.18213653564453,
							41.313751220703125
						],
						[
							-81.18183135986328,
							41.315147399902344
						],
						[
							-81.17952728271484,
							41.31645202636719
						],
						[
							-81.17733001708984,
							41.317649841308594
						],
						[
							-81.1750259399414,
							41.31884765625
						],
						[
							-81.17473602294922,
							41.32025146484375
						],
						[
							-81.17243194580078,
							41.32154846191406
						],
						[
							-81.17212677001953,
							41.32295227050781
						],
						[
							-81.17183685302734,
							41.32444763183594
						],
						[
							-81.1695327758789,
							41.32575225830078
						],
						[
							-81.16922760009766,
							41.3271484375
						],
						[
							-81.16893768310547,
							41.328651428222656
						],
						[
							-81.16663360595703,
							41.32984924316406
						],
						[
							-81.1643295288086,
							41.3310432434082
						],
						[
							-81.1660385131836,
							41.33284378051758
						],
						[
							-81.1656265258789,
							41.334251403808594
						],
						[
							-81.16533660888672,
							41.33574676513672
						],
						[
							-81.16503143310547,
							41.33715057373047
						],
						[
							-81.16472625732422,
							41.338645935058594
						],
						[
							-81.16443634033203,
							41.34014892578125
						],
						[
							-81.1640396118164,
							41.341548919677734
						],
						[
							-81.16373443603516,
							41.343048095703125
						],
						[
							-81.1634292602539,
							41.34455108642578
						],
						[
							-81.16313934326172,
							41.345943450927734
						],
						[
							-81.16272735595703,
							41.34744644165039
						],
						[
							-81.16243743896484,
							41.34894943237305
						],
						[
							-81.1621322631836,
							41.35034942626953
						],
						[
							-81.16182708740234,
							41.35184860229492
						],
						[
							-81.16153717041016,
							41.35334396362305
						],
						[
							-81.16112518310547,
							41.35475158691406
						],
						[
							-81.16083526611328,
							41.35624694824219
						],
						[
							-81.16053009033203,
							41.357749938964844
						],
						[
							-81.1621322631836,
							41.35945129394531
						],
						[
							-81.1599349975586,
							41.36064529418945
						],
						[
							-81.1579360961914,
							41.36044692993164
						],
						[
							-81.15563201904297,
							41.36164855957031
						],
						[
							-81.1573257446289,
							41.36334991455078
						],
						[
							-81.15703582763672,
							41.36485290527344
						],
						[
							-81.15863800048828,
							41.36654281616211
						],
						[
							-81.16022491455078,
							41.36824417114258
						],
						[
							-81.1579360961914,
							41.369441986083984
						],
						[
							-81.1557388305664,
							41.37065124511719
						],
						[
							-81.15343475341797,
							41.3719482421875
						],
						[
							-81.15312957763672,
							41.373348236083984
						],
						[
							-81.15082550048828,
							41.374549865722656
						],
						[
							-81.15242767333984,
							41.37635040283203
						],
						[
							-81.15213775634766,
							41.37774658203125
						],
						[
							-81.15413665771484,
							41.3780517578125
						],
						[
							-81.15633392333984,
							41.3768424987793
						],
						[
							-81.15802764892578,
							41.37854766845703
						],
						[
							-81.15763092041016,
							41.37995147705078
						],
						[
							-81.1573257446289,
							41.38144302368164
						],
						[
							-81.15703582763672,
							41.38294982910156
						],
						[
							-81.15673065185547,
							41.38434600830078
						],
						[
							-81.15833282470703,
							41.38604736328125
						],
						[
							-81.15802764892578,
							41.387550354003906
						],
						[
							-81.1577377319336,
							41.38905334472656
						],
						[
							-81.1573257446289,
							41.39044952392578
						],
						[
							-81.1590347290039,
							41.392147064208984
						],
						[
							-81.15872955322266,
							41.393646240234375
						],
						[
							-81.16033172607422,
							41.395347595214844
						],
						[
							-81.16193389892578,
							41.39704895019531
						],
						[
							-81.16162872314453,
							41.39855194091797
						],
						[
							-81.16133880615234,
							41.400047302246094
						],
						[
							-81.16092681884766,
							41.401451110839844
						],
						[
							-81.15872955322266,
							41.40264892578125
						],
						[
							-81.16033172607422,
							41.40444564819336
						],
						[
							-81.15802764892578,
							41.40564727783203
						],
						[
							-81.1577377319336,
							41.40705108642578
						],
						[
							-81.1593246459961,
							41.408851623535156
						],
						[
							-81.1590347290039,
							41.41024398803711
						],
						[
							-81.15872955322266,
							41.411746978759766
						],
						[
							-81.16033172607422,
							41.413448333740234
						],
						[
							-81.16002655029297,
							41.414947509765625
						]
					]
				]
			}
		},
		{
			"type": "Feature",
			"properties": {
				"locationID": "nli003",
				"Location/feature name (incl. historical names)": "Nile River",
				"Geometry type": "line",
				"Geography type": "feature",
				"Country": "",
				"Region": "",
				"State/Province": "",
				"County": "",
				"City": "",
				"Neighborhood (incl. boroughs)": "",
				"Street address": "",
				"Notes": "",
				"Source": "",
				"songs": [
					{
						"title": "Andrew Eldritch is Moving Back to Leeds",
						"album": "Goths",
						"albums": [
							"Goths"
						],
						"lyric": "\"Like a basket by the Nile hiding down among the reeds\""
					}
				]
			},
			"geometry": {
				"type": "MultiLineString",
				"coordinates": [
					[
						[
							30.389433636363634,
							31.441894545454538
						],
						[
							30.395796636363627,
							31.440130545454544
						],
						[
							30.50804463636365,
							31.335829545454537
						],
						[
							30.53388363636364,
							31.18722154545454
						],
						[
							30.634611636363644,
							31.122754545454548
						],
						[
							30.750270636363638,
							30.97554154545454
						],
						[
							30.792552636363638,
							30.722632545454537
						],
						[
							30.788088636363625,
							30.705271545454544
						],
						[
							30.818598636363646,
							30.550264545454546
						],
						[
							30.848883636363638,
							30.543595545454544
						],
						[
							30.851781636363626,
							30.36162454545454
						],
						[
							30.899661636363646,
							30.33678454545454
						],
						[
							30.920154636363634,
							30.314365545454542
						],
						[
							30.975135636363632,
							30.23598454545455
						],
						[
							31.13475963636364,
							30.18037354545455
						]
					],
					[
						[
							30.50129463636364,
							7.758673545454542
						],
						[
							30.566940636363626,
							7.767502545454541
						],
						[
							30.648048636363626,
							8.177776545454542
						],
						[
							30.640542636363648,
							8.503054545454546
						],
						[
							30.75582363636363,
							8.578330545454541
						],
						[
							30.85359963636364,
							8.871937545454543
						],
						[
							30.789150636363644,
							8.971378545454542
						],
						[
							30.809994636363626,
							9.050272545454547
						],
						[
							30.898878636363634,
							9.096667545454544
						],
						[
							30.951933636363634,
							9.215827545454545
						],
						[
							31.106940636363646,
							9.337219545454545
						],
						[
							31.145568636363635,
							9.43536454545454
						]
					],
					[
						[
							30.50129463636364,
							7.758673545454542
						],
						[
							30.495273636363635,
							7.897219545454547
						],
						[
							30.389343636363634,
							8.044720545454545
						],
						[
							30.32443563636363,
							8.111662545454543
						],
						[
							30.30582363636364,
							8.19305854545454
						],
						[
							30.363324636363643,
							8.462770545454546
						],
						[
							30.273603636363646,
							8.548612545454546
						],
						[
							30.31222263636363,
							8.673883545454544
						],
						[
							30.235542636363647,
							8.734165545454545
						],
						[
							30.238602636363623,
							9.048058545454545
						],
						[
							30.370542636363638,
							9.225556545454545
						],
						[
							30.32416563636363,
							9.354166545454547
						],
						[
							30.48440163636363,
							9.525238545454542
						],
						[
							31.029162636363623,
							9.487492545454543
						],
						[
							31.145568636363635,
							9.43536454545454
						]
					],
					[
						[
							30.50129463636364,
							7.758673545454542
						],
						[
							30.505272636363628,
							7.667215545454546
						],
						[
							30.677568636363645,
							7.284814545454545
						],
						[
							30.816654636363637,
							7.072216545454545
						],
						[
							31.196382636363637,
							6.773605545454544
						],
						[
							31.67214063636365,
							5.923834545454547
						],
						[
							31.775829636363625,
							5.720002545454541
						],
						[
							31.796385636363624,
							5.550550545454541
						],
						[
							31.725816636363646,
							5.109163545454543
						],
						[
							31.515090636363624,
							4.594264545454543
						],
						[
							31.51110363636363,
							4.310827545454543
						],
						[
							31.602210636363623,
							4.054714545454544
						],
						[
							31.82166663636363,
							3.806944545454542
						],
						[
							31.853472636363648,
							3.784714545454541
						],
						[
							31.932078636363627,
							3.689161545454546
						],
						[
							31.94638863636365,
							3.621661545454543
						],
						[
							31.951104636363624,
							3.593887545454542
						],
						[
							32.025840636363625,
							3.591394545454541
						],
						[
							32.026425636363626,
							3.591259545454541
						],
						[
							31.930818636363625,
							3.507496545454543
						],
						[
							31.773048636363626,
							3.512500545454543
						],
						[
							31.60582863636364,
							3.34638754545454
						],
						[
							31.363323636363646,
							2.864716545454542
						],
						[
							31.438599636363648,
							2.74860754545454
						],
						[
							31.42221963636365,
							2.611105545454542
						],
						[
							31.52777163636364,
							2.492503545454547
						],
						[
							31.47268263636363,
							2.401792545454541
						],
						[
							31.471782636363628,
							2.400145545454542
						]
					],
					[
						[
							31.13475963636364,
							30.18037354545455
						],
						[
							31.108047636363636,
							30.32443654545454
						],
						[
							31.05665763636364,
							30.36499054545454
						],
						[
							31.102989636363645,
							30.40089154545455
						],
						[
							31.26666363636363,
							30.62776354545455
						],
						[
							31.215543636363634,
							30.83110054545454
						],
						[
							31.24554963636365,
							30.95387854545455
						],
						[
							31.406649636363625,
							31.07387554545455
						],
						[
							31.486380636363634,
							31.173316545454547
						],
						[
							31.63415163636364,
							31.224166545454544
						],
						[
							31.842996636363637,
							31.52381254545454
						]
					],
					[
						[
							31.13475963636364,
							30.18037354545455
						],
						[
							31.239708636363645,
							30.124438545454545
						],
						[
							31.280973636363626,
							29.895028545454544
						],
						[
							31.266933636363632,
							29.71860154545454
						],
						[
							31.299162636363633,
							29.66471854545454
						],
						[
							31.266105636363648,
							29.62221154545454
						],
						[
							31.279434636363646,
							29.542768545454543
						],
						[
							31.206228636363647,
							29.42794654545454
						],
						[
							31.229430636363645,
							29.387761545454545
						],
						[
							31.215615636363623,
							29.22138754545454
						],
						[
							31.168671636363626,
							29.150980545454537
						],
						[
							30.958251636363627,
							28.893139545454538
						],
						[
							30.922521636363626,
							28.856455545454544
						],
						[
							30.887016636363626,
							28.723777545454546
						],
						[
							30.74696763636365,
							28.242205545454546
						],
						[
							30.74165763636364,
							28.17222154545454
						],
						[
							30.836382636363624,
							28.03332454545454
						],
						[
							30.836373636363646,
							27.917359545454538
						],
						[
							30.89276763636363,
							27.778606545454544
						],
						[
							30.851106636363625,
							27.471373545454547
						],
						[
							30.96628863636363,
							27.34796554545455
						],
						[
							31.11915363636365,
							27.25916254545455
						],
						[
							31.11610263636365,
							27.198601545454544
						],
						[
							31.182765636363627,
							27.19342654545455
						],
						[
							31.240662636363624,
							27.16843354545454
						],
						[
							31.304805636363625,
							27.099538545454543
						],
						[
							31.546932636363636,
							26.76110254545454
						],
						[
							31.712217636363647,
							26.626372545454544
						],
						[
							31.698600636363636,
							26.551384545454546
						],
						[
							31.801650636363632,
							26.552491545454544
						],
						[
							31.824159636363646,
							26.412487545454546
						],
						[
							32.00999163636362,
							26.26166554545454
						],
						[
							32.018586636363636,
							26.17887454545454
						],
						[
							32.05122063636364,
							26.17005454545454
						],
						[
							32.06331663636362,
							26.219977545454547
						],
						[
							32.13613563636363,
							26.194561545454548
						],
						[
							32.28109863636362,
							26.025829545454542
						],
						[
							32.630262636363625,
							26.175544545454542
						],
						[
							32.759709636363624,
							26.10721654545454
						],
						[
							32.782767636363644,
							25.99582354545454
						],
						[
							32.73026163636365,
							25.873324545454544
						],
						[
							32.76470463636363,
							25.794439545454544
						],
						[
							32.67165363636363,
							25.764433545454544
						],
						[
							32.597763636363624,
							25.641934545454546
						],
						[
							32.49609063636365,
							25.592218545454543
						],
						[
							32.47637163636364,
							25.546381545454544
						],
						[
							32.55081963636363,
							25.424161545454545
						],
						[
							32.58692763636364,
							25.245547545454542
						],
						[
							32.85942963636364,
							25.08137854545454
						],
						[
							32.88581763636364,
							24.980830545454545
						],
						[
							32.86275963636365,
							24.907768545454545
						],
						[
							32.92359963636363,
							24.787222545454547
						],
						[
							32.93358963636365,
							24.656650545454546
						],
						[
							32.87359563636363,
							24.49860154545454
						],
						[
							32.87772663636363,
							23.98547554545454
						],
						[
							32.86361463636365,
							23.90077654545454
						],
						[
							32.86463163636364,
							23.87858254545454
						],
						[
							32.87471163636363,
							23.864461545454546
						],
						[
							32.89789563636364,
							23.825149545454543
						],
						[
							32.90595963636363,
							23.795899545454546
						],
						[
							32.90900163636363,
							23.769682545454543
						],
						[
							32.90900163636363,
							23.750521545454546
						],
						[
							32.90595963636363,
							23.697079545454542
						],
						[
							32.89891263636363,
							23.673886545454543
						],
						[
							32.88781563636363,
							23.64766954545454
						],
						[
							32.87772663636363,
							23.625493545454546
						],
						[
							32.86563063636365,
							23.591212545454546
						],
						[
							32.86463163636364,
							23.571034545454545
						],
						[
							32.86966263636364,
							23.54582554545454
						],
						[
							32.904960636363626,
							23.406685545454543
						],
						[
							32.93016063636364,
							23.346169545454543
						],
						[
							32.946297636363624,
							23.316937545454543
						],
						[
							32.946297636363624,
							23.29675954545454
						],
						[
							32.938233636363634,
							23.28971254545454
						],
						[
							32.88480063636365,
							23.25139054545454
						],
						[
							32.860599636363645,
							23.242309545454546
						],
						[
							32.79201963636365,
							23.17777954545454
						],
						[
							32.75673063636364,
							23.138458545454547
						],
						[
							32.62665363636364,
							22.927705545454543
						],
						[
							32.57724363636365,
							22.784524545454545
						],
						[
							32.568171636363644,
							22.76536354545454
						],
						[
							32.55203463636363,
							22.754275545454547
						],
						[
							32.52380163636363,
							22.74317854545454
						],
						[
							32.486496636363626,
							22.732090545454547
						],
						[
							32.45423163636363,
							22.70889754545454
						],
						[
							32.411868636363636,
							22.667551545454543
						],
						[
							32.39070063636365,
							22.62923854545454
						],
						[
							32.376588636363635,
							22.616125545454544
						],
						[
							32.34935463636364,
							22.613110545454546
						],
						[
							32.32817763636365,
							22.616125545454544
						],
						[
							32.30700963636363,
							22.627222545454543
						],
						[
							32.28380763636363,
							22.649407545454544
						],
						[
							32.24146263636365,
							22.706881545454543
						],
						[
							32.226342636363626,
							22.73108254545454
						],
						[
							32.19609363636363,
							22.745203545454544
						],
						[
							32.18197263636364,
							22.749235545454546
						],
						[
							32.144667636363636,
							22.750234545454546
						],
						[
							32.11340163636365,
							22.740154545454544
						],
						[
							32.04079863636363,
							22.700833545454543
						],
						[
							31.940979636363636,
							22.621174545454544
						],
						[
							31.887537636363646,
							22.563691545454546
						],
						[
							31.87140063636363,
							22.511266545454546
						],
						[
							31.839135636363636,
							22.459840545454547
						],
						[
							31.824006636363634,
							22.44773554545454
						],
						[
							31.782669636363636,
							22.434631545454543
						],
						[
							31.696953636363645,
							22.380172545454542
						],
						[
							31.63444863636363,
							22.327738545454544
						],
						[
							31.594110636363638,
							22.287409545454544
						],
						[
							31.536627636363647,
							22.234975545454546
						],
						[
							31.494282636363636,
							22.207102545454546
						],
						[
							31.456968636363627,
							22.182532545454542
						],
						[
							31.403526636363637,
							22.13211454545454
						],
						[
							31.386390636363643,
							22.09783354545454
						],
						[
							31.36419663636363,
							22.025239545454546
						],
						[
							31.363188636363645,
							21.967765545454547
						],
						[
							31.35613263636364,
							21.935491545454546
						],
						[
							31.311762636363625,
							21.867937545454545
						],
						[
							31.281522636363633,
							21.833647545454546
						],
						[
							31.24924863636363,
							21.805414545454546
						],
						[
							31.211934636363623,
							21.779197545454544
						],
						[
							31.204878636363645,
							21.770116545454542
						],
						[
							31.20084663636365,
							21.761044545454546
						],
						[
							31.135308636363646,
							21.649120545454544
						],
						[
							31.091946636363645,
							21.606775545454546
						],
						[
							30.966657636363635,
							21.443047545454547
						],
						[
							30.969708636363634,
							21.371110545454542
						],
						[
							30.67304163636365,
							21.175270545454545
						],
						[
							30.713883636363647,
							21.08276854545454
						],
						[
							30.597774636363624,
							21.015268545454546
						],
						[
							30.56109963636365,
							20.846383545454543
						],
						[
							30.361101636363628,
							20.811940545454547
						],
						[
							30.335766636363644,
							20.776759545454546
						],
						[
							30.367221636363638,
							20.706100545454547
						],
						[
							30.320016636363647,
							20.642497545454546
						],
						[
							30.307488636363644,
							20.559715545454544
						],
						[
							30.399432636363628,
							20.348602545454547
						],
						[
							30.539994636363645,
							20.339440545454543
						],
						[
							30.58888263636365,
							20.27666554545454
						],
						[
							30.595830636363644,
							19.999717545454544
						],
						[
							30.555267636363624,
							19.926385545454544
						],
						[
							30.445791636363623,
							19.924441545454542
						],
						[
							30.325101636363627,
							19.869082545454546
						],
						[
							30.313851636363637,
							19.793626545454543
						],
						[
							30.376491636363625,
							19.452544545454543
						],
						[
							30.48787563636364,
							19.203694545454546
						],
						[
							30.46332363636364,
							18.941101545454543
						],
						[
							30.53359563636363,
							18.747493545454546
						],
						[
							30.707763636363637,
							18.458323545454547
						],
						[
							30.709707636363646,
							18.288043545454542
						],
						[
							30.80138163636363,
							18.139705545454547
						],
						[
							30.91361163636364,
							18.121381545454547
						],
						[
							30.97581963636364,
							18.046384545454544
						],
						[
							31.218054636363632,
							17.985823545454544
						],
						[
							31.332768636363625,
							18.04498954545454
						],
						[
							31.40970963636363,
							18.028330545454544
						],
						[
							31.772490636363642,
							18.34943254545454
						],
						[
							31.888041636363624,
							18.566377545454543
						],
						[
							31.988328636363633,
							18.572776545454545
						],
						[
							32.05415463636365,
							18.625831545454545
						],
						[
							32.056404636363624,
							18.706480545454546
						],
						[
							32.02664163636365,
							18.760273545454545
						],
						[
							32.06610663636363,
							18.804166545454542
						],
						[
							32.225820636363636,
							18.90165454545454
						],
						[
							32.350911636363634,
							18.887596545454542
						],
						[
							32.51081463636365,
							19.148596545454545
						],
						[
							32.66915163636364,
							19.161664545454542
						],
						[
							32.888877636363645,
							19.453327545454542
						],
						[
							33.06363063636363,
							19.520971545454543
						],
						[
							33.37800963636363,
							19.418875545454547
						],
						[
							33.434979636363636,
							19.256380545454547
						],
						[
							33.55276263636364,
							19.193596545454547
						],
						[
							33.56872863636363,
							19.027699545454546
						],
						[
							33.56907063636365,
							18.739285545454543
						],
						[
							33.63644463636365,
							18.720043545454544
						],
						[
							33.67240863636363,
							18.692494545454544
						],
						[
							33.68975163636364,
							18.48809554545454
						],
						[
							33.78241563636362,
							18.357802545454547
						],
						[
							33.92499363636364,
							18.274714545454543
						],
						[
							33.98053263636365,
							17.624986545454547
						],
						[
							33.91609263636363,
							17.562490545454544
						],
						[
							33.698589636363636,
							17.106658545454543
						],
						[
							33.73915263636363,
							17.00610154545454
						],
						[
							33.72026163636363,
							16.930546545454547
						],
						[
							33.58664763636364,
							16.757503545454547
						],
						[
							33.31608963636364,
							16.666666545454547
						],
						[
							33.11276163636364,
							16.526662545454542
						],
						[
							33.022527636363634,
							16.531090545454546
						],
						[
							32.879346636363636,
							16.488484545454547
						],
						[
							32.725032636363636,
							16.346932545454543
						],
						[
							32.59887063636364,
							16.241650545454547
						],
						[
							32.538039636363635,
							16.128610545454542
						],
						[
							32.552205636363624,
							15.895825545454542
						],
						[
							32.48512863636364,
							15.629731545454547
						],
						[
							32.48831463636364,
							15.359992545454546
						],
						[
							32.421651636363634,
							14.954164545454546
						],
						[
							32.222751636363625,
							14.739433545454546
						],
						[
							32.18136963636363,
							14.629714545454547
						],
						[
							32.168589636363635,
							14.341660545454545
						],
						[
							32.34608763636365,
							13.899436545454542
						],
						[
							32.52831963636365,
							13.650001545454543
						],
						[
							32.61942663636364,
							13.607494545454543
						],
						[
							32.573049636363635,
							13.357501545454546
						],
						[
							32.64942363636365,
							13.226380545454546
						],
						[
							32.757765636363644,
							13.148611545454543
						],
						[
							32.80970463636365,
							13.014448545454542
						],
						[
							32.75082663636363,
							12.907501545454544
						],
						[
							32.80554663636363,
							12.535828545454542
						],
						[
							32.72620263636364,
							12.220666545454542
						],
						[
							32.74553463636363,
							11.994721545454546
						],
						[
							32.72248563636364,
							11.911948545454543
						],
						[
							32.76359763636364,
							11.678326545454546
						],
						[
							32.683587636363626,
							11.50027054545454
						],
						[
							32.656641636363645,
							11.058325545454544
						],
						[
							32.61692463636365,
							10.98082654545454
						],
						[
							32.30859363636364,
							10.750831545454545
						],
						[
							32.10442863636365,
							10.533058545454544
						],
						[
							32.099991636363626,
							10.465000545454544
						],
						[
							32.23415463636363,
							10.422772545454542
						],
						[
							32.282763636363626,
							10.154995545454547
						],
						[
							32.16776163636365,
							9.973051545454545
						],
						[
							31.887222636363646,
							9.725272545454544
						],
						[
							31.731099636363638,
							9.665557545454547
						],
						[
							31.536699636363636,
							9.374452545454545
						],
						[
							31.41472263636365,
							9.341665545454546
						],
						[
							31.145568636363635,
							9.43536454545454
						]
					],
					[
						[
							31.37361063636365,
							2.192218545454544
						],
						[
							31.554438636363642,
							2.278051545454545
						],
						[
							31.746372636363645,
							2.29526854545454
						],
						[
							31.824159636363646,
							2.354164545454545
						],
						[
							31.92165663636365,
							2.356666545454544
						],
						[
							32.15247963636364,
							2.226112545454541
						],
						[
							32.25525963636363,
							2.25666754545454
						],
						[
							32.31053763636365,
							2.195269545454543
						],
						[
							32.362494636363635,
							1.954447545454542
						],
						[
							32.27415063636363,
							1.813057545454541
						],
						[
							32.12025963636364,
							1.737502545454547
						],
						[
							32.099424636363636,
							1.650553545454542
						],
						[
							32.25742863636364,
							1.664107545454542
						],
						[
							32.30805363636364,
							1.638889545454546
						],
						[
							32.47776663636364,
							1.559248545454544
						],
						[
							32.550981636363645,
							1.519144545454544
						],
						[
							32.56783863636363,
							1.499443545454547
						],
						[
							32.573391636363624,
							1.493890545454541
						],
						[
							32.60472063636362,
							1.462777545454543
						],
						[
							32.61722163636364,
							1.453894545454546
						],
						[
							32.62805763636365,
							1.451941545454545
						],
						[
							32.64193563636363,
							1.451941545454545
						],
						[
							32.66026863636364,
							1.454722545454544
						],
						[
							32.70361263636363,
							1.466944545454545
						],
						[
							32.73498663636363,
							1.484719545454546
						],
						[
							32.75082663636363,
							1.49639254545454
						],
						[
							32.765829636363634,
							1.502503545454545
						],
						[
							32.79860763636364,
							1.511386545454542
						],
						[
							32.829432636363634,
							1.516390545454541
						],
						[
							32.84764863636363,
							1.517245545454543
						],
						[
							32.83630863636364,
							1.452589545454543
						],
						[
							32.83420263636364,
							1.421980545454545
						],
						[
							32.83630863636364,
							1.395601545454547
						],
						[
							32.86268763636363,
							1.339135545454546
						],
						[
							32.88279363636363,
							1.322152545454543
						],
						[
							32.96719563636364,
							1.170277545454546
						],
						[
							32.954424636363626,
							0.93639454545454
						],
						[
							33.040824636363624,
							0.775555545454544
						],
						[
							33.078876636363646,
							0.569446545454547
						],
						[
							33.187632636363645,
							0.426328545454545
						]
					]
				]
			}
		},
		{
			"type": "Feature",
			"properties": {
				"locationID": "nli004",
				"Location/feature name (incl. historical names)": "The Mississippi River",
				"Geometry type": "line",
				"Geography type": "feature",
				"Country": "USA",
				"Region": "",
				"State/Province": "",
				"County": "",
				"City": "",
				"Neighborhood (incl. boroughs)": "",
				"Street address": "",
				"Notes": "",
				"Source": "",
				"songs": [
					{
						"title": "New Britain",
						"album": "Full Force Galesburg",
						"albums": [
							"Full Force Galesburg"
						],
						"lyric": "\"The sun climbs the sky for us above the Mississippi / And I can feel you in my arms, but you're hardly even with me\""
					}
				]
			},
			"geometry": {
				"type": "MultiLineString",
				"coordinates": [
					[
						[
							-91.429367,
							40.374142
						],
						[
							-91.42746,
							40.374035
						],
						[
							-91.425354,
							40.375538
						],
						[
							-91.421356,
							40.378338
						],
						[
							-91.419357,
							40.378239
						],
						[
							-91.417358,
							40.379639
						],
						[
							-91.415466,
							40.379635
						],
						[
							-91.413467,
							40.379536
						],
						[
							-91.411362,
							40.380939
						],
						[
							-91.407562,
							40.380741
						],
						[
							-91.405457,
							40.382137
						],
						[
							-91.403564,
							40.382137
						],
						[
							-91.399658,
							40.381943
						],
						[
							-91.397766,
							40.381943
						],
						[
							-91.39566,
							40.383335
						],
						[
							-91.393753,
							40.383236
						],
						[
							-91.391663,
							40.38464
						],
						[
							-91.389755,
							40.384544
						],
						[
							-91.387756,
							40.384541
						],
						[
							-91.385757,
							40.385937
						],
						[
							-91.383865,
							40.385838
						],
						[
							-91.38176,
							40.387241
						],
						[
							-91.379761,
							40.388641
						],
						[
							-91.379654,
							40.390141
						],
						[
							-91.377563,
							40.391537
						],
						[
							-91.375565,
							40.392941
						],
						[
							-91.375458,
							40.394436
						],
						[
							-91.377365,
							40.396038
						],
						[
							-91.377167,
							40.397442
						],
						[
							-91.376953,
							40.40044
						],
						[
							-91.376755,
							40.403439
						],
						[
							-91.378662,
							40.404942
						],
						[
							-91.378555,
							40.406437
						],
						[
							-91.380356,
							40.408039
						],
						[
							-91.382263,
							40.409641
						],
						[
							-91.382156,
							40.411037
						],
						[
							-91.381866,
							40.415539
						],
						[
							-91.383667,
							40.417042
						],
						[
							-91.383453,
							40.42004
						],
						[
							-91.385361,
							40.421635
						],
						[
							-91.385162,
							40.424641
						],
						[
							-91.386963,
							40.426136
						],
						[
							-91.386856,
							40.427639
						],
						[
							-91.388763,
							40.429241
						],
						[
							-91.388367,
							40.435139
						],
						[
							-91.388153,
							40.438137
						],
						[
							-91.387863,
							40.442638
						],
						[
							-91.387756,
							40.444035
						],
						[
							-91.389557,
							40.445637
						],
						[
							-91.389267,
							40.450039
						],
						[
							-91.389053,
							40.453037
						],
						[
							-91.387054,
							40.45454
						],
						[
							-91.384964,
							40.455837
						],
						[
							-91.384964,
							40.45734
						],
						[
							-91.382858,
							40.458736
						],
						[
							-91.382767,
							40.460239
						],
						[
							-91.382355,
							40.466137
						],
						[
							-91.380356,
							40.46764
						],
						[
							-91.380264,
							40.469135
						],
						[
							-91.378159,
							40.470539
						],
						[
							-91.378067,
							40.472034
						],
						[
							-91.376053,
							40.473339
						],
						[
							-91.375961,
							40.474941
						],
						[
							-91.375854,
							40.476337
						],
						[
							-91.373764,
							40.477741
						],
						[
							-91.373657,
							40.479237
						],
						[
							-91.373367,
							40.483738
						],
						[
							-91.373154,
							40.486736
						],
						[
							-91.372757,
							40.492641
						],
						[
							-91.374664,
							40.494236
						],
						[
							-91.374268,
							40.500141
						],
						[
							-91.37616,
							40.50024
						],
						[
							-91.378067,
							40.501736
						],
						[
							-91.377853,
							40.504742
						],
						[
							-91.379654,
							40.506336
						],
						[
							-91.379562,
							40.50774
						],
						[
							-91.381454,
							40.509335
						],
						[
							-91.381256,
							40.512341
						],
						[
							-91.383057,
							40.513935
						],
						[
							-91.382858,
							40.516941
						],
						[
							-91.384766,
							40.518436
						],
						[
							-91.384659,
							40.519939
						],
						[
							-91.386566,
							40.519939
						],
						[
							-91.386459,
							40.521542
						],
						[
							-91.388367,
							40.523037
						],
						[
							-91.390167,
							40.524639
						],
						[
							-91.392059,
							40.526134
						],
						[
							-91.395966,
							40.52634
						],
						[
							-91.397858,
							40.52634
						],
						[
							-91.401764,
							40.526539
						],
						[
							-91.403763,
							40.526539
						],
						[
							-91.405655,
							40.526737
						],
						[
							-91.407455,
							40.52824
						],
						[
							-91.409454,
							40.528339
						],
						[
							-91.411362,
							40.528339
						],
						[
							-91.413254,
							40.529942
						],
						[
							-91.415161,
							40.530041
						],
						[
							-91.417053,
							40.531536
						],
						[
							-91.419067,
							40.53014
						],
						[
							-91.420959,
							40.531734
						],
						[
							-91.420853,
							40.533134
						],
						[
							-91.422653,
							40.53474
						],
						[
							-91.424561,
							40.536335
						],
						[
							-91.424362,
							40.539341
						],
						[
							-91.426163,
							40.540836
						],
						[
							-91.426056,
							40.542339
						],
						[
							-91.427963,
							40.543941
						],
						[
							-91.427567,
							40.549839
						],
						[
							-91.427353,
							40.552837
						],
						[
							-91.425354,
							40.554241
						],
						[
							-91.425156,
							40.55724
						],
						[
							-91.423065,
							40.558632
						],
						[
							-91.422958,
							40.560139
						],
						[
							-91.424866,
							40.561638
						],
						[
							-91.424667,
							40.563137
						],
						[
							-91.420654,
							40.565937
						],
						[
							-91.420456,
							40.568935
						],
						[
							-91.422256,
							40.570538
						],
						[
							-91.422165,
							40.572041
						],
						[
							-91.42186,
							40.576431
						],
						[
							-91.419968,
							40.576332
						],
						[
							-91.417862,
							40.577835
						],
						[
							-91.413956,
							40.577641
						],
						[
							-91.410065,
							40.577431
						],
						[
							-91.408157,
							40.577431
						],
						[
							-91.406265,
							40.577335
						],
						[
							-91.40416,
							40.578735
						],
						[
							-91.402267,
							40.578636
						],
						[
							-91.400253,
							40.578636
						],
						[
							-91.398254,
							40.579937
						],
						[
							-91.398056,
							40.58144
						],
						[
							-91.399963,
							40.583031
						],
						[
							-91.401855,
							40.584637
						],
						[
							-91.401764,
							40.58614
						],
						[
							-91.399658,
							40.587536
						],
						[
							-91.39946,
							40.590538
						],
						[
							-91.397461,
							40.591835
						],
						[
							-91.395355,
							40.593342
						],
						[
							-91.393463,
							40.593132
						],
						[
							-91.391556,
							40.591637
						],
						[
							-91.391663,
							40.590233
						],
						[
							-91.391861,
							40.587234
						],
						[
							-91.389954,
							40.587135
						],
						[
							-91.387863,
							40.588535
						],
						[
							-91.387558,
							40.593033
						],
						[
							-91.385559,
							40.59444
						],
						[
							-91.383453,
							40.595833
						],
						[
							-91.383362,
							40.597336
						],
						[
							-91.381363,
							40.598732
						],
						[
							-91.381256,
							40.600136
						],
						[
							-91.383057,
							40.601738
						],
						[
							-91.382965,
							40.603237
						],
						[
							-91.380966,
							40.604637
						],
						[
							-91.37886,
							40.606037
						],
						[
							-91.37706,
							40.604431
						],
						[
							-91.377167,
							40.603035
						],
						[
							-91.375259,
							40.601437
						],
						[
							-91.37326,
							40.60294
						],
						[
							-91.369354,
							40.602737
						],
						[
							-91.367264,
							40.604137
						],
						[
							-91.365356,
							40.604038
						],
						[
							-91.363266,
							40.605434
						],
						[
							-91.361267,
							40.606838
						],
						[
							-91.359161,
							40.608234
						],
						[
							-91.359055,
							40.609837
						],
						[
							-91.357056,
							40.611137
						],
						[
							-91.354965,
							40.612637
						],
						[
							-91.352966,
							40.61404
						],
						[
							-91.352859,
							40.615433
						],
						[
							-91.350754,
							40.61684
						],
						[
							-91.348862,
							40.61684
						],
						[
							-91.343063,
							40.616535
						],
						[
							-91.341064,
							40.616531
						],
						[
							-91.339066,
							40.617935
						],
						[
							-91.33696,
							40.619335
						],
						[
							-91.335068,
							40.619236
						],
						[
							-91.33316,
							40.617741
						],
						[
							-91.331253,
							40.617638
						],
						[
							-91.329163,
							40.619034
						],
						[
							-91.327164,
							40.620438
						],
						[
							-91.325058,
							40.621838
						],
						[
							-91.323059,
							40.623238
						],
						[
							-91.32106,
							40.623238
						],
						[
							-91.319061,
							40.624638
						],
						[
							-91.311264,
							40.624237
						],
						[
							-91.309265,
							40.624237
						],
						[
							-91.305359,
							40.624035
						],
						[
							-91.30336,
							40.625435
						],
						[
							-91.301254,
							40.626835
						],
						[
							-91.299362,
							40.626831
						],
						[
							-91.297256,
							40.628235
						],
						[
							-91.295258,
							40.629536
						],
						[
							-91.293365,
							40.62804
						],
						[
							-91.291458,
							40.627937
						],
						[
							-91.289368,
							40.629337
						],
						[
							-91.28746,
							40.629337
						],
						[
							-91.285461,
							40.629234
						],
						[
							-91.283463,
							40.630642
						],
						[
							-91.281464,
							40.630531
						],
						[
							-91.279465,
							40.632034
						],
						[
							-91.277359,
							40.633335
						],
						[
							-91.27536,
							40.634834
						],
						[
							-91.275253,
							40.636238
						],
						[
							-91.273163,
							40.637733
						],
						[
							-91.271255,
							40.637535
						],
						[
							-91.271164,
							40.639038
						],
						[
							-91.269058,
							40.640537
						],
						[
							-91.267059,
							40.641937
						],
						[
							-91.264954,
							40.643238
						],
						[
							-91.264664,
							40.647739
						],
						[
							-91.262665,
							40.649136
						],
						[
							-91.260757,
							40.64764
						],
						[
							-91.260956,
							40.644642
						],
						[
							-91.259064,
							40.643036
						],
						[
							-91.257156,
							40.642941
						],
						[
							-91.255264,
							40.642941
						],
						[
							-91.253357,
							40.641338
						],
						[
							-91.253555,
							40.63834
						],
						[
							-91.251663,
							40.638336
						],
						[
							-91.247757,
							40.638142
						],
						[
							-91.24575,
							40.638142
						],
						[
							-91.243866,
							40.637932
						],
						[
							-91.241867,
							40.637936
						],
						[
							-91.239845,
							40.639339
						],
						[
							-91.237762,
							40.640736
						],
						[
							-91.233856,
							40.640537
						],
						[
							-91.231956,
							40.640533
						],
						[
							-91.22805,
							40.640335
						],
						[
							-91.22596,
							40.641731
						],
						[
							-91.222054,
							40.641533
						],
						[
							-91.220146,
							40.641537
						],
						[
							-91.216255,
							40.641335
						],
						[
							-91.214348,
							40.639835
						],
						[
							-91.212456,
							40.639736
						],
						[
							-91.210548,
							40.638142
						],
						[
							-91.208656,
							40.638142
						],
						[
							-91.206657,
							40.637936
						],
						[
							-91.204857,
							40.63644
						],
						[
							-91.202858,
							40.636341
						],
						[
							-91.200859,
							40.637737
						],
						[
							-91.19886,
							40.637733
						],
						[
							-91.196846,
							40.639038
						],
						[
							-91.194847,
							40.639042
						],
						[
							-91.192848,
							40.640438
						],
						[
							-91.190849,
							40.640335
						],
						[
							-91.18885,
							40.641735
						],
						[
							-91.18676,
							40.643139
						],
						[
							-91.184654,
							40.644535
						],
						[
							-91.182655,
							40.645939
						],
						[
							-91.184456,
							40.647537
						],
						[
							-91.182457,
							40.648937
						],
						[
							-91.180351,
							40.650341
						],
						[
							-91.178459,
							40.650242
						],
						[
							-91.176445,
							40.650242
						],
						[
							-91.176353,
							40.651634
						],
						[
							-91.174355,
							40.653141
						],
						[
							-91.172447,
							40.651535
						],
						[
							-91.168556,
							40.65134
						],
						[
							-91.166649,
							40.651337
						],
						[
							-91.16465,
							40.651131
						],
						[
							-91.162758,
							40.651134
						],
						[
							-91.160652,
							40.652538
						],
						[
							-91.158653,
							40.653934
						],
						[
							-91.156548,
							40.655338
						],
						[
							-91.154655,
							40.655239
						],
						[
							-91.15255,
							40.656631
						],
						[
							-91.152351,
							40.659641
						],
						[
							-91.150246,
							40.661034
						],
						[
							-91.150246,
							40.66254
						],
						[
							-91.148155,
							40.663933
						],
						[
							-91.148048,
							40.665436
						],
						[
							-91.145958,
							40.666836
						],
						[
							-91.144051,
							40.666733
						],
						[
							-91.14196,
							40.668137
						],
						[
							-91.139946,
							40.669533
						],
						[
							-91.137856,
							40.670937
						],
						[
							-91.135857,
							40.672333
						],
						[
							-91.133751,
							40.673737
						],
						[
							-91.131752,
							40.675133
						],
						[
							-91.129646,
							40.676636
						],
						[
							-91.131447,
							40.678131
						],
						[
							-91.129448,
							40.679539
						],
						[
							-91.129356,
							40.681042
						],
						[
							-91.127251,
							40.682434
						],
						[
							-91.125252,
							40.683842
						],
						[
							-91.123146,
							40.685238
						],
						[
							-91.122948,
							40.688236
						],
						[
							-91.120949,
							40.689636
						],
						[
							-91.120857,
							40.691135
						],
						[
							-91.120659,
							40.692638
						],
						[
							-91.120552,
							40.694141
						],
						[
							-91.122459,
							40.695633
						],
						[
							-91.122047,
							40.701538
						],
						[
							-91.123848,
							40.703136
						],
						[
							-91.123451,
							40.709141
						],
						[
							-91.121346,
							40.710537
						],
						[
							-91.121254,
							40.71204
						],
						[
							-91.119255,
							40.713333
						],
						[
							-91.121056,
							40.714935
						],
						[
							-91.120949,
							40.716431
						],
						[
							-91.122856,
							40.717937
						],
						[
							-91.122658,
							40.720932
						],
						[
							-91.122459,
							40.722435
						],
						[
							-91.122353,
							40.723938
						],
						[
							-91.122353,
							40.725433
						],
						[
							-91.122154,
							40.726936
						],
						[
							-91.120155,
							40.728333
						],
						[
							-91.120049,
							40.729839
						],
						[
							-91.117958,
							40.731232
						],
						[
							-91.11985,
							40.732735
						],
						[
							-91.119759,
							40.734238
						],
						[
							-91.117653,
							40.735634
						],
						[
							-91.117348,
							40.740135
						],
						[
							-91.115257,
							40.741531
						],
						[
							-91.11515,
							40.742935
						],
						[
							-91.113152,
							40.744431
						],
						[
							-91.111046,
							40.745834
						],
						[
							-91.110954,
							40.747337
						],
						[
							-91.108849,
							40.748734
						],
						[
							-91.108452,
							40.754631
						],
						[
							-91.106453,
							40.756035
						],
						[
							-91.104347,
							40.757431
						],
						[
							-91.104256,
							40.758934
						],
						[
							-91.102257,
							40.760338
						],
						[
							-91.102058,
							40.761833
						],
						[
							-91.10006,
							40.763237
						],
						[
							-91.099953,
							40.764732
						],
						[
							-91.097847,
							40.766136
						],
						[
							-91.097755,
							40.767632
						],
						[
							-91.099648,
							40.769234
						],
						[
							-91.097557,
							40.770531
						],
						[
							-91.097359,
							40.773537
						],
						[
							-91.095253,
							40.774933
						],
						[
							-91.094749,
							40.782333
						],
						[
							-91.094551,
							40.785332
						],
						[
							-91.096352,
							40.786934
						],
						[
							-91.09626,
							40.788437
						],
						[
							-91.096046,
							40.791336
						],
						[
							-91.097954,
							40.792931
						],
						[
							-91.097557,
							40.798836
						],
						[
							-91.097359,
							40.800331
						],
						[
							-91.097145,
							40.803337
						],
						[
							-91.099052,
							40.804932
						],
						[
							-91.098854,
							40.807938
						],
						[
							-91.098747,
							40.809334
						],
						[
							-91.098549,
							40.810837
						],
						[
							-91.098549,
							40.812332
						],
						[
							-91.098457,
							40.813835
						],
						[
							-91.098259,
							40.815231
						],
						[
							-91.100151,
							40.816833
						],
						[
							-91.10006,
							40.818436
						],
						[
							-91.10186,
							40.819931
						],
						[
							-91.101646,
							40.822937
						],
						[
							-91.103554,
							40.824432
						],
						[
							-91.103447,
							40.825935
						],
						[
							-91.103249,
							40.827431
						],
						[
							-91.103249,
							40.828835
						],
						[
							-91.103157,
							40.830437
						],
						[
							-91.102959,
							40.831833
						],
						[
							-91.102959,
							40.833336
						],
						[
							-91.102745,
							40.834831
						],
						[
							-91.102547,
							40.837837
						],
						[
							-91.100548,
							40.839233
						],
						[
							-91.100456,
							40.840637
						],
						[
							-91.098351,
							40.842133
						],
						[
							-91.098259,
							40.843636
						],
						[
							-91.096153,
							40.845032
						],
						[
							-91.094154,
							40.846436
						],
						[
							-91.092049,
							40.847832
						],
						[
							-91.089958,
							40.849236
						],
						[
							-91.087959,
							40.850632
						],
						[
							-91.085854,
							40.852036
						],
						[
							-91.083946,
							40.851936
						],
						[
							-91.081856,
							40.853333
						],
						[
							-91.079857,
							40.854736
						],
						[
							-91.075645,
							40.857536
						],
						[
							-91.073647,
							40.858932
						],
						[
							-91.071648,
							40.858833
						],
						[
							-91.069557,
							40.860237
						],
						[
							-91.067558,
							40.861732
						],
						[
							-91.063347,
							40.864532
						],
						[
							-91.063347,
							40.866035
						],
						[
							-91.061256,
							40.867332
						],
						[
							-91.059151,
							40.868736
						],
						[
							-91.059059,
							40.870331
						],
						[
							-91.057045,
							40.871635
						],
						[
							-91.055046,
							40.871632
						],
						[
							-91.052956,
							40.873032
						],
						[
							-91.050957,
							40.874435
						],
						[
							-91.048958,
							40.874332
						],
						[
							-91.046959,
							40.875732
						],
						[
							-91.042747,
							40.878532
						],
						[
							-91.040749,
							40.879936
						],
						[
							-91.038658,
							40.881332
						],
						[
							-91.038551,
							40.882835
						],
						[
							-91.036446,
							40.884232
						],
						[
							-91.034447,
							40.885735
						],
						[
							-91.032356,
							40.887032
						],
						[
							-91.030251,
							40.888435
						],
						[
							-91.028252,
							40.889927
						],
						[
							-91.026253,
							40.889832
						],
						[
							-91.024254,
							40.891136
						],
						[
							-91.024055,
							40.892632
						],
						[
							-91.022057,
							40.894035
						],
						[
							-91.020058,
							40.894035
						],
						[
							-91.018059,
							40.895428
						],
						[
							-91.015953,
							40.896835
						],
						[
							-91.015846,
							40.898331
						],
						[
							-91.013756,
							40.899734
						],
						[
							-91.013649,
							40.901131
						],
						[
							-91.01165,
							40.90263
						],
						[
							-91.011559,
							40.904037
						],
						[
							-91.01136,
							40.905533
						],
						[
							-91.009346,
							40.906933
						],
						[
							-91.009254,
							40.908432
						],
						[
							-91.007149,
							40.909836
						],
						[
							-91.007057,
							40.911327
						],
						[
							-91.004951,
							40.912731
						],
						[
							-91.002953,
							40.914131
						],
						[
							-91.000847,
							40.915535
						],
						[
							-91.000755,
							40.917038
						],
						[
							-90.99865,
							40.918434
						],
						[
							-90.996758,
							40.918335
						],
						[
							-90.992546,
							40.921135
						],
						[
							-90.990654,
							40.921036
						],
						[
							-90.988548,
							40.922432
						],
						[
							-90.986656,
							40.922333
						],
						[
							-90.98455,
							40.923737
						],
						[
							-90.984459,
							40.925331
						],
						[
							-90.982353,
							40.926636
						],
						[
							-90.980446,
							40.926537
						],
						[
							-90.978355,
							40.928032
						],
						[
							-90.97625,
							40.929436
						],
						[
							-90.976158,
							40.930832
						],
						[
							-90.974159,
							40.932236
						],
						[
							-90.973946,
							40.933731
						],
						[
							-90.971947,
							40.93523
						],
						[
							-90.969856,
							40.936527
						],
						[
							-90.969749,
							40.93803
						],
						[
							-90.967659,
							40.939434
						],
						[
							-90.967552,
							40.940933
						],
						[
							-90.96946,
							40.942535
						],
						[
							-90.965248,
							40.945335
						],
						[
							-90.965157,
							40.946827
						],
						[
							-90.963158,
							40.948231
						],
						[
							-90.961052,
							40.949627
						],
						[
							-90.960945,
							40.951031
						],
						[
							-90.958855,
							40.952534
						],
						[
							-90.958656,
							40.955536
						],
						[
							-90.956657,
							40.956829
						],
						[
							-90.956459,
							40.958332
						],
						[
							-90.958351,
							40.959934
						],
						[
							-90.958153,
							40.962936
						],
						[
							-90.959953,
							40.964432
						],
						[
							-90.959557,
							40.970333
						],
						[
							-90.961357,
							40.971928
						],
						[
							-90.96125,
							40.973431
						],
						[
							-90.963249,
							40.97353
						],
						[
							-90.96505,
							40.975132
						],
						[
							-90.964958,
							40.976528
						],
						[
							-90.96685,
							40.97813
						],
						[
							-90.968651,
							40.979733
						],
						[
							-90.968147,
							40.987133
						],
						[
							-90.969948,
							40.988731
						],
						[
							-90.969749,
							40.991627
						],
						[
							-90.967659,
							40.993034
						],
						[
							-90.967659,
							40.994534
						],
						[
							-90.967445,
							40.996029
						],
						[
							-90.969353,
							40.997631
						],
						[
							-90.969048,
							41.002037
						],
						[
							-90.966957,
							41.003429
						],
						[
							-90.96685,
							41.004932
						],
						[
							-90.968651,
							41.006527
						],
						[
							-90.968559,
							41.00803
						],
						[
							-90.968346,
							41.010929
						],
						[
							-90.968056,
							41.01543
						],
						[
							-90.969856,
							41.017033
						],
						[
							-90.969749,
							41.018429
						],
						[
							-90.971657,
							41.020031
						],
						[
							-90.971458,
							41.023029
						],
						[
							-90.967247,
							41.025829
						],
						[
							-90.965248,
							41.027233
						],
						[
							-90.961052,
							41.030033
						],
						[
							-90.958946,
							41.031429
						],
						[
							-90.956947,
							41.032833
						],
						[
							-90.956856,
							41.034328
						],
						[
							-90.956657,
							41.035831
						],
						[
							-90.956657,
							41.037228
						],
						[
							-90.956459,
							41.038731
						],
						[
							-90.956352,
							41.040234
						],
						[
							-90.954353,
							41.04163
						],
						[
							-90.954247,
							41.043133
						],
						[
							-90.954048,
							41.044628
						],
						[
							-90.953758,
							41.049129
						],
						[
							-90.953651,
							41.050533
						],
						[
							-90.955452,
							41.052128
						],
						[
							-90.957359,
							41.05373
						],
						[
							-90.955254,
							41.055027
						],
						[
							-90.955055,
							41.058132
						],
						[
							-90.954948,
							41.059528
						],
						[
							-90.95475,
							41.062534
						],
						[
							-90.958656,
							41.062733
						],
						[
							-90.960548,
							41.064228
						],
						[
							-90.960457,
							41.065731
						],
						[
							-90.958351,
							41.067127
						],
						[
							-90.958153,
							41.070133
						],
						[
							-90.959953,
							41.071629
						],
						[
							-90.959846,
							41.073132
						],
						[
							-90.961754,
							41.074734
						],
						[
							-90.961647,
							41.076229
						],
						[
							-90.961449,
							41.077732
						],
						[
							-90.961357,
							41.079227
						],
						[
							-90.963249,
							41.08073
						],
						[
							-90.963051,
							41.083729
						],
						[
							-90.964851,
							41.085331
						],
						[
							-90.964653,
							41.08823
						],
						[
							-90.966545,
							41.089832
						],
						[
							-90.968346,
							41.091427
						],
						[
							-90.970253,
							41.09293
						],
						[
							-90.972054,
							41.094532
						],
						[
							-90.971947,
							41.096027
						],
						[
							-90.973854,
							41.09753
						],
						[
							-90.973747,
							41.099033
						],
						[
							-90.975548,
							41.100628
						],
						[
							-90.975456,
							41.102131
						],
						[
							-90.977348,
							41.103634
						],
						[
							-90.977257,
							41.105129
						],
						[
							-90.977058,
							41.106632
						],
						[
							-90.97506,
							41.108028
						],
						[
							-90.974953,
							41.109531
						],
						[
							-90.976753,
							41.111134
						],
						[
							-90.976448,
							41.115524
						],
						[
							-90.978249,
							41.11713
						],
						[
							-90.980156,
							41.118633
						],
						[
							-90.979958,
							41.121628
						],
						[
							-90.981758,
							41.123234
						],
						[
							-90.981651,
							41.124729
						],
						[
							-90.983559,
							41.126228
						],
						[
							-90.983345,
							41.12923
						],
						[
							-90.985146,
							41.130833
						],
						[
							-90.983147,
							41.132225
						],
						[
							-90.984947,
							41.133732
						],
						[
							-90.984856,
							41.135223
						],
						[
							-90.986656,
							41.136826
						],
						[
							-90.992546,
							41.137127
						],
						[
							-90.994453,
							41.13863
						],
						[
							-90.996346,
							41.140232
						],
						[
							-90.996147,
							41.141724
						],
						[
							-90.996056,
							41.143131
						],
						[
							-90.997948,
							41.144733
						],
						[
							-90.997856,
							41.146225
						],
						[
							-90.999657,
							41.147827
						],
						[
							-90.99955,
							41.149223
						],
						[
							-91.001457,
							41.150829
						],
						[
							-91.00135,
							41.152332
						],
						[
							-91.003151,
							41.153923
						],
						[
							-91.005058,
							41.155426
						],
						[
							-91.004951,
							41.156929
						],
						[
							-91.006859,
							41.158527
						],
						[
							-91.008659,
							41.16013
						],
						[
							-91.01046,
							41.161629
						],
						[
							-91.01046,
							41.163124
						],
						[
							-91.012245,
							41.164726
						],
						[
							-91.014259,
							41.164726
						],
						[
							-91.020149,
							41.165028
						],
						[
							-91.02195,
							41.16663
						],
						[
							-91.023949,
							41.166626
						],
						[
							-91.025948,
							41.166725
						],
						[
							-91.027748,
							41.168327
						],
						[
							-91.029747,
							41.168427
						],
						[
							-91.031746,
							41.16703
						],
						[
							-91.035957,
							41.16423
						],
						[
							-91.037758,
							41.165726
						],
						[
							-91.041557,
							41.16893
						],
						[
							-91.043358,
							41.170525
						],
						[
							-91.04525,
							41.172028
						],
						[
							-91.04705,
							41.173523
						],
						[
							-91.049049,
							41.17363
						],
						[
							-91.050957,
							41.175224
						],
						[
							-91.052757,
							41.176826
						],
						[
							-91.05265,
							41.178329
						],
						[
							-91.054558,
							41.179825
						],
						[
							-91.054451,
							41.181328
						],
						[
							-91.054253,
							41.182823
						],
						[
							-91.05616,
							41.184425
						],
						[
							-91.058052,
							41.185928
						],
						[
							-91.059853,
							41.187531
						],
						[
							-91.059746,
							41.188927
						],
						[
							-91.061653,
							41.190529
						],
						[
							-91.061455,
							41.193527
						],
						[
							-91.063347,
							41.193626
						],
						[
							-91.065254,
							41.195229
						],
						[
							-91.065147,
							41.196625
						],
						[
							-91.066948,
							41.198227
						],
						[
							-91.066856,
							41.19973
						],
						[
							-91.068748,
							41.201225
						],
						[
							-91.068657,
							41.202728
						],
						[
							-91.070457,
							41.20433
						],
						[
							-91.070351,
							41.205826
						],
						[
							-91.072258,
							41.207428
						],
						[
							-91.072151,
							41.208824
						],
						[
							-91.07415,
							41.208923
						],
						[
							-91.075951,
							41.210526
						],
						[
							-91.075859,
							41.212029
						],
						[
							-91.077751,
							41.213524
						],
						[
							-91.081657,
							41.21373
						],
						[
							-91.083549,
							41.215324
						],
						[
							-91.083351,
							41.216728
						],
						[
							-91.087151,
							41.219925
						],
						[
							-91.088951,
							41.221428
						],
						[
							-91.08886,
							41.222923
						],
						[
							-91.090858,
							41.22303
						],
						[
							-91.092659,
							41.224621
						],
						[
							-91.094551,
							41.226128
						],
						[
							-91.094353,
							41.229122
						],
						[
							-91.09626,
							41.230629
						],
						[
							-91.096046,
							41.232224
						],
						[
							-91.097954,
							41.233727
						],
						[
							-91.097755,
							41.236725
						],
						[
							-91.097649,
							41.238129
						],
						[
							-91.095558,
							41.23962
						],
						[
							-91.095451,
							41.241028
						],
						[
							-91.093346,
							41.242523
						],
						[
							-91.093056,
							41.246925
						],
						[
							-91.09095,
							41.248325
						],
						[
							-91.090858,
							41.249825
						],
						[
							-91.092751,
							41.251427
						],
						[
							-91.092659,
							41.252926
						],
						[
							-91.090553,
							41.254326
						],
						[
							-91.090446,
							41.25573
						],
						[
							-91.09005,
							41.261726
						],
						[
							-91.089958,
							41.263229
						],
						[
							-91.089653,
							41.26762
						],
						[
							-91.089455,
							41.269127
						],
						[
							-91.091347,
							41.270626
						],
						[
							-91.089256,
							41.272125
						],
						[
							-91.089149,
							41.273628
						],
						[
							-91.087059,
							41.274925
						],
						[
							-91.08506,
							41.276424
						],
						[
							-91.082954,
							41.277824
						],
						[
							-91.082756,
							41.280724
						],
						[
							-91.07856,
							41.283524
						],
						[
							-91.078453,
							41.285027
						],
						[
							-91.076454,
							41.28643
						],
						[
							-91.078255,
							41.288021
						],
						[
							-91.07795,
							41.292522
						],
						[
							-91.075859,
							41.29393
						],
						[
							-91.075752,
							41.295322
						],
						[
							-91.073753,
							41.296726
						],
						[
							-91.073555,
							41.298222
						],
						[
							-91.07325,
							41.302727
						],
						[
							-91.071251,
							41.304119
						],
						[
							-91.073051,
							41.305725
						],
						[
							-91.070953,
							41.307026
						],
						[
							-91.070854,
							41.308525
						],
						[
							-91.068748,
							41.309929
						],
						[
							-91.068459,
							41.314426
						],
						[
							-91.066467,
							41.315823
						],
						[
							-91.066246,
							41.317326
						],
						[
							-91.064247,
							41.318726
						],
						[
							-91.062157,
							41.320129
						],
						[
							-91.061958,
							41.323128
						],
						[
							-91.059853,
							41.324421
						],
						[
							-91.059555,
							41.328922
						],
						[
							-91.055359,
							41.331726
						],
						[
							-91.05526,
							41.333225
						],
						[
							-91.053246,
							41.334621
						],
						[
							-91.053047,
							41.336128
						],
						[
							-91.052849,
							41.339123
						],
						[
							-91.054756,
							41.340725
						],
						[
							-91.054459,
							41.345123
						],
						[
							-91.054367,
							41.346622
						],
						[
							-91.054153,
							41.348125
						],
						[
							-91.056061,
							41.349621
						],
						[
							-91.055946,
							41.351128
						],
						[
							-91.055862,
							41.352619
						],
						[
							-91.057747,
							41.354225
						],
						[
							-91.055664,
							41.355526
						],
						[
							-91.055466,
							41.358524
						],
						[
							-91.053352,
							41.359921
						],
						[
							-91.053162,
							41.362926
						],
						[
							-91.051048,
							41.364323
						],
						[
							-91.050858,
							41.367321
						],
						[
							-91.048767,
							41.368725
						],
						[
							-91.04866,
							41.370224
						],
						[
							-91.050568,
							41.371727
						],
						[
							-91.050354,
							41.373226
						],
						[
							-91.050354,
							41.374722
						],
						[
							-91.048264,
							41.376125
						],
						[
							-91.050064,
							41.377724
						],
						[
							-91.049759,
							41.382122
						],
						[
							-91.049667,
							41.383625
						],
						[
							-91.047562,
							41.385025
						],
						[
							-91.047363,
							41.388023
						],
						[
							-91.045258,
							41.389423
						],
						[
							-91.045166,
							41.390823
						],
						[
							-91.043167,
							41.39082
						],
						[
							-91.043167,
							41.392223
						],
						[
							-91.042953,
							41.39373
						],
						[
							-91.044968,
							41.393826
						],
						[
							-91.04866,
							41.396923
						],
						[
							-91.048462,
							41.399921
						],
						[
							-91.046356,
							41.401325
						],
						[
							-91.046066,
							41.405827
						],
						[
							-91.043961,
							41.407223
						],
						[
							-91.041962,
							41.408627
						],
						[
							-91.039963,
							41.40852
						],
						[
							-91.035767,
							41.41132
						],
						[
							-91.033768,
							41.412724
						],
						[
							-91.029755,
							41.412529
						],
						[
							-91.027664,
							41.414021
						],
						[
							-91.025558,
							41.415428
						],
						[
							-91.023666,
							41.415325
						],
						[
							-91.021561,
							41.416721
						],
						[
							-91.017654,
							41.416523
						],
						[
							-91.015564,
							41.417919
						],
						[
							-91.013557,
							41.41782
						],
						[
							-91.011566,
							41.41782
						],
						[
							-91.011368,
							41.420723
						],
						[
							-91.009354,
							41.42062
						],
						[
							-91.007462,
							41.42062
						],
						[
							-91.003464,
							41.420422
						],
						[
							-91.001465,
							41.421825
						],
						[
							-90.997467,
							41.421623
						],
						[
							-90.995445,
							41.421623
						],
						[
							-90.991554,
							41.421421
						],
						[
							-90.989647,
							41.41993
						],
						[
							-90.987648,
							41.419724
						],
						[
							-90.985649,
							41.421227
						],
						[
							-90.983757,
							41.419621
						],
						[
							-90.981758,
							41.419521
						],
						[
							-90.97805,
							41.416424
						],
						[
							-90.97625,
							41.414822
						],
						[
							-90.974358,
							41.413219
						],
						[
							-90.972359,
							41.413124
						],
						[
							-90.97036,
							41.41312
						],
						[
							-90.968559,
							41.41153
						],
						[
							-90.964546,
							41.41132
						],
						[
							-90.962547,
							41.412823
						],
						[
							-90.960457,
							41.414124
						],
						[
							-90.958458,
							41.41412
						],
						[
							-90.956459,
							41.414024
						],
						[
							-90.95446,
							41.415428
						],
						[
							-90.950447,
							41.41523
						],
						[
							-90.948448,
							41.41523
						],
						[
							-90.946556,
							41.41502
						],
						[
							-90.944557,
							41.41502
						],
						[
							-90.938652,
							41.414726
						],
						[
							-90.936546,
							41.416126
						],
						[
							-90.932655,
							41.41592
						],
						[
							-90.930656,
							41.415924
						],
						[
							-90.924751,
							41.415627
						],
						[
							-90.922646,
							41.41703
						],
						[
							-90.920647,
							41.416924
						],
						[
							-90.918648,
							41.416924
						],
						[
							-90.916649,
							41.418327
						],
						[
							-90.914558,
							41.41972
						],
						[
							-90.91256,
							41.419521
						],
						[
							-90.910454,
							41.421028
						],
						[
							-90.90255,
							41.42062
						],
						[
							-90.900658,
							41.420624
						],
						[
							-90.892754,
							41.420223
						],
						[
							-90.890755,
							41.420128
						],
						[
							-90.888756,
							41.420124
						],
						[
							-90.886757,
							41.421524
						],
						[
							-90.884758,
							41.421326
						],
						[
							-90.882759,
							41.421326
						],
						[
							-90.878853,
							41.421127
						],
						[
							-90.876747,
							41.422523
						],
						[
							-90.874748,
							41.422424
						],
						[
							-90.872749,
							41.422424
						],
						[
							-90.87075,
							41.423824
						],
						[
							-90.86866,
							41.425224
						],
						[
							-90.866646,
							41.425125
						],
						[
							-90.864555,
							41.426529
						],
						[
							-90.86245,
							41.427925
						],
						[
							-90.860451,
							41.429329
						],
						[
							-90.858345,
							41.430725
						],
						[
							-90.856346,
							41.430626
						],
						[
							-90.856148,
							41.433624
						],
						[
							-90.854057,
							41.434929
						],
						[
							-90.851952,
							41.436325
						],
						[
							-90.849846,
							41.437828
						],
						[
							-90.847755,
							41.439121
						],
						[
							-90.845848,
							41.439022
						],
						[
							-90.843758,
							41.440529
						],
						[
							-90.83976,
							41.440331
						],
						[
							-90.835854,
							41.440121
						],
						[
							-90.833855,
							41.440125
						],
						[
							-90.831947,
							41.439926
						],
						[
							-90.830055,
							41.438423
						],
						[
							-90.826149,
							41.438225
						],
						[
							-90.82415,
							41.438225
						],
						[
							-90.812355,
							41.43763
						],
						[
							-90.810448,
							41.436028
						],
						[
							-90.808357,
							41.437531
						],
						[
							-90.806358,
							41.437424
						],
						[
							-90.798454,
							41.437027
						],
						[
							-90.796654,
							41.435524
						],
						[
							-90.786751,
							41.435028
						],
						[
							-90.784645,
							41.436424
						],
						[
							-90.782753,
							41.436424
						],
						[
							-90.774849,
							41.436028
						],
						[
							-90.77285,
							41.436028
						],
						[
							-90.770851,
							41.435829
						],
						[
							-90.768959,
							41.435829
						],
						[
							-90.764946,
							41.435623
						],
						[
							-90.762856,
							41.437027
						],
						[
							-90.761055,
							41.435425
						],
						[
							-90.758949,
							41.436829
						],
						[
							-90.75695,
							41.436729
						],
						[
							-90.75515,
							41.435226
						],
						[
							-90.749153,
							41.434929
						],
						[
							-90.747154,
							41.436325
						],
						[
							-90.741158,
							41.436028
						],
						[
							-90.73925,
							41.436028
						],
						[
							-90.737251,
							41.435928
						],
						[
							-90.735146,
							41.437325
						],
						[
							-90.733055,
							41.438728
						],
						[
							-90.730949,
							41.440125
						],
						[
							-90.727058,
							41.439926
						],
						[
							-90.724953,
							41.44133
						],
						[
							-90.721046,
							41.441124
						],
						[
							-90.718956,
							41.442528
						],
						[
							-90.716957,
							41.442528
						],
						[
							-90.714851,
							41.443825
						],
						[
							-90.712952,
							41.443726
						],
						[
							-90.710945,
							41.443726
						],
						[
							-90.708855,
							41.445129
						],
						[
							-90.704849,
							41.444923
						],
						[
							-90.703049,
							41.443329
						],
						[
							-90.699051,
							41.44313
						],
						[
							-90.697144,
							41.44313
						],
						[
							-90.695038,
							41.444527
						],
						[
							-90.69104,
							41.444328
						],
						[
							-90.68895,
							41.445724
						],
						[
							-90.687042,
							41.445625
						],
						[
							-90.684952,
							41.447029
						],
						[
							-90.682938,
							41.44693
						],
						[
							-90.682846,
							41.448425
						],
						[
							-90.68074,
							41.449829
						],
						[
							-90.678741,
							41.44973
						],
						[
							-90.676651,
							41.451126
						],
						[
							-90.672745,
							41.450928
						],
						[
							-90.670639,
							41.452324
						],
						[
							-90.666748,
							41.452126
						],
						[
							-90.664642,
							41.453529
						],
						[
							-90.660645,
							41.453323
						],
						[
							-90.658752,
							41.453323
						],
						[
							-90.658646,
							41.454727
						],
						[
							-90.65654,
							41.45623
						],
						[
							-90.654449,
							41.457527
						],
						[
							-90.652344,
							41.45903
						],
						[
							-90.652252,
							41.460526
						],
						[
							-90.650146,
							41.46183
						],
						[
							-90.648041,
							41.463226
						],
						[
							-90.64595,
							41.46463
						],
						[
							-90.643845,
							41.466026
						],
						[
							-90.639648,
							41.468826
						],
						[
							-90.639542,
							41.470329
						],
						[
							-90.637451,
							41.471725
						],
						[
							-90.635544,
							41.471626
						],
						[
							-90.631348,
							41.474426
						],
						[
							-90.629349,
							41.474327
						],
						[
							-90.625137,
							41.477127
						],
						[
							-90.623138,
							41.478523
						],
						[
							-90.620941,
							41.479927
						],
						[
							-90.619049,
							41.479828
						],
						[
							-90.616943,
							41.481224
						],
						[
							-90.610641,
							41.485428
						],
						[
							-90.61055,
							41.486923
						],
						[
							-90.608444,
							41.488327
						],
						[
							-90.606339,
							41.489624
						],
						[
							-90.604248,
							41.491028
						],
						[
							-90.604141,
							41.492523
						],
						[
							-90.602051,
							41.493931
						],
						[
							-90.601852,
							41.496925
						],
						[
							-90.601639,
							41.499924
						],
						[
							-90.599548,
							41.501228
						],
						[
							-90.59935,
							41.502724
						],
						[
							-90.599243,
							41.504227
						],
						[
							-90.595047,
							41.507027
						],
						[
							-90.59314,
							41.506927
						],
						[
							-90.591049,
							41.508327
						],
						[
							-90.587051,
							41.508125
						],
						[
							-90.585052,
							41.508125
						],
						[
							-90.583038,
							41.50943
						],
						[
							-90.581039,
							41.50943
						],
						[
							-90.57515,
							41.509125
						],
						[
							-90.573242,
							41.50753
						],
						[
							-90.571152,
							41.508926
						],
						[
							-90.569351,
							41.507423
						],
						[
							-90.567352,
							41.507225
						],
						[
							-90.565445,
							41.50573
						],
						[
							-90.561539,
							41.505524
						],
						[
							-90.55365,
							41.505127
						],
						[
							-90.551651,
							41.505127
						],
						[
							-90.547745,
							41.504932
						],
						[
							-90.545639,
							41.506329
						],
						[
							-90.533752,
							41.50573
						],
						[
							-90.531845,
							41.50573
						],
						[
							-90.529846,
							41.505524
						],
						[
							-90.527847,
							41.505527
						],
						[
							-90.525742,
							41.506927
						],
						[
							-90.521851,
							41.506733
						],
						[
							-90.521744,
							41.508224
						],
						[
							-90.519638,
							41.509632
						],
						[
							-90.50975,
							41.509129
						],
						[
							-90.507751,
							41.509129
						],
						[
							-90.505844,
							41.50893
						],
						[
							-90.503845,
							41.508926
						],
						[
							-90.499847,
							41.508732
						],
						[
							-90.495941,
							41.50853
						],
						[
							-90.493851,
							41.509926
						],
						[
							-90.487946,
							41.509632
						],
						[
							-90.485832,
							41.511024
						],
						[
							-90.483841,
							41.510925
						],
						[
							-90.48175,
							41.512428
						],
						[
							-90.479744,
							41.512234
						],
						[
							-90.475838,
							41.512024
						],
						[
							-90.473839,
							41.512028
						],
						[
							-90.47184,
							41.511829
						],
						[
							-90.469734,
							41.513332
						],
						[
							-90.467735,
							41.514725
						],
						[
							-90.465538,
							41.516033
						],
						[
							-90.465233,
							41.520527
						],
						[
							-90.463142,
							41.521931
						],
						[
							-90.463036,
							41.52343
						],
						[
							-90.46093,
							41.52483
						],
						[
							-90.460732,
							41.527729
						],
						[
							-90.458641,
							41.529129
						],
						[
							-90.458443,
							41.530624
						],
						[
							-90.454231,
							41.533424
						],
						[
							-90.45414,
							41.534931
						],
						[
							-90.452034,
							41.536324
						],
						[
							-90.449944,
							41.537727
						],
						[
							-90.449837,
							41.539234
						],
						[
							-90.447731,
							41.540527
						],
						[
							-90.447639,
							41.542133
						],
						[
							-90.447441,
							41.545029
						],
						[
							-90.445244,
							41.546429
						],
						[
							-90.443245,
							41.547832
						],
						[
							-90.439034,
							41.550632
						],
						[
							-90.436943,
							41.551929
						],
						[
							-90.434837,
							41.553329
						],
						[
							-90.434731,
							41.554825
						],
						[
							-90.432533,
							41.556229
						],
						[
							-90.432335,
							41.559227
						],
						[
							-90.428139,
							41.562031
						],
						[
							-90.426033,
							41.563427
						],
						[
							-90.424141,
							41.563324
						],
						[
							-90.422035,
							41.564728
						],
						[
							-90.420036,
							41.564632
						],
						[
							-90.417931,
							41.566029
						],
						[
							-90.415932,
							41.565926
						],
						[
							-90.413841,
							41.567329
						],
						[
							-90.411842,
							41.567234
						],
						[
							-90.411736,
							41.568726
						],
						[
							-90.40963,
							41.570129
						],
						[
							-90.407539,
							41.57143
						],
						[
							-90.405739,
							41.569923
						],
						[
							-90.40374,
							41.569828
						],
						[
							-90.401634,
							41.571228
						],
						[
							-90.403542,
							41.572834
						],
						[
							-90.403343,
							41.57423
						],
						[
							-90.401237,
							41.57563
						],
						[
							-90.39933,
							41.57563
						],
						[
							-90.39724,
							41.576931
						],
						[
							-90.395241,
							41.576931
						],
						[
							-90.393333,
							41.575329
						],
						[
							-90.39344,
							41.573833
						],
						[
							-90.391533,
							41.57373
						],
						[
							-90.389442,
							41.575127
						],
						[
							-90.385445,
							41.574932
						],
						[
							-90.383339,
							41.576328
						],
						[
							-90.373543,
							41.575832
						],
						[
							-90.373344,
							41.577324
						],
						[
							-90.369438,
							41.577126
						],
						[
							-90.367332,
							41.578529
						],
						[
							-90.365334,
							41.57843
						],
						[
							-90.363243,
							41.579826
						],
						[
							-90.361244,
							41.579727
						],
						[
							-90.357033,
							41.582527
						],
						[
							-90.356941,
							41.584034
						],
						[
							-90.354942,
							41.583923
						],
						[
							-90.350731,
							41.586723
						],
						[
							-90.34864,
							41.588127
						],
						[
							-90.346642,
							41.589527
						],
						[
							-90.348442,
							41.591125
						],
						[
							-90.348335,
							41.592533
						],
						[
							-90.348137,
							41.594028
						],
						[
							-90.347939,
							41.597023
						],
						[
							-90.347832,
							41.598427
						],
						[
							-90.347633,
							41.600033
						],
						[
							-90.347343,
							41.604424
						],
						[
							-90.34713,
							41.605927
						],
						[
							-90.346931,
							41.608826
						],
						[
							-90.348839,
							41.610432
						],
						[
							-90.34864,
							41.611923
						],
						[
							-90.350533,
							41.613525
						],
						[
							-90.350334,
							41.616524
						],
						[
							-90.352242,
							41.616528
						],
						[
							-90.352043,
							41.61953
						],
						[
							-90.349937,
							41.620926
						],
						[
							-90.349831,
							41.622429
						],
						[
							-90.349632,
							41.623825
						],
						[
							-90.349434,
							41.626823
						],
						[
							-90.351234,
							41.628426
						],
						[
							-90.350945,
							41.632828
						],
						[
							-90.350731,
							41.634434
						],
						[
							-90.350334,
							41.640331
						],
						[
							-90.350136,
							41.64183
						],
						[
							-90.350044,
							41.643227
						],
						[
							-90.347939,
							41.64463
						],
						[
							-90.349831,
							41.646225
						],
						[
							-90.349632,
							41.647728
						],
						[
							-90.349541,
							41.649223
						],
						[
							-90.347435,
							41.650627
						],
						[
							-90.347237,
							41.653526
						],
						[
							-90.345131,
							41.65493
						],
						[
							-90.344933,
							41.656425
						],
						[
							-90.344643,
							41.660927
						],
						[
							-90.344444,
							41.662323
						],
						[
							-90.344337,
							41.663826
						],
						[
							-90.346245,
							41.665428
						],
						[
							-90.346138,
							41.666924
						],
						[
							-90.34594,
							41.668427
						],
						[
							-90.345833,
							41.66993
						],
						[
							-90.343742,
							41.671227
						],
						[
							-90.343544,
							41.674225
						],
						[
							-90.34333,
							41.675728
						],
						[
							-90.34124,
							41.677124
						],
						[
							-90.341042,
							41.68013
						],
						[
							-90.340935,
							41.681526
						],
						[
							-90.340736,
							41.683029
						],
						[
							-90.342644,
							41.684624
						],
						[
							-90.34243,
							41.68763
						],
						[
							-90.342232,
							41.689026
						],
						[
							-90.34214,
							41.690529
						],
						[
							-90.340034,
							41.691925
						],
						[
							-90.339836,
							41.694923
						],
						[
							-90.33773,
							41.696228
						],
						[
							-90.337532,
							41.697723
						],
						[
							-90.33744,
							41.699226
						],
						[
							-90.333244,
							41.702026
						],
						[
							-90.335136,
							41.703629
						],
						[
							-90.335045,
							41.705124
						],
						[
							-90.332832,
							41.706528
						],
						[
							-90.332542,
							41.71093
						],
						[
							-90.332344,
							41.712425
						],
						[
							-90.332237,
							41.713928
						],
						[
							-90.330132,
							41.715324
						],
						[
							-90.329933,
							41.71833
						],
						[
							-90.327843,
							41.719627
						],
						[
							-90.329643,
							41.72123
						],
						[
							-90.329445,
							41.724228
						],
						[
							-90.329231,
							41.725624
						],
						[
							-90.32914,
							41.727127
						],
						[
							-90.328835,
							41.731628
						],
						[
							-90.326744,
							41.733025
						],
						[
							-90.32653,
							41.734428
						],
						[
							-90.326241,
							41.73893
						],
						[
							-90.328041,
							41.740524
						],
						[
							-90.327843,
							41.74353
						],
						[
							-90.327644,
							41.744926
						],
						[
							-90.325539,
							41.74633
						],
						[
							-90.325432,
							41.747826
						],
						[
							-90.323341,
							41.749229
						],
						[
							-90.323235,
							41.750725
						],
						[
							-90.321144,
							41.752129
						],
						[
							-90.319038,
							41.753525
						],
						[
							-90.316933,
							41.754826
						],
						[
							-90.314842,
							41.756226
						],
						[
							-90.316643,
							41.757828
						],
						[
							-90.314537,
							41.75922
						],
						[
							-90.310341,
							41.76202
						],
						[
							-90.308235,
							41.763329
						],
						[
							-90.306145,
							41.76482
						],
						[
							-90.306038,
							41.766323
						],
						[
							-90.303932,
							41.767624
						],
						[
							-90.301933,
							41.767521
						],
						[
							-90.299843,
							41.768925
						],
						[
							-90.297844,
							41.768826
						],
						[
							-90.295738,
							41.770226
						],
						[
							-90.295631,
							41.771729
						],
						[
							-90.287636,
							41.771324
						],
						[
							-90.28553,
							41.772728
						],
						[
							-90.281639,
							41.772526
						],
						[
							-90.27964,
							41.772526
						],
						[
							-90.277641,
							41.77243
						],
						[
							-90.273735,
							41.772224
						],
						[
							-90.271645,
							41.773628
						],
						[
							-90.267632,
							41.77343
						],
						[
							-90.261742,
							41.773121
						],
						[
							-90.259544,
							41.774529
						],
						[
							-90.25753,
							41.774426
						],
						[
							-90.255531,
							41.775822
						],
						[
							-90.253441,
							41.77713
						],
						[
							-90.251335,
							41.778625
						],
						[
							-90.249336,
							41.778522
						],
						[
							-90.247231,
							41.77993
						],
						[
							-90.245033,
							41.781227
						],
						[
							-90.244942,
							41.782726
						],
						[
							-90.24073,
							41.78553
						],
						[
							-90.240532,
							41.788525
						],
						[
							-90.240334,
							41.789921
						],
						[
							-90.238441,
							41.789921
						],
						[
							-90.230431,
							41.789528
						],
						[
							-90.22834,
							41.790924
						],
						[
							-90.226341,
							41.790821
						],
						[
							-90.224236,
							41.792225
						],
						[
							-90.222343,
							41.79213
						],
						[
							-90.220345,
							41.79192
						],
						[
							-90.218132,
							41.793427
						],
						[
							-90.216133,
							41.794724
						],
						[
							-90.213936,
							41.796124
						],
						[
							-90.212044,
							41.796124
						],
						[
							-90.210045,
							41.796024
						],
						[
							-90.207939,
							41.797321
						],
						[
							-90.20594,
							41.797321
						],
						[
							-90.203941,
							41.797123
						],
						[
							-90.201836,
							41.798519
						],
						[
							-90.197838,
							41.798321
						],
						[
							-90.191536,
							41.802525
						],
						[
							-90.18943,
							41.803921
						],
						[
							-90.18734,
							41.805325
						],
						[
							-90.187233,
							41.80682
						],
						[
							-90.185036,
							41.808228
						],
						[
							-90.184731,
							41.812725
						],
						[
							-90.184532,
							41.814121
						],
						[
							-90.18644,
							41.815727
						],
						[
							-90.186333,
							41.817226
						],
						[
							-90.184242,
							41.818523
						],
						[
							-90.18203,
							41.81992
						],
						[
							-90.179939,
							41.821323
						],
						[
							-90.179634,
							41.825825
						],
						[
							-90.179436,
							41.827221
						],
						[
							-90.179237,
							41.830219
						],
						[
							-90.177132,
							41.831623
						],
						[
							-90.178932,
							41.833225
						],
						[
							-90.176842,
							41.834522
						],
						[
							-90.178734,
							41.836224
						],
						[
							-90.178642,
							41.83762
						],
						[
							-90.180443,
							41.839222
						],
						[
							-90.180336,
							41.840725
						],
						[
							-90.17823,
							41.842121
						],
						[
							-90.17614,
							41.843426
						],
						[
							-90.175941,
							41.844921
						],
						[
							-90.175835,
							41.846428
						],
						[
							-90.171638,
							41.849224
						],
						[
							-90.171532,
							41.850719
						],
						[
							-90.169441,
							41.852123
						],
						[
							-90.169243,
							41.853626
						],
						[
							-90.169136,
							41.855022
						],
						[
							-90.170937,
							41.856625
						],
						[
							-90.170631,
							41.861126
						],
						[
							-90.170433,
							41.862518
						],
						[
							-90.170235,
							41.86552
						],
						[
							-90.170036,
							41.867023
						],
						[
							-90.167931,
							41.86842
						],
						[
							-90.167839,
							41.869919
						],
						[
							-90.165733,
							41.871216
						],
						[
							-90.165642,
							41.872723
						],
						[
							-90.165443,
							41.874226
						],
						[
							-90.16523,
							41.87722
						],
						[
							-90.165138,
							41.878716
						],
						[
							-90.16703,
							41.878719
						],
						[
							-90.169044,
							41.878925
						],
						[
							-90.168831,
							41.881821
						],
						[
							-90.168633,
							41.883316
						],
						[
							-90.168343,
							41.887821
						],
						[
							-90.168144,
							41.889225
						],
						[
							-90.167931,
							41.892223
						],
						[
							-90.167732,
							41.893726
						],
						[
							-90.167442,
							41.898121
						],
						[
							-90.167244,
							41.899624
						],
						[
							-90.16703,
							41.902618
						],
						[
							-90.166939,
							41.904125
						],
						[
							-90.16674,
							41.905521
						],
						[
							-90.162544,
							41.908321
						],
						[
							-90.158333,
							41.911118
						],
						[
							-90.156242,
							41.912525
						],
						[
							-90.156136,
							41.914021
						],
						[
							-90.155937,
							41.915524
						],
						[
							-90.155739,
							41.918419
						],
						[
							-90.15554,
							41.919926
						],
						[
							-90.155434,
							41.921322
						],
						[
							-90.155342,
							41.92292
						],
						[
							-90.155144,
							41.924416
						],
						[
							-90.15493,
							41.927326
						],
						[
							-90.154732,
							41.928822
						],
						[
							-90.154442,
							41.933323
						],
						[
							-90.154243,
							41.934719
						],
						[
							-90.15403,
							41.937721
						],
						[
							-90.153938,
							41.93922
						],
						[
							-90.15374,
							41.940723
						],
						[
							-90.153633,
							41.942116
						],
						[
							-90.153435,
							41.945126
						],
						[
							-90.153236,
							41.946621
						],
						[
							-90.153145,
							41.94812
						],
						[
							-90.152931,
							41.951023
						],
						[
							-90.152733,
							41.952522
						],
						[
							-90.152534,
							41.955425
						],
						[
							-90.152336,
							41.95702
						],
						[
							-90.152245,
							41.958523
						],
						[
							-90.152031,
							41.961418
						],
						[
							-90.151833,
							41.962925
						],
						[
							-90.151543,
							41.967316
						],
						[
							-90.151344,
							41.968822
						],
						[
							-90.151131,
							41.971817
						],
						[
							-90.150932,
							41.97332
						],
						[
							-90.150734,
							41.976219
						],
						[
							-90.150536,
							41.977722
						],
						[
							-90.150444,
							41.979221
						],
						[
							-90.15023,
							41.982117
						],
						[
							-90.150032,
							41.983719
						],
						[
							-90.149742,
							41.988121
						],
						[
							-90.149544,
							41.989616
						],
						[
							-90.14933,
							41.992519
						],
						[
							-90.149132,
							41.994019
						],
						[
							-90.148842,
							41.99852
						],
						[
							-90.148643,
							42.000023
						],
						[
							-90.14843,
							42.002922
						],
						[
							-90.148232,
							42.004417
						],
						[
							-90.147942,
							42.008919
						],
						[
							-90.147743,
							42.010323
						],
						[
							-90.147545,
							42.013321
						],
						[
							-90.147331,
							42.01482
						],
						[
							-90.147041,
							42.019218
						],
						[
							-90.146843,
							42.020721
						],
						[
							-90.146645,
							42.023724
						],
						[
							-90.146431,
							42.025223
						],
						[
							-90.146141,
							42.029621
						],
						[
							-90.145943,
							42.03112
						],
						[
							-90.145744,
							42.034119
						],
						[
							-90.145531,
							42.035618
						],
						[
							-90.145241,
							42.040016
						],
						[
							-90.147041,
							42.041618
						],
						[
							-90.148933,
							42.043121
						],
						[
							-90.150841,
							42.044716
						],
						[
							-90.152641,
							42.046318
						],
						[
							-90.154533,
							42.047916
						],
						[
							-90.156334,
							42.049522
						],
						[
							-90.158241,
							42.051018
						],
						[
							-90.160133,
							42.052616
						],
						[
							-90.161934,
							42.054222
						],
						[
							-90.163841,
							42.055817
						],
						[
							-90.163643,
							42.057316
						],
						[
							-90.163536,
							42.058716
						],
						[
							-90.163338,
							42.061718
						],
						[
							-90.163139,
							42.063217
						],
						[
							-90.162941,
							42.066113
						],
						[
							-90.162743,
							42.067715
						],
						[
							-90.164635,
							42.069221
						],
						[
							-90.164543,
							42.070717
						],
						[
							-90.164345,
							42.072216
						],
						[
							-90.164238,
							42.073723
						],
						[
							-90.16613,
							42.075218
						],
						[
							-90.167931,
							42.076817
						],
						[
							-90.167641,
							42.081318
						],
						[
							-90.167442,
							42.082813
						],
						[
							-90.167244,
							42.085712
						],
						[
							-90.165138,
							42.087116
						],
						[
							-90.16494,
							42.088615
						],
						[
							-90.164742,
							42.091522
						],
						[
							-90.164543,
							42.093018
						],
						[
							-90.164238,
							42.097515
						],
						[
							-90.16404,
							42.099018
						],
						[
							-90.163933,
							42.100414
						],
						[
							-90.163734,
							42.103416
						],
						[
							-90.163536,
							42.104916
						],
						[
							-90.163338,
							42.107918
						],
						[
							-90.163139,
							42.109318
						],
						[
							-90.162941,
							42.11232
						],
						[
							-90.164742,
							42.113918
						],
						[
							-90.166634,
							42.115414
						],
						[
							-90.168541,
							42.117016
						],
						[
							-90.170341,
							42.118618
						],
						[
							-90.172234,
							42.120213
						],
						[
							-90.174141,
							42.121716
						],
						[
							-90.175941,
							42.123318
						],
						[
							-90.179741,
							42.126518
						],
						[
							-90.181541,
							42.128117
						],
						[
							-90.185539,
							42.128315
						],
						[
							-90.187538,
							42.128315
						],
						[
							-90.189537,
							42.128513
						],
						[
							-90.191536,
							42.128616
						],
						[
							-90.193535,
							42.128609
						],
						[
							-90.19944,
							42.128918
						],
						[
							-90.203239,
							42.132114
						],
						[
							-90.20504,
							42.133717
						],
						[
							-90.206932,
							42.135319
						],
						[
							-90.208839,
							42.136814
						],
						[
							-90.21064,
							42.138416
						],
						[
							-90.212532,
							42.139912
						],
						[
							-90.214333,
							42.141514
						],
						[
							-90.21624,
							42.143112
						],
						[
							-90.218132,
							42.144718
						],
						[
							-90.219933,
							42.146214
						],
						[
							-90.22184,
							42.147915
						],
						[
							-90.223732,
							42.149418
						],
						[
							-90.225533,
							42.151012
						],
						[
							-90.22744,
							42.152611
						],
						[
							-90.229332,
							42.154118
						],
						[
							-90.231133,
							42.155708
						],
						[
							-90.234932,
							42.158916
						],
						[
							-90.236732,
							42.160519
						],
						[
							-90.23864,
							42.16201
						],
						[
							-90.240532,
							42.163612
						],
						[
							-90.242332,
							42.165215
						],
						[
							-90.24424,
							42.166809
						],
						[
							-90.246132,
							42.168316
						],
						[
							-90.256035,
							42.168808
						],
						[
							-90.258034,
							42.168919
						],
						[
							-90.268044,
							42.169411
						],
						[
							-90.272041,
							42.169613
						],
						[
							-90.27404,
							42.169609
						],
						[
							-90.277931,
							42.169819
						],
						[
							-90.279839,
							42.171413
						],
						[
							-90.281731,
							42.173016
						],
						[
							-90.283531,
							42.174618
						],
						[
							-90.285439,
							42.176113
						],
						[
							-90.289238,
							42.179317
						],
						[
							-90.291039,
							42.180908
						],
						[
							-90.295036,
							42.181118
						],
						[
							-90.299034,
							42.181316
						],
						[
							-90.301033,
							42.181313
						],
						[
							-90.311043,
							42.181808
						],
						[
							-90.313042,
							42.181911
						],
						[
							-90.314842,
							42.18351
						],
						[
							-90.316734,
							42.185013
						],
						[
							-90.318642,
							42.186615
						],
						[
							-90.320442,
							42.18821
						],
						[
							-90.322334,
							42.189812
						],
						[
							-90.324242,
							42.191315
						],
						[
							-90.326042,
							42.192913
						],
						[
							-90.329842,
							42.196114
						],
						[
							-90.331642,
							42.197609
						],
						[
							-90.335442,
							42.200817
						],
						[
							-90.337242,
							42.202408
						],
						[
							-90.339134,
							42.203911
						],
						[
							-90.341042,
							42.205612
						],
						[
							-90.342934,
							42.207115
						],
						[
							-90.344734,
							42.20871
						],
						[
							-90.346642,
							42.210312
						],
						[
							-90.34864,
							42.210312
						],
						[
							-90.35453,
							42.210613
						],
						[
							-90.358635,
							42.210808
						],
						[
							-90.360542,
							42.210915
						],
						[
							-90.368538,
							42.211311
						],
						[
							-90.37043,
							42.212914
						],
						[
							-90.372337,
							42.214409
						],
						[
							-90.374138,
							42.216011
						],
						[
							-90.37603,
							42.217613
						],
						[
							-90.377937,
							42.219109
						],
						[
							-90.379845,
							42.220711
						],
						[
							-90.38163,
							42.222313
						],
						[
							-90.383537,
							42.223808
						],
						[
							-90.385445,
							42.22541
						],
						[
							-90.38723,
							42.227013
						],
						[
							-90.391045,
							42.230209
						],
						[
							-90.394737,
							42.233315
						],
						[
							-90.396645,
							42.234905
						],
						[
							-90.39843,
							42.236511
						],
						[
							-90.400337,
							42.238014
						],
						[
							-90.402245,
							42.239609
						],
						[
							-90.404137,
							42.241211
						],
						[
							-90.405937,
							42.242809
						],
						[
							-90.407845,
							42.244308
						],
						[
							-90.411644,
							42.247513
						],
						[
							-90.413445,
							42.249008
						],
						[
							-90.419136,
							42.253811
						],
						[
							-90.422844,
							42.256908
						],
						[
							-90.424736,
							42.258514
						],
						[
							-90.426537,
							42.260109
						],
						[
							-90.42643,
							42.261509
						],
						[
							-90.426231,
							42.264507
						],
						[
							-90.426033,
							42.266014
						],
						[
							-90.425941,
							42.267509
						],
						[
							-90.425636,
							42.271908
						],
						[
							-90.425438,
							42.273415
						],
						[
							-90.425133,
							42.277905
						],
						[
							-90.425041,
							42.279408
						],
						[
							-90.424843,
							42.280811
						],
						[
							-90.424538,
							42.285305
						],
						[
							-90.424339,
							42.286808
						],
						[
							-90.424232,
							42.288204
						],
						[
							-90.423943,
							42.292706
						],
						[
							-90.423744,
							42.294209
						],
						[
							-90.423531,
							42.297108
						],
						[
							-90.423332,
							42.298611
						],
						[
							-90.423042,
							42.303104
						],
						[
							-90.422844,
							42.306011
						],
						[
							-90.42263,
							42.307507
						],
						[
							-90.422432,
							42.310406
						],
						[
							-90.422234,
							42.312008
						],
						[
							-90.421837,
							42.317905
						],
						[
							-90.421638,
							42.319408
						],
						[
							-90.421532,
							42.320801
						],
						[
							-90.421333,
							42.323807
						],
						[
							-90.421135,
							42.325306
						],
						[
							-90.421043,
							42.326805
						],
						[
							-90.42083,
							42.329807
						],
						[
							-90.424538,
							42.332905
						],
						[
							-90.42643,
							42.334404
						],
						[
							-90.430244,
							42.337601
						],
						[
							-90.43203,
							42.339207
						],
						[
							-90.433937,
							42.340805
						],
						[
							-90.435844,
							42.342304
						],
						[
							-90.43763,
							42.343903
						],
						[
							-90.439537,
							42.345509
						],
						[
							-90.441444,
							42.347
						],
						[
							-90.443336,
							42.348606
						],
						[
							-90.445244,
							42.350204
						],
						[
							-90.447044,
							42.35181
						],
						[
							-90.448936,
							42.353302
						],
						[
							-90.450844,
							42.354904
						],
						[
							-90.452644,
							42.356506
						],
						[
							-90.454643,
							42.358101
						],
						[
							-90.458336,
							42.361206
						],
						[
							-90.462044,
							42.364304
						],
						[
							-90.463936,
							42.365906
						],
						[
							-90.465843,
							42.3675
						],
						[
							-90.467735,
							42.369102
						],
						[
							-90.469643,
							42.370605
						],
						[
							-90.471443,
							42.3722
						],
						[
							-90.475243,
							42.375404
						],
						[
							-90.477135,
							42.376907
						],
						[
							-90.478935,
							42.378502
						],
						[
							-90.480843,
							42.380104
						],
						[
							-90.482735,
							42.381607
						],
						[
							-90.484642,
							42.383202
						],
						[
							-90.486443,
							42.384804
						],
						[
							-90.488335,
							42.386303
						],
						[
							-90.490242,
							42.387901
						],
						[
							-90.494041,
							42.391106
						],
						[
							-90.495842,
							42.392696
						],
						[
							-90.497734,
							42.394203
						],
						[
							-90.499641,
							42.395805
						],
						[
							-90.501534,
							42.397301
						],
						[
							-90.503441,
							42.398899
						],
						[
							-90.505241,
							42.400505
						],
						[
							-90.507133,
							42.402107
						],
						[
							-90.509041,
							42.403702
						],
						[
							-90.510933,
							42.405201
						],
						[
							-90.518944,
							42.405598
						],
						[
							-90.520943,
							42.405598
						],
						[
							-90.522942,
							42.405701
						],
						[
							-90.52494,
							42.405907
						],
						[
							-90.526939,
							42.405907
						],
						[
							-90.530937,
							42.406105
						],
						[
							-90.536537,
							42.410801
						],
						[
							-90.542534,
							42.411098
						],
						[
							-90.544441,
							42.412701
						],
						[
							-90.54644,
							42.4128
						],
						[
							-90.548332,
							42.414303
						],
						[
							-90.550331,
							42.414406
						],
						[
							-90.552132,
							42.416
						],
						[
							-90.554237,
							42.416107
						],
						[
							-90.556038,
							42.417603
						],
						[
							-90.55793,
							42.419205
						],
						[
							-90.567345,
							42.427097
						],
						[
							-90.569237,
							42.4286
						],
						[
							-90.571144,
							42.430202
						],
						[
							-90.572945,
							42.431797
						],
						[
							-90.574837,
							42.4333
						],
						[
							-90.580544,
							42.438099
						],
						[
							-90.582436,
							42.439602
						],
						[
							-90.586433,
							42.4398
						],
						[
							-90.588341,
							42.441402
						],
						[
							-90.592339,
							42.441601
						],
						[
							-90.594139,
							42.443104
						],
						[
							-90.596138,
							42.443199
						],
						[
							-90.601845,
							42.448002
						],
						[
							-90.603844,
							42.448002
						],
						[
							-90.607643,
							42.451199
						],
						[
							-90.609444,
							42.452698
						],
						[
							-90.611443,
							42.4529
						],
						[
							-90.613441,
							42.4529
						],
						[
							-90.61544,
							42.452995
						],
						[
							-90.617332,
							42.454597
						],
						[
							-90.61924,
							42.456097
						],
						[
							-90.621132,
							42.457699
						],
						[
							-90.622932,
							42.459301
						],
						[
							-90.627037,
							42.459499
						],
						[
							-90.630745,
							42.462593
						],
						[
							-90.632637,
							42.464096
						],
						[
							-90.634544,
							42.465698
						],
						[
							-90.638542,
							42.4659
						],
						[
							-90.642342,
							42.469097
						],
						[
							-90.644234,
							42.4706
						],
						[
							-90.648232,
							42.470795
						],
						[
							-90.650032,
							42.472397
						],
						[
							-90.651939,
							42.4739
						],
						[
							-90.653831,
							42.475498
						],
						[
							-90.653542,
							42.479996
						],
						[
							-90.653343,
							42.4814
						],
						[
							-90.655235,
							42.482994
						],
						[
							-90.655144,
							42.484497
						],
						[
							-90.654839,
							42.488899
						],
						[
							-90.65464,
							42.490398
						],
						[
							-90.652534,
							42.491798
						],
						[
							-90.652336,
							42.494797
						],
						[
							-90.65023,
							42.496193
						],
						[
							-90.650032,
							42.497601
						],
						[
							-90.64994,
							42.499199
						],
						[
							-90.649834,
							42.500595
						],
						[
							-90.647743,
							42.501999
						],
						[
							-90.647636,
							42.503494
						],
						[
							-90.645531,
							42.504799
						],
						[
							-90.645332,
							42.506393
						],
						[
							-90.645241,
							42.507896
						],
						[
							-90.643135,
							42.509193
						],
						[
							-90.643044,
							42.510696
						],
						[
							-90.64283,
							42.512203
						],
						[
							-90.642342,
							42.5196
						],
						[
							-90.640144,
							42.520996
						],
						[
							-90.638039,
							42.5224
						],
						[
							-90.63784,
							42.525398
						],
						[
							-90.637733,
							42.526791
						],
						[
							-90.637535,
							42.528297
						],
						[
							-90.637337,
							42.531296
						],
						[
							-90.639244,
							42.532898
						],
						[
							-90.641136,
							42.534393
						],
						[
							-90.643044,
							42.535992
						],
						[
							-90.644844,
							42.537594
						],
						[
							-90.646736,
							42.5392
						],
						[
							-90.648643,
							42.540695
						],
						[
							-90.652443,
							42.543896
						],
						[
							-90.654335,
							42.545395
						],
						[
							-90.658134,
							42.548599
						],
						[
							-90.659935,
							42.550091
						],
						[
							-90.663734,
							42.553299
						],
						[
							-90.665642,
							42.55489
						],
						[
							-90.667534,
							42.556393
						],
						[
							-90.669441,
							42.557995
						],
						[
							-90.671333,
							42.559494
						],
						[
							-90.673134,
							42.561092
						],
						[
							-90.673042,
							42.562595
						],
						[
							-90.674934,
							42.56419
						],
						[
							-90.674644,
							42.568592
						],
						[
							-90.674431,
							42.570099
						],
						[
							-90.674339,
							42.57159
						],
						[
							-90.676231,
							42.573196
						],
						[
							-90.67614,
							42.574589
						],
						[
							-90.679939,
							42.577797
						],
						[
							-90.681831,
							42.579296
						],
						[
							-90.681633,
							42.580791
						],
						[
							-90.681343,
							42.585293
						],
						[
							-90.681236,
							42.586689
						],
						[
							-90.681145,
							42.588291
						],
						[
							-90.680931,
							42.589695
						],
						[
							-90.680641,
							42.59409
						],
						[
							-90.684441,
							42.597294
						],
						[
							-90.686241,
							42.598896
						],
						[
							-90.688133,
							42.600391
						],
						[
							-90.690041,
							42.601994
						],
						[
							-90.689735,
							42.606392
						],
						[
							-90.689644,
							42.607891
						],
						[
							-90.68943,
							42.60939
						],
						[
							-90.68914,
							42.613895
						],
						[
							-90.688942,
							42.616795
						],
						[
							-90.688744,
							42.61829
						],
						[
							-90.692543,
							42.621494
						],
						[
							-90.694435,
							42.622986
						],
						[
							-90.696342,
							42.624592
						],
						[
							-90.698235,
							42.626095
						],
						[
							-90.698143,
							42.627689
						],
						[
							-90.697945,
							42.629093
						],
						[
							-90.697838,
							42.630592
						],
						[
							-90.69973,
							42.632191
						],
						[
							-90.701637,
							42.633694
						],
						[
							-90.705437,
							42.63689
						],
						[
							-90.707344,
							42.63839
						],
						[
							-90.709236,
							42.639996
						],
						[
							-90.711143,
							42.641586
						],
						[
							-90.713036,
							42.643192
						],
						[
							-90.714943,
							42.644695
						],
						[
							-90.716743,
							42.646286
						],
						[
							-90.718636,
							42.647892
						],
						[
							-90.720543,
							42.64949
						],
						[
							-90.722542,
							42.649494
						],
						[
							-90.730537,
							42.649887
						],
						[
							-90.732643,
							42.649887
						],
						[
							-90.742638,
							42.650391
						],
						[
							-90.744637,
							42.650391
						],
						[
							-90.750633,
							42.650692
						],
						[
							-90.756737,
							42.650986
						],
						[
							-90.758736,
							42.650986
						],
						[
							-90.764732,
							42.651295
						],
						[
							-90.770744,
							42.651588
						],
						[
							-90.772743,
							42.651588
						],
						[
							-90.774742,
							42.651688
						],
						[
							-90.778542,
							42.654896
						],
						[
							-90.780434,
							42.656387
						],
						[
							-90.782341,
							42.65799
						],
						[
							-90.792336,
							42.658485
						],
						[
							-90.794334,
							42.658485
						],
						[
							-90.798332,
							42.658695
						],
						[
							-90.80233,
							42.65889
						],
						[
							-90.804436,
							42.658894
						],
						[
							-90.808434,
							42.659088
						],
						[
							-90.812233,
							42.662285
						],
						[
							-90.81414,
							42.663792
						],
						[
							-90.816032,
							42.66539
						],
						[
							-90.817833,
							42.666885
						],
						[
							-90.821938,
							42.667095
						],
						[
							-90.829933,
							42.667488
						],
						[
							-90.831932,
							42.667492
						],
						[
							-90.839943,
							42.667885
						],
						[
							-90.841942,
							42.667992
						],
						[
							-90.843941,
							42.667992
						],
						[
							-90.854042,
							42.668488
						],
						[
							-90.856041,
							42.668491
						],
						[
							-90.862038,
							42.668785
						],
						[
							-90.864037,
							42.668892
						],
						[
							-90.865944,
							42.67049
						],
						[
							-90.867836,
							42.671989
						],
						[
							-90.869743,
							42.673592
						],
						[
							-90.871742,
							42.673691
						],
						[
							-90.873741,
							42.673691
						],
						[
							-90.881844,
							42.674091
						],
						[
							-90.883842,
							42.674088
						],
						[
							-90.889839,
							42.674385
						],
						[
							-90.893837,
							42.674591
						],
						[
							-90.895836,
							42.674591
						],
						[
							-90.897835,
							42.674789
						],
						[
							-90.89994,
							42.674889
						],
						[
							-90.901939,
							42.674885
						],
						[
							-90.907936,
							42.67519
						],
						[
							-90.909935,
							42.675186
						],
						[
							-90.913933,
							42.675392
						],
						[
							-90.921944,
							42.675789
						],
						[
							-90.924034,
							42.675789
						],
						[
							-90.925941,
							42.677391
						],
						[
							-90.927742,
							42.678986
						],
						[
							-90.929741,
							42.680489
						],
						[
							-90.935738,
							42.680786
						],
						[
							-90.937737,
							42.680786
						],
						[
							-90.947731,
							42.68129
						],
						[
							-90.949638,
							42.682785
						],
						[
							-90.953438,
							42.685989
						],
						[
							-90.95533,
							42.687492
						],
						[
							-90.957237,
							42.689087
						],
						[
							-90.959236,
							42.689186
						],
						[
							-90.961235,
							42.689186
						],
						[
							-90.965034,
							42.69239
						],
						[
							-90.966942,
							42.693882
						],
						[
							-90.968941,
							42.693981
						],
						[
							-90.970833,
							42.695587
						],
						[
							-90.974632,
							42.698788
						],
						[
							-90.976631,
							42.698792
						],
						[
							-90.980736,
							42.69899
						],
						[
							-90.982643,
							42.700481
						],
						[
							-90.984444,
							42.702084
						],
						[
							-90.986534,
							42.702187
						],
						[
							-90.988533,
							42.702183
						],
						[
							-90.992332,
							42.705391
						],
						[
							-90.99424,
							42.706985
						],
						[
							-90.996132,
							42.708488
						],
						[
							-90.999931,
							42.711685
						],
						[
							-91.001839,
							42.713188
						],
						[
							-91.005836,
							42.713383
						],
						[
							-91.007835,
							42.713387
						],
						[
							-91.011833,
							42.713581
						],
						[
							-91.013832,
							42.713692
						],
						[
							-91.015739,
							42.715282
						],
						[
							-91.017632,
							42.716789
						],
						[
							-91.021431,
							42.719986
						],
						[
							-91.023338,
							42.721485
						],
						[
							-91.02523,
							42.723091
						],
						[
							-91.027138,
							42.724583
						],
						[
							-91.02903,
							42.726189
						],
						[
							-91.030937,
							42.727688
						],
						[
							-91.034737,
							42.730885
						],
						[
							-91.036644,
							42.732388
						],
						[
							-91.040642,
							42.73259
						],
						[
							-91.04673,
							42.732883
						],
						[
							-91.048744,
							42.732883
						],
						[
							-91.050743,
							42.732986
						],
						[
							-91.054543,
							42.736191
						],
						[
							-91.056435,
							42.737682
						],
						[
							-91.058342,
							42.739285
						],
						[
							-91.060234,
							42.740788
						],
						[
							-91.062141,
							42.742382
						],
						[
							-91.064034,
							42.743988
						],
						[
							-91.065941,
							42.745487
						],
						[
							-91.065834,
							42.746986
						],
						[
							-91.065544,
							42.751484
						],
						[
							-91.063332,
							42.752789
						],
						[
							-91.063042,
							42.757282
						],
						[
							-91.064934,
							42.758884
						],
						[
							-91.066841,
							42.760387
						],
						[
							-91.070641,
							42.763588
						],
						[
							-91.070335,
							42.767986
						],
						[
							-91.070244,
							42.769482
						],
						[
							-91.072136,
							42.770985
						],
						[
							-91.072044,
							42.772488
						],
						[
							-91.071831,
							42.775486
						],
						[
							-91.071632,
							42.776978
						],
						[
							-91.071342,
							42.78138
						],
						[
							-91.073235,
							42.782986
						],
						[
							-91.075142,
							42.784584
						],
						[
							-91.077034,
							42.786079
						],
						[
							-91.078941,
							42.787685
						],
						[
							-91.080833,
							42.789185
						],
						[
							-91.082741,
							42.790783
						],
						[
							-91.082542,
							42.793781
						],
						[
							-91.082436,
							42.795181
						],
						[
							-91.082237,
							42.798183
						],
						[
							-91.086037,
							42.801384
						],
						[
							-91.08593,
							42.802784
						],
						[
							-91.08564,
							42.807285
						],
						[
							-91.085533,
							42.808678
						],
						[
							-91.085335,
							42.810184
						],
						[
							-91.085045,
							42.814686
						],
						[
							-91.084831,
							42.817581
						],
						[
							-91.084541,
							42.822083
						],
						[
							-91.084236,
							42.826485
						],
						[
							-91.084038,
							42.827984
						],
						[
							-91.083534,
							42.835384
						],
						[
							-91.083244,
							42.839886
						],
						[
							-91.083031,
							42.841278
						],
						[
							-91.083031,
							42.842785
						],
						[
							-91.082832,
							42.844288
						],
						[
							-91.082542,
							42.848778
						],
						[
							-91.08213,
							42.854683
						],
						[
							-91.081932,
							42.857681
						],
						[
							-91.081734,
							42.859077
						],
						[
							-91.081444,
							42.863579
						],
						[
							-91.083336,
							42.865181
						],
						[
							-91.085243,
							42.866684
						],
						[
							-91.089134,
							42.869781
						],
						[
							-91.091042,
							42.871387
						],
						[
							-91.092934,
							42.872879
						],
						[
							-91.096733,
							42.876087
						],
						[
							-91.09864,
							42.877579
						],
						[
							-91.100533,
							42.879181
						],
						[
							-91.10244,
							42.880684
						],
						[
							-91.106239,
							42.883881
						],
						[
							-91.108131,
							42.885387
						],
						[
							-91.11013,
							42.885483
						],
						[
							-91.112038,
							42.887077
						],
						[
							-91.11393,
							42.88868
						],
						[
							-91.115837,
							42.890182
						],
						[
							-91.119942,
							42.890381
						],
						[
							-91.121941,
							42.890385
						],
						[
							-91.127937,
							42.890678
						],
						[
							-91.131844,
							42.893784
						],
						[
							-91.133736,
							42.895382
						],
						[
							-91.135643,
							42.896881
						],
						[
							-91.137535,
							42.898483
						],
						[
							-91.139442,
							42.899979
						],
						[
							-91.143242,
							42.903183
						],
						[
							-91.145134,
							42.904678
						],
						[
							-91.147041,
							42.906281
						],
						[
							-91.146645,
							42.912174
						],
						[
							-91.146431,
							42.915184
						],
						[
							-91.146233,
							42.916676
						],
						[
							-91.146233,
							42.918182
						],
						[
							-91.148033,
							42.919678
						],
						[
							-91.150032,
							42.92128
						],
						[
							-91.14994,
							42.922684
						],
						[
							-91.149742,
							42.924179
						],
						[
							-91.149544,
							42.927177
						],
						[
							-91.14933,
							42.930183
						],
						[
							-91.148735,
							42.93898
						],
						[
							-91.148537,
							42.941978
						],
						[
							-91.148338,
							42.943481
						],
						[
							-91.14814,
							42.94648
						],
						[
							-91.147835,
							42.950878
						],
						[
							-91.147545,
							42.955379
						],
						[
							-91.147331,
							42.958282
						],
						[
							-91.14724,
							42.959774
						],
						[
							-91.147041,
							42.961277
						],
						[
							-91.14904,
							42.96278
						],
						[
							-91.15284,
							42.965981
						],
						[
							-91.154732,
							42.967484
						],
						[
							-91.154442,
							42.971977
						],
						[
							-91.154335,
							42.973381
						],
						[
							-91.154243,
							42.974979
						],
						[
							-91.15403,
							42.976379
						],
						[
							-91.153542,
							42.98378
						],
						[
							-91.153236,
							42.988281
						],
						[
							-91.155144,
							42.989784
						],
						[
							-91.158943,
							42.992977
						],
						[
							-91.160835,
							42.99448
						],
						[
							-91.162743,
							42.996075
						],
						[
							-91.164742,
							42.997578
						],
						[
							-91.166542,
							42.999184
						],
						[
							-91.168541,
							43.000774
						],
						[
							-91.168343,
							43.003677
						],
						[
							-91.168144,
							43.00518
						],
						[
							-91.168037,
							43.006683
						],
						[
							-91.169945,
							43.008278
						],
						[
							-91.171944,
							43.009781
						],
						[
							-91.17173,
							43.012676
						],
						[
							-91.171532,
							43.014282
						],
						[
							-91.171135,
							43.02018
						],
						[
							-91.171043,
							43.021683
						],
						[
							-91.17083,
							43.024578
						],
						[
							-91.170433,
							43.030579
						],
						[
							-91.170235,
							43.031982
						],
						[
							-91.170143,
							43.033474
						],
						[
							-91.170143,
							43.034977
						],
						[
							-91.169945,
							43.03648
						],
						[
							-91.169731,
							43.039379
						],
						[
							-91.169243,
							43.046879
						],
						[
							-91.169136,
							43.048279
						],
						[
							-91.168938,
							43.051273
						],
						[
							-91.168739,
							43.052776
						],
						[
							-91.168633,
							43.05418
						],
						[
							-91.170631,
							43.055779
						],
						[
							-91.172539,
							43.057377
						],
						[
							-91.174431,
							43.05888
						],
						[
							-91.174339,
							43.060375
						],
						[
							-91.174034,
							43.064877
						],
						[
							-91.173836,
							43.06628
						],
						[
							-91.173744,
							43.067776
						],
						[
							-91.173531,
							43.070774
						],
						[
							-91.172844,
							43.081184
						],
						[
							-91.172737,
							43.082676
						],
						[
							-91.174644,
							43.084179
						],
						[
							-91.176537,
							43.085773
						],
						[
							-91.178444,
							43.087273
						],
						[
							-91.17823,
							43.090275
						],
						[
							-91.178139,
							43.091778
						],
						[
							-91.177834,
							43.09618
						],
						[
							-91.177742,
							43.097675
						],
						[
							-91.177544,
							43.099178
						],
						[
							-91.177238,
							43.10358
						],
						[
							-91.179131,
							43.105175
						],
						[
							-91.178932,
							43.10807
						],
						[
							-91.178841,
							43.109676
						],
						[
							-91.17823,
							43.118481
						],
						[
							-91.178139,
							43.119976
						],
						[
							-91.180031,
							43.121578
						],
						[
							-91.179741,
							43.125977
						],
						[
							-91.179543,
							43.127476
						],
						[
							-91.179543,
							43.128979
						],
						[
							-91.179344,
							43.130375
						],
						[
							-91.179131,
							43.133377
						],
						[
							-91.178841,
							43.137871
						],
						[
							-91.178734,
							43.139275
						],
						[
							-91.178642,
							43.140877
						],
						[
							-91.178444,
							43.14378
						],
						[
							-91.17823,
							43.145172
						],
						[
							-91.17823,
							43.146774
						],
						[
							-91.178032,
							43.148174
						],
						[
							-91.177544,
							43.155571
						],
						[
							-91.17733,
							43.158581
						],
						[
							-91.177238,
							43.160072
						],
						[
							-91.176933,
							43.164478
						],
						[
							-91.176842,
							43.165974
						],
						[
							-91.174644,
							43.167374
						],
						[
							-91.170433,
							43.170174
						],
						[
							-91.168236,
							43.171574
						],
						[
							-91.16404,
							43.17437
						],
						[
							-91.161842,
							43.175774
						],
						[
							-91.157631,
							43.178574
						],
						[
							-91.155434,
							43.17997
						],
						[
							-91.155235,
							43.182976
						],
						[
							-91.151039,
							43.185776
						],
						[
							-91.148842,
							43.187172
						],
						[
							-91.14463,
							43.189972
						],
						[
							-91.142433,
							43.19138
						],
						[
							-91.138237,
							43.19418
						],
						[
							-91.13604,
							43.195572
						],
						[
							-91.131844,
							43.198376
						],
						[
							-91.129631,
							43.199776
						],
						[
							-91.125435,
							43.202576
						],
						[
							-91.123238,
							43.203972
						],
						[
							-91.119041,
							43.206772
						],
						[
							-91.116844,
							43.208176
						],
						[
							-91.112633,
							43.210976
						],
						[
							-91.110435,
							43.212372
						],
						[
							-91.10833,
							43.213779
						],
						[
							-91.108131,
							43.216774
						],
						[
							-91.107933,
							43.218277
						],
						[
							-91.107933,
							43.219772
						],
						[
							-91.107735,
							43.221176
						],
						[
							-91.107445,
							43.22567
						],
						[
							-91.103233,
							43.228474
						],
						[
							-91.101036,
							43.229874
						],
						[
							-91.09893,
							43.23127
						],
						[
							-91.096733,
							43.232674
						],
						[
							-91.092537,
							43.235474
						],
						[
							-91.09243,
							43.236977
						],
						[
							-91.090233,
							43.238373
						],
						[
							-91.090141,
							43.23978
						],
						[
							-91.088036,
							43.241169
						],
						[
							-91.087944,
							43.242672
						],
						[
							-91.085732,
							43.244072
						],
						[
							-91.08564,
							43.245575
						],
						[
							-91.083534,
							43.246971
						],
						[
							-91.083244,
							43.251472
						],
						[
							-91.083031,
							43.252975
						],
						[
							-91.083031,
							43.254372
						],
						[
							-91.082832,
							43.255875
						],
						[
							-91.082741,
							43.25737
						],
						[
							-91.082436,
							43.261772
						],
						[
							-91.082344,
							43.263275
						],
						[
							-91.082039,
							43.26767
						],
						[
							-91.081841,
							43.269173
						],
						[
							-91.081444,
							43.27507
						],
						[
							-91.08123,
							43.278076
						],
						[
							-91.081032,
							43.281075
						],
						[
							-91.080833,
							43.282566
						],
						[
							-91.080544,
							43.286968
						],
						[
							-91.080132,
							43.292866
						],
						[
							-91.079842,
							43.297367
						],
						[
							-91.079643,
							43.298771
						],
						[
							-91.079643,
							43.300373
						],
						[
							-91.079445,
							43.301773
						],
						[
							-91.081337,
							43.303375
						],
						[
							-91.08123,
							43.304768
						],
						[
							-91.083138,
							43.306374
						],
						[
							-91.083031,
							43.307877
						],
						[
							-91.085045,
							43.309467
						],
						[
							-91.084938,
							43.310871
						],
						[
							-91.08683,
							43.312477
						],
						[
							-91.088737,
							43.314072
						],
						[
							-91.088539,
							43.316971
						],
						[
							-91.090431,
							43.318569
						],
						[
							-91.09034,
							43.320072
						],
						[
							-91.092232,
							43.321571
						],
						[
							-91.09214,
							43.323074
						],
						[
							-91.094032,
							43.32457
						],
						[
							-91.09594,
							43.326168
						],
						[
							-91.097832,
							43.327774
						],
						[
							-91.099831,
							43.329273
						],
						[
							-91.10363,
							43.33247
						],
						[
							-91.105537,
							43.333977
						],
						[
							-91.107445,
							43.335567
						],
						[
							-91.109444,
							43.33707
						],
						[
							-91.111336,
							43.338676
						],
						[
							-91.113243,
							43.340267
						],
						[
							-91.115135,
							43.341774
						],
						[
							-91.117241,
							43.341873
						],
						[
							-91.119133,
							43.343372
						],
						[
							-91.121132,
							43.343575
						],
						[
							-91.123039,
							43.345066
						],
						[
							-91.12513,
							43.345177
						],
						[
							-91.127037,
							43.346771
						],
						[
							-91.129036,
							43.346767
						],
						[
							-91.130943,
							43.348373
						],
						[
							-91.132942,
							43.348469
						],
						[
							-91.134941,
							43.349972
						],
						[
							-91.13694,
							43.350075
						],
						[
							-91.138832,
							43.351673
						],
						[
							-91.140831,
							43.351772
						],
						[
							-91.14283,
							43.353271
						],
						[
							-91.144844,
							43.353367
						],
						[
							-91.146736,
							43.35487
						],
						[
							-91.148842,
							43.354973
						],
						[
							-91.150734,
							43.356571
						],
						[
							-91.152733,
							43.35667
						],
						[
							-91.15464,
							43.358166
						],
						[
							-91.160744,
							43.358475
						],
						[
							-91.162743,
							43.358471
						],
						[
							-91.17083,
							43.358868
						],
						[
							-91.172844,
							43.360371
						],
						[
							-91.174843,
							43.36047
						],
						[
							-91.176735,
							43.362076
						],
						[
							-91.178734,
							43.362171
						],
						[
							-91.180733,
							43.36367
						],
						[
							-91.182732,
							43.363766
						],
						[
							-91.184639,
							43.365269
						],
						[
							-91.188744,
							43.365471
						],
						[
							-91.190636,
							43.367069
						],
						[
							-91.192543,
							43.368572
						],
						[
							-91.196434,
							43.37167
						],
						[
							-91.200233,
							43.374866
						],
						[
							-91.202141,
							43.376373
						],
						[
							-91.20414,
							43.377975
						],
						[
							-91.206032,
							43.379467
						],
						[
							-91.207939,
							43.381069
						],
						[
							-91.21183,
							43.384171
						],
						[
							-91.213737,
							43.385769
						],
						[
							-91.213539,
							43.388672
						],
						[
							-91.215431,
							43.39027
						],
						[
							-91.21534,
							43.39167
						],
						[
							-91.217232,
							43.393269
						],
						[
							-91.21714,
							43.394772
						],
						[
							-91.219032,
							43.39637
						],
						[
							-91.218941,
							43.397865
						],
						[
							-91.220833,
							43.399372
						],
						[
							-91.220741,
							43.400864
						],
						[
							-91.22274,
							43.402473
						],
						[
							-91.222633,
							43.403866
						],
						[
							-91.224541,
							43.405468
						],
						[
							-91.224434,
							43.406971
						],
						[
							-91.226341,
							43.408569
						],
						[
							-91.226234,
							43.409969
						],
						[
							-91.228142,
							43.411568
						],
						[
							-91.228035,
							43.412968
						],
						[
							-91.229942,
							43.414566
						],
						[
							-91.229836,
							43.416069
						],
						[
							-91.231743,
							43.417564
						],
						[
							-91.231743,
							43.419071
						],
						[
							-91.233635,
							43.420666
						],
						[
							-91.233543,
							43.422169
						],
						[
							-91.235435,
							43.423672
						],
						[
							-91.235344,
							43.425167
						],
						[
							-91.237236,
							43.426769
						],
						[
							-91.237144,
							43.428272
						],
						[
							-91.239037,
							43.429768
						],
						[
							-91.23893,
							43.431271
						],
						[
							-91.240837,
							43.432766
						],
						[
							-91.24073,
							43.434368
						],
						[
							-91.242744,
							43.435871
						],
						[
							-91.242531,
							43.437267
						],
						[
							-91.24453,
							43.438869
						],
						[
							-91.244438,
							43.440372
						],
						[
							-91.24633,
							43.441963
						],
						[
							-91.248238,
							43.44347
						],
						[
							-91.25013,
							43.445072
						],
						[
							-91.252144,
							43.446564
						],
						[
							-91.255943,
							43.449768
						],
						[
							-91.257835,
							43.451263
						],
						[
							-91.259834,
							43.452869
						],
						[
							-91.261742,
							43.454369
						],
						[
							-91.263641,
							43.455967
						],
						[
							-91.26564,
							43.45747
						],
						[
							-91.26944,
							43.460663
						],
						[
							-91.271339,
							43.46217
						],
						[
							-91.273346,
							43.463669
						],
						[
							-91.277145,
							43.466866
						],
						[
							-91.279144,
							43.468472
						],
						[
							-91.281052,
							43.469967
						],
						[
							-91.282944,
							43.471565
						],
						[
							-91.282745,
							43.474564
						],
						[
							-91.282639,
							43.475967
						],
						[
							-91.282349,
							43.480469
						],
						[
							-91.282242,
							43.481865
						],
						[
							-91.281952,
							43.486366
						],
						[
							-91.279739,
							43.487663
						],
						[
							-91.277649,
							43.48917
						],
						[
							-91.275452,
							43.490566
						],
						[
							-91.27124,
							43.493366
						],
						[
							-91.269043,
							43.494766
						],
						[
							-91.266953,
							43.496162
						],
						[
							-91.26474,
							43.497566
						],
						[
							-91.26265,
							43.498962
						],
						[
							-91.260452,
							43.50037
						],
						[
							-91.258339,
							43.501762
						],
						[
							-91.256233,
							43.50317
						],
						[
							-91.254036,
							43.504566
						],
						[
							-91.24984,
							43.507366
						],
						[
							-91.247643,
							43.508766
						],
						[
							-91.245537,
							43.510166
						],
						[
							-91.243347,
							43.511566
						],
						[
							-91.241234,
							43.512966
						],
						[
							-91.239037,
							43.514366
						],
						[
							-91.23484,
							43.517166
						],
						[
							-91.23864,
							43.520363
						],
						[
							-91.238449,
							43.523262
						],
						[
							-91.240334,
							43.524864
						],
						[
							-91.24025,
							43.526367
						],
						[
							-91.240135,
							43.527763
						],
						[
							-91.240044,
							43.529266
						],
						[
							-91.23983,
							43.532265
						],
						[
							-91.243744,
							43.535362
						],
						[
							-91.243538,
							43.536865
						],
						[
							-91.243347,
							43.539864
						],
						[
							-91.243233,
							43.541267
						],
						[
							-91.242752,
							43.548668
						],
						[
							-91.242439,
							43.553169
						],
						[
							-91.24025,
							43.554565
						],
						[
							-91.238144,
							43.555973
						],
						[
							-91.237946,
							43.558968
						],
						[
							-91.237831,
							43.560364
						],
						[
							-91.237541,
							43.564869
						],
						[
							-91.23735,
							43.566269
						],
						[
							-91.236847,
							43.573669
						],
						[
							-91.236732,
							43.575165
						],
						[
							-91.23645,
							43.579666
						],
						[
							-91.236336,
							43.581062
						],
						[
							-91.236038,
							43.585564
						],
						[
							-91.23584,
							43.586967
						],
						[
							-91.237839,
							43.588562
						],
						[
							-91.23774,
							43.590065
						],
						[
							-91.239639,
							43.591564
						],
						[
							-91.239548,
							43.593163
						],
						[
							-91.24144,
							43.594662
						],
						[
							-91.241241,
							43.597561
						],
						[
							-91.240952,
							43.602066
						],
						[
							-91.240738,
							43.605064
						],
						[
							-91.240341,
							43.610962
						],
						[
							-91.24025,
							43.612465
						],
						[
							-91.240051,
							43.613865
						],
						[
							-91.239639,
							43.619762
						],
						[
							-91.239243,
							43.625759
						],
						[
							-91.24115,
							43.627266
						],
						[
							-91.241043,
							43.628769
						],
						[
							-91.24295,
							43.630363
						],
						[
							-91.242752,
							43.633366
						],
						[
							-91.242538,
							43.636265
						],
						[
							-91.242249,
							43.640759
						],
						[
							-91.244141,
							43.642262
						],
						[
							-91.244049,
							43.643768
						],
						[
							-91.245941,
							43.64526
						],
						[
							-91.24585,
							43.646767
						],
						[
							-91.247849,
							43.648369
						],
						[
							-91.24765,
							43.651268
						],
						[
							-91.247452,
							43.652763
						],
						[
							-91.249451,
							43.654366
						],
						[
							-91.249039,
							43.660263
						],
						[
							-91.24884,
							43.661762
						],
						[
							-91.248749,
							43.663269
						],
						[
							-91.248444,
							43.667664
						],
						[
							-91.248352,
							43.669167
						],
						[
							-91.248138,
							43.672165
						],
						[
							-91.247742,
							43.678059
						],
						[
							-91.24765,
							43.679562
						],
						[
							-91.247452,
							43.680965
						],
						[
							-91.247452,
							43.682465
						],
						[
							-91.247345,
							43.683968
						],
						[
							-91.247147,
							43.685459
						],
						[
							-91.24704,
							43.686863
						],
						[
							-91.24675,
							43.691368
						],
						[
							-91.246338,
							43.697266
						],
						[
							-91.246246,
							43.698765
						],
						[
							-91.245941,
							43.703159
						],
						[
							-91.245743,
							43.706169
						],
						[
							-91.245544,
							43.707664
						],
						[
							-91.245438,
							43.709064
						],
						[
							-91.245041,
							43.715061
						],
						[
							-91.244949,
							43.716568
						],
						[
							-91.244339,
							43.725361
						],
						[
							-91.244141,
							43.726868
						],
						[
							-91.244049,
							43.728363
						],
						[
							-91.243744,
							43.732761
						],
						[
							-91.243652,
							43.734264
						],
						[
							-91.243439,
							43.737164
						],
						[
							-91.243347,
							43.738758
						],
						[
							-91.24324,
							43.740166
						],
						[
							-91.24295,
							43.744663
						],
						[
							-91.242844,
							43.746059
						],
						[
							-91.242752,
							43.747662
						],
						[
							-91.242538,
							43.749065
						],
						[
							-91.242249,
							43.753559
						],
						[
							-91.242142,
							43.754963
						],
						[
							-91.241943,
							43.757961
						],
						[
							-91.239838,
							43.759361
						],
						[
							-91.239639,
							43.76086
						],
						[
							-91.239441,
							43.76376
						],
						[
							-91.239044,
							43.769764
						],
						[
							-91.240952,
							43.771259
						],
						[
							-91.244843,
							43.774364
						],
						[
							-91.244751,
							43.77586
						],
						[
							-91.24675,
							43.775959
						],
						[
							-91.248749,
							43.777462
						],
						[
							-91.250641,
							43.779064
						],
						[
							-91.25264,
							43.780659
						],
						[
							-91.254639,
							43.780659
						],
						[
							-91.254547,
							43.782162
						],
						[
							-91.256439,
							43.783764
						],
						[
							-91.258438,
							43.785259
						],
						[
							-91.260345,
							43.786861
						],
						[
							-91.262238,
							43.788361
						],
						[
							-91.262146,
							43.789856
						],
						[
							-91.264145,
							43.791458
						],
						[
							-91.264038,
							43.792961
						],
						[
							-91.265945,
							43.794456
						],
						[
							-91.267838,
							43.796062
						],
						[
							-91.267746,
							43.797565
						],
						[
							-91.267441,
							43.801956
						],
						[
							-91.267151,
							43.806461
						],
						[
							-91.266739,
							43.812355
						],
						[
							-91.266541,
							43.813862
						],
						[
							-91.268539,
							43.815365
						],
						[
							-91.26825,
							43.819756
						],
						[
							-91.272049,
							43.82296
						],
						[
							-91.271851,
							43.825863
						],
						[
							-91.273849,
							43.827465
						],
						[
							-91.275742,
							43.82896
						],
						[
							-91.275543,
							43.831959
						],
						[
							-91.277451,
							43.833458
						],
						[
							-91.279449,
							43.83506
						],
						[
							-91.279343,
							43.836555
						],
						[
							-91.28125,
							43.838158
						],
						[
							-91.281143,
							43.839561
						],
						[
							-91.283051,
							43.841156
						],
						[
							-91.282944,
							43.842663
						],
						[
							-91.284943,
							43.844154
						],
						[
							-91.284851,
							43.845661
						],
						[
							-91.286743,
							43.847164
						],
						[
							-91.288651,
							43.848759
						],
						[
							-91.290649,
							43.850262
						],
						[
							-91.290543,
							43.851864
						],
						[
							-91.29245,
							43.853359
						],
						[
							-91.294449,
							43.853455
						],
						[
							-91.296448,
							43.854958
						],
						[
							-91.29834,
							43.85656
						],
						[
							-91.300339,
							43.858055
						],
						[
							-91.30014,
							43.861065
						],
						[
							-91.302048,
							43.862556
						],
						[
							-91.301941,
							43.864063
						],
						[
							-91.303848,
							43.865662
						],
						[
							-91.307739,
							43.868759
						],
						[
							-91.309738,
							43.870361
						],
						[
							-91.311646,
							43.871857
						],
						[
							-91.313538,
							43.873459
						],
						[
							-91.315552,
							43.874962
						],
						[
							-91.315338,
							43.87796
						],
						[
							-91.317245,
							43.879456
						],
						[
							-91.317047,
							43.882462
						],
						[
							-91.318939,
							43.884056
						],
						[
							-91.320938,
							43.885559
						],
						[
							-91.320854,
							43.887054
						],
						[
							-91.322739,
							43.888557
						],
						[
							-91.322655,
							43.89006
						],
						[
							-91.324539,
							43.891655
						],
						[
							-91.326546,
							43.893158
						],
						[
							-91.328453,
							43.89476
						],
						[
							-91.330559,
							43.894859
						],
						[
							-91.332451,
							43.896355
						],
						[
							-91.334557,
							43.896461
						],
						[
							-91.336449,
							43.898056
						],
						[
							-91.338448,
							43.898155
						],
						[
							-91.340446,
							43.899658
						],
						[
							-91.342354,
							43.90126
						],
						[
							-91.342049,
							43.905659
						],
						[
							-91.339958,
							43.907059
						],
						[
							-91.34185,
							43.908661
						],
						[
							-91.343956,
							43.908661
						],
						[
							-91.345955,
							43.90876
						],
						[
							-91.345558,
							43.914658
						],
						[
							-91.34745,
							43.91626
						],
						[
							-91.347359,
							43.917755
						],
						[
							-91.347145,
							43.92065
						],
						[
							-91.347054,
							43.922157
						],
						[
							-91.35096,
							43.925255
						],
						[
							-91.352852,
							43.926857
						],
						[
							-91.354851,
							43.92836
						],
						[
							-91.356758,
							43.929955
						],
						[
							-91.358757,
							43.931458
						],
						[
							-91.360649,
							43.93306
						],
						[
							-91.362556,
							43.934654
						],
						[
							-91.362556,
							43.936058
						],
						[
							-91.364449,
							43.93766
						],
						[
							-91.364357,
							43.939156
						],
						[
							-91.368248,
							43.942257
						],
						[
							-91.370155,
							43.943756
						],
						[
							-91.372154,
							43.945358
						],
						[
							-91.371956,
							43.946754
						],
						[
							-91.371849,
							43.948254
						],
						[
							-91.373848,
							43.94986
						],
						[
							-91.371651,
							43.951256
						],
						[
							-91.37365,
							43.952858
						],
						[
							-91.375648,
							43.952858
						],
						[
							-91.377754,
							43.952953
						],
						[
							-91.379646,
							43.95446
						],
						[
							-91.381752,
							43.954559
						],
						[
							-91.383659,
							43.956158
						],
						[
							-91.38755,
							43.959255
						],
						[
							-91.389458,
							43.960857
						],
						[
							-91.391457,
							43.962357
						],
						[
							-91.395348,
							43.965462
						],
						[
							-91.397255,
							43.967056
						],
						[
							-91.399254,
							43.968559
						],
						[
							-91.403358,
							43.968758
						],
						[
							-91.405357,
							43.968758
						],
						[
							-91.407356,
							43.97036
						],
						[
							-91.411354,
							43.970554
						],
						[
							-91.413353,
							43.972061
						],
						[
							-91.415245,
							43.973553
						],
						[
							-91.415154,
							43.975159
						],
						[
							-91.415047,
							43.976555
						],
						[
							-91.414757,
							43.981056
						],
						[
							-91.416756,
							43.982555
						],
						[
							-91.418648,
							43.984161
						],
						[
							-91.420647,
							43.985653
						],
						[
							-91.422554,
							43.987259
						],
						[
							-91.424553,
							43.98875
						],
						[
							-91.426552,
							43.988861
						],
						[
							-91.428459,
							43.990452
						],
						[
							-91.430458,
							43.991959
						],
						[
							-91.43235,
							43.993557
						],
						[
							-91.434349,
							43.995056
						],
						[
							-91.436348,
							43.995155
						],
						[
							-91.438347,
							43.996655
						],
						[
							-91.438255,
							43.998161
						],
						[
							-91.440147,
							43.999752
						],
						[
							-91.442146,
							44.001259
						],
						[
							-91.444054,
							44.002857
						],
						[
							-91.446159,
							44.002956
						],
						[
							-91.448051,
							44.004456
						],
						[
							-91.452156,
							44.004658
						],
						[
							-91.454247,
							44.004658
						],
						[
							-91.458046,
							44.007858
						],
						[
							-91.458046,
							44.009254
						],
						[
							-91.464149,
							44.00956
						],
						[
							-91.466148,
							44.00956
						],
						[
							-91.47036,
							44.009758
						],
						[
							-91.474251,
							44.012852
						],
						[
							-91.474159,
							44.014359
						],
						[
							-91.476158,
							44.014359
						],
						[
							-91.47805,
							44.015961
						],
						[
							-91.480156,
							44.015961
						],
						[
							-91.482353,
							44.014656
						],
						[
							-91.484352,
							44.014755
						],
						[
							-91.486458,
							44.014755
						],
						[
							-91.48835,
							44.016354
						],
						[
							-91.488258,
							44.01786
						],
						[
							-91.487846,
							44.023758
						],
						[
							-91.491753,
							44.026855
						],
						[
							-91.491646,
							44.028259
						],
						[
							-91.493553,
							44.029861
						],
						[
							-91.495659,
							44.029858
						],
						[
							-91.497658,
							44.031452
						],
						[
							-91.49955,
							44.033058
						],
						[
							-91.501549,
							44.033058
						],
						[
							-91.503654,
							44.033157
						],
						[
							-91.505547,
							44.03476
						],
						[
							-91.505348,
							44.037659
						],
						[
							-91.507347,
							44.039261
						],
						[
							-91.509346,
							44.03936
						],
						[
							-91.511559,
							44.037853
						],
						[
							-91.515648,
							44.038055
						],
						[
							-91.517647,
							44.038055
						],
						[
							-91.519646,
							44.039654
						],
						[
							-91.52166,
							44.039753
						],
						[
							-91.523659,
							44.041355
						],
						[
							-91.525658,
							44.041359
						],
						[
							-91.527657,
							44.042961
						],
						[
							-91.529655,
							44.04306
						],
						[
							-91.531746,
							44.043056
						],
						[
							-91.531853,
							44.041557
						],
						[
							-91.533958,
							44.040161
						],
						[
							-91.540154,
							44.040459
						],
						[
							-91.540245,
							44.038853
						],
						[
							-91.542458,
							44.03756
						],
						[
							-91.544456,
							44.03756
						],
						[
							-91.546455,
							44.037659
						],
						[
							-91.55085,
							44.034855
						],
						[
							-91.552757,
							44.036461
						],
						[
							-91.554756,
							44.037956
						],
						[
							-91.556648,
							44.039558
						],
						[
							-91.558647,
							44.041061
						],
						[
							-91.55645,
							44.042454
						],
						[
							-91.554451,
							44.042358
						],
						[
							-91.552254,
							44.043751
						],
						[
							-91.552055,
							44.046761
						],
						[
							-91.553947,
							44.048355
						],
						[
							-91.551857,
							44.049759
						],
						[
							-91.55175,
							44.051254
						],
						[
							-91.553749,
							44.051254
						],
						[
							-91.555855,
							44.051361
						],
						[
							-91.555946,
							44.049858
						],
						[
							-91.558159,
							44.04845
						],
						[
							-91.560249,
							44.047058
						],
						[
							-91.562355,
							44.047157
						],
						[
							-91.564354,
							44.047153
						],
						[
							-91.566353,
							44.048756
						],
						[
							-91.566246,
							44.050255
						],
						[
							-91.566048,
							44.051754
						],
						[
							-91.568047,
							44.053257
						],
						[
							-91.567955,
							44.054756
						],
						[
							-91.570045,
							44.054756
						],
						[
							-91.57206,
							44.054855
						],
						[
							-91.574257,
							44.053455
						],
						[
							-91.574547,
							44.049057
						],
						[
							-91.576653,
							44.047661
						],
						[
							-91.578651,
							44.049156
						],
						[
							-91.58065,
							44.049252
						],
						[
							-91.580849,
							44.046257
						],
						[
							-91.583046,
							44.044861
						],
						[
							-91.584953,
							44.046455
						],
						[
							-91.586952,
							44.047958
						],
						[
							-91.588951,
							44.048058
						],
						[
							-91.589058,
							44.046551
						],
						[
							-91.591255,
							44.045158
						],
						[
							-91.591347,
							44.043755
						],
						[
							-91.589348,
							44.042156
						],
						[
							-91.589546,
							44.039162
						],
						[
							-91.587654,
							44.037659
						],
						[
							-91.58976,
							44.036255
						],
						[
							-91.59185,
							44.036255
						],
						[
							-91.593758,
							44.037857
						],
						[
							-91.595757,
							44.039459
						],
						[
							-91.59565,
							44.040855
						],
						[
							-91.597557,
							44.042358
						],
						[
							-91.599556,
							44.043961
						],
						[
							-91.601448,
							44.045555
						],
						[
							-91.603447,
							44.047058
						],
						[
							-91.605354,
							44.04866
						],
						[
							-91.605164,
							44.051559
						],
						[
							-91.607155,
							44.053158
						],
						[
							-91.609154,
							44.053162
						],
						[
							-91.615356,
							44.053455
						],
						[
							-91.617355,
							44.055058
						],
						[
							-91.619354,
							44.055061
						],
						[
							-91.621452,
							44.055157
						],
						[
							-91.623367,
							44.056652
						],
						[
							-91.625458,
							44.056755
						],
						[
							-91.627365,
							44.058258
						],
						[
							-91.629448,
							44.058357
						],
						[
							-91.631363,
							44.059959
						],
						[
							-91.633453,
							44.059956
						],
						[
							-91.635468,
							44.060059
						],
						[
							-91.637466,
							44.061661
						],
						[
							-91.639359,
							44.063156
						],
						[
							-91.641357,
							44.064655
						],
						[
							-91.643265,
							44.066257
						],
						[
							-91.647156,
							44.069359
						],
						[
							-91.647064,
							44.070858
						],
						[
							-91.649063,
							44.072357
						],
						[
							-91.650955,
							44.073959
						],
						[
							-91.652954,
							44.075451
						],
						[
							-91.654953,
							44.075562
						],
						[
							-91.656967,
							44.077156
						],
						[
							-91.65686,
							44.078659
						],
						[
							-91.658966,
							44.078655
						],
						[
							-91.660858,
							44.080257
						],
						[
							-91.662857,
							44.081757
						],
						[
							-91.664764,
							44.08326
						],
						[
							-91.666763,
							44.084858
						],
						[
							-91.668655,
							44.086456
						],
						[
							-91.668564,
							44.08786
						],
						[
							-91.670654,
							44.087959
						],
						[
							-91.672562,
							44.089561
						],
						[
							-91.672455,
							44.090958
						],
						[
							-91.674454,
							44.09256
						],
						[
							-91.676453,
							44.094055
						],
						[
							-91.676254,
							44.095558
						],
						[
							-91.67836,
							44.095657
						],
						[
							-91.680359,
							44.09716
						],
						[
							-91.682465,
							44.095757
						],
						[
							-91.684464,
							44.097359
						],
						[
							-91.686462,
							44.097359
						],
						[
							-91.692657,
							44.097656
						],
						[
							-91.694656,
							44.097656
						],
						[
							-91.698761,
							44.097855
						],
						[
							-91.700867,
							44.097851
						],
						[
							-91.702866,
							44.097961
						],
						[
							-91.704865,
							44.099556
						],
						[
							-91.706863,
							44.099556
						],
						[
							-91.708862,
							44.101158
						],
						[
							-91.710861,
							44.102661
						],
						[
							-91.712753,
							44.104256
						],
						[
							-91.712662,
							44.105759
						],
						[
							-91.714661,
							44.107262
						],
						[
							-91.714554,
							44.108753
						],
						[
							-91.716461,
							44.110359
						],
						[
							-91.71846,
							44.111851
						],
						[
							-91.720566,
							44.111855
						],
						[
							-91.722458,
							44.113453
						],
						[
							-91.724457,
							44.115059
						],
						[
							-91.726364,
							44.11655
						],
						[
							-91.730453,
							44.11676
						],
						[
							-91.732559,
							44.11676
						],
						[
							-91.734665,
							44.116859
						],
						[
							-91.736557,
							44.118351
						],
						[
							-91.738556,
							44.119957
						],
						[
							-91.740463,
							44.121555
						],
						[
							-91.742462,
							44.123055
						],
						[
							-91.744461,
							44.123161
						],
						[
							-91.746567,
							44.123161
						],
						[
							-91.748459,
							44.124752
						],
						[
							-91.750458,
							44.126358
						],
						[
							-91.752457,
							44.127758
						],
						[
							-91.752365,
							44.129356
						],
						[
							-91.754257,
							44.130859
						],
						[
							-91.756363,
							44.130959
						],
						[
							-91.760254,
							44.134056
						],
						[
							-91.760162,
							44.13546
						],
						[
							-91.762054,
							44.137054
						],
						[
							-91.764053,
							44.138557
						],
						[
							-91.766159,
							44.138657
						],
						[
							-91.768066,
							44.14016
						],
						[
							-91.770065,
							44.141762
						],
						[
							-91.771957,
							44.143257
						],
						[
							-91.774063,
							44.143353
						],
						[
							-91.775955,
							44.144958
						],
						[
							-91.777954,
							44.146461
						],
						[
							-91.78186,
							44.149559
						],
						[
							-91.783859,
							44.151161
						],
						[
							-91.785767,
							44.152657
						],
						[
							-91.787857,
							44.152752
						],
						[
							-91.789963,
							44.152756
						],
						[
							-91.791855,
							44.154358
						],
						[
							-91.793854,
							44.15596
						],
						[
							-91.795853,
							44.157455
						],
						[
							-91.797867,
							44.157455
						],
						[
							-91.799866,
							44.159054
						],
						[
							-91.801758,
							44.16066
						],
						[
							-91.803757,
							44.16066
						],
						[
							-91.805756,
							44.162254
						],
						[
							-91.807755,
							44.163757
						],
						[
							-91.809753,
							44.163857
						],
						[
							-91.811768,
							44.165462
						],
						[
							-91.813766,
							44.166962
						],
						[
							-91.815659,
							44.168556
						],
						[
							-91.817657,
							44.170059
						],
						[
							-91.819565,
							44.171555
						],
						[
							-91.821564,
							44.173153
						],
						[
							-91.821457,
							44.17466
						],
						[
							-91.823456,
							44.176155
						],
						[
							-91.825363,
							44.177654
						],
						[
							-91.825256,
							44.179161
						],
						[
							-91.827263,
							44.180756
						],
						[
							-91.829262,
							44.180855
						],
						[
							-91.831253,
							44.182358
						],
						[
							-91.833275,
							44.183861
						],
						[
							-91.833168,
							44.18536
						],
						[
							-91.835075,
							44.186958
						],
						[
							-91.835075,
							44.188461
						],
						[
							-91.836967,
							44.189957
						],
						[
							-91.836861,
							44.19146
						],
						[
							-91.838875,
							44.192955
						],
						[
							-91.840767,
							44.194557
						],
						[
							-91.842766,
							44.196159
						],
						[
							-91.844765,
							44.197655
						],
						[
							-91.846672,
							44.199158
						],
						[
							-91.848671,
							44.20076
						],
						[
							-91.850563,
							44.202255
						],
						[
							-91.852562,
							44.203758
						],
						[
							-91.854561,
							44.20536
						],
						[
							-91.856468,
							44.206955
						],
						[
							-91.860466,
							44.209961
						],
						[
							-91.862373,
							44.211555
						],
						[
							-91.866264,
							44.214661
						],
						[
							-91.868263,
							44.216156
						],
						[
							-91.870262,
							44.217758
						],
						[
							-91.870171,
							44.219154
						],
						[
							-91.872063,
							44.220757
						],
						[
							-91.874062,
							44.222359
						],
						[
							-91.878075,
							44.225357
						],
						[
							-91.879967,
							44.226959
						],
						[
							-91.882072,
							44.227058
						],
						[
							-91.884071,
							44.227058
						],
						[
							-91.889961,
							44.231762
						],
						[
							-91.893974,
							44.234756
						],
						[
							-91.893761,
							44.237755
						],
						[
							-91.893669,
							44.239258
						],
						[
							-91.891472,
							44.240662
						],
						[
							-91.891365,
							44.242058
						],
						[
							-91.889275,
							44.243561
						],
						[
							-91.889061,
							44.24646
						],
						[
							-91.888771,
							44.250965
						],
						[
							-91.888573,
							44.253864
						],
						[
							-91.894463,
							44.25856
						],
						[
							-91.896461,
							44.260056
						],
						[
							-91.89846,
							44.261658
						],
						[
							-91.902367,
							44.264755
						],
						[
							-91.904366,
							44.264755
						],
						[
							-91.906364,
							44.266361
						],
						[
							-91.908363,
							44.267864
						],
						[
							-91.910271,
							44.269459
						],
						[
							-91.912361,
							44.269455
						],
						[
							-91.914375,
							44.271057
						],
						[
							-91.916267,
							44.272659
						],
						[
							-91.916161,
							44.274055
						],
						[
							-91.918175,
							44.275658
						],
						[
							-91.920265,
							44.275761
						],
						[
							-91.920174,
							44.277161
						],
						[
							-91.922066,
							44.278755
						],
						[
							-91.921867,
							44.281654
						],
						[
							-91.923866,
							44.283257
						],
						[
							-91.923561,
							44.287663
						],
						[
							-91.923561,
							44.289162
						],
						[
							-91.923363,
							44.290562
						],
						[
							-91.925362,
							44.29216
						],
						[
							-91.927361,
							44.293655
						],
						[
							-91.927071,
							44.298161
						],
						[
							-91.924965,
							44.299564
						],
						[
							-91.924767,
							44.302563
						],
						[
							-91.922569,
							44.303959
						],
						[
							-91.920464,
							44.305363
						],
						[
							-91.920265,
							44.308262
						],
						[
							-91.919975,
							44.312759
						],
						[
							-91.921974,
							44.314255
						],
						[
							-91.923866,
							44.315857
						],
						[
							-91.925972,
							44.315861
						],
						[
							-91.925575,
							44.321758
						],
						[
							-91.929573,
							44.324959
						],
						[
							-91.931465,
							44.326462
						],
						[
							-91.933464,
							44.327957
						],
						[
							-91.935463,
							44.329559
						],
						[
							-91.937462,
							44.329563
						],
						[
							-91.93737,
							44.331055
						],
						[
							-91.939369,
							44.332661
						],
						[
							-91.941368,
							44.334164
						],
						[
							-91.943275,
							44.335659
						],
						[
							-91.943275,
							44.337158
						],
						[
							-91.945168,
							44.33876
						],
						[
							-91.947273,
							44.33886
						],
						[
							-91.949272,
							44.338863
						],
						[
							-91.951271,
							44.340355
						],
						[
							-91.95108,
							44.343365
						],
						[
							-91.950966,
							44.34486
						],
						[
							-91.952972,
							44.346462
						],
						[
							-91.955078,
							44.346458
						],
						[
							-91.958969,
							44.34956
						],
						[
							-91.960968,
							44.351059
						],
						[
							-91.962875,
							44.352665
						],
						[
							-91.964874,
							44.354156
						],
						[
							-91.966873,
							44.355762
						],
						[
							-91.966782,
							44.357155
						],
						[
							-91.968781,
							44.358757
						],
						[
							-91.970673,
							44.360359
						],
						[
							-91.97287,
							44.35886
						],
						[
							-91.974777,
							44.360363
						],
						[
							-91.978775,
							44.36356
						],
						[
							-91.980881,
							44.362064
						],
						[
							-91.982971,
							44.362164
						],
						[
							-91.985168,
							44.360756
						],
						[
							-91.987183,
							44.360859
						],
						[
							-91.989273,
							44.360859
						],
						[
							-91.991272,
							44.360958
						],
						[
							-91.993469,
							44.359562
						],
						[
							-91.995468,
							44.359562
						],
						[
							-91.997681,
							44.358154
						],
						[
							-91.99968,
							44.35976
						],
						[
							-91.997482,
							44.361164
						],
						[
							-91.995377,
							44.36256
						],
						[
							-91.993271,
							44.36256
						],
						[
							-91.99118,
							44.36396
						],
						[
							-91.993073,
							44.365459
						],
						[
							-91.995178,
							44.365559
						],
						[
							-91.997269,
							44.365559
						],
						[
							-91.999176,
							44.367161
						],
						[
							-92.001282,
							44.367161
						],
						[
							-92.003372,
							44.36726
						],
						[
							-92.00528,
							44.368763
						],
						[
							-92.00737,
							44.368862
						],
						[
							-92.009369,
							44.370461
						],
						[
							-92.011276,
							44.371956
						],
						[
							-92.013275,
							44.373463
						],
						[
							-92.015274,
							44.375061
						],
						[
							-92.017273,
							44.375164
						],
						[
							-92.019272,
							44.376659
						],
						[
							-92.021271,
							44.378262
						],
						[
							-92.02327,
							44.379761
						],
						[
							-92.025177,
							44.38126
						],
						[
							-92.027283,
							44.381359
						],
						[
							-92.029282,
							44.382858
						],
						[
							-92.031281,
							44.382961
						],
						[
							-92.033279,
							44.384563
						],
						[
							-92.03537,
							44.384563
						],
						[
							-92.037369,
							44.384663
						],
						[
							-92.039474,
							44.384663
						],
						[
							-92.041473,
							44.386265
						],
						[
							-92.041382,
							44.38776
						],
						[
							-92.043274,
							44.389263
						],
						[
							-92.045471,
							44.387859
						],
						[
							-92.04747,
							44.389458
						],
						[
							-92.049469,
							44.389462
						],
						[
							-92.051468,
							44.390961
						],
						[
							-92.051376,
							44.39246
						],
						[
							-92.053375,
							44.394062
						],
						[
							-92.057281,
							44.39716
						],
						[
							-92.059372,
							44.39716
						],
						[
							-92.063477,
							44.397366
						],
						[
							-92.065582,
							44.397366
						],
						[
							-92.069473,
							44.400463
						],
						[
							-92.071472,
							44.401958
						],
						[
							-92.073471,
							44.402061
						],
						[
							-92.07547,
							44.403656
						],
						[
							-92.077469,
							44.405163
						],
						[
							-92.077377,
							44.406654
						],
						[
							-92.079483,
							44.406658
						],
						[
							-92.083572,
							44.406864
						],
						[
							-92.085571,
							44.40836
						],
						[
							-92.08757,
							44.408459
						],
						[
							-92.089569,
							44.409962
						],
						[
							-92.091675,
							44.410057
						],
						[
							-92.093781,
							44.408665
						],
						[
							-92.095871,
							44.408665
						],
						[
							-92.097977,
							44.408764
						],
						[
							-92.099869,
							44.410259
						],
						[
							-92.10408,
							44.410465
						],
						[
							-92.106079,
							44.410465
						],
						[
							-92.110168,
							44.410664
						],
						[
							-92.112183,
							44.412159
						],
						[
							-92.114273,
							44.412258
						],
						[
							-92.116272,
							44.412258
						],
						[
							-92.118469,
							44.410858
						],
						[
							-92.120575,
							44.410862
						],
						[
							-92.12468,
							44.411057
						],
						[
							-92.126678,
							44.411057
						],
						[
							-92.130875,
							44.411255
						],
						[
							-92.13298,
							44.411366
						],
						[
							-92.13707,
							44.411366
						],
						[
							-92.139076,
							44.411461
						],
						[
							-92.14109,
							44.413055
						],
						[
							-92.143181,
							44.413059
						],
						[
							-92.145287,
							44.411762
						],
						[
							-92.147377,
							44.411762
						],
						[
							-92.149376,
							44.413265
						],
						[
							-92.153481,
							44.413464
						],
						[
							-92.155586,
							44.411957
						],
						[
							-92.159782,
							44.412159
						],
						[
							-92.161781,
							44.413658
						],
						[
							-92.16378,
							44.413662
						],
						[
							-92.165886,
							44.413761
						],
						[
							-92.167885,
							44.415264
						],
						[
							-92.169991,
							44.41386
						],
						[
							-92.171989,
							44.415462
						],
						[
							-92.173988,
							44.415558
						],
						[
							-92.176079,
							44.415562
						],
						[
							-92.178078,
							44.417164
						],
						[
							-92.180183,
							44.41716
						],
						[
							-92.182182,
							44.417263
						],
						[
							-92.184288,
							44.417259
						],
						[
							-92.186287,
							44.417362
						],
						[
							-92.188377,
							44.417358
						],
						[
							-92.192482,
							44.417557
						],
						[
							-92.194679,
							44.416164
						],
						[
							-92.196678,
							44.416264
						],
						[
							-92.198677,
							44.417759
						],
						[
							-92.200783,
							44.417759
						],
						[
							-92.20269,
							44.419357
						],
						[
							-92.204781,
							44.419361
						],
						[
							-92.206779,
							44.420963
						],
						[
							-92.208885,
							44.421062
						],
						[
							-92.210884,
							44.421059
						],
						[
							-92.212883,
							44.422562
						],
						[
							-92.214989,
							44.422665
						],
						[
							-92.217079,
							44.421257
						],
						[
							-92.219185,
							44.42136
						],
						[
							-92.221184,
							44.421356
						],
						[
							-92.223183,
							44.422962
						],
						[
							-92.225288,
							44.422958
						],
						[
							-92.227287,
							44.423061
						],
						[
							-92.229378,
							44.423061
						],
						[
							-92.231377,
							44.424664
						],
						[
							-92.233376,
							44.424664
						],
						[
							-92.23539,
							44.426258
						],
						[
							-92.237389,
							44.427761
						],
						[
							-92.241478,
							44.427959
						],
						[
							-92.243477,
							44.429462
						],
						[
							-92.243279,
							44.432362
						],
						[
							-92.245277,
							44.433964
						],
						[
							-92.247276,
							44.435459
						],
						[
							-92.24929,
							44.437061
						],
						[
							-92.251289,
							44.438564
						],
						[
							-92.251183,
							44.44006
						],
						[
							-92.253181,
							44.441662
						],
						[
							-92.25309,
							44.443066
						],
						[
							-92.255089,
							44.444561
						],
						[
							-92.25489,
							44.447559
						],
						[
							-92.256889,
							44.449062
						],
						[
							-92.258888,
							44.449162
						],
						[
							-92.260887,
							44.450665
						],
						[
							-92.262978,
							44.450764
						],
						[
							-92.264977,
							44.452358
						],
						[
							-92.267082,
							44.450863
						],
						[
							-92.269081,
							44.452465
						],
						[
							-92.27108,
							44.45396
						],
						[
							-92.272987,
							44.455563
						],
						[
							-92.272987,
							44.456959
						],
						[
							-92.276878,
							44.460064
						],
						[
							-92.276787,
							44.461559
						],
						[
							-92.276787,
							44.463058
						],
						[
							-92.27459,
							44.464458
						],
						[
							-92.274483,
							44.465862
						],
						[
							-92.278587,
							44.466061
						],
						[
							-92.280678,
							44.466061
						],
						[
							-92.282677,
							44.467663
						],
						[
							-92.282478,
							44.470661
						],
						[
							-92.28849,
							44.475163
						],
						[
							-92.288078,
							44.481056
						],
						[
							-92.292076,
							44.484264
						],
						[
							-92.291985,
							44.485657
						],
						[
							-92.293983,
							44.487263
						],
						[
							-92.29599,
							44.488754
						],
						[
							-92.295784,
							44.491764
						],
						[
							-92.297783,
							44.493256
						],
						[
							-92.297386,
							44.499165
						],
						[
							-92.297386,
							44.500664
						],
						[
							-92.299286,
							44.502159
						],
						[
							-92.299286,
							44.503658
						],
						[
							-92.298996,
							44.50816
						],
						[
							-92.298882,
							44.509663
						],
						[
							-92.298691,
							44.512562
						],
						[
							-92.298691,
							44.514065
						],
						[
							-92.298492,
							44.51696
						],
						[
							-92.300491,
							44.518559
						],
						[
							-92.300385,
							44.519962
						],
						[
							-92.300186,
							44.522961
						],
						[
							-92.302185,
							44.524464
						],
						[
							-92.304184,
							44.526058
						],
						[
							-92.306198,
							44.527561
						],
						[
							-92.305984,
							44.53056
						],
						[
							-92.307983,
							44.532063
						],
						[
							-92.307785,
							44.535061
						],
						[
							-92.311798,
							44.538059
						],
						[
							-92.313797,
							44.539661
						],
						[
							-92.315796,
							44.541161
						],
						[
							-92.319687,
							44.544262
						],
						[
							-92.321793,
							44.544361
						],
						[
							-92.323898,
							44.544361
						],
						[
							-92.325897,
							44.54446
						],
						[
							-92.327896,
							44.546062
						],
						[
							-92.329987,
							44.546062
						],
						[
							-92.331985,
							44.547665
						],
						[
							-92.333984,
							44.547665
						],
						[
							-92.33609,
							44.547764
						],
						[
							-92.338196,
							44.547764
						],
						[
							-92.340195,
							44.549358
						],
						[
							-92.344284,
							44.549358
						],
						[
							-92.348389,
							44.549564
						],
						[
							-92.350388,
							44.55106
						],
						[
							-92.352493,
							44.551159
						],
						[
							-92.354584,
							44.551159
						],
						[
							-92.356598,
							44.551258
						],
						[
							-92.358688,
							44.551254
						],
						[
							-92.360794,
							44.551361
						],
						[
							-92.362686,
							44.552959
						],
						[
							-92.364792,
							44.552959
						],
						[
							-92.366898,
							44.553055
						],
						[
							-92.368896,
							44.553059
						],
						[
							-92.370987,
							44.553162
						],
						[
							-92.373093,
							44.553165
						],
						[
							-92.377197,
							44.553364
						],
						[
							-92.379288,
							44.55336
						],
						[
							-92.383392,
							44.553562
						],
						[
							-92.385391,
							44.555065
						],
						[
							-92.387497,
							44.555065
						],
						[
							-92.391586,
							44.555264
						],
						[
							-92.393585,
							44.556759
						],
						[
							-92.395584,
							44.556759
						],
						[
							-92.39769,
							44.556854
						],
						[
							-92.401886,
							44.557064
						],
						[
							-92.405991,
							44.55706
						],
						[
							-92.408096,
							44.557163
						],
						[
							-92.410095,
							44.557163
						],
						[
							-92.412094,
							44.558765
						],
						[
							-92.414185,
							44.558865
						],
						[
							-92.41629,
							44.558865
						],
						[
							-92.418198,
							44.560459
						],
						[
							-92.420197,
							44.561962
						],
						[
							-92.422287,
							44.561958
						],
						[
							-92.426392,
							44.56216
						],
						[
							-92.428497,
							44.56216
						],
						[
							-92.430588,
							44.56226
						],
						[
							-92.432587,
							44.56226
						],
						[
							-92.434586,
							44.563862
						],
						[
							-92.436691,
							44.563862
						],
						[
							-92.438797,
							44.563961
						],
						[
							-92.440796,
							44.563961
						],
						[
							-92.442795,
							44.565563
						],
						[
							-92.444893,
							44.565662
						],
						[
							-92.446999,
							44.565662
						],
						[
							-92.448997,
							44.565758
						],
						[
							-92.450996,
							44.567265
						],
						[
							-92.453102,
							44.567364
						],
						[
							-92.455193,
							44.567368
						],
						[
							-92.457191,
							44.567463
						],
						[
							-92.459297,
							44.567463
						],
						[
							-92.463402,
							44.567661
						],
						[
							-92.465492,
							44.567661
						],
						[
							-92.467491,
							44.569263
						],
						[
							-92.469597,
							44.56926
						],
						[
							-92.471596,
							44.569363
						],
						[
							-92.473701,
							44.569359
						],
						[
							-92.475792,
							44.569462
						],
						[
							-92.477791,
							44.569458
						],
						[
							-92.480003,
							44.568066
						],
						[
							-92.482002,
							44.568165
						],
						[
							-92.484093,
							44.568165
						],
						[
							-92.488304,
							44.568363
						],
						[
							-92.492393,
							44.568363
						],
						[
							-92.496498,
							44.568558
						],
						[
							-92.498604,
							44.568562
						],
						[
							-92.500694,
							44.568661
						],
						[
							-92.502693,
							44.568661
						],
						[
							-92.504692,
							44.570263
						],
						[
							-92.506798,
							44.570263
						],
						[
							-92.508797,
							44.571758
						],
						[
							-92.510796,
							44.573357
						],
						[
							-92.512794,
							44.574863
						],
						[
							-92.514793,
							44.574963
						],
						[
							-92.516899,
							44.574963
						],
						[
							-92.521004,
							44.575161
						],
						[
							-92.523094,
							44.575161
						],
						[
							-92.5252,
							44.57526
						],
						[
							-92.527199,
							44.576763
						],
						[
							-92.529198,
							44.576862
						],
						[
							-92.531303,
							44.576862
						],
						[
							-92.535393,
							44.577061
						],
						[
							-92.539604,
							44.577061
						],
						[
							-92.541695,
							44.57716
						],
						[
							-92.543602,
							44.578663
						],
						[
							-92.543602,
							44.580158
						],
						[
							-92.547493,
							44.583263
						],
						[
							-92.549492,
							44.584759
						],
						[
							-92.551491,
							44.586361
						],
						[
							-92.555504,
							44.589359
						],
						[
							-92.557503,
							44.590961
						],
						[
							-92.557396,
							44.592464
						],
						[
							-92.559395,
							44.593956
						],
						[
							-92.559303,
							44.59536
						],
						[
							-92.561302,
							44.596958
						],
						[
							-92.563301,
							44.598461
						],
						[
							-92.565392,
							44.59856
						],
						[
							-92.567497,
							44.59856
						],
						[
							-92.569496,
							44.59866
						],
						[
							-92.571495,
							44.600163
						],
						[
							-92.573494,
							44.601765
						],
						[
							-92.575493,
							44.60326
						],
						[
							-92.577599,
							44.603359
						],
						[
							-92.579597,
							44.603359
						],
						[
							-92.581703,
							44.603455
						],
						[
							-92.583794,
							44.603455
						],
						[
							-92.585793,
							44.604961
						],
						[
							-92.587791,
							44.606564
						],
						[
							-92.589806,
							44.608055
						],
						[
							-92.591805,
							44.608158
						],
						[
							-92.593895,
							44.608158
						],
						[
							-92.598,
							44.608364
						],
						[
							-92.600105,
							44.608364
						],
						[
							-92.602104,
							44.609856
						],
						[
							-92.604195,
							44.609959
						],
						[
							-92.606194,
							44.609955
						],
						[
							-92.608299,
							44.610065
						],
						[
							-92.610298,
							44.611561
						],
						[
							-92.612404,
							44.61166
						],
						[
							-92.61441,
							44.61166
						],
						[
							-92.616493,
							44.611759
						],
						[
							-92.6185,
							44.613262
						],
						[
							-92.620605,
							44.613361
						],
						[
							-92.622604,
							44.614864
						],
						[
							-92.622513,
							44.61636
						],
						[
							-92.622292,
							44.619358
						],
						[
							-92.622299,
							44.620758
						],
						[
							-92.620102,
							44.622261
						],
						[
							-92.62001,
							44.623661
						],
						[
							-92.62001,
							44.625164
						],
						[
							-92.619812,
							44.628162
						],
						[
							-92.619598,
							44.631157
						],
						[
							-92.623611,
							44.634159
						],
						[
							-92.62561,
							44.635761
						],
						[
							-92.62561,
							44.637165
						],
						[
							-92.627502,
							44.638657
						],
						[
							-92.629608,
							44.63876
						],
						[
							-92.631607,
							44.640263
						],
						[
							-92.633606,
							44.641861
						],
						[
							-92.635605,
							44.64336
						],
						[
							-92.637604,
							44.644958
						],
						[
							-92.639709,
							44.644962
						],
						[
							-92.641708,
							44.646465
						],
						[
							-92.643707,
							44.646564
						],
						[
							-92.645706,
							44.64806
						],
						[
							-92.647812,
							44.64806
						],
						[
							-92.651901,
							44.648258
						],
						[
							-92.654007,
							44.648254
						],
						[
							-92.656113,
							44.648365
						],
						[
							-92.658112,
							44.64986
						],
						[
							-92.658005,
							44.65136
						],
						[
							-92.660004,
							44.652859
						],
						[
							-92.662003,
							44.654461
						],
						[
							-92.661804,
							44.65736
						],
						[
							-92.661804,
							44.658863
						],
						[
							-92.663803,
							44.660465
						],
						[
							-92.663712,
							44.661858
						],
						[
							-92.66571,
							44.663364
						],
						[
							-92.667709,
							44.664959
						],
						[
							-92.669708,
							44.666462
						],
						[
							-92.669601,
							44.667965
						],
						[
							-92.6716,
							44.66946
						],
						[
							-92.673599,
							44.671062
						],
						[
							-92.675613,
							44.671059
						],
						[
							-92.677704,
							44.672562
						],
						[
							-92.679703,
							44.67416
						],
						[
							-92.683701,
							44.677158
						],
						[
							-92.683609,
							44.678661
						],
						[
							-92.685608,
							44.680264
						],
						[
							-92.685501,
							44.68166
						],
						[
							-92.6875,
							44.683262
						],
						[
							-92.689499,
							44.684765
						],
						[
							-92.691513,
							44.686256
						],
						[
							-92.693512,
							44.687763
						],
						[
							-92.695511,
							44.689365
						],
						[
							-92.699509,
							44.692364
						],
						[
							-92.701599,
							44.692463
						],
						[
							-92.703613,
							44.694065
						],
						[
							-92.705612,
							44.694065
						],
						[
							-92.707611,
							44.69556
						],
						[
							-92.70961,
							44.697163
						],
						[
							-92.713608,
							44.700161
						],
						[
							-92.715607,
							44.701763
						],
						[
							-92.719604,
							44.704762
						],
						[
							-92.721603,
							44.706364
						],
						[
							-92.723709,
							44.706364
						],
						[
							-92.725708,
							44.707958
						],
						[
							-92.727707,
							44.709362
						],
						[
							-92.729706,
							44.710964
						],
						[
							-92.731705,
							44.711063
						],
						[
							-92.733704,
							44.712559
						],
						[
							-92.735809,
							44.712555
						],
						[
							-92.737808,
							44.714161
						],
						[
							-92.739807,
							44.715664
						],
						[
							-92.741913,
							44.715763
						],
						[
							-92.743912,
							44.717258
						],
						[
							-92.746002,
							44.717365
						],
						[
							-92.748001,
							44.718861
						],
						[
							-92.75,
							44.718861
						],
						[
							-92.752106,
							44.71896
						],
						[
							-92.754105,
							44.720463
						],
						[
							-92.75621,
							44.720562
						],
						[
							-92.760208,
							44.72356
						],
						[
							-92.762207,
							44.725163
						],
						[
							-92.764206,
							44.726665
						],
						[
							-92.766205,
							44.726665
						],
						[
							-92.768311,
							44.728256
						],
						[
							-92.770309,
							44.72826
						],
						[
							-92.7724,
							44.728359
						],
						[
							-92.774399,
							44.729862
						],
						[
							-92.776505,
							44.729961
						],
						[
							-92.780502,
							44.73296
						],
						[
							-92.782509,
							44.733055
						],
						[
							-92.784607,
							44.734562
						],
						[
							-92.786613,
							44.734661
						],
						[
							-92.788612,
							44.736164
						],
						[
							-92.790718,
							44.736164
						],
						[
							-92.792809,
							44.736259
						],
						[
							-92.794807,
							44.737759
						],
						[
							-92.794609,
							44.740765
						],
						[
							-92.796608,
							44.74226
						],
						[
							-92.798714,
							44.742359
						],
						[
							-92.800819,
							44.742359
						],
						[
							-92.80291,
							44.742455
						],
						[
							-92.804909,
							44.742565
						],
						[
							-92.807014,
							44.742561
						],
						[
							-92.809013,
							44.744061
						],
						[
							-92.811119,
							44.74416
						],
						[
							-92.81321,
							44.744156
						],
						[
							-92.815208,
							44.744259
						],
						[
							-92.817314,
							44.744259
						],
						[
							-92.81942,
							44.744358
						],
						[
							-92.82151,
							44.744358
						],
						[
							-92.823509,
							44.744465
						],
						[
							-92.825615,
							44.744465
						],
						[
							-92.827721,
							44.744564
						],
						[
							-92.82972,
							44.746059
						],
						[
							-92.83181,
							44.746159
						],
						[
							-92.833809,
							44.746155
						],
						[
							-92.835915,
							44.746265
						],
						[
							-92.83802,
							44.746265
						],
						[
							-92.840019,
							44.746365
						],
						[
							-92.84211,
							44.746365
						],
						[
							-92.844215,
							44.746464
						],
						[
							-92.846321,
							44.746464
						],
						[
							-92.84832,
							44.746563
						],
						[
							-92.852318,
							44.749561
						],
						[
							-92.854408,
							44.751163
						],
						[
							-92.856407,
							44.752659
						],
						[
							-92.858406,
							44.754261
						],
						[
							-92.86042,
							44.755665
						],
						[
							-92.862419,
							44.757259
						],
						[
							-92.866417,
							44.760265
						],
						[
							-92.868416,
							44.76186
						],
						[
							-92.872414,
							44.764858
						],
						[
							-92.874413,
							44.766457
						],
						[
							-92.880409,
							44.770962
						],
						[
							-92.882408,
							44.772564
						],
						[
							-92.886421,
							44.775562
						],
						[
							-92.888512,
							44.775661
						],
						[
							-92.890617,
							44.775661
						],
						[
							-92.892616,
							44.775761
						],
						[
							-92.894707,
							44.775761
						],
						[
							-92.896812,
							44.77586
						],
						[
							-92.898918,
							44.775856
						],
						[
							-92.900917,
							44.775959
						],
						[
							-92.903008,
							44.775955
						],
						[
							-92.907219,
							44.776165
						],
						[
							-92.909309,
							44.776165
						],
						[
							-92.911308,
							44.776264
						],
						[
							-92.91552,
							44.776264
						],
						[
							-92.917519,
							44.776363
						],
						[
							-92.919609,
							44.776363
						],
						[
							-92.921715,
							44.776459
						],
						[
							-92.92382,
							44.775059
						],
						[
							-92.925911,
							44.775059
						],
						[
							-92.928108,
							44.773663
						],
						[
							-92.930107,
							44.773659
						],
						[
							-92.93232,
							44.772259
						],
						[
							-92.93441,
							44.772259
						],
						[
							-92.938614,
							44.769455
						],
						[
							-92.940819,
							44.768059
						],
						[
							-92.94091,
							44.766556
						],
						[
							-92.943024,
							44.765163
						],
						[
							-92.945221,
							44.763657
						],
						[
							-92.947327,
							44.762264
						],
						[
							-92.949417,
							44.76086
						],
						[
							-92.951614,
							44.759365
						],
						[
							-92.95372,
							44.757961
						],
						[
							-92.955826,
							44.758057
						],
						[
							-92.957916,
							44.75806
						],
						[
							-92.960022,
							44.75816
						],
						[
							-92.962021,
							44.75816
						],
						[
							-92.964127,
							44.758255
						],
						[
							-92.966125,
							44.759762
						],
						[
							-92.968216,
							44.759758
						],
						[
							-92.970215,
							44.761364
						],
						[
							-92.972214,
							44.762859
						],
						[
							-92.974319,
							44.762859
						],
						[
							-92.976425,
							44.762955
						],
						[
							-92.978424,
							44.764462
						],
						[
							-92.980423,
							44.764561
						],
						[
							-92.982529,
							44.764557
						],
						[
							-92.984619,
							44.76466
						],
						[
							-92.988617,
							44.767654
						],
						[
							-92.990723,
							44.767765
						],
						[
							-92.992828,
							44.767765
						],
						[
							-92.994827,
							44.767864
						],
						[
							-92.996918,
							44.767864
						],
						[
							-92.999023,
							44.767963
						],
						[
							-93.001114,
							44.767963
						],
						[
							-93.003128,
							44.768063
						],
						[
							-93.005219,
							44.768059
						],
						[
							-93.009216,
							44.771061
						],
						[
							-93.011215,
							44.772659
						],
						[
							-93.013214,
							44.774155
						],
						[
							-93.01532,
							44.775757
						],
						[
							-93.015121,
							44.77866
						],
						[
							-93.01712,
							44.780159
						],
						[
							-93.01712,
							44.781658
						],
						[
							-93.019119,
							44.78326
						],
						[
							-93.018921,
							44.78616
						],
						[
							-93.018921,
							44.787659
						],
						[
							-93.018723,
							44.790562
						],
						[
							-93.016617,
							44.792065
						],
						[
							-93.016525,
							44.793461
						],
						[
							-93.01442,
							44.794964
						],
						[
							-93.014328,
							44.79636
						],
						[
							-93.012115,
							44.797859
						],
						[
							-93.012115,
							44.799358
						],
						[
							-93.009918,
							44.800758
						],
						[
							-93.009918,
							44.802158
						],
						[
							-93.007721,
							44.803661
						],
						[
							-93.007721,
							44.805164
						],
						[
							-93.007614,
							44.806557
						],
						[
							-93.007416,
							44.809559
						],
						[
							-93.007416,
							44.811062
						],
						[
							-93.007217,
							44.813957
						],
						[
							-93.007217,
							44.815464
						],
						[
							-93.009216,
							44.816956
						],
						[
							-93.009125,
							44.818459
						],
						[
							-93.009125,
							44.819965
						],
						[
							-93.006927,
							44.821358
						],
						[
							-93.006821,
							44.822861
						],
						[
							-93.006821,
							44.824356
						],
						[
							-93.006622,
							44.827354
						],
						[
							-93.006622,
							44.828762
						],
						[
							-93.006317,
							44.833263
						],
						[
							-93.006317,
							44.834759
						],
						[
							-93.006226,
							44.836163
						],
						[
							-93.006226,
							44.837662
						],
						[
							-93.006027,
							44.840561
						],
						[
							-93.008026,
							44.842155
						],
						[
							-93.008026,
							44.843563
						],
						[
							-93.007828,
							44.846561
						],
						[
							-93.007828,
							44.848061
						],
						[
							-93.009827,
							44.84956
						],
						[
							-93.009628,
							44.852554
						],
						[
							-93.009628,
							44.853962
						],
						[
							-93.009415,
							44.85696
						],
						[
							-93.009323,
							44.858463
						],
						[
							-93.009323,
							44.859955
						],
						[
							-93.011322,
							44.861462
						],
						[
							-93.011215,
							44.862965
						],
						[
							-93.011215,
							44.864361
						],
						[
							-93.011124,
							44.86586
						],
						[
							-93.013123,
							44.867455
						],
						[
							-93.013016,
							44.868858
						],
						[
							-93.013016,
							44.870365
						],
						[
							-93.015015,
							44.871861
						],
						[
							-93.014816,
							44.874859
						],
						[
							-93.014816,
							44.876358
						],
						[
							-93.014725,
							44.877865
						],
						[
							-93.016724,
							44.87936
						],
						[
							-93.016617,
							44.880863
						],
						[
							-93.016617,
							44.882256
						],
						[
							-93.018616,
							44.883862
						],
						[
							-93.018524,
							44.885265
						],
						[
							-93.020523,
							44.88686
						],
						[
							-93.022522,
							44.888359
						],
						[
							-93.024628,
							44.888462
						],
						[
							-93.028625,
							44.891457
						],
						[
							-93.030624,
							44.893063
						],
						[
							-93.032715,
							44.894562
						],
						[
							-93.038727,
							44.899055
						],
						[
							-93.03862,
							44.900558
						],
						[
							-93.040619,
							44.902164
						],
						[
							-93.040619,
							44.903561
						],
						[
							-93.042618,
							44.90506
						],
						[
							-93.044617,
							44.906654
						],
						[
							-93.048615,
							44.90966
						],
						[
							-93.048615,
							44.911156
						],
						[
							-93.050629,
							44.912663
						],
						[
							-93.050415,
							44.915661
						],
						[
							-93.050415,
							44.917061
						],
						[
							-93.050125,
							44.921555
						],
						[
							-93.050125,
							44.922962
						],
						[
							-93.050018,
							44.924564
						],
						[
							-93.050018,
							44.925957
						],
						[
							-93.04982,
							44.928955
						],
						[
							-93.04982,
							44.930462
						],
						[
							-93.053818,
							44.933456
						],
						[
							-93.055817,
							44.935059
						],
						[
							-93.059822,
							44.938061
						],
						[
							-93.061928,
							44.938156
						],
						[
							-93.065926,
							44.941154
						],
						[
							-93.068031,
							44.941261
						],
						[
							-93.072227,
							44.941261
						],
						[
							-93.074333,
							44.941364
						],
						[
							-93.076332,
							44.94136
						],
						[
							-93.078529,
							44.939957
						],
						[
							-93.080635,
							44.940056
						],
						[
							-93.082634,
							44.940056
						],
						[
							-93.084831,
							44.93866
						],
						[
							-93.086922,
							44.93866
						],
						[
							-93.089027,
							44.93726
						],
						[
							-93.091225,
							44.93586
						],
						[
							-93.09333,
							44.934361
						],
						[
							-93.095528,
							44.932964
						],
						[
							-93.097633,
							44.931458
						],
						[
							-93.099724,
							44.930061
						],
						[
							-93.101936,
							44.928658
						],
						[
							-93.104134,
							44.927155
						],
						[
							-93.104134,
							44.925762
						],
						[
							-93.106331,
							44.924358
						],
						[
							-93.108421,
							44.922859
						],
						[
							-93.108528,
							44.921356
						],
						[
							-93.110634,
							44.919964
						],
						[
							-93.112831,
							44.91856
						],
						[
							-93.11483,
							44.918556
						],
						[
							-93.117027,
							44.91716
						],
						[
							-93.119133,
							44.91576
						],
						[
							-93.121223,
							44.91576
						],
						[
							-93.123436,
							44.91436
						],
						[
							-93.123436,
							44.912857
						],
						[
							-93.125633,
							44.911465
						],
						[
							-93.125725,
							44.909958
						],
						[
							-93.125725,
							44.908459
						],
						[
							-93.127922,
							44.907059
						],
						[
							-93.127922,
							44.905556
						],
						[
							-93.128029,
							44.904163
						],
						[
							-93.130135,
							44.902657
						],
						[
							-93.132332,
							44.90126
						],
						[
							-93.134422,
							44.899761
						],
						[
							-93.136635,
							44.898365
						],
						[
							-93.138725,
							44.896957
						],
						[
							-93.140923,
							44.895458
						],
						[
							-93.145134,
							44.892658
						],
						[
							-93.147224,
							44.892658
						],
						[
							-93.149422,
							44.891262
						],
						[
							-93.151527,
							44.889854
						],
						[
							-93.153633,
							44.889854
						],
						[
							-93.155724,
							44.889961
						],
						[
							-93.157829,
							44.888462
						],
						[
							-93.159935,
							44.888557
						],
						[
							-93.164131,
							44.888557
						],
						[
							-93.168236,
							44.888756
						],
						[
							-93.170326,
							44.888756
						],
						[
							-93.172432,
							44.888855
						],
						[
							-93.176521,
							44.888855
						],
						[
							-93.178627,
							44.888962
						],
						[
							-93.180733,
							44.890457
						],
						[
							-93.182732,
							44.89056
						],
						[
							-93.186729,
							44.893555
						],
						[
							-93.188835,
							44.895061
						],
						[
							-93.190834,
							44.896561
						],
						[
							-93.190727,
							44.898056
						],
						[
							-93.192726,
							44.899658
						],
						[
							-93.194725,
							44.901161
						],
						[
							-93.196831,
							44.901165
						],
						[
							-93.19883,
							44.902657
						],
						[
							-93.200935,
							44.904263
						],
						[
							-93.200722,
							44.907257
						],
						[
							-93.200722,
							44.908661
						],
						[
							-93.200523,
							44.911659
						],
						[
							-93.200523,
							44.913055
						],
						[
							-93.200432,
							44.914558
						],
						[
							-93.202431,
							44.916061
						],
						[
							-93.202431,
							44.917561
						],
						[
							-93.202232,
							44.920559
						],
						[
							-93.200127,
							44.921959
						],
						[
							-93.200035,
							44.923454
						],
						[
							-93.200035,
							44.924957
						],
						[
							-93.199821,
							44.92786
						],
						[
							-93.201927,
							44.929459
						],
						[
							-93.201622,
							44.933861
						],
						[
							-93.201622,
							44.935261
						],
						[
							-93.201424,
							44.938259
						],
						[
							-93.201424,
							44.939758
						],
						[
							-93.201332,
							44.941261
						],
						[
							-93.203423,
							44.942757
						],
						[
							-93.203331,
							44.944263
						],
						[
							-93.207329,
							44.947258
						],
						[
							-93.209328,
							44.948864
						],
						[
							-93.211433,
							44.950359
						],
						[
							-93.213432,
							44.951862
						],
						[
							-93.215523,
							44.951859
						],
						[
							-93.217522,
							44.953461
						],
						[
							-93.21743,
							44.954857
						],
						[
							-93.219429,
							44.956463
						],
						[
							-93.221535,
							44.956463
						],
						[
							-93.221428,
							44.957954
						],
						[
							-93.221428,
							44.959358
						],
						[
							-93.223427,
							44.960964
						],
						[
							-93.225533,
							44.96096
						],
						[
							-93.227531,
							44.962555
						],
						[
							-93.22953,
							44.964062
						],
						[
							-93.231636,
							44.964058
						],
						[
							-93.233727,
							44.964157
						],
						[
							-93.237724,
							44.967155
						],
						[
							-93.237633,
							44.968658
						],
						[
							-93.237633,
							44.970161
						],
						[
							-93.241631,
							44.97316
						],
						[
							-93.243736,
							44.973263
						],
						[
							-93.245827,
							44.973259
						],
						[
							-93.247932,
							44.973358
						],
						[
							-93.249931,
							44.974754
						],
						[
							-93.25193,
							44.976357
						],
						[
							-93.254036,
							44.97646
						],
						[
							-93.256042,
							44.977859
						],
						[
							-93.258125,
							44.977962
						],
						[
							-93.262131,
							44.980957
						],
						[
							-93.264236,
							44.982559
						],
						[
							-93.268234,
							44.985558
						],
						[
							-93.27034,
							44.985561
						],
						[
							-93.270233,
							44.987064
						],
						[
							-93.272232,
							44.988655
						],
						[
							-93.274231,
							44.990162
						],
						[
							-93.274231,
							44.991661
						],
						[
							-93.274139,
							44.993057
						],
						[
							-93.274139,
							44.99456
						],
						[
							-93.274033,
							44.996059
						],
						[
							-93.274033,
							44.997559
						],
						[
							-93.276031,
							44.999062
						],
						[
							-93.275833,
							45.00206
						],
						[
							-93.275833,
							45.00346
						],
						[
							-93.275742,
							45.004963
						],
						[
							-93.275742,
							45.006454
						],
						[
							-93.275543,
							45.009365
						],
						[
							-93.275543,
							45.010857
						],
						[
							-93.275436,
							45.01236
						],
						[
							-93.277435,
							45.013859
						],
						[
							-93.277435,
							45.015358
						],
						[
							-93.277237,
							45.018257
						],
						[
							-93.277237,
							45.01976
						],
						[
							-93.27713,
							45.021255
						],
						[
							-93.279129,
							45.022762
						],
						[
							-93.279129,
							45.024261
						],
						[
							-93.281143,
							45.025761
						],
						[
							-93.281036,
							45.027264
						],
						[
							-93.283142,
							45.028759
						],
						[
							-93.282944,
							45.031761
						],
						[
							-93.282944,
							45.033257
						],
						[
							-93.28273,
							45.03616
						],
						[
							-93.28273,
							45.037659
						],
						[
							-93.282639,
							45.039162
						],
						[
							-93.282639,
							45.040558
						],
						[
							-93.28244,
							45.043556
						],
						[
							-93.28244,
							45.045063
						],
						[
							-93.282333,
							45.046558
						],
						[
							-93.280243,
							45.047958
						],
						[
							-93.280136,
							45.049461
						],
						[
							-93.282135,
							45.050961
						],
						[
							-93.282135,
							45.05246
						],
						[
							-93.281937,
							45.055359
						],
						[
							-93.281937,
							45.056858
						],
						[
							-93.281738,
							45.05986
						],
						[
							-93.281738,
							45.06126
						],
						[
							-93.281631,
							45.062759
						],
						[
							-93.281631,
							45.064255
						],
						[
							-93.281433,
							45.067261
						],
						[
							-93.281433,
							45.068657
						],
						[
							-93.281235,
							45.071655
						],
						[
							-93.279129,
							45.073063
						],
						[
							-93.279037,
							45.074558
						],
						[
							-93.279037,
							45.076057
						],
						[
							-93.278931,
							45.077465
						],
						[
							-93.28093,
							45.079056
						],
						[
							-93.28093,
							45.080563
						],
						[
							-93.280731,
							45.083458
						],
						[
							-93.280731,
							45.084965
						],
						[
							-93.28064,
							45.08646
						],
						[
							-93.28064,
							45.087959
						],
						[
							-93.280441,
							45.090862
						],
						[
							-93.280441,
							45.092361
						],
						[
							-93.280334,
							45.093857
						],
						[
							-93.280334,
							45.095261
						],
						[
							-93.280136,
							45.098259
						],
						[
							-93.280136,
							45.099758
						],
						[
							-93.280029,
							45.101158
						],
						[
							-93.282043,
							45.102764
						],
						[
							-93.284042,
							45.104256
						],
						[
							-93.286133,
							45.105759
						],
						[
							-93.288132,
							45.107262
						],
						[
							-93.28804,
							45.108757
						],
						[
							-93.290131,
							45.11026
						],
						[
							-93.29213,
							45.111855
						],
						[
							-93.294144,
							45.113358
						],
						[
							-93.294144,
							45.114861
						],
						[
							-93.296143,
							45.116356
						],
						[
							-93.295929,
							45.119259
						],
						[
							-93.298035,
							45.120861
						],
						[
							-93.300034,
							45.12236
						],
						[
							-93.299942,
							45.123756
						],
						[
							-93.299942,
							45.125259
						],
						[
							-93.299744,
							45.128258
						],
						[
							-93.299744,
							45.129761
						],
						[
							-93.299637,
							45.131157
						],
						[
							-93.301636,
							45.132763
						],
						[
							-93.301636,
							45.134254
						],
						[
							-93.303635,
							45.135757
						],
						[
							-93.303543,
							45.137161
						],
						[
							-93.305634,
							45.138657
						],
						[
							-93.307632,
							45.140263
						],
						[
							-93.31163,
							45.143261
						],
						[
							-93.313736,
							45.143356
						],
						[
							-93.315842,
							45.143356
						],
						[
							-93.317932,
							45.144859
						],
						[
							-93.319931,
							45.146461
						],
						[
							-93.32193,
							45.147957
						],
						[
							-93.324036,
							45.147957
						],
						[
							-93.326035,
							45.149559
						],
						[
							-93.32814,
							45.149559
						],
						[
							-93.330139,
							45.151058
						],
						[
							-93.33223,
							45.151054
						],
						[
							-93.334244,
							45.152657
						],
						[
							-93.336334,
							45.15266
						],
						[
							-93.33844,
							45.154263
						],
						[
							-93.340439,
							45.155655
						],
						[
							-93.342438,
							45.157257
						],
						[
							-93.344437,
							45.15876
						],
						[
							-93.346542,
							45.160259
						],
						[
							-93.348541,
							45.161758
						],
						[
							-93.348541,
							45.163261
						],
						[
							-93.35054,
							45.164757
						],
						[
							-93.352539,
							45.166363
						],
						[
							-93.354538,
							45.167858
						],
						[
							-93.356644,
							45.169361
						],
						[
							-93.356537,
							45.17086
						],
						[
							-93.358536,
							45.172356
						],
						[
							-93.360641,
							45.172356
						],
						[
							-93.36264,
							45.173958
						],
						[
							-93.366837,
							45.173958
						],
						[
							-93.368835,
							45.175564
						],
						[
							-93.370941,
							45.175564
						],
						[
							-93.373032,
							45.175663
						],
						[
							-93.375031,
							45.177155
						],
						[
							-93.377136,
							45.178661
						],
						[
							-93.381134,
							45.181656
						],
						[
							-93.381134,
							45.183159
						],
						[
							-93.383133,
							45.184654
						],
						[
							-93.385239,
							45.184765
						],
						[
							-93.389236,
							45.187759
						],
						[
							-93.391342,
							45.189362
						],
						[
							-93.395538,
							45.189362
						],
						[
							-93.397537,
							45.190857
						],
						[
							-93.399643,
							45.190956
						],
						[
							-93.401642,
							45.192459
						],
						[
							-93.403732,
							45.192459
						],
						[
							-93.405731,
							45.194065
						],
						[
							-93.407837,
							45.195557
						],
						[
							-93.409836,
							45.19566
						],
						[
							-93.411942,
							45.197159
						],
						[
							-93.411835,
							45.198662
						],
						[
							-93.413834,
							45.200058
						],
						[
							-93.415939,
							45.201664
						],
						[
							-93.415833,
							45.203159
						],
						[
							-93.417839,
							45.204659
						],
						[
							-93.417831,
							45.206165
						],
						[
							-93.41983,
							45.207661
						],
						[
							-93.41983,
							45.209164
						],
						[
							-93.423851,
							45.212158
						],
						[
							-93.42585,
							45.213661
						],
						[
							-93.42794,
							45.21376
						],
						[
							-93.430046,
							45.21526
						],
						[
							-93.432137,
							45.215256
						],
						[
							-93.434151,
							45.215355
						],
						[
							-93.436241,
							45.215359
						],
						[
							-93.438347,
							45.215462
						],
						[
							-93.440544,
							45.213959
						],
						[
							-93.44265,
							45.213959
						],
						[
							-93.44474,
							45.214058
						],
						[
							-93.450737,
							45.218559
						],
						[
							-93.45295,
							45.218662
						],
						[
							-93.454948,
							45.218658
						],
						[
							-93.457039,
							45.218758
						],
						[
							-93.459145,
							45.220261
						],
						[
							-93.461143,
							45.221756
						],
						[
							-93.463249,
							45.221855
						],
						[
							-93.465248,
							45.223358
						],
						[
							-93.469444,
							45.223358
						],
						[
							-93.47155,
							45.223461
						],
						[
							-93.47364,
							45.223457
						],
						[
							-93.475746,
							45.223557
						],
						[
							-93.477837,
							45.22356
						],
						[
							-93.479851,
							45.223656
						],
						[
							-93.481941,
							45.225163
						],
						[
							-93.484047,
							45.225159
						],
						[
							-93.488045,
							45.228157
						],
						[
							-93.49015,
							45.229763
						],
						[
							-93.492149,
							45.231258
						],
						[
							-93.492043,
							45.232758
						],
						[
							-93.494148,
							45.234261
						],
						[
							-93.494041,
							45.235756
						],
						[
							-93.496147,
							45.237259
						],
						[
							-93.498146,
							45.237259
						],
						[
							-93.500237,
							45.238754
						],
						[
							-93.502342,
							45.238861
						],
						[
							-93.504448,
							45.238861
						],
						[
							-93.506447,
							45.24036
						],
						[
							-93.508446,
							45.241962
						],
						[
							-93.510551,
							45.243462
						],
						[
							-93.51255,
							45.244957
						],
						[
							-93.514641,
							45.244961
						],
						[
							-93.51664,
							45.246464
						],
						[
							-93.518745,
							45.246559
						],
						[
							-93.520744,
							45.248058
						],
						[
							-93.52285,
							45.249557
						],
						[
							-93.524849,
							45.25106
						],
						[
							-93.526939,
							45.251163
						],
						[
							-93.529045,
							45.25116
						],
						[
							-93.531151,
							45.251259
						],
						[
							-93.533241,
							45.251259
						],
						[
							-93.53524,
							45.252762
						],
						[
							-93.537346,
							45.252861
						],
						[
							-93.539345,
							45.254356
						],
						[
							-93.541451,
							45.255859
						],
						[
							-93.541344,
							45.257355
						],
						[
							-93.543449,
							45.258858
						],
						[
							-93.547447,
							45.261856
						],
						[
							-93.547447,
							45.263363
						],
						[
							-93.54734,
							45.264858
						],
						[
							-93.549339,
							45.266361
						],
						[
							-93.549339,
							45.267761
						],
						[
							-93.549248,
							45.26936
						],
						[
							-93.551338,
							45.270859
						],
						[
							-93.551247,
							45.272255
						],
						[
							-93.551247,
							45.273758
						],
						[
							-93.551048,
							45.276756
						],
						[
							-93.551048,
							45.278259
						],
						[
							-93.553047,
							45.279755
						],
						[
							-93.553047,
							45.281158
						],
						[
							-93.55294,
							45.282661
						],
						[
							-93.554939,
							45.284256
						],
						[
							-93.554939,
							45.285664
						],
						[
							-93.556938,
							45.287155
						],
						[
							-93.559044,
							45.288761
						],
						[
							-93.558937,
							45.290161
						],
						[
							-93.558937,
							45.29166
						],
						[
							-93.560951,
							45.293163
						],
						[
							-93.560844,
							45.294659
						],
						[
							-93.56295,
							45.296158
						],
						[
							-93.564949,
							45.29776
						],
						[
							-93.569145,
							45.297764
						],
						[
							-93.571251,
							45.296356
						],
						[
							-93.573448,
							45.294861
						],
						[
							-93.575539,
							45.294964
						],
						[
							-93.575539,
							45.293457
						],
						[
							-93.577751,
							45.292061
						],
						[
							-93.579842,
							45.292061
						],
						[
							-93.581947,
							45.29216
						],
						[
							-93.586037,
							45.29216
						],
						[
							-93.588249,
							45.292259
						],
						[
							-93.592339,
							45.292259
						],
						[
							-93.594444,
							45.292358
						],
						[
							-93.59655,
							45.292358
						],
						[
							-93.598747,
							45.290958
						],
						[
							-93.600838,
							45.290955
						],
						[
							-93.602943,
							45.291061
						],
						[
							-93.604942,
							45.291061
						],
						[
							-93.607056,
							45.291164
						],
						[
							-93.611252,
							45.291161
						],
						[
							-93.613358,
							45.29126
						],
						[
							-93.617554,
							45.29126
						],
						[
							-93.619553,
							45.292854
						],
						[
							-93.623749,
							45.292854
						],
						[
							-93.625854,
							45.294357
						],
						[
							-93.627945,
							45.294456
						],
						[
							-93.630051,
							45.294456
						],
						[
							-93.63205,
							45.294556
						],
						[
							-93.636246,
							45.294556
						],
						[
							-93.638351,
							45.294659
						],
						[
							-93.640457,
							45.294655
						],
						[
							-93.642654,
							45.293262
						],
						[
							-93.644653,
							45.293259
						],
						[
							-93.646759,
							45.293362
						],
						[
							-93.650955,
							45.293358
						],
						[
							-93.653046,
							45.293457
						],
						[
							-93.655151,
							45.293457
						],
						[
							-93.657349,
							45.292061
						],
						[
							-93.659348,
							45.293556
						],
						[
							-93.659348,
							45.295059
						],
						[
							-93.663452,
							45.295059
						],
						[
							-93.665558,
							45.296661
						],
						[
							-93.669754,
							45.296661
						],
						[
							-93.671844,
							45.296761
						],
						[
							-93.676056,
							45.296761
						],
						[
							-93.678055,
							45.29686
						],
						[
							-93.680145,
							45.298355
						],
						[
							-93.682144,
							45.299858
						],
						[
							-93.686356,
							45.299858
						],
						[
							-93.688446,
							45.299957
						],
						[
							-93.690552,
							45.298561
						],
						[
							-93.692749,
							45.297058
						],
						[
							-93.694855,
							45.295654
						],
						[
							-93.696945,
							45.295654
						],
						[
							-93.699158,
							45.294262
						],
						[
							-93.701248,
							45.294258
						],
						[
							-93.703354,
							45.294357
						],
						[
							-93.705444,
							45.292854
						],
						[
							-93.70755,
							45.292961
						],
						[
							-93.709656,
							45.291458
						],
						[
							-93.711746,
							45.291458
						],
						[
							-93.715958,
							45.29166
						],
						[
							-93.718048,
							45.291656
						],
						[
							-93.720154,
							45.293159
						],
						[
							-93.722153,
							45.293159
						],
						[
							-93.724258,
							45.294655
						],
						[
							-93.726349,
							45.294762
						],
						[
							-93.730545,
							45.294762
						],
						[
							-93.732651,
							45.294861
						],
						[
							-93.734756,
							45.294857
						],
						[
							-93.736847,
							45.29496
						],
						[
							-93.738846,
							45.29496
						],
						[
							-93.741058,
							45.293556
						],
						[
							-93.743149,
							45.293556
						],
						[
							-93.745255,
							45.29216
						],
						[
							-93.749451,
							45.29216
						],
						[
							-93.751556,
							45.292263
						],
						[
							-93.753754,
							45.290756
						],
						[
							-93.755753,
							45.290756
						],
						[
							-93.757858,
							45.290855
						],
						[
							-93.759949,
							45.290855
						],
						[
							-93.762054,
							45.290958
						],
						[
							-93.764145,
							45.290955
						],
						[
							-93.766159,
							45.292461
						],
						[
							-93.768356,
							45.292461
						],
						[
							-93.770363,
							45.292557
						],
						[
							-93.772453,
							45.29406
						],
						[
							-93.774452,
							45.295555
						],
						[
							-93.776558,
							45.297058
						],
						[
							-93.778664,
							45.297062
						],
						[
							-93.780663,
							45.29866
						],
						[
							-93.784859,
							45.29866
						],
						[
							-93.786858,
							45.300255
						],
						[
							-93.788963,
							45.301758
						],
						[
							-93.790962,
							45.303265
						],
						[
							-93.793053,
							45.303261
						],
						[
							-93.795067,
							45.304756
						],
						[
							-93.797157,
							45.304859
						],
						[
							-93.799263,
							45.306358
						],
						[
							-93.801262,
							45.307861
						],
						[
							-93.803352,
							45.309357
						],
						[
							-93.805458,
							45.309456
						],
						[
							-93.807457,
							45.310959
						],
						[
							-93.809563,
							45.310963
						],
						[
							-93.811562,
							45.312466
						],
						[
							-93.813652,
							45.312462
						],
						[
							-93.815758,
							45.313957
						],
						[
							-93.817757,
							45.315559
						],
						[
							-93.819862,
							45.317055
						],
						[
							-93.819756,
							45.318558
						],
						[
							-93.821754,
							45.320061
						],
						[
							-93.821754,
							45.321556
						],
						[
							-93.823753,
							45.322964
						],
						[
							-93.827858,
							45.326061
						],
						[
							-93.829964,
							45.32756
						],
						[
							-93.831963,
							45.32906
						],
						[
							-93.834053,
							45.330559
						],
						[
							-93.836052,
							45.332161
						],
						[
							-93.838066,
							45.33366
						],
						[
							-93.842354,
							45.333656
						],
						[
							-93.844353,
							45.333755
						],
						[
							-93.846458,
							45.333759
						],
						[
							-93.848564,
							45.333855
						],
						[
							-93.850761,
							45.332359
						],
						[
							-93.852852,
							45.332363
						],
						[
							-93.854958,
							45.332458
						],
						[
							-93.857063,
							45.330959
						],
						[
							-93.859154,
							45.330956
						],
						[
							-93.861153,
							45.332558
						],
						[
							-93.863365,
							45.332561
						],
						[
							-93.867363,
							45.335556
						],
						[
							-93.869453,
							45.337158
						],
						[
							-93.871452,
							45.338554
						],
						[
							-93.873558,
							45.340157
						],
						[
							-93.875664,
							45.34016
						],
						[
							-93.879662,
							45.343155
						],
						[
							-93.881752,
							45.343266
						],
						[
							-93.883858,
							45.344662
						],
						[
							-93.885963,
							45.346264
						],
						[
							-93.887962,
							45.347755
						],
						[
							-93.887856,
							45.349262
						],
						[
							-93.889961,
							45.350761
						],
						[
							-93.889854,
							45.352158
						],
						[
							-93.889854,
							45.353661
						],
						[
							-93.891853,
							45.355255
						],
						[
							-93.891853,
							45.356659
						],
						[
							-93.891762,
							45.358158
						],
						[
							-93.893852,
							45.359661
						],
						[
							-93.895866,
							45.361164
						],
						[
							-93.897957,
							45.362659
						],
						[
							-93.899956,
							45.364258
						],
						[
							-93.902061,
							45.364262
						],
						[
							-93.904152,
							45.365765
						],
						[
							-93.906166,
							45.367256
						],
						[
							-93.908257,
							45.367355
						],
						[
							-93.912361,
							45.370255
						],
						[
							-93.91436,
							45.371861
						],
						[
							-93.91436,
							45.373264
						],
						[
							-93.916466,
							45.374855
						],
						[
							-93.916359,
							45.376358
						],
						[
							-93.918465,
							45.377762
						],
						[
							-93.918358,
							45.379257
						],
						[
							-93.920464,
							45.38076
						],
						[
							-93.92247,
							45.380859
						],
						[
							-93.924553,
							45.380859
						],
						[
							-93.926666,
							45.380962
						],
						[
							-93.930862,
							45.380962
						],
						[
							-93.932968,
							45.381058
						],
						[
							-93.93927,
							45.381058
						],
						[
							-93.94136,
							45.382561
						],
						[
							-93.943466,
							45.381161
						],
						[
							-93.945572,
							45.381161
						],
						[
							-93.947662,
							45.379761
						],
						[
							-93.94986,
							45.378262
						],
						[
							-93.951965,
							45.376862
						],
						[
							-93.952072,
							45.375362
						],
						[
							-93.954163,
							45.373959
						],
						[
							-93.956268,
							45.373955
						],
						[
							-93.958374,
							45.375462
						],
						[
							-93.960373,
							45.376961
						],
						[
							-93.962463,
							45.37706
						],
						[
							-93.964462,
							45.378559
						],
						[
							-93.96666,
							45.378555
						],
						[
							-93.966568,
							45.380062
						],
						[
							-93.966568,
							45.381565
						],
						[
							-93.968567,
							45.38306
						],
						[
							-93.970673,
							45.384563
						],
						[
							-93.972672,
							45.386055
						],
						[
							-93.974762,
							45.386055
						],
						[
							-93.976761,
							45.387562
						],
						[
							-93.978973,
							45.387657
						],
						[
							-93.982971,
							45.390659
						],
						[
							-93.985062,
							45.392162
						],
						[
							-93.98497,
							45.393661
						],
						[
							-93.987061,
							45.395161
						],
						[
							-93.989059,
							45.39666
						],
						[
							-93.993271,
							45.39666
						],
						[
							-93.995361,
							45.396759
						],
						[
							-93.997467,
							45.398258
						],
						[
							-94.001663,
							45.398254
						],
						[
							-94.003662,
							45.39986
						],
						[
							-94.005768,
							45.39986
						],
						[
							-94.007874,
							45.39996
						],
						[
							-94.009964,
							45.401459
						],
						[
							-94.01416,
							45.401459
						],
						[
							-94.016266,
							45.401558
						],
						[
							-94.018372,
							45.400055
						],
						[
							-94.020462,
							45.400162
						],
						[
							-94.024673,
							45.400166
						],
						[
							-94.026764,
							45.401657
						],
						[
							-94.028763,
							45.401661
						],
						[
							-94.030869,
							45.403259
						],
						[
							-94.032974,
							45.404758
						],
						[
							-94.034973,
							45.406258
						],
						[
							-94.037064,
							45.407764
						],
						[
							-94.039062,
							45.40926
						],
						[
							-94.041168,
							45.410763
						],
						[
							-94.043167,
							45.412258
						],
						[
							-94.045273,
							45.413757
						],
						[
							-94.045166,
							45.415264
						],
						[
							-94.047272,
							45.416756
						],
						[
							-94.049271,
							45.418262
						],
						[
							-94.051361,
							45.419762
						],
						[
							-94.05336,
							45.421257
						],
						[
							-94.05336,
							45.42276
						],
						[
							-94.053268,
							45.424255
						],
						[
							-94.053268,
							45.425758
						],
						[
							-94.055267,
							45.427265
						],
						[
							-94.055267,
							45.428658
						],
						[
							-94.057373,
							45.43026
						],
						[
							-94.059372,
							45.43026
						],
						[
							-94.061569,
							45.428757
						],
						[
							-94.06366,
							45.428856
						],
						[
							-94.065765,
							45.427361
						],
						[
							-94.067871,
							45.428856
						],
						[
							-94.069962,
							45.428955
						],
						[
							-94.07196,
							45.430359
						],
						[
							-94.07196,
							45.431961
						],
						[
							-94.073975,
							45.433357
						],
						[
							-94.076065,
							45.433456
						],
						[
							-94.078171,
							45.43346
						],
						[
							-94.080261,
							45.433556
						],
						[
							-94.082367,
							45.433559
						],
						[
							-94.084473,
							45.435059
						],
						[
							-94.086472,
							45.436565
						],
						[
							-94.088562,
							45.438061
						],
						[
							-94.08847,
							45.43956
						],
						[
							-94.090561,
							45.441059
						],
						[
							-94.090561,
							45.442562
						],
						[
							-94.09256,
							45.444065
						],
						[
							-94.094666,
							45.444061
						],
						[
							-94.096779,
							45.44556
						],
						[
							-94.098869,
							45.445557
						],
						[
							-94.100868,
							45.447159
						],
						[
							-94.102974,
							45.447159
						],
						[
							-94.10508,
							45.448662
						],
						[
							-94.104973,
							45.450161
						],
						[
							-94.107079,
							45.45166
						],
						[
							-94.106972,
							45.453156
						],
						[
							-94.106972,
							45.456055
						],
						[
							-94.10688,
							45.457561
						],
						[
							-94.10688,
							45.458965
						],
						[
							-94.106773,
							45.460457
						],
						[
							-94.106773,
							45.46196
						],
						[
							-94.106682,
							45.463455
						],
						[
							-94.106682,
							45.464958
						],
						[
							-94.108681,
							45.466461
						],
						[
							-94.110771,
							45.46796
						],
						[
							-94.11068,
							45.46936
						],
						[
							-94.11068,
							45.470856
						],
						[
							-94.112679,
							45.472458
						],
						[
							-94.114769,
							45.473866
						],
						[
							-94.118874,
							45.476959
						],
						[
							-94.120979,
							45.478455
						],
						[
							-94.12307,
							45.478458
						],
						[
							-94.125069,
							45.479961
						],
						[
							-94.127174,
							45.481461
						],
						[
							-94.12928,
							45.481564
						],
						[
							-94.131279,
							45.483055
						],
						[
							-94.133476,
							45.483055
						],
						[
							-94.135475,
							45.484558
						],
						[
							-94.137581,
							45.486065
						],
						[
							-94.13958,
							45.487556
						],
						[
							-94.14167,
							45.489063
						],
						[
							-94.143669,
							45.490559
						],
						[
							-94.143669,
							45.492058
						],
						[
							-94.143578,
							45.493561
						],
						[
							-94.143578,
							45.49646
						],
						[
							-94.143471,
							45.497955
						],
						[
							-94.143471,
							45.499458
						],
						[
							-94.14547,
							45.500961
						],
						[
							-94.14547,
							45.502457
						],
						[
							-94.145378,
							45.503864
						],
						[
							-94.145378,
							45.506859
						],
						[
							-94.145271,
							45.508362
						],
						[
							-94.145271,
							45.509762
						],
						[
							-94.143074,
							45.511261
						],
						[
							-94.143074,
							45.51276
						],
						[
							-94.14518,
							45.514259
						],
						[
							-94.145073,
							45.515659
						],
						[
							-94.147179,
							45.517258
						],
						[
							-94.147072,
							45.518665
						],
						[
							-94.149178,
							45.520161
						],
						[
							-94.151268,
							45.520256
						],
						[
							-94.153374,
							45.520256
						],
						[
							-94.155373,
							45.521759
						],
						[
							-94.155373,
							45.524757
						],
						[
							-94.155281,
							45.52626
						],
						[
							-94.155281,
							45.52766
						],
						[
							-94.15728,
							45.529163
						],
						[
							-94.15728,
							45.530655
						],
						[
							-94.157173,
							45.532158
						],
						[
							-94.157173,
							45.53516
						],
						[
							-94.157082,
							45.536564
						],
						[
							-94.154976,
							45.538055
						],
						[
							-94.152779,
							45.539459
						],
						[
							-94.152779,
							45.540955
						],
						[
							-94.152672,
							45.542461
						],
						[
							-94.152672,
							45.545357
						],
						[
							-94.15258,
							45.54686
						],
						[
							-94.15258,
							45.548355
						],
						[
							-94.152473,
							45.549862
						],
						[
							-94.152473,
							45.551254
						],
						[
							-94.152382,
							45.552658
						],
						[
							-94.152382,
							45.55426
						],
						[
							-94.154381,
							45.555756
						],
						[
							-94.156471,
							45.557259
						],
						[
							-94.158577,
							45.557262
						],
						[
							-94.160667,
							45.558762
						],
						[
							-94.162682,
							45.560261
						],
						[
							-94.164772,
							45.561859
						],
						[
							-94.164772,
							45.563259
						],
						[
							-94.166771,
							45.564758
						],
						[
							-94.168877,
							45.566261
						],
						[
							-94.16877,
							45.56776
						],
						[
							-94.16877,
							45.569263
						],
						[
							-94.170769,
							45.570755
						],
						[
							-94.170769,
							45.573666
						],
						[
							-94.170677,
							45.575157
						],
						[
							-94.172768,
							45.57666
						],
						[
							-94.172676,
							45.578159
						],
						[
							-94.172676,
							45.581059
						],
						[
							-94.172569,
							45.582558
						],
						[
							-94.172569,
							45.584061
						],
						[
							-94.174568,
							45.585556
						],
						[
							-94.176674,
							45.587059
						],
						[
							-94.17878,
							45.588665
						],
						[
							-94.180779,
							45.590061
						],
						[
							-94.182869,
							45.591564
						],
						[
							-94.184975,
							45.59156
						],
						[
							-94.186974,
							45.593159
						],
						[
							-94.189079,
							45.593155
						],
						[
							-94.193275,
							45.596165
						],
						[
							-94.195274,
							45.597656
						],
						[
							-94.195274,
							45.599159
						],
						[
							-94.197273,
							45.600655
						],
						[
							-94.197273,
							45.602158
						],
						[
							-94.199379,
							45.603661
						],
						[
							-94.199272,
							45.60516
						],
						[
							-94.201378,
							45.606659
						],
						[
							-94.203377,
							45.608158
						],
						[
							-94.203377,
							45.611061
						],
						[
							-94.205376,
							45.612659
						],
						[
							-94.205376,
							45.614063
						],
						[
							-94.205269,
							45.615555
						],
						[
							-94.205269,
							45.617058
						],
						[
							-94.205177,
							45.618462
						],
						[
							-94.205177,
							45.62146
						],
						[
							-94.20507,
							45.622955
						],
						[
							-94.20507,
							45.625854
						],
						[
							-94.204979,
							45.627357
						],
						[
							-94.204979,
							45.62886
						],
						[
							-94.204872,
							45.63026
						],
						[
							-94.206978,
							45.631859
						],
						[
							-94.206871,
							45.633255
						],
						[
							-94.206871,
							45.634758
						],
						[
							-94.208977,
							45.636265
						],
						[
							-94.20887,
							45.637756
						],
						[
							-94.20887,
							45.639259
						],
						[
							-94.208778,
							45.640656
						],
						[
							-94.208778,
							45.643661
						],
						[
							-94.206581,
							45.645058
						],
						[
							-94.206581,
							45.646564
						],
						[
							-94.204369,
							45.64806
						],
						[
							-94.204369,
							45.64946
						],
						[
							-94.202171,
							45.650955
						],
						[
							-94.204277,
							45.652462
						],
						[
							-94.20417,
							45.653961
						],
						[
							-94.20417,
							45.65686
						],
						[
							-94.204079,
							45.658356
						],
						[
							-94.204079,
							45.659859
						],
						[
							-94.203972,
							45.661366
						],
						[
							-94.201881,
							45.662758
						],
						[
							-94.201881,
							45.664265
						],
						[
							-94.199669,
							45.665657
						],
						[
							-94.197578,
							45.667164
						],
						[
							-94.195381,
							45.668556
						],
						[
							-94.193275,
							45.670059
						],
						[
							-94.193169,
							45.671558
						],
						[
							-94.191078,
							45.672962
						],
						[
							-94.193077,
							45.674465
						],
						[
							-94.195274,
							45.674461
						],
						[
							-94.197273,
							45.675961
						],
						[
							-94.199379,
							45.676056
						],
						[
							-94.201469,
							45.677559
						],
						[
							-94.201378,
							45.678955
						],
						[
							-94.201378,
							45.680458
						],
						[
							-94.203476,
							45.681961
						],
						[
							-94.203377,
							45.68346
						],
						[
							-94.203384,
							45.684959
						],
						[
							-94.205376,
							45.686459
						],
						[
							-94.205383,
							45.689362
						],
						[
							-94.205269,
							45.690861
						],
						[
							-94.207382,
							45.69236
						],
						[
							-94.207275,
							45.693855
						],
						[
							-94.207275,
							45.695263
						],
						[
							-94.209381,
							45.696758
						],
						[
							-94.20929,
							45.698357
						],
						[
							-94.21138,
							45.699863
						],
						[
							-94.211288,
							45.701256
						],
						[
							-94.213486,
							45.70126
						],
						[
							-94.215485,
							45.702862
						],
						[
							-94.217575,
							45.704361
						],
						[
							-94.219589,
							45.70586
						],
						[
							-94.22168,
							45.707359
						],
						[
							-94.22168,
							45.708858
						],
						[
							-94.223679,
							45.710262
						],
						[
							-94.223679,
							45.713261
						],
						[
							-94.221481,
							45.714764
						],
						[
							-94.219376,
							45.716156
						],
						[
							-94.217178,
							45.716156
						],
						[
							-94.217178,
							45.717659
						],
						[
							-94.215088,
							45.719059
						],
						[
							-94.214981,
							45.720562
						],
						[
							-94.214981,
							45.721958
						],
						[
							-94.21489,
							45.723457
						],
						[
							-94.21698,
							45.724964
						],
						[
							-94.219086,
							45.72646
						],
						[
							-94.221176,
							45.726559
						],
						[
							-94.225388,
							45.726555
						],
						[
							-94.227478,
							45.726662
						],
						[
							-94.229584,
							45.726665
						],
						[
							-94.231689,
							45.728161
						],
						[
							-94.23378,
							45.728161
						],
						[
							-94.235886,
							45.72826
						],
						[
							-94.237976,
							45.72826
						],
						[
							-94.240082,
							45.729759
						],
						[
							-94.242187,
							45.729759
						],
						[
							-94.244186,
							45.731258
						],
						[
							-94.246277,
							45.732761
						],
						[
							-94.248383,
							45.732857
						],
						[
							-94.250488,
							45.734261
						],
						[
							-94.252579,
							45.735756
						],
						[
							-94.254578,
							45.735859
						],
						[
							-94.258789,
							45.738861
						],
						[
							-94.258789,
							45.740356
						],
						[
							-94.260788,
							45.741863
						],
						[
							-94.260788,
							45.743259
						],
						[
							-94.262878,
							45.744762
						],
						[
							-94.262787,
							45.746265
						],
						[
							-94.264877,
							45.747761
						],
						[
							-94.266876,
							45.749359
						],
						[
							-94.266876,
							45.752262
						],
						[
							-94.266785,
							45.753761
						],
						[
							-94.266785,
							45.755157
						],
						[
							-94.266678,
							45.75666
						],
						[
							-94.266678,
							45.759659
						],
						[
							-94.266586,
							45.761055
						],
						[
							-94.270782,
							45.764061
						],
						[
							-94.272781,
							45.765659
						],
						[
							-94.272781,
							45.767059
						],
						[
							-94.27269,
							45.768559
						],
						[
							-94.27269,
							45.771461
						],
						[
							-94.274689,
							45.77306
						],
						[
							-94.274689,
							45.77446
						],
						[
							-94.276779,
							45.775959
						],
						[
							-94.278778,
							45.777462
						],
						[
							-94.280884,
							45.777557
						],
						[
							-94.28299,
							45.779064
						],
						[
							-94.287186,
							45.77906
						],
						[
							-94.289276,
							45.77916
						],
						[
							-94.291382,
							45.780556
						],
						[
							-94.293488,
							45.780655
						],
						[
							-94.295578,
							45.780659
						],
						[
							-94.297684,
							45.782162
						],
						[
							-94.299789,
							45.782162
						],
						[
							-94.30188,
							45.783665
						],
						[
							-94.303879,
							45.785156
						],
						[
							-94.306076,
							45.785255
						],
						[
							-94.308075,
							45.786758
						],
						[
							-94.312286,
							45.789761
						],
						[
							-94.314285,
							45.791264
						],
						[
							-94.314285,
							45.792755
						],
						[
							-94.314178,
							45.794159
						],
						[
							-94.316284,
							45.795654
						],
						[
							-94.316284,
							45.797256
						],
						[
							-94.31839,
							45.79866
						],
						[
							-94.32048,
							45.79866
						],
						[
							-94.322586,
							45.798759
						],
						[
							-94.324677,
							45.798763
						],
						[
							-94.326782,
							45.798859
						],
						[
							-94.328888,
							45.800255
						],
						[
							-94.330978,
							45.800362
						],
						[
							-94.333084,
							45.801861
						],
						[
							-94.33519,
							45.801861
						],
						[
							-94.337189,
							45.80336
						],
						[
							-94.343475,
							45.807865
						],
						[
							-94.34549,
							45.809357
						],
						[
							-94.34549,
							45.81086
						],
						[
							-94.34758,
							45.812355
						],
						[
							-94.347488,
							45.813858
						],
						[
							-94.349579,
							45.815266
						],
						[
							-94.351578,
							45.816856
						],
						[
							-94.353683,
							45.818359
						],
						[
							-94.353683,
							45.819756
						],
						[
							-94.355789,
							45.821259
						],
						[
							-94.357788,
							45.822865
						],
						[
							-94.357796,
							45.824261
						],
						[
							-94.35569,
							45.82576
						],
						[
							-94.353485,
							45.827255
						],
						[
							-94.351288,
							45.828659
						],
						[
							-94.349182,
							45.830059
						],
						[
							-94.349182,
							45.831558
						],
						[
							-94.346985,
							45.832954
						],
						[
							-94.346985,
							45.834557
						],
						[
							-94.346878,
							45.83596
						],
						[
							-94.346878,
							45.837456
						],
						[
							-94.348984,
							45.838959
						],
						[
							-94.348877,
							45.840462
						],
						[
							-94.350983,
							45.841862
						],
						[
							-94.35099,
							45.843361
						],
						[
							-94.352982,
							45.844856
						],
						[
							-94.352989,
							45.846363
						],
						[
							-94.355095,
							45.847855
						],
						[
							-94.354988,
							45.849358
						],
						[
							-94.354988,
							45.850864
						],
						[
							-94.357094,
							45.852356
						],
						[
							-94.356987,
							45.853859
						],
						[
							-94.356987,
							45.855255
						],
						[
							-94.359093,
							45.856758
						],
						[
							-94.358986,
							45.858261
						],
						[
							-94.358986,
							45.86116
						],
						[
							-94.358894,
							45.862656
						],
						[
							-94.356789,
							45.864063
						],
						[
							-94.354591,
							45.865559
						],
						[
							-94.352486,
							45.867058
						],
						[
							-94.352394,
							45.868565
						],
						[
							-94.352394,
							45.871464
						],
						[
							-94.352287,
							45.87286
						],
						[
							-94.354393,
							45.874458
						],
						[
							-94.356483,
							45.875961
						],
						[
							-94.356392,
							45.877457
						],
						[
							-94.358482,
							45.87886
						],
						[
							-94.358482,
							45.880356
						],
						[
							-94.360497,
							45.881962
						],
						[
							-94.360497,
							45.884857
						],
						[
							-94.362495,
							45.886364
						],
						[
							-94.362495,
							45.887859
						],
						[
							-94.364586,
							45.889362
						],
						[
							-94.364494,
							45.890755
						],
						[
							-94.364494,
							45.892262
						],
						[
							-94.366585,
							45.893764
						],
						[
							-94.366493,
							45.895256
						],
						[
							-94.366493,
							45.896763
						],
						[
							-94.368584,
							45.896759
						],
						[
							-94.370689,
							45.898254
						],
						[
							-94.370583,
							45.899757
						],
						[
							-94.372688,
							45.901264
						],
						[
							-94.372688,
							45.90276
						],
						[
							-94.374794,
							45.904263
						],
						[
							-94.376793,
							45.905762
						],
						[
							-94.376793,
							45.907158
						],
						[
							-94.378883,
							45.908661
						],
						[
							-94.378792,
							45.910156
						],
						[
							-94.380898,
							45.911659
						],
						[
							-94.380898,
							45.913155
						],
						[
							-94.382988,
							45.914661
						],
						[
							-94.382896,
							45.916161
						],
						[
							-94.382896,
							45.917557
						],
						[
							-94.38279,
							45.91906
						],
						[
							-94.38279,
							45.922058
						],
						[
							-94.384789,
							45.923561
						],
						[
							-94.386894,
							45.92506
						],
						[
							-94.386894,
							45.92646
						],
						[
							-94.388985,
							45.928055
						],
						[
							-94.390984,
							45.929558
						],
						[
							-94.390984,
							45.932457
						],
						[
							-94.390892,
							45.933964
						],
						[
							-94.390892,
							45.93536
						],
						[
							-94.390785,
							45.936863
						],
						[
							-94.390785,
							45.939857
						],
						[
							-94.390694,
							45.94136
						],
						[
							-94.390694,
							45.944263
						],
						[
							-94.390587,
							45.945755
						],
						[
							-94.390587,
							45.947262
						],
						[
							-94.390495,
							45.948662
						],
						[
							-94.390495,
							45.95166
						],
						[
							-94.390388,
							45.953156
						],
						[
							-94.388283,
							45.954559
						],
						[
							-94.388191,
							45.956059
						],
						[
							-94.386086,
							45.957462
						],
						[
							-94.383888,
							45.958961
						],
						[
							-94.383888,
							45.960457
						],
						[
							-94.381783,
							45.961861
						],
						[
							-94.379585,
							45.963257
						],
						[
							-94.377388,
							45.964764
						],
						[
							-94.373192,
							45.964764
						],
						[
							-94.370995,
							45.966156
						],
						[
							-94.370995,
							45.969154
						],
						[
							-94.368797,
							45.970558
						],
						[
							-94.368797,
							45.971954
						],
						[
							-94.366585,
							45.973461
						],
						[
							-94.364494,
							45.97496
						],
						[
							-94.364388,
							45.976357
						],
						[
							-94.364388,
							45.979359
						],
						[
							-94.364296,
							45.980862
						],
						[
							-94.364296,
							45.983757
						],
						[
							-94.364189,
							45.98526
						],
						[
							-94.364189,
							45.986755
						],
						[
							-94.364082,
							45.988163
						],
						[
							-94.364082,
							45.991158
						],
						[
							-94.363991,
							45.992661
						],
						[
							-94.363991,
							45.994156
						],
						[
							-94.366096,
							45.995659
						],
						[
							-94.36599,
							45.997055
						],
						[
							-94.36599,
							46.000061
						],
						[
							-94.365883,
							46.001461
						],
						[
							-94.365883,
							46.00296
						],
						[
							-94.365791,
							46.004456
						],
						[
							-94.365791,
							46.005962
						],
						[
							-94.363594,
							46.007359
						],
						[
							-94.361488,
							46.008862
						],
						[
							-94.359291,
							46.010262
						],
						[
							-94.359291,
							46.011757
						],
						[
							-94.357094,
							46.013264
						],
						[
							-94.357094,
							46.01466
						],
						[
							-94.354897,
							46.016159
						],
						[
							-94.354897,
							46.017559
						],
						[
							-94.352684,
							46.019058
						],
						[
							-94.352684,
							46.020561
						],
						[
							-94.350594,
							46.021957
						],
						[
							-94.348396,
							46.023464
						],
						[
							-94.348396,
							46.02496
						],
						[
							-94.346184,
							46.02626
						],
						[
							-94.346184,
							46.027756
						],
						[
							-94.346092,
							46.029259
						],
						[
							-94.346092,
							46.030766
						],
						[
							-94.345985,
							46.032261
						],
						[
							-94.345985,
							46.035156
						],
						[
							-94.348091,
							46.036659
						],
						[
							-94.345894,
							46.038158
						],
						[
							-94.345894,
							46.039558
						],
						[
							-94.345787,
							46.041061
						],
						[
							-94.345787,
							46.042557
						],
						[
							-94.34359,
							46.044064
						],
						[
							-94.34359,
							46.046963
						],
						[
							-94.341393,
							46.048458
						],
						[
							-94.341393,
							46.049858
						],
						[
							-94.341286,
							46.051361
						],
						[
							-94.341286,
							46.05286
						],
						[
							-94.341194,
							46.054264
						],
						[
							-94.339088,
							46.055756
						],
						[
							-94.338997,
							46.057259
						],
						[
							-94.338997,
							46.060158
						],
						[
							-94.33889,
							46.061661
						],
						[
							-94.33889,
							46.063156
						],
						[
							-94.338783,
							46.064564
						],
						[
							-94.340889,
							46.066154
						],
						[
							-94.340889,
							46.069061
						],
						[
							-94.340797,
							46.070557
						],
						[
							-94.340797,
							46.071964
						],
						[
							-94.338585,
							46.07346
						],
						[
							-94.338585,
							46.074959
						],
						[
							-94.336388,
							46.076359
						],
						[
							-94.334297,
							46.077862
						],
						[
							-94.33419,
							46.079365
						],
						[
							-94.33419,
							46.080761
						],
						[
							-94.334084,
							46.08226
						],
						[
							-94.334084,
							46.085262
						],
						[
							-94.333992,
							46.086658
						],
						[
							-94.333992,
							46.088158
						],
						[
							-94.333885,
							46.089661
						],
						[
							-94.335991,
							46.091156
						],
						[
							-94.335991,
							46.094059
						],
						[
							-94.33799,
							46.095562
						],
						[
							-94.342186,
							46.09856
						],
						[
							-94.346397,
							46.101555
						],
						[
							-94.348396,
							46.103062
						],
						[
							-94.348396,
							46.10606
						],
						[
							-94.350487,
							46.107563
						],
						[
							-94.350395,
							46.109058
						],
						[
							-94.352486,
							46.110462
						],
						[
							-94.354591,
							46.111961
						],
						[
							-94.354485,
							46.113461
						],
						[
							-94.354485,
							46.114964
						],
						[
							-94.35659,
							46.116455
						],
						[
							-94.356483,
							46.117962
						],
						[
							-94.358589,
							46.119465
						],
						[
							-94.360695,
							46.119461
						],
						[
							-94.362785,
							46.120956
						],
						[
							-94.364891,
							46.121059
						],
						[
							-94.369087,
							46.124065
						],
						[
							-94.369087,
							46.125458
						],
						[
							-94.371086,
							46.126965
						],
						[
							-94.373192,
							46.12846
						],
						[
							-94.373192,
							46.129959
						],
						[
							-94.379494,
							46.13446
						],
						[
							-94.379387,
							46.135956
						],
						[
							-94.379387,
							46.137463
						],
						[
							-94.37719,
							46.138855
						],
						[
							-94.37719,
							46.140362
						],
						[
							-94.377083,
							46.141865
						],
						[
							-94.377083,
							46.144764
						],
						[
							-94.374886,
							46.146156
						],
						[
							-94.374886,
							46.147663
						],
						[
							-94.374794,
							46.149158
						],
						[
							-94.374794,
							46.152065
						],
						[
							-94.376793,
							46.153557
						],
						[
							-94.376793,
							46.156555
						],
						[
							-94.374596,
							46.158062
						],
						[
							-94.374596,
							46.159454
						],
						[
							-94.372383,
							46.160961
						],
						[
							-94.372383,
							46.162365
						],
						[
							-94.370186,
							46.16386
						],
						[
							-94.370186,
							46.165363
						],
						[
							-94.370094,
							46.166759
						],
						[
							-94.372185,
							46.168362
						],
						[
							-94.372185,
							46.169762
						],
						[
							-94.372093,
							46.171257
						],
						[
							-94.372093,
							46.172764
						],
						[
							-94.371986,
							46.174259
						],
						[
							-94.371986,
							46.177158
						],
						[
							-94.374092,
							46.178661
						],
						[
							-94.373985,
							46.180164
						],
						[
							-94.376091,
							46.18166
						],
						[
							-94.376091,
							46.183163
						],
						[
							-94.375984,
							46.184559
						],
						[
							-94.37809,
							46.186062
						],
						[
							-94.37809,
							46.187561
						],
						[
							-94.382286,
							46.190559
						],
						[
							-94.382195,
							46.191956
						],
						[
							-94.384285,
							46.193558
						],
						[
							-94.386391,
							46.194962
						],
						[
							-94.388496,
							46.196556
						],
						[
							-94.38839,
							46.198063
						],
						[
							-94.390495,
							46.199455
						],
						[
							-94.392586,
							46.201057
						],
						[
							-94.394691,
							46.202564
						],
						[
							-94.396797,
							46.203957
						],
						[
							-94.398888,
							46.20546
						],
						[
							-94.398796,
							46.206955
						],
						[
							-94.400887,
							46.208462
						],
						[
							-94.400887,
							46.209965
						],
						[
							-94.400795,
							46.211456
						],
						[
							-94.400795,
							46.214458
						],
						[
							-94.400688,
							46.215858
						],
						[
							-94.400688,
							46.217365
						],
						[
							-94.398491,
							46.218761
						],
						[
							-94.398491,
							46.221661
						],
						[
							-94.398384,
							46.223164
						],
						[
							-94.398384,
							46.224655
						],
						[
							-94.398293,
							46.226162
						],
						[
							-94.396187,
							46.227554
						],
						[
							-94.396095,
							46.229061
						],
						[
							-94.396095,
							46.23056
						],
						[
							-94.393883,
							46.23196
						],
						[
							-94.393883,
							46.233463
						],
						[
							-94.391685,
							46.234959
						],
						[
							-94.391685,
							46.237862
						],
						[
							-94.391594,
							46.239361
						],
						[
							-94.389488,
							46.240765
						],
						[
							-94.387291,
							46.240765
						],
						[
							-94.385185,
							46.242161
						],
						[
							-94.380898,
							46.242157
						],
						[
							-94.378792,
							46.24366
						],
						[
							-94.374397,
							46.246464
						],
						[
							-94.372292,
							46.247959
						],
						[
							-94.370094,
							46.249359
						],
						[
							-94.370094,
							46.250858
						],
						[
							-94.367897,
							46.252361
						],
						[
							-94.365685,
							46.253761
						],
						[
							-94.363594,
							46.25526
						],
						[
							-94.361397,
							46.256664
						],
						[
							-94.359184,
							46.258057
						],
						[
							-94.359184,
							46.261055
						],
						[
							-94.359093,
							46.262562
						],
						[
							-94.356987,
							46.263966
						],
						[
							-94.35479,
							46.265457
						],
						[
							-94.352592,
							46.266865
						],
						[
							-94.350487,
							46.26836
						],
						[
							-94.348289,
							46.269764
						],
						[
							-94.346184,
							46.271255
						],
						[
							-94.343987,
							46.272663
						],
						[
							-94.343987,
							46.274155
						],
						[
							-94.341789,
							46.275562
						],
						[
							-94.339592,
							46.277065
						],
						[
							-94.337486,
							46.278461
						],
						[
							-94.335289,
							46.279961
						],
						[
							-94.335289,
							46.281361
						],
						[
							-94.333092,
							46.28286
						],
						[
							-94.330894,
							46.28426
						],
						[
							-94.328697,
							46.285759
						],
						[
							-94.326591,
							46.287159
						],
						[
							-94.326485,
							46.288658
						],
						[
							-94.324394,
							46.290058
						],
						[
							-94.324394,
							46.291561
						],
						[
							-94.322197,
							46.293064
						],
						[
							-94.319984,
							46.293064
						],
						[
							-94.317894,
							46.292965
						],
						[
							-94.315788,
							46.292965
						],
						[
							-94.313683,
							46.294361
						],
						[
							-94.309387,
							46.294361
						],
						[
							-94.304977,
							46.297161
						],
						[
							-94.302887,
							46.298664
						],
						[
							-94.30069,
							46.300159
						],
						[
							-94.298584,
							46.301563
						],
						[
							-94.296387,
							46.303055
						],
						[
							-94.294189,
							46.304462
						],
						[
							-94.291977,
							46.305962
						],
						[
							-94.289886,
							46.305855
						],
						[
							-94.283585,
							46.305859
						],
						[
							-94.281387,
							46.305759
						],
						[
							-94.279282,
							46.305759
						],
						[
							-94.277084,
							46.307259
						],
						[
							-94.274979,
							46.307159
						],
						[
							-94.272781,
							46.308659
						],
						[
							-94.270676,
							46.308559
						],
						[
							-94.266388,
							46.308559
						],
						[
							-94.264282,
							46.309959
						],
						[
							-94.262085,
							46.311359
						],
						[
							-94.259979,
							46.312859
						],
						[
							-94.259888,
							46.314365
						],
						[
							-94.257675,
							46.315762
						],
						[
							-94.255585,
							46.317265
						],
						[
							-94.253387,
							46.318661
						],
						[
							-94.251282,
							46.318661
						],
						[
							-94.249084,
							46.320061
						],
						[
							-94.246887,
							46.32156
						],
						[
							-94.244781,
							46.32296
						],
						[
							-94.242584,
							46.324455
						],
						[
							-94.240387,
							46.325863
						],
						[
							-94.238281,
							46.327354
						],
						[
							-94.236084,
							46.328762
						],
						[
							-94.231781,
							46.328758
						],
						[
							-94.229782,
							46.327259
						],
						[
							-94.227585,
							46.327156
						],
						[
							-94.225479,
							46.328663
						],
						[
							-94.223282,
							46.330055
						],
						[
							-94.223282,
							46.331562
						],
						[
							-94.223175,
							46.332958
						],
						[
							-94.220978,
							46.334457
						],
						[
							-94.220978,
							46.335964
						],
						[
							-94.218781,
							46.337357
						],
						[
							-94.216675,
							46.338863
						],
						[
							-94.216583,
							46.340359
						],
						[
							-94.214386,
							46.341759
						],
						[
							-94.21228,
							46.343159
						],
						[
							-94.212189,
							46.344658
						],
						[
							-94.210083,
							46.346066
						],
						[
							-94.209976,
							46.347561
						],
						[
							-94.209976,
							46.349064
						],
						[
							-94.209885,
							46.350559
						],
						[
							-94.209885,
							46.351963
						],
						[
							-94.209778,
							46.353458
						],
						[
							-94.209778,
							46.356461
						],
						[
							-94.209686,
							46.357857
						],
						[
							-94.209686,
							46.360859
						],
						[
							-94.207489,
							46.362263
						],
						[
							-94.205276,
							46.363758
						],
						[
							-94.203186,
							46.363758
						],
						[
							-94.200989,
							46.363655
						],
						[
							-94.198883,
							46.365162
						],
						[
							-94.196686,
							46.365063
						],
						[
							-94.19458,
							46.366558
						],
						[
							-94.192383,
							46.367958
						],
						[
							-94.190186,
							46.369465
						],
						[
							-94.18808,
							46.370861
						],
						[
							-94.185883,
							46.372265
						],
						[
							-94.183685,
							46.37376
						],
						[
							-94.181488,
							46.37516
						],
						[
							-94.179382,
							46.376659
						],
						[
							-94.177185,
							46.378063
						],
						[
							-94.174988,
							46.379559
						],
						[
							-94.172882,
							46.380959
						],
						[
							-94.170685,
							46.382465
						],
						[
							-94.170578,
							46.383862
						],
						[
							-94.170578,
							46.385361
						],
						[
							-94.170486,
							46.38686
						],
						[
							-94.172577,
							46.388363
						],
						[
							-94.172577,
							46.391262
						],
						[
							-94.17038,
							46.392761
						],
						[
							-94.168182,
							46.394157
						],
						[
							-94.163986,
							46.394161
						],
						[
							-94.159576,
							46.396961
						],
						[
							-94.159576,
							46.398464
						],
						[
							-94.159485,
							46.39996
						],
						[
							-94.159485,
							46.401463
						],
						[
							-94.157288,
							46.402859
						],
						[
							-94.157288,
							46.404259
						],
						[
							-94.157181,
							46.405766
						],
						[
							-94.154984,
							46.407261
						],
						[
							-94.152878,
							46.408661
						],
						[
							-94.152786,
							46.410156
						],
						[
							-94.150681,
							46.411564
						],
						[
							-94.148476,
							46.413059
						],
						[
							-94.146278,
							46.414459
						],
						[
							-94.146278,
							46.415958
						],
						[
							-94.146172,
							46.417458
						],
						[
							-94.141869,
							46.420357
						],
						[
							-94.141777,
							46.42186
						],
						[
							-94.141777,
							46.423256
						],
						[
							-94.14167,
							46.424759
						],
						[
							-94.13958,
							46.426254
						],
						[
							-94.137367,
							46.427658
						],
						[
							-94.13517,
							46.427662
						],
						[
							-94.13308,
							46.427559
						],
						[
							-94.128868,
							46.427563
						],
						[
							-94.126671,
							46.428955
						],
						[
							-94.124474,
							46.430458
						],
						[
							-94.122276,
							46.431854
						],
						[
							-94.120171,
							46.433262
						],
						[
							-94.117973,
							46.434765
						],
						[
							-94.115776,
							46.436161
						],
						[
							-94.113579,
							46.437664
						],
						[
							-94.111473,
							46.437561
						],
						[
							-94.10717,
							46.437561
						],
						[
							-94.10508,
							46.437466
						],
						[
							-94.102974,
							46.438961
						],
						[
							-94.100777,
							46.438957
						],
						[
							-94.098579,
							46.440361
						],
						[
							-94.096474,
							46.441757
						],
						[
							-94.094276,
							46.44326
						],
						[
							-94.092079,
							46.44466
						],
						[
							-94.089882,
							46.446159
						],
						[
							-94.087776,
							46.447556
						],
						[
							-94.085579,
							46.447556
						],
						[
							-94.083382,
							46.448959
						],
						[
							-94.081276,
							46.448959
						],
						[
							-94.079079,
							46.450356
						],
						[
							-94.076973,
							46.451859
						],
						[
							-94.074776,
							46.453255
						],
						[
							-94.072578,
							46.454758
						],
						[
							-94.070381,
							46.456161
						],
						[
							-94.068275,
							46.457657
						],
						[
							-94.068169,
							46.459064
						],
						[
							-94.068169,
							46.460556
						],
						[
							-94.070168,
							46.462059
						],
						[
							-94.072273,
							46.463554
						],
						[
							-94.074471,
							46.463554
						],
						[
							-94.076469,
							46.465057
						],
						[
							-94.078682,
							46.46666
						],
						[
							-94.080681,
							46.468056
						],
						[
							-94.082771,
							46.469658
						],
						[
							-94.082771,
							46.471161
						],
						[
							-94.08268,
							46.472557
						],
						[
							-94.08477,
							46.47406
						],
						[
							-94.08477,
							46.475555
						],
						[
							-94.086769,
							46.477062
						],
						[
							-94.088982,
							46.477058
						],
						[
							-94.095268,
							46.48156
						],
						[
							-94.097267,
							46.483154
						],
						[
							-94.097267,
							46.484558
						],
						[
							-94.09507,
							46.486061
						],
						[
							-94.092873,
							46.487461
						],
						[
							-94.090782,
							46.488861
						],
						[
							-94.090675,
							46.490356
						],
						[
							-94.088478,
							46.491863
						],
						[
							-94.088478,
							46.494759
						],
						[
							-94.086281,
							46.496159
						],
						[
							-94.086174,
							46.497658
						],
						[
							-94.084068,
							46.499165
						],
						[
							-94.083977,
							46.500557
						],
						[
							-94.081779,
							46.501961
						],
						[
							-94.079582,
							46.503456
						],
						[
							-94.077477,
							46.504959
						],
						[
							-94.075279,
							46.50486
						],
						[
							-94.075279,
							46.506355
						],
						[
							-94.073082,
							46.507858
						],
						[
							-94.073082,
							46.509254
						],
						[
							-94.072975,
							46.510757
						],
						[
							-94.072975,
							46.51226
						],
						[
							-94.072868,
							46.513657
						],
						[
							-94.074974,
							46.51516
						],
						[
							-94.074974,
							46.516655
						],
						[
							-94.07708,
							46.518158
						],
						[
							-94.076973,
							46.519661
						],
						[
							-94.076973,
							46.521057
						],
						[
							-94.079079,
							46.522663
						],
						[
							-94.078972,
							46.524055
						],
						[
							-94.078972,
							46.525558
						],
						[
							-94.07888,
							46.527061
						],
						[
							-94.07888,
							46.529961
						],
						[
							-94.076668,
							46.531452
						],
						[
							-94.074471,
							46.531357
						],
						[
							-94.07238,
							46.531357
						],
						[
							-94.070274,
							46.529861
						],
						[
							-94.068169,
							46.529861
						],
						[
							-94.065971,
							46.529755
						],
						[
							-94.061775,
							46.529755
						],
						[
							-94.059578,
							46.529655
						],
						[
							-94.057381,
							46.531158
						],
						[
							-94.055275,
							46.532555
						],
						[
							-94.055168,
							46.534058
						],
						[
							-94.052971,
							46.535561
						],
						[
							-94.052971,
							46.536957
						],
						[
							-94.052879,
							46.53846
						],
						[
							-94.050774,
							46.539955
						],
						[
							-94.048576,
							46.541359
						],
						[
							-94.046379,
							46.541359
						],
						[
							-94.044273,
							46.54126
						],
						[
							-94.042168,
							46.541256
						],
						[
							-94.03997,
							46.541157
						],
						[
							-94.035774,
							46.541161
						],
						[
							-94.033569,
							46.542557
						],
						[
							-94.031372,
							46.54406
						],
						[
							-94.031372,
							46.545452
						],
						[
							-94.031265,
							46.546959
						],
						[
							-94.033463,
							46.546959
						],
						[
							-94.035461,
							46.548454
						],
						[
							-94.037674,
							46.548454
						],
						[
							-94.039764,
							46.548561
						],
						[
							-94.043968,
							46.551559
						],
						[
							-94.041763,
							46.553055
						],
						[
							-94.041763,
							46.554455
						],
						[
							-94.041672,
							46.555962
						],
						[
							-94.041672,
							46.557457
						],
						[
							-94.039474,
							46.558861
						],
						[
							-94.037369,
							46.558861
						],
						[
							-94.035263,
							46.557354
						],
						[
							-94.033173,
							46.557358
						],
						[
							-94.03096,
							46.557259
						],
						[
							-94.028763,
							46.558651
						],
						[
							-94.02446,
							46.558655
						],
						[
							-94.022369,
							46.560059
						],
						[
							-94.020172,
							46.560059
						],
						[
							-94.018173,
							46.558552
						],
						[
							-94.015961,
							46.558552
						],
						[
							-94.011765,
							46.555557
						],
						[
							-94.009674,
							46.555454
						],
						[
							-94.005463,
							46.55246
						],
						[
							-94.003372,
							46.552456
						],
						[
							-93.999161,
							46.549461
						],
						[
							-93.99707,
							46.549355
						],
						[
							-93.994965,
							46.547958
						],
						[
							-93.992767,
							46.547855
						],
						[
							-93.988571,
							46.547859
						],
						[
							-93.986374,
							46.54776
						],
						[
							-93.982162,
							46.54776
						],
						[
							-93.980072,
							46.546158
						],
						[
							-93.975861,
							46.543159
						],
						[
							-93.971573,
							46.543156
						],
						[
							-93.969467,
							46.543056
						],
						[
							-93.967361,
							46.54306
						],
						[
							-93.965271,
							46.541557
						],
						[
							-93.963165,
							46.541557
						],
						[
							-93.960968,
							46.541454
						],
						[
							-93.958862,
							46.541454
						],
						[
							-93.956772,
							46.541359
						],
						[
							-93.954575,
							46.541355
						],
						[
							-93.952362,
							46.542755
						],
						[
							-93.948166,
							46.542755
						],
						[
							-93.945969,
							46.542652
						],
						[
							-93.941772,
							46.542652
						],
						[
							-93.93956,
							46.54406
						],
						[
							-93.935272,
							46.544056
						],
						[
							-93.93306,
							46.545456
						],
						[
							-93.930969,
							46.545456
						],
						[
							-93.928772,
							46.546856
						],
						[
							-93.928772,
							46.548351
						],
						[
							-93.926559,
							46.549755
						],
						[
							-93.922272,
							46.549755
						],
						[
							-93.920166,
							46.549656
						],
						[
							-93.917969,
							46.549656
						],
						[
							-93.915863,
							46.549557
						],
						[
							-93.913666,
							46.551056
						],
						[
							-93.911469,
							46.552456
						],
						[
							-93.909363,
							46.553955
						],
						[
							-93.907166,
							46.555355
						],
						[
							-93.902863,
							46.555355
						],
						[
							-93.900772,
							46.555256
						],
						[
							-93.89856,
							46.556652
						],
						[
							-93.896362,
							46.556652
						],
						[
							-93.894272,
							46.558056
						],
						[
							-93.892075,
							46.559551
						],
						[
							-93.891968,
							46.561058
						],
						[
							-93.889771,
							46.562458
						],
						[
							-93.887665,
							46.563854
						],
						[
							-93.885468,
							46.565357
						],
						[
							-93.883263,
							46.565357
						],
						[
							-93.881065,
							46.566757
						],
						[
							-93.87896,
							46.566654
						],
						[
							-93.876762,
							46.568157
						],
						[
							-93.874565,
							46.569553
						],
						[
							-93.872459,
							46.569557
						],
						[
							-93.868065,
							46.572353
						],
						[
							-93.865959,
							46.572353
						],
						[
							-93.863762,
							46.573856
						],
						[
							-93.861656,
							46.573856
						],
						[
							-93.859459,
							46.573757
						],
						[
							-93.857353,
							46.573757
						],
						[
							-93.855156,
							46.575153
						],
						[
							-93.852959,
							46.576656
						],
						[
							-93.850853,
							46.576557
						],
						[
							-93.848656,
							46.577953
						],
						[
							-93.846565,
							46.57795
						],
						[
							-93.844353,
							46.579456
						],
						[
							-93.842155,
							46.579357
						],
						[
							-93.840065,
							46.579357
						],
						[
							-93.837852,
							46.580753
						],
						[
							-93.835762,
							46.58075
						],
						[
							-93.833565,
							46.580654
						],
						[
							-93.827156,
							46.580654
						],
						[
							-93.825066,
							46.580555
						],
						[
							-93.82296,
							46.580551
						],
						[
							-93.820763,
							46.581951
						],
						[
							-93.818565,
							46.581947
						],
						[
							-93.81646,
							46.581852
						],
						[
							-93.814354,
							46.581848
						],
						[
							-93.812157,
							46.583256
						],
						[
							-93.807854,
							46.583252
						],
						[
							-93.805763,
							46.583157
						],
						[
							-93.803566,
							46.583157
						],
						[
							-93.80146,
							46.584549
						],
						[
							-93.797157,
							46.584553
						],
						[
							-93.795067,
							46.58445
						],
						[
							-93.792854,
							46.584454
						],
						[
							-93.790657,
							46.585857
						],
						[
							-93.788567,
							46.585854
						],
						[
							-93.786354,
							46.587254
						],
						[
							-93.784157,
							46.588753
						],
						[
							-93.78196,
							46.590153
						],
						[
							-93.779854,
							46.590149
						],
						[
							-93.777657,
							46.591652
						],
						[
							-93.773354,
							46.591457
						],
						[
							-93.771263,
							46.591454
						],
						[
							-93.769066,
							46.59285
						],
						[
							-93.764763,
							46.592854
						],
						[
							-93.762657,
							46.592754
						],
						[
							-93.758354,
							46.592751
						],
						[
							-93.756264,
							46.591152
						],
						[
							-93.752052,
							46.591148
						],
						[
							-93.749855,
							46.591049
						],
						[
							-93.747765,
							46.591053
						],
						[
							-93.745659,
							46.59095
						],
						[
							-93.739265,
							46.590954
						],
						[
							-93.737053,
							46.590851
						],
						[
							-93.734962,
							46.590855
						],
						[
							-93.732857,
							46.590752
						],
						[
							-93.730659,
							46.590752
						],
						[
							-93.728462,
							46.592152
						],
						[
							-93.724159,
							46.592152
						],
						[
							-93.722054,
							46.592049
						],
						[
							-93.717766,
							46.592049
						],
						[
							-93.713547,
							46.59185
						],
						[
							-93.707047,
							46.59185
						],
						[
							-93.704956,
							46.591751
						],
						[
							-93.70285,
							46.591755
						],
						[
							-93.700653,
							46.591652
						],
						[
							-93.692154,
							46.591652
						],
						[
							-93.687851,
							46.591457
						],
						[
							-93.683655,
							46.591454
						],
						[
							-93.681458,
							46.591347
						],
						[
							-93.679352,
							46.591347
						],
						[
							-93.677246,
							46.591248
						],
						[
							-93.675049,
							46.591248
						],
						[
							-93.672958,
							46.589756
						],
						[
							-93.670944,
							46.588249
						],
						[
							-93.668747,
							46.586754
						],
						[
							-93.666748,
							46.585152
						],
						[
							-93.660355,
							46.585152
						],
						[
							-93.658157,
							46.585052
						],
						[
							-93.653946,
							46.585052
						],
						[
							-93.651749,
							46.584953
						],
						[
							-93.649658,
							46.584953
						],
						[
							-93.647552,
							46.584854
						],
						[
							-93.645355,
							46.584854
						],
						[
							-93.643158,
							46.586349
						],
						[
							-93.640945,
							46.587753
						],
						[
							-93.640945,
							46.589146
						],
						[
							-93.640854,
							46.590652
						],
						[
							-93.640854,
							46.592148
						],
						[
							-93.640747,
							46.593548
						],
						[
							-93.63855,
							46.595047
						],
						[
							-93.636353,
							46.596447
						],
						[
							-93.636353,
							46.59795
						],
						[
							-93.638458,
							46.599449
						],
						[
							-93.638351,
							46.600952
						],
						[
							-93.640457,
							46.600952
						],
						[
							-93.642548,
							46.602448
						],
						[
							-93.642548,
							46.603951
						],
						[
							-93.64035,
							46.605347
						],
						[
							-93.640259,
							46.60685
						],
						[
							-93.642349,
							46.608353
						],
						[
							-93.642349,
							46.609844
						],
						[
							-93.642258,
							46.611351
						],
						[
							-93.644348,
							46.612854
						],
						[
							-93.644257,
							46.614246
						],
						[
							-93.644257,
							46.615753
						],
						[
							-93.644058,
							46.618752
						],
						[
							-93.644058,
							46.621647
						],
						[
							-93.641846,
							46.623154
						],
						[
							-93.639648,
							46.623043
						],
						[
							-93.637558,
							46.623043
						],
						[
							-93.635345,
							46.622948
						],
						[
							-93.633347,
							46.621449
						],
						[
							-93.629059,
							46.621452
						],
						[
							-93.626846,
							46.622849
						],
						[
							-93.626755,
							46.624252
						],
						[
							-93.628845,
							46.625847
						],
						[
							-93.628845,
							46.627251
						],
						[
							-93.630859,
							46.628853
						],
						[
							-93.630859,
							46.630245
						],
						[
							-93.630753,
							46.631752
						],
						[
							-93.628555,
							46.633144
						],
						[
							-93.628555,
							46.634647
						],
						[
							-93.626358,
							46.636047
						],
						[
							-93.624146,
							46.637547
						],
						[
							-93.624054,
							46.638954
						],
						[
							-93.621857,
							46.640347
						],
						[
							-93.619751,
							46.64185
						],
						[
							-93.617447,
							46.64325
						],
						[
							-93.617447,
							46.644753
						],
						[
							-93.617355,
							46.646248
						],
						[
							-93.61525,
							46.647652
						],
						[
							-93.612946,
							46.649143
						],
						[
							-93.610855,
							46.649044
						],
						[
							-93.608749,
							46.649044
						],
						[
							-93.608658,
							46.650452
						],
						[
							-93.608658,
							46.651947
						],
						[
							-93.608551,
							46.653446
						],
						[
							-93.606354,
							46.654854
						],
						[
							-93.606247,
							46.656345
						],
						[
							-93.606247,
							46.657848
						],
						[
							-93.608353,
							46.657852
						],
						[
							-93.610458,
							46.659344
						],
						[
							-93.610458,
							46.660851
						],
						[
							-93.610352,
							46.66235
						],
						[
							-93.605957,
							46.66515
						],
						[
							-93.603851,
							46.665154
						],
						[
							-93.601654,
							46.665043
						],
						[
							-93.597458,
							46.665047
						],
						[
							-93.595245,
							46.666447
						],
						[
							-93.595047,
							46.669445
						],
						[
							-93.592957,
							46.669346
						],
						[
							-93.590759,
							46.670753
						],
						[
							-93.588547,
							46.672249
						],
						[
							-93.588547,
							46.673748
						],
						[
							-93.584152,
							46.676552
						],
						[
							-93.581955,
							46.678043
						],
						[
							-93.57975,
							46.677944
						],
						[
							-93.577644,
							46.677944
						],
						[
							-93.575539,
							46.677849
						],
						[
							-93.573349,
							46.677845
						],
						[
							-93.571251,
							46.67635
						],
						[
							-93.569145,
							46.676247
						],
						[
							-93.564842,
							46.676247
						],
						[
							-93.560448,
							46.679043
						],
						[
							-93.55825,
							46.68045
						],
						[
							-93.556038,
							46.68195
						],
						[
							-93.553841,
							46.683346
						],
						[
							-93.55175,
							46.68335
						],
						[
							-93.549644,
							46.68325
						],
						[
							-93.547447,
							46.68325
						],
						[
							-93.545448,
							46.681747
						],
						[
							-93.543251,
							46.681744
						],
						[
							-93.541039,
							46.683147
						],
						[
							-93.538948,
							46.683048
						],
						[
							-93.536751,
							46.683048
						],
						[
							-93.534538,
							46.684444
						],
						[
							-93.532341,
							46.685951
						],
						[
							-93.530251,
							46.685848
						],
						[
							-93.525948,
							46.685848
						],
						[
							-93.519341,
							46.690044
						],
						[
							-93.515038,
							46.690044
						],
						[
							-93.512947,
							46.689945
						],
						[
							-93.51075,
							46.691349
						],
						[
							-93.508644,
							46.691349
						],
						[
							-93.506447,
							46.692745
						],
						[
							-93.50425,
							46.692745
						],
						[
							-93.502037,
							46.694153
						],
						[
							-93.49984,
							46.695648
						],
						[
							-93.497749,
							46.695545
						],
						[
							-93.495537,
							46.696949
						],
						[
							-93.49334,
							46.698444
						],
						[
							-93.488945,
							46.701244
						],
						[
							-93.486748,
							46.702747
						],
						[
							-93.486641,
							46.70425
						],
						[
							-93.482246,
							46.70705
						],
						[
							-93.480141,
							46.70705
						],
						[
							-93.47805,
							46.706944
						],
						[
							-93.475838,
							46.706944
						],
						[
							-93.47364,
							46.708347
						],
						[
							-93.47155,
							46.708347
						],
						[
							-93.469337,
							46.709743
						],
						[
							-93.46714,
							46.711246
						],
						[
							-93.464943,
							46.711147
						],
						[
							-93.460747,
							46.711147
						],
						[
							-93.458549,
							46.712444
						],
						[
							-93.456337,
							46.713947
						],
						[
							-93.45414,
							46.715343
						],
						[
							-93.451942,
							46.716846
						],
						[
							-93.451851,
							46.718246
						],
						[
							-93.449638,
							46.719646
						],
						[
							-93.447441,
							46.721146
						],
						[
							-93.445351,
							46.72105
						],
						[
							-93.445244,
							46.722546
						],
						[
							-93.443047,
							46.724049
						],
						[
							-93.440849,
							46.723949
						],
						[
							-93.438744,
							46.723946
						],
						[
							-93.434349,
							46.726749
						],
						[
							-93.432243,
							46.726746
						],
						[
							-93.430046,
							46.728146
						],
						[
							-93.427841,
							46.728146
						],
						[
							-93.421234,
							46.732349
						],
						[
							-93.41684,
							46.735344
						],
						[
							-93.414841,
							46.733746
						],
						[
							-93.412643,
							46.733746
						],
						[
							-93.410538,
							46.733646
						],
						[
							-93.40834,
							46.735149
						],
						[
							-93.403931,
							46.737946
						],
						[
							-93.401733,
							46.737946
						],
						[
							-93.399643,
							46.737846
						],
						[
							-93.399536,
							46.739346
						],
						[
							-93.397339,
							46.740749
						],
						[
							-93.397232,
							46.742241
						],
						[
							-93.397232,
							46.743744
						],
						[
							-93.397141,
							46.745243
						],
						[
							-93.397141,
							46.746643
						],
						[
							-93.397034,
							46.74815
						],
						[
							-93.394836,
							46.749542
						],
						[
							-93.392731,
							46.749546
						],
						[
							-93.390533,
							46.749443
						],
						[
							-93.388336,
							46.750946
						],
						[
							-93.386139,
							46.752346
						],
						[
							-93.386139,
							46.753845
						],
						[
							-93.385941,
							46.756744
						],
						[
							-93.388031,
							46.75824
						],
						[
							-93.387939,
							46.759747
						],
						[
							-93.387939,
							46.761246
						],
						[
							-93.385742,
							46.762646
						],
						[
							-93.38353,
							46.762543
						],
						[
							-93.381332,
							46.764046
						],
						[
							-93.379135,
							46.765446
						],
						[
							-93.376938,
							46.766949
						],
						[
							-93.376938,
							46.768345
						],
						[
							-93.376831,
							46.769844
						],
						[
							-93.376831,
							46.771339
						],
						[
							-93.374542,
							46.772747
						],
						[
							-93.374542,
							46.774246
						],
						[
							-93.37233,
							46.775646
						],
						[
							-93.370132,
							46.775642
						],
						[
							-93.368042,
							46.775543
						],
						[
							-93.365829,
							46.775543
						],
						[
							-93.363632,
							46.776939
						],
						[
							-93.363632,
							46.778446
						],
						[
							-93.361435,
							46.779846
						],
						[
							-93.359329,
							46.778343
						],
						[
							-93.357132,
							46.778244
						],
						[
							-93.355042,
							46.778244
						],
						[
							-93.352829,
							46.77964
						],
						[
							-93.350632,
							46.781143
						],
						[
							-93.34404,
							46.785339
						],
						[
							-93.343933,
							46.786842
						],
						[
							-93.343933,
							46.788345
						],
						[
							-93.341629,
							46.789742
						],
						[
							-93.339432,
							46.791145
						],
						[
							-93.335236,
							46.791145
						],
						[
							-93.335037,
							46.794044
						],
						[
							-93.335037,
							46.795441
						],
						[
							-93.334839,
							46.798439
						],
						[
							-93.334839,
							46.799942
						],
						[
							-93.336929,
							46.801445
						],
						[
							-93.338943,
							46.802937
						],
						[
							-93.341034,
							46.804443
						],
						[
							-93.340942,
							46.805946
						],
						[
							-93.340942,
							46.807442
						],
						[
							-93.340836,
							46.808941
						],
						[
							-93.340836,
							46.810341
						],
						[
							-93.340744,
							46.811844
						],
						[
							-93.342941,
							46.811943
						],
						[
							-93.34494,
							46.813446
						],
						[
							-93.34053,
							46.816246
						],
						[
							-93.34053,
							46.817741
						],
						[
							-93.342529,
							46.819244
						],
						[
							-93.344742,
							46.819244
						],
						[
							-93.34903,
							46.819443
						],
						[
							-93.351242,
							46.81794
						],
						[
							-93.353333,
							46.819443
						],
						[
							-93.353241,
							46.820946
						],
						[
							-93.351044,
							46.822338
						],
						[
							-93.350937,
							46.823845
						],
						[
							-93.350937,
							46.825241
						],
						[
							-93.34874,
							46.826744
						],
						[
							-93.348541,
							46.829639
						],
						[
							-93.348541,
							46.831146
						],
						[
							-93.348335,
							46.834045
						],
						[
							-93.34613,
							46.835541
						],
						[
							-93.34404,
							46.835442
						],
						[
							-93.341927,
							46.835442
						],
						[
							-93.339622,
							46.836845
						],
						[
							-93.339622,
							46.838341
						],
						[
							-93.341728,
							46.83984
						],
						[
							-93.345833,
							46.842937
						],
						[
							-93.347923,
							46.844444
						],
						[
							-93.350029,
							46.84594
						],
						[
							-93.354225,
							46.848942
						],
						[
							-93.356224,
							46.850441
						],
						[
							-93.358421,
							46.850441
						],
						[
							-93.360527,
							46.852043
						],
						[
							-93.36264,
							46.852039
						],
						[
							-93.364723,
							46.853546
						],
						[
							-93.364639,
							46.855038
						],
						[
							-93.364632,
							46.856544
						],
						[
							-93.362434,
							46.857937
						],
						[
							-93.362236,
							46.86084
						],
						[
							-93.362236,
							46.862343
						],
						[
							-93.362022,
							46.865341
						],
						[
							-93.364235,
							46.865341
						],
						[
							-93.366325,
							46.866844
						],
						[
							-93.366234,
							46.86824
						],
						[
							-93.366234,
							46.869843
						],
						[
							-93.366035,
							46.872742
						],
						[
							-93.366035,
							46.874245
						],
						[
							-93.363823,
							46.875641
						],
						[
							-93.363625,
							46.87854
						],
						[
							-93.363625,
							46.880039
						],
						[
							-93.36573,
							46.881546
						],
						[
							-93.365532,
							46.884541
						],
						[
							-93.358925,
							46.888741
						],
						[
							-93.356728,
							46.890244
						],
						[
							-93.35453,
							46.89024
						],
						[
							-93.35453,
							46.891636
						],
						[
							-93.354424,
							46.893143
						],
						[
							-93.354424,
							46.894543
						],
						[
							-93.352226,
							46.896038
						],
						[
							-93.350029,
							46.896042
						],
						[
							-93.347923,
							46.895943
						],
						[
							-93.347725,
							46.898838
						],
						[
							-93.345528,
							46.900242
						],
						[
							-93.343422,
							46.900242
						],
						[
							-93.341225,
							46.900146
						],
						[
							-93.339134,
							46.900146
						],
						[
							-93.336922,
							46.901638
						],
						[
							-93.33683,
							46.903042
						],
						[
							-93.334633,
							46.904442
						],
						[
							-93.332436,
							46.905945
						],
						[
							-93.330223,
							46.907337
						],
						[
							-93.328026,
							46.908741
						],
						[
							-93.325829,
							46.91024
						],
						[
							-93.323631,
							46.911644
						],
						[
							-93.323524,
							46.913036
						],
						[
							-93.321327,
							46.914539
						],
						[
							-93.316933,
							46.917339
						],
						[
							-93.314629,
							46.918842
						],
						[
							-93.312431,
							46.920238
						],
						[
							-93.312431,
							46.921741
						],
						[
							-93.310234,
							46.923138
						],
						[
							-93.310127,
							46.924641
						],
						[
							-93.30793,
							46.926037
						],
						[
							-93.305733,
							46.926037
						],
						[
							-93.305733,
							46.927444
						],
						[
							-93.305534,
							46.930439
						],
						[
							-93.307625,
							46.931938
						],
						[
							-93.305428,
							46.933338
						],
						[
							-93.303322,
							46.933338
						],
						[
							-93.30323,
							46.934841
						],
						[
							-93.298836,
							46.937641
						],
						[
							-93.298729,
							46.939137
						],
						[
							-93.298729,
							46.94054
						],
						[
							-93.300835,
							46.942142
						],
						[
							-93.300728,
							46.943535
						],
						[
							-93.298531,
							46.945042
						],
						[
							-93.296333,
							46.944942
						],
						[
							-93.294228,
							46.944942
						],
						[
							-93.294136,
							46.946339
						],
						[
							-93.294136,
							46.947842
						],
						[
							-93.294029,
							46.949337
						],
						[
							-93.291832,
							46.950741
						],
						[
							-93.287636,
							46.947742
						],
						[
							-93.28553,
							46.947636
						],
						[
							-93.283333,
							46.947636
						],
						[
							-93.283333,
							46.949135
						],
						[
							-93.283134,
							46.952038
						],
						[
							-93.285225,
							46.953541
						],
						[
							-93.285133,
							46.955032
						],
						[
							-93.282936,
							46.95644
						],
						[
							-93.282936,
							46.957932
						],
						[
							-93.282829,
							46.959435
						],
						[
							-93.287025,
							46.962437
						],
						[
							-93.289024,
							46.963936
						],
						[
							-93.29113,
							46.965443
						],
						[
							-93.29113,
							46.966938
						],
						[
							-93.290924,
							46.969936
						],
						[
							-93.288727,
							46.97134
						],
						[
							-93.288727,
							46.972736
						],
						[
							-93.28862,
							46.974239
						],
						[
							-93.286423,
							46.975632
						],
						[
							-93.288528,
							46.977238
						],
						[
							-93.286316,
							46.978642
						],
						[
							-93.284119,
							46.978542
						],
						[
							-93.282028,
							46.978542
						],
						[
							-93.281921,
							46.980038
						],
						[
							-93.286118,
							46.983036
						],
						[
							-93.285919,
							46.986042
						],
						[
							-93.285919,
							46.987438
						],
						[
							-93.288025,
							46.988937
						],
						[
							-93.285721,
							46.990337
						],
						[
							-93.283615,
							46.990334
						],
						[
							-93.281418,
							46.990238
						],
						[
							-93.279327,
							46.990234
						],
						[
							-93.279221,
							46.991741
						],
						[
							-93.279221,
							46.993237
						],
						[
							-93.279114,
							46.99464
						],
						[
							-93.276917,
							46.996033
						],
						[
							-93.274719,
							46.996033
						],
						[
							-93.272522,
							46.997437
						],
						[
							-93.270416,
							46.997437
						],
						[
							-93.268219,
							46.998833
						],
						[
							-93.265915,
							47.00024
						],
						[
							-93.265915,
							47.001732
						],
						[
							-93.263718,
							47.003239
						],
						[
							-93.263519,
							47.006138
						],
						[
							-93.263519,
							47.007538
						],
						[
							-93.265625,
							47.009033
						],
						[
							-93.267624,
							47.010639
						],
						[
							-93.267624,
							47.012138
						],
						[
							-93.267426,
							47.015038
						],
						[
							-93.271622,
							47.018036
						],
						[
							-93.271515,
							47.019539
						],
						[
							-93.275726,
							47.022537
						],
						[
							-93.277924,
							47.022636
						],
						[
							-93.280014,
							47.022636
						],
						[
							-93.282227,
							47.022736
						],
						[
							-93.284317,
							47.022736
						],
						[
							-93.286514,
							47.022839
						],
						[
							-93.290817,
							47.022839
						],
						[
							-93.292923,
							47.022938
						],
						[
							-93.295029,
							47.024441
						],
						[
							-93.297226,
							47.024437
						],
						[
							-93.299316,
							47.024536
						],
						[
							-93.301514,
							47.023132
						],
						[
							-93.303726,
							47.023136
						],
						[
							-93.307922,
							47.026138
						],
						[
							-93.307816,
							47.027637
						],
						[
							-93.312027,
							47.030636
						],
						[
							-93.314117,
							47.030739
						],
						[
							-93.316315,
							47.030743
						],
						[
							-93.31842,
							47.030842
						],
						[
							-93.320526,
							47.032333
						],
						[
							-93.322617,
							47.03384
						],
						[
							-93.322525,
							47.035336
						],
						[
							-93.322525,
							47.036739
						],
						[
							-93.324615,
							47.036839
						],
						[
							-93.328827,
							47.039837
						],
						[
							-93.331024,
							47.039833
						],
						[
							-93.333115,
							47.039936
						],
						[
							-93.335327,
							47.03854
						],
						[
							-93.337418,
							47.040035
						],
						[
							-93.337326,
							47.041538
						],
						[
							-93.339523,
							47.041538
						],
						[
							-93.341614,
							47.041637
						],
						[
							-93.343719,
							47.043041
						],
						[
							-93.343719,
							47.044533
						],
						[
							-93.345825,
							47.04604
						],
						[
							-93.347824,
							47.047543
						],
						[
							-93.347824,
							47.049038
						],
						[
							-93.35202,
							47.052036
						],
						[
							-93.354126,
							47.052135
						],
						[
							-93.356323,
							47.052135
						],
						[
							-93.358414,
							47.052238
						],
						[
							-93.362717,
							47.052242
						],
						[
							-93.364914,
							47.052341
						],
						[
							-93.36702,
							47.052341
						],
						[
							-93.369217,
							47.052444
						],
						[
							-93.371323,
							47.053932
						],
						[
							-93.373428,
							47.054031
						],
						[
							-93.377716,
							47.054035
						],
						[
							-93.379929,
							47.054142
						],
						[
							-93.382019,
							47.054142
						],
						[
							-93.384125,
							47.055637
						],
						[
							-93.384125,
							47.05714
						],
						[
							-93.386124,
							47.05864
						],
						[
							-93.386124,
							47.060139
						],
						[
							-93.388214,
							47.061642
						],
						[
							-93.388016,
							47.06464
						],
						[
							-93.388016,
							47.06604
						],
						[
							-93.387924,
							47.067539
						],
						[
							-93.387924,
							47.069042
						],
						[
							-93.387726,
							47.071941
						],
						[
							-93.387726,
							47.073338
						],
						[
							-93.389816,
							47.07494
						],
						[
							-93.391815,
							47.076443
						],
						[
							-93.391815,
							47.077839
						],
						[
							-93.389618,
							47.079342
						],
						[
							-93.389526,
							47.080738
						],
						[
							-93.389526,
							47.082237
						],
						[
							-93.387222,
							47.083637
						],
						[
							-93.387222,
							47.085136
						],
						[
							-93.387115,
							47.086636
						],
						[
							-93.387115,
							47.088139
						],
						[
							-93.389221,
							47.088139
						],
						[
							-93.391327,
							47.089642
						],
						[
							-93.391327,
							47.091133
						],
						[
							-93.39122,
							47.09264
						],
						[
							-93.388916,
							47.094036
						],
						[
							-93.386826,
							47.093937
						],
						[
							-93.386719,
							47.095436
						],
						[
							-93.386719,
							47.096935
						],
						[
							-93.388824,
							47.098438
						],
						[
							-93.388718,
							47.099941
						],
						[
							-93.390915,
							47.099937
						],
						[
							-93.395126,
							47.10294
						],
						[
							-93.392822,
							47.104443
						],
						[
							-93.390625,
							47.105839
						],
						[
							-93.390625,
							47.107338
						],
						[
							-93.390427,
							47.110237
						],
						[
							-93.390427,
							47.111736
						],
						[
							-93.392517,
							47.113239
						],
						[
							-93.392426,
							47.114738
						],
						[
							-93.394516,
							47.116234
						],
						[
							-93.394424,
							47.117641
						],
						[
							-93.394424,
							47.119137
						],
						[
							-93.396515,
							47.12064
						],
						[
							-93.398621,
							47.122131
						],
						[
							-93.398514,
							47.123634
						],
						[
							-93.402725,
							47.126637
						],
						[
							-93.402618,
							47.128139
						],
						[
							-93.402618,
							47.129532
						],
						[
							-93.40242,
							47.132542
						],
						[
							-93.40242,
							47.134037
						],
						[
							-93.402328,
							47.135536
						],
						[
							-93.404419,
							47.137032
						],
						[
							-93.404327,
							47.138439
						],
						[
							-93.402115,
							47.139942
						],
						[
							-93.402115,
							47.141335
						],
						[
							-93.401917,
							47.144333
						],
						[
							-93.404114,
							47.14584
						],
						[
							-93.406128,
							47.147339
						],
						[
							-93.412415,
							47.151836
						],
						[
							-93.412323,
							47.153339
						],
						[
							-93.414429,
							47.154839
						],
						[
							-93.414429,
							47.156338
						],
						[
							-93.414215,
							47.159336
						],
						[
							-93.414215,
							47.160736
						],
						[
							-93.414124,
							47.162231
						],
						[
							-93.414124,
							47.163639
						],
						[
							-93.411926,
							47.165138
						],
						[
							-93.409821,
							47.163639
						],
						[
							-93.407623,
							47.16354
						],
						[
							-93.405426,
							47.16354
						],
						[
							-93.403229,
							47.164936
						],
						[
							-93.403229,
							47.166435
						],
						[
							-93.405319,
							47.167942
						],
						[
							-93.407425,
							47.169437
						],
						[
							-93.409515,
							47.169437
						],
						[
							-93.411621,
							47.17104
						],
						[
							-93.415924,
							47.17104
						],
						[
							-93.418015,
							47.172638
						],
						[
							-93.420227,
							47.172638
						],
						[
							-93.424423,
							47.17564
						],
						[
							-93.426514,
							47.175739
						],
						[
							-93.428619,
							47.177242
						],
						[
							-93.426422,
							47.178635
						],
						[
							-93.426315,
							47.180138
						],
						[
							-93.430527,
							47.18314
						],
						[
							-93.432724,
							47.183239
						],
						[
							-93.434814,
							47.184635
						],
						[
							-93.43692,
							47.184742
						],
						[
							-93.439026,
							47.186237
						],
						[
							-93.441223,
							47.186237
						],
						[
							-93.443329,
							47.186337
						],
						[
							-93.445526,
							47.186337
						],
						[
							-93.447723,
							47.186436
						],
						[
							-93.449814,
							47.186432
						],
						[
							-93.454025,
							47.189442
						],
						[
							-93.456223,
							47.189541
						],
						[
							-93.458328,
							47.191036
						],
						[
							-93.460419,
							47.191032
						],
						[
							-93.462616,
							47.191132
						],
						[
							-93.464722,
							47.191135
						],
						[
							-93.466827,
							47.192635
						],
						[
							-93.469025,
							47.192734
						],
						[
							-93.471115,
							47.194237
						],
						[
							-93.475327,
							47.197235
						],
						[
							-93.477417,
							47.198742
						],
						[
							-93.477325,
							47.200237
						],
						[
							-93.479416,
							47.20174
						],
						[
							-93.479416,
							47.203232
						],
						[
							-93.481415,
							47.204739
						],
						[
							-93.481415,
							47.206142
						],
						[
							-93.481323,
							47.207638
						],
						[
							-93.483414,
							47.209141
						],
						[
							-93.483414,
							47.210632
						],
						[
							-93.483322,
							47.212036
						],
						[
							-93.485428,
							47.213531
						],
						[
							-93.487518,
							47.215134
						],
						[
							-93.489624,
							47.21664
						],
						[
							-93.491714,
							47.21664
						],
						[
							-93.493927,
							47.218132
						],
						[
							-93.496017,
							47.219738
						],
						[
							-93.498016,
							47.221237
						],
						[
							-93.500214,
							47.222733
						],
						[
							-93.502319,
							47.222736
						],
						[
							-93.504425,
							47.224239
						],
						[
							-93.506516,
							47.224335
						],
						[
							-93.508728,
							47.225842
						],
						[
							-93.510818,
							47.225838
						],
						[
							-93.512924,
							47.227333
						],
						[
							-93.515121,
							47.227436
						],
						[
							-93.517227,
							47.228935
						],
						[
							-93.519318,
							47.228935
						],
						[
							-93.521423,
							47.230442
						],
						[
							-93.523621,
							47.230537
						],
						[
							-93.525726,
							47.230541
						],
						[
							-93.528015,
							47.229134
						],
						[
							-93.530121,
							47.229137
						],
						[
							-93.532318,
							47.229233
						],
						[
							-93.534515,
							47.229237
						],
						[
							-93.536514,
							47.23074
						],
						[
							-93.538727,
							47.230736
						],
						[
							-93.540924,
							47.230839
						],
						[
							-93.543015,
							47.230835
						],
						[
							-93.545227,
							47.230938
						],
						[
							-93.549515,
							47.230938
						],
						[
							-93.551727,
							47.229538
						],
						[
							-93.553925,
							47.229542
						],
						[
							-93.556015,
							47.229641
						],
						[
							-93.560226,
							47.232639
						],
						[
							-93.562317,
							47.234142
						],
						[
							-93.566528,
							47.237137
						],
						[
							-93.568726,
							47.23724
						],
						[
							-93.572922,
							47.240234
						],
						[
							-93.575027,
							47.240238
						],
						[
							-93.577225,
							47.24184
						],
						[
							-93.579315,
							47.243233
						],
						[
							-93.581314,
							47.244839
						],
						[
							-93.583527,
							47.244839
						],
						[
							-93.585617,
							47.246338
						],
						[
							-93.587814,
							47.246441
						],
						[
							-93.592026,
							47.249435
						],
						[
							-93.596329,
							47.249439
						],
						[
							-93.598419,
							47.251041
						],
						[
							-93.600525,
							47.251041
						],
						[
							-93.602722,
							47.251141
						],
						[
							-93.604919,
							47.251141
						],
						[
							-93.607117,
							47.249638
						],
						[
							-93.609222,
							47.249737
						],
						[
							-93.611328,
							47.25124
						],
						[
							-93.613525,
							47.252743
						],
						[
							-93.613419,
							47.254238
						],
						[
							-93.615524,
							47.254238
						],
						[
							-93.617615,
							47.255741
						],
						[
							-93.619827,
							47.257236
						],
						[
							-93.621918,
							47.258839
						],
						[
							-93.628326,
							47.258839
						],
						[
							-93.630524,
							47.257442
						],
						[
							-93.632828,
							47.256039
						],
						[
							-93.635025,
							47.254539
						],
						[
							-93.637222,
							47.253143
						],
						[
							-93.642151,
							47.248978
						],
						[
							-93.655128,
							47.250786
						],
						[
							-93.668159,
							47.251007
						],
						[
							-93.687126,
							47.248142
						],
						[
							-93.689323,
							47.246742
						],
						[
							-93.691536,
							47.245235
						],
						[
							-93.693733,
							47.243839
						],
						[
							-93.693825,
							47.24234
						],
						[
							-93.698235,
							47.239536
						],
						[
							-93.700325,
							47.23954
						],
						[
							-93.702522,
							47.239639
						],
						[
							-93.704735,
							47.239635
						],
						[
							-93.706825,
							47.241142
						],
						[
							-93.706734,
							47.242645
						],
						[
							-93.711021,
							47.242645
						],
						[
							-93.713234,
							47.241238
						],
						[
							-93.715431,
							47.241337
						],
						[
							-93.717628,
							47.239845
						],
						[
							-93.719826,
							47.239845
						],
						[
							-93.719826,
							47.238438
						],
						[
							-93.722023,
							47.237045
						],
						[
							-93.726433,
							47.237045
						],
						[
							-93.728523,
							47.237144
						],
						[
							-93.730736,
							47.237144
						],
						[
							-93.732933,
							47.235737
						],
						[
							-93.737236,
							47.235741
						],
						[
							-93.739326,
							47.237347
						],
						[
							-93.741524,
							47.237343
						],
						[
							-93.743736,
							47.23584
						],
						[
							-93.750328,
							47.231644
						],
						[
							-93.752525,
							47.230145
						],
						[
							-93.754723,
							47.228745
						],
						[
							-93.757027,
							47.227242
						],
						[
							-93.759224,
							47.225845
						],
						[
							-93.759224,
							47.224342
						],
						[
							-93.761436,
							47.222946
						],
						[
							-93.763634,
							47.221447
						],
						[
							-93.765831,
							47.220039
						],
						[
							-93.768135,
							47.218643
						],
						[
							-93.768135,
							47.21714
						],
						[
							-93.768227,
							47.215744
						],
						[
							-93.768227,
							47.214241
						],
						[
							-93.772636,
							47.211441
						],
						[
							-93.772728,
							47.209946
						],
						[
							-93.774925,
							47.208443
						],
						[
							-93.777122,
							47.208443
						],
						[
							-93.779228,
							47.210049
						],
						[
							-93.781334,
							47.211441
						],
						[
							-93.783424,
							47.211544
						],
						[
							-93.78553,
							47.213043
						],
						[
							-93.787727,
							47.213047
						],
						[
							-93.789925,
							47.213146
						],
						[
							-93.791924,
							47.214645
						],
						[
							-93.794136,
							47.214645
						],
						[
							-93.798332,
							47.217644
						],
						[
							-93.798332,
							47.219143
						],
						[
							-93.798225,
							47.220646
						],
						[
							-93.798225,
							47.222046
						],
						[
							-93.800331,
							47.22364
						],
						[
							-93.800224,
							47.225048
						],
						[
							-93.800224,
							47.22654
						],
						[
							-93.800133,
							47.228043
						],
						[
							-93.802223,
							47.229546
						],
						[
							-93.802223,
							47.230946
						],
						[
							-93.804329,
							47.232544
						],
						[
							-93.806435,
							47.233944
						],
						[
							-93.806435,
							47.235443
						],
						[
							-93.806236,
							47.238346
						],
						[
							-93.806236,
							47.239845
						],
						[
							-93.806129,
							47.241341
						],
						[
							-93.806129,
							47.242844
						],
						[
							-93.806023,
							47.244339
						],
						[
							-93.806023,
							47.245747
						],
						[
							-93.805931,
							47.247246
						],
						[
							-93.805931,
							47.248646
						],
						[
							-93.803734,
							47.250149
						],
						[
							-93.801521,
							47.251541
						],
						[
							-93.80143,
							47.253044
						],
						[
							-93.797035,
							47.255844
						],
						[
							-93.792625,
							47.255844
						],
						[
							-93.792625,
							47.257244
						],
						[
							-93.790428,
							47.258747
						],
						[
							-93.788231,
							47.258743
						],
						[
							-93.786125,
							47.258644
						],
						[
							-93.783836,
							47.26004
						],
						[
							-93.783836,
							47.261543
						],
						[
							-93.785927,
							47.263046
						],
						[
							-93.785835,
							47.264542
						],
						[
							-93.783623,
							47.265945
						],
						[
							-93.783623,
							47.267441
						],
						[
							-93.781425,
							47.268848
						],
						[
							-93.781334,
							47.270344
						],
						[
							-93.781334,
							47.271843
						],
						[
							-93.783424,
							47.27335
						],
						[
							-93.781227,
							47.274742
						],
						[
							-93.778923,
							47.276245
						],
						[
							-93.776726,
							47.277641
						],
						[
							-93.776726,
							47.279144
						],
						[
							-93.778831,
							47.28064
						],
						[
							-93.778725,
							47.282043
						],
						[
							-93.780922,
							47.283546
						],
						[
							-93.78083,
							47.285042
						],
						[
							-93.787132,
							47.289543
						],
						[
							-93.78933,
							47.289642
						],
						[
							-93.793526,
							47.292641
						],
						[
							-93.795723,
							47.292641
						],
						[
							-93.797829,
							47.294144
						],
						[
							-93.799934,
							47.294243
						],
						[
							-93.802025,
							47.295746
						],
						[
							-93.804222,
							47.294243
						],
						[
							-93.806435,
							47.294346
						],
						[
							-93.810722,
							47.294346
						],
						[
							-93.812828,
							47.295845
						],
						[
							-93.815025,
							47.295948
						],
						[
							-93.819328,
							47.295948
						],
						[
							-93.821526,
							47.296047
						],
						[
							-93.823631,
							47.296043
						],
						[
							-93.825829,
							47.296146
						],
						[
							-93.827934,
							47.29755
						],
						[
							-93.830025,
							47.299141
						],
						[
							-93.832222,
							47.299141
						],
						[
							-93.834328,
							47.300644
						],
						[
							-93.834236,
							47.302139
						],
						[
							-93.836327,
							47.303642
						],
						[
							-93.836327,
							47.305046
						],
						[
							-93.838432,
							47.306545
						],
						[
							-93.840523,
							47.308144
						],
						[
							-93.842735,
							47.308147
						],
						[
							-93.844826,
							47.309639
						],
						[
							-93.844734,
							47.311047
						],
						[
							-93.844734,
							47.312546
						],
						[
							-93.84893,
							47.315544
						],
						[
							-93.851128,
							47.31414
						],
						[
							-93.853325,
							47.314243
						],
						[
							-93.855431,
							47.315746
						],
						[
							-93.855324,
							47.317146
						],
						[
							-93.85743,
							47.318645
						],
						[
							-93.859734,
							47.317245
						],
						[
							-93.861931,
							47.315842
						],
						[
							-93.866234,
							47.315845
						],
						[
							-93.868324,
							47.317348
						],
						[
							-93.87043,
							47.31884
						],
						[
							-93.874626,
							47.321846
						],
						[
							-93.876823,
							47.321949
						],
						[
							-93.879036,
							47.321945
						],
						[
							-93.881233,
							47.320541
						],
						[
							-93.883324,
							47.320541
						],
						[
							-93.885536,
							47.319145
						],
						[
							-93.887733,
							47.317646
						],
						[
							-93.887825,
							47.31625
						],
						[
							-93.890022,
							47.314747
						],
						[
							-93.890129,
							47.313339
						],
						[
							-93.890129,
							47.311848
						],
						[
							-93.890236,
							47.310341
						],
						[
							-93.892433,
							47.308945
						],
						[
							-93.89463,
							47.307446
						],
						[
							-93.896828,
							47.306049
						],
						[
							-93.896828,
							47.304543
						],
						[
							-93.899025,
							47.303146
						],
						[
							-93.901329,
							47.301743
						],
						[
							-93.903526,
							47.300243
						],
						[
							-93.905724,
							47.298847
						],
						[
							-93.910027,
							47.298843
						],
						[
							-93.912224,
							47.29755
						],
						[
							-93.914436,
							47.29755
						],
						[
							-93.916634,
							47.296146
						],
						[
							-93.918724,
							47.29755
						],
						[
							-93.92083,
							47.299145
						],
						[
							-93.922935,
							47.300549
						],
						[
							-93.925133,
							47.300648
						],
						[
							-93.927223,
							47.302143
						],
						[
							-93.927223,
							47.303646
						],
						[
							-93.929329,
							47.30505
						],
						[
							-93.931435,
							47.30505
						],
						[
							-93.933632,
							47.303646
						],
						[
							-93.935829,
							47.303745
						],
						[
							-93.937935,
							47.303745
						],
						[
							-93.940132,
							47.305248
						],
						[
							-93.942223,
							47.306744
						],
						[
							-93.942131,
							47.308247
						],
						[
							-93.942131,
							47.309643
						],
						[
							-93.942024,
							47.311146
						],
						[
							-93.944221,
							47.312653
						],
						[
							-93.948433,
							47.315651
						],
						[
							-93.950523,
							47.31575
						],
						[
							-93.952736,
							47.315746
						],
						[
							-93.954826,
							47.317249
						],
						[
							-93.957024,
							47.317253
						],
						[
							-93.956932,
							47.318745
						],
						[
							-93.959023,
							47.320248
						],
						[
							-93.961235,
							47.321743
						],
						[
							-93.961128,
							47.32325
						],
						[
							-93.965324,
							47.326248
						],
						[
							-93.967522,
							47.326244
						],
						[
							-93.969627,
							47.327747
						],
						[
							-93.971733,
							47.32935
						],
						[
							-93.971733,
							47.33075
						],
						[
							-93.973824,
							47.332249
						],
						[
							-93.978035,
							47.335247
						],
						[
							-93.980232,
							47.335346
						],
						[
							-93.982323,
							47.336754
						],
						[
							-93.984428,
							47.336853
						],
						[
							-93.988823,
							47.336853
						],
						[
							-93.988731,
							47.338345
						],
						[
							-93.990822,
							47.339851
						],
						[
							-93.993034,
							47.339851
						],
						[
							-93.997231,
							47.342846
						],
						[
							-93.999428,
							47.342949
						],
						[
							-94.003738,
							47.342945
						],
						[
							-94.005936,
							47.343044
						],
						[
							-94.010239,
							47.343044
						],
						[
							-94.012329,
							47.344551
						],
						[
							-94.014542,
							47.34465
						],
						[
							-94.016632,
							47.346149
						],
						[
							-94.018829,
							47.346149
						],
						[
							-94.025131,
							47.350643
						],
						[
							-94.027344,
							47.350643
						],
						[
							-94.027237,
							47.352146
						],
						[
							-94.029343,
							47.353653
						],
						[
							-94.029343,
							47.355145
						],
						[
							-94.031433,
							47.356651
						],
						[
							-94.03363,
							47.356651
						],
						[
							-94.035736,
							47.356747
						],
						[
							-94.035736,
							47.358147
						],
						[
							-94.035629,
							47.359646
						],
						[
							-94.037842,
							47.361149
						],
						[
							-94.037735,
							47.362644
						],
						[
							-94.039841,
							47.364151
						],
						[
							-94.039841,
							47.36565
						],
						[
							-94.039734,
							47.36705
						],
						[
							-94.04184,
							47.368549
						],
						[
							-94.04184,
							47.370049
						],
						[
							-94.04393,
							47.371548
						],
						[
							-94.04393,
							47.373043
						],
						[
							-94.043839,
							47.374447
						],
						[
							-94.043839,
							47.375954
						],
						[
							-94.043732,
							47.377346
						],
						[
							-94.041534,
							47.378849
						],
						[
							-94.041534,
							47.380245
						],
						[
							-94.041443,
							47.381748
						],
						[
							-94.04364,
							47.383244
						],
						[
							-94.043442,
							47.38615
						],
						[
							-94.043442,
							47.387745
						],
						[
							-94.045532,
							47.389149
						],
						[
							-94.045532,
							47.390644
						],
						[
							-94.045441,
							47.392147
						],
						[
							-94.045441,
							47.39365
						],
						[
							-94.045334,
							47.395046
						],
						[
							-94.045334,
							47.396549
						],
						[
							-94.043137,
							47.397945
						],
						[
							-94.04303,
							47.399448
						],
						[
							-94.040825,
							47.400944
						],
						[
							-94.038628,
							47.402348
						],
						[
							-94.036522,
							47.402248
						],
						[
							-94.034233,
							47.403748
						],
						[
							-94.032036,
							47.405151
						],
						[
							-94.032036,
							47.406643
						],
						[
							-94.031929,
							47.408051
						],
						[
							-94.034035,
							47.409649
						],
						[
							-94.038429,
							47.409649
						],
						[
							-94.040535,
							47.411144
						],
						[
							-94.042732,
							47.411144
						],
						[
							-94.046928,
							47.41415
						],
						[
							-94.046822,
							47.415646
						],
						[
							-94.049034,
							47.417149
						],
						[
							-94.051125,
							47.418644
						],
						[
							-94.051033,
							47.420151
						],
						[
							-94.051033,
							47.42165
						],
						[
							-94.055229,
							47.424648
						],
						[
							-94.055229,
							47.426048
						],
						[
							-94.061531,
							47.430546
						],
						[
							-94.063622,
							47.432049
						],
						[
							-94.065834,
							47.433544
						],
						[
							-94.067924,
							47.435146
						],
						[
							-94.067833,
							47.43655
						],
						[
							-94.07003,
							47.438049
						],
						[
							-94.076332,
							47.442547
						],
						[
							-94.078529,
							47.44405
						],
						[
							-94.080635,
							47.445545
						],
						[
							-94.082726,
							47.447052
						],
						[
							-94.086922,
							47.450047
						],
						[
							-94.089134,
							47.450047
						],
						[
							-94.091232,
							47.451649
						],
						[
							-94.093338,
							47.453144
						],
						[
							-94.095535,
							47.454552
						],
						[
							-94.097641,
							47.456047
						],
						[
							-94.099731,
							47.45615
						],
						[
							-94.104141,
							47.45615
						],
						[
							-94.106339,
							47.456253
						],
						[
							-94.110641,
							47.456253
						],
						[
							-94.112732,
							47.456348
						],
						[
							-94.117142,
							47.456348
						],
						[
							-94.119232,
							47.456451
						],
						[
							-94.121429,
							47.456448
						],
						[
							-94.123642,
							47.455044
						],
						[
							-94.128036,
							47.455044
						],
						[
							-94.130234,
							47.453648
						],
						[
							-94.134537,
							47.453648
						],
						[
							-94.136734,
							47.452248
						],
						[
							-94.138931,
							47.452244
						],
						[
							-94.141144,
							47.450848
						],
						[
							-94.143341,
							47.449345
						],
						[
							-94.145538,
							47.447948
						],
						[
							-94.147736,
							47.446449
						],
						[
							-94.149933,
							47.445049
						],
						[
							-94.15213,
							47.445049
						],
						[
							-94.154343,
							47.443649
						],
						[
							-94.15654,
							47.443745
						],
						[
							-94.160843,
							47.443745
						],
						[
							-94.16304,
							47.442348
						],
						[
							-94.165237,
							47.440845
						],
						[
							-94.167435,
							47.440845
						],
						[
							-94.169632,
							47.440945
						],
						[
							-94.173935,
							47.440945
						],
						[
							-94.176132,
							47.441044
						],
						[
							-94.180435,
							47.441044
						],
						[
							-94.182632,
							47.441143
						],
						[
							-94.18483,
							47.439648
						],
						[
							-94.186935,
							47.439747
						],
						[
							-94.189133,
							47.438248
						],
						[
							-94.19133,
							47.438244
						],
						[
							-94.240425,
							47.427044
						],
						[
							-94.314102,
							47.412338
						],
						[
							-94.334686,
							47.415546
						],
						[
							-94.337158,
							47.415154
						],
						[
							-94.341354,
							47.418148
						],
						[
							-94.343552,
							47.419647
						],
						[
							-94.345657,
							47.419754
						],
						[
							-94.347748,
							47.42115
						],
						[
							-94.349945,
							47.421246
						],
						[
							-94.352158,
							47.421246
						],
						[
							-94.354248,
							47.422752
						],
						[
							-94.356445,
							47.422848
						],
						[
							-94.360748,
							47.422852
						],
						[
							-94.362854,
							47.424248
						],
						[
							-94.365051,
							47.424347
						],
						[
							-94.367249,
							47.424343
						],
						[
							-94.369354,
							47.42445
						],
						[
							-94.371552,
							47.42445
						],
						[
							-94.373657,
							47.425945
						],
						[
							-94.373657,
							47.427452
						],
						[
							-94.375748,
							47.428947
						],
						[
							-94.377945,
							47.428947
						],
						[
							-94.380051,
							47.430447
						],
						[
							-94.382248,
							47.43045
						],
						[
							-94.384354,
							47.43195
						],
						[
							-94.386459,
							47.43195
						],
						[
							-94.388748,
							47.430546
						],
						[
							-94.388748,
							47.429047
						],
						[
							-94.390945,
							47.42765
						],
						[
							-94.393051,
							47.429047
						],
						[
							-94.395248,
							47.430546
						],
						[
							-94.397354,
							47.430546
						],
						[
							-94.399551,
							47.430645
						],
						[
							-94.403854,
							47.430645
						],
						[
							-94.406052,
							47.432251
						],
						[
							-94.405945,
							47.433643
						],
						[
							-94.405945,
							47.435146
						],
						[
							-94.408051,
							47.436649
						],
						[
							-94.408051,
							47.438049
						],
						[
							-94.412247,
							47.441048
						],
						[
							-94.414459,
							47.441143
						],
						[
							-94.418747,
							47.441143
						],
						[
							-94.420944,
							47.439747
						],
						[
							-94.423157,
							47.439747
						],
						[
							-94.425354,
							47.438347
						],
						[
							-94.427444,
							47.439751
						],
						[
							-94.427444,
							47.441254
						],
						[
							-94.429657,
							47.44125
						],
						[
							-94.431747,
							47.441349
						],
						[
							-94.433945,
							47.441349
						],
						[
							-94.43605,
							47.442848
						],
						[
							-94.43605,
							47.444351
						],
						[
							-94.438156,
							47.445744
						],
						[
							-94.440353,
							47.44585
						],
						[
							-94.442459,
							47.447346
						],
						[
							-94.44455,
							47.44875
						],
						[
							-94.446747,
							47.447346
						],
						[
							-94.448959,
							47.447346
						],
						[
							-94.451157,
							47.447445
						],
						[
							-94.453247,
							47.447445
						],
						[
							-94.455444,
							47.448948
						],
						[
							-94.459747,
							47.448948
						],
						[
							-94.461945,
							47.449047
						],
						[
							-94.466255,
							47.449047
						],
						[
							-94.468353,
							47.45055
						],
						[
							-94.470558,
							47.452045
						],
						[
							-94.472664,
							47.452045
						],
						[
							-94.474861,
							47.452148
						],
						[
							-94.476967,
							47.452148
						],
						[
							-94.479256,
							47.450653
						],
						[
							-94.481453,
							47.449245
						],
						[
							-94.483665,
							47.44775
						],
						[
							-94.485756,
							47.447849
						],
						[
							-94.487885,
							47.447327
						],
						[
							-94.490166,
							47.447853
						],
						[
							-94.492256,
							47.447948
						],
						[
							-94.494453,
							47.447948
						],
						[
							-94.496666,
							47.446449
						],
						[
							-94.500954,
							47.446445
						],
						[
							-94.503166,
							47.446545
						],
						[
							-94.509666,
							47.446548
						],
						[
							-94.511757,
							47.446648
						],
						[
							-94.518364,
							47.446644
						],
						[
							-94.520454,
							47.446743
						],
						[
							-94.524864,
							47.446743
						],
						[
							-94.528618,
							47.424332
						],
						[
							-94.526543,
							47.404346
						],
						[
							-94.545662,
							47.396736
						],
						[
							-94.563438,
							47.392582
						],
						[
							-94.584862,
							47.394539
						],
						[
							-94.588409,
							47.405861
						],
						[
							-94.603302,
							47.418163
						],
						[
							-94.617012,
							47.426979
						],
						[
							-94.642273,
							47.427448
						],
						[
							-94.644363,
							47.427452
						],
						[
							-94.646561,
							47.427547
						],
						[
							-94.648773,
							47.427547
						],
						[
							-94.650864,
							47.428944
						],
						[
							-94.653061,
							47.429043
						],
						[
							-94.657372,
							47.429043
						],
						[
							-94.65947,
							47.43055
						],
						[
							-94.661674,
							47.432049
						],
						[
							-94.663872,
							47.430546
						],
						[
							-94.666069,
							47.42915
						],
						[
							-94.668175,
							47.42915
						],
						[
							-94.670372,
							47.430645
						],
						[
							-94.672478,
							47.432148
						],
						[
							-94.674675,
							47.432148
						],
						[
							-94.676781,
							47.432247
						],
						[
							-94.678978,
							47.430744
						],
						[
							-94.681175,
							47.429348
						],
						[
							-94.683372,
							47.427845
						],
						[
							-94.68557,
							47.427845
						],
						[
							-94.687675,
							47.429348
						],
						[
							-94.689873,
							47.430843
						],
						[
							-94.689781,
							47.432346
						],
						[
							-94.689781,
							47.433849
						],
						[
							-94.691872,
							47.435249
						],
						[
							-94.694069,
							47.435345
						],
						[
							-94.698372,
							47.435345
						],
						[
							-94.698479,
							47.433849
						],
						[
							-94.700676,
							47.432449
						],
						[
							-94.702782,
							47.433949
						],
						[
							-94.704979,
							47.433949
						],
						[
							-94.709175,
							47.436951
						],
						[
							-94.711372,
							47.43845
						],
						[
							-94.715569,
							47.441448
						],
						[
							-94.717781,
							47.442844
						],
						[
							-94.715569,
							47.444347
						],
						[
							-94.713371,
							47.445744
						],
						[
							-94.711174,
							47.447247
						],
						[
							-94.711174,
							47.448753
						],
						[
							-94.71328,
							47.450245
						],
						[
							-94.71537,
							47.451653
						],
						[
							-94.71537,
							47.453144
						],
						[
							-94.717476,
							47.454647
						],
						[
							-94.717476,
							47.457546
						],
						[
							-94.717369,
							47.459049
						],
						[
							-94.717369,
							47.462048
						],
						[
							-94.717278,
							47.463444
						],
						[
							-94.717278,
							47.464947
						],
						[
							-94.719368,
							47.46645
						],
						[
							-94.721581,
							47.467945
						],
						[
							-94.723671,
							47.469444
						],
						[
							-94.725868,
							47.47084
						],
						[
							-94.725777,
							47.472347
						],
						[
							-94.727974,
							47.47385
						],
						[
							-94.73008,
							47.475342
						],
						[
							-94.73008,
							47.476849
						],
						[
							-94.729973,
							47.478245
						],
						[
							-94.73217,
							47.479748
						],
						[
							-94.736473,
							47.479748
						],
						[
							-94.738579,
							47.481243
						],
						[
							-94.740776,
							47.481346
						],
						[
							-94.742973,
							47.482841
						],
						[
							-94.745079,
							47.484348
						],
						[
							-94.747169,
							47.485744
						],
						[
							-94.749382,
							47.485844
						],
						[
							-94.751472,
							47.487347
						],
						[
							-94.75367,
							47.487347
						],
						[
							-94.755775,
							47.488846
						],
						[
							-94.757973,
							47.490341
						],
						[
							-94.760078,
							47.491745
						],
						[
							-94.762276,
							47.491848
						],
						[
							-94.768776,
							47.491848
						],
						[
							-94.770973,
							47.491947
						],
						[
							-94.775276,
							47.491943
						],
						[
							-94.781776,
							47.491947
						],
						[
							-94.783882,
							47.492046
						],
						[
							-94.790474,
							47.492046
						],
						[
							-94.792671,
							47.49065
						],
						[
							-94.799171,
							47.49065
						],
						[
							-94.801376,
							47.489246
						],
						[
							-94.801376,
							47.487743
						],
						[
							-94.803589,
							47.487743
						],
						[
							-94.805786,
							47.486347
						],
						[
							-94.812286,
							47.486347
						],
						[
							-94.814377,
							47.48785
						],
						[
							-94.816589,
							47.48785
						],
						[
							-94.818787,
							47.487949
						],
						[
							-94.82518,
							47.487949
						],
						[
							-94.827377,
							47.488045
						],
						[
							-94.833878,
							47.488049
						],
						[
							-94.836899,
							47.486156
						],
						[
							-94.873383,
							47.463345
						],
						[
							-94.87558,
							47.461948
						],
						[
							-94.877777,
							47.460445
						],
						[
							-94.87999,
							47.459049
						],
						[
							-94.882187,
							47.457546
						],
						[
							-94.882187,
							47.45615
						],
						[
							-94.884384,
							47.454647
						],
						[
							-94.886581,
							47.453243
						],
						[
							-94.886581,
							47.451752
						],
						[
							-94.888779,
							47.450249
						],
						[
							-94.888779,
							47.447346
						],
						[
							-94.888893,
							47.44585
						],
						[
							-94.888893,
							47.442944
						],
						[
							-94.89109,
							47.441448
						],
						[
							-94.893288,
							47.440041
						],
						[
							-94.895393,
							47.441547
						],
						[
							-94.899788,
							47.441547
						],
						[
							-94.901894,
							47.44305
						],
						[
							-94.904091,
							47.444546
						],
						[
							-94.906197,
							47.446049
						],
						[
							-94.910484,
							47.446049
						],
						[
							-94.912697,
							47.447544
						],
						[
							-94.914787,
							47.447544
						],
						[
							-94.916985,
							47.449043
						],
						[
							-94.919197,
							47.449047
						],
						[
							-94.921288,
							47.449146
						],
						[
							-94.923485,
							47.447643
						],
						[
							-94.925697,
							47.447643
						],
						[
							-94.927788,
							47.449146
						],
						[
							-94.929985,
							47.450649
						],
						[
							-94.932091,
							47.450645
						],
						[
							-94.934288,
							47.452145
						],
						[
							-94.938591,
							47.452145
						],
						[
							-94.940788,
							47.452244
						],
						[
							-94.942986,
							47.450748
						],
						[
							-94.945091,
							47.450748
						],
						[
							-94.947289,
							47.449249
						],
						[
							-94.949486,
							47.449345
						],
						[
							-94.951591,
							47.449345
						],
						[
							-94.953896,
							47.447948
						],
						[
							-94.955986,
							47.446445
						],
						[
							-94.958183,
							47.446445
						],
						[
							-94.960396,
							47.445049
						],
						[
							-94.962593,
							47.443546
						],
						[
							-94.962593,
							47.442047
						],
						[
							-94.96479,
							47.440647
						],
						[
							-94.96479,
							47.437649
						],
						[
							-94.964897,
							47.436142
						],
						[
							-94.967094,
							47.43475
						],
						[
							-94.969185,
							47.433247
						],
						[
							-94.969292,
							47.431843
						],
						[
							-94.971489,
							47.430447
						],
						[
							-94.973595,
							47.430447
						],
						[
							-94.975792,
							47.428944
						],
						[
							-94.975792,
							47.427452
						],
						[
							-94.975883,
							47.426044
						],
						[
							-94.975883,
							47.424549
						],
						[
							-94.978096,
							47.423046
						],
						[
							-94.980293,
							47.42165
						],
						[
							-94.982384,
							47.42165
						],
						[
							-94.984596,
							47.423145
						],
						[
							-94.986687,
							47.423145
						],
						[
							-94.988884,
							47.42165
						],
						[
							-94.991096,
							47.421749
						],
						[
							-94.993301,
							47.420246
						],
						[
							-94.995384,
							47.420246
						],
						[
							-94.997604,
							47.421749
						],
						[
							-94.999695,
							47.423244
						],
						[
							-94.999695,
							47.424747
						],
						[
							-94.99749,
							47.426144
						],
						[
							-94.997498,
							47.427647
						],
						[
							-94.999596,
							47.42915
						],
						[
							-94.999596,
							47.43055
						],
						[
							-95.001801,
							47.432049
						],
						[
							-95.003891,
							47.432049
						],
						[
							-95.006104,
							47.432148
						],
						[
							-95.010391,
							47.432148
						],
						[
							-95.012604,
							47.430645
						],
						[
							-95.014801,
							47.430645
						],
						[
							-95.016891,
							47.432247
						],
						[
							-95.021301,
							47.432247
						],
						[
							-95.023392,
							47.430744
						],
						[
							-95.025604,
							47.429348
						],
						[
							-95.025696,
							47.427849
						],
						[
							-95.027802,
							47.427845
						],
						[
							-95.029999,
							47.429348
						],
						[
							-95.029892,
							47.430847
						],
						[
							-95.032104,
							47.430843
						],
						[
							-95.034195,
							47.432346
						],
						[
							-95.034195,
							47.433849
						],
						[
							-95.036392,
							47.433849
						],
						[
							-95.038605,
							47.432346
						],
						[
							-95.045105,
							47.432346
						],
						[
							-95.047195,
							47.433849
						],
						[
							-95.049393,
							47.435345
						],
						[
							-95.051498,
							47.436848
						],
						[
							-95.051498,
							47.438343
						],
						[
							-95.055801,
							47.438343
						],
						[
							-95.055801,
							47.436848
						],
						[
							-95.057999,
							47.435444
						],
						[
							-95.060196,
							47.435444
						],
						[
							-95.062393,
							47.433949
						],
						[
							-95.06459,
							47.434048
						],
						[
							-95.066803,
							47.432545
						],
						[
							-95.066803,
							47.429546
						],
						[
							-95.069,
							47.42815
						],
						[
							-95.069,
							47.426647
						],
						[
							-95.071198,
							47.425243
						],
						[
							-95.073395,
							47.423752
						],
						[
							-95.073395,
							47.422245
						],
						[
							-95.075592,
							47.420853
						],
						[
							-95.075592,
							47.41935
						],
						[
							-95.077805,
							47.417953
						],
						[
							-95.077805,
							47.416451
						],
						[
							-95.080002,
							47.415043
						],
						[
							-95.082199,
							47.415047
						],
						[
							-95.084305,
							47.413548
						],
						[
							-95.086502,
							47.415047
						],
						[
							-95.090805,
							47.415043
						],
						[
							-95.093002,
							47.416546
						],
						[
							-95.095093,
							47.418049
						],
						[
							-95.09729,
							47.419548
						],
						[
							-95.099396,
							47.419548
						],
						[
							-95.101593,
							47.421051
						],
						[
							-95.103699,
							47.421051
						],
						[
							-95.105896,
							47.422554
						],
						[
							-95.108002,
							47.424046
						],
						[
							-95.110092,
							47.425549
						],
						[
							-95.112305,
							47.426949
						],
						[
							-95.118805,
							47.426949
						],
						[
							-95.121002,
							47.428452
						],
						[
							-95.120895,
							47.429943
						],
						[
							-95.123093,
							47.431446
						],
						[
							-95.125198,
							47.431446
						],
						[
							-95.127396,
							47.430054
						],
						[
							-95.133896,
							47.430054
						],
						[
							-95.136093,
							47.428646
						],
						[
							-95.13829,
							47.428646
						],
						[
							-95.13829,
							47.425652
						],
						[
							-95.1362,
							47.424145
						],
						[
							-95.138397,
							47.422752
						],
						[
							-95.138397,
							47.41835
						],
						[
							-95.140594,
							47.416847
						],
						[
							-95.140594,
							47.415447
						],
						[
							-95.140701,
							47.413948
						],
						[
							-95.142792,
							47.412552
						],
						[
							-95.142792,
							47.411045
						],
						[
							-95.142899,
							47.409554
						],
						[
							-95.142899,
							47.408051
						],
						[
							-95.145096,
							47.406544
						],
						[
							-95.145096,
							47.402252
						],
						[
							-95.147293,
							47.400749
						],
						[
							-95.147293,
							47.39925
						],
						[
							-95.1474,
							47.39785
						],
						[
							-95.1474,
							47.393448
						],
						[
							-95.147491,
							47.391949
						],
						[
							-95.147491,
							47.390446
						],
						[
							-95.149704,
							47.389053
						],
						[
							-95.149704,
							47.387547
						],
						[
							-95.147491,
							47.386044
						],
						[
							-95.147491,
							47.384552
						],
						[
							-95.149704,
							47.383144
						],
						[
							-95.149796,
							47.381653
						],
						[
							-95.151901,
							47.380249
						],
						[
							-95.154099,
							47.378754
						],
						[
							-95.154099,
							47.377251
						],
						[
							-95.156296,
							47.375847
						],
						[
							-95.158493,
							47.374348
						],
						[
							-95.158493,
							47.372849
						],
						[
							-95.1586,
							47.371349
						],
						[
							-95.16069,
							47.369946
						],
						[
							-95.162903,
							47.369946
						],
						[
							-95.1651,
							47.368553
						],
						[
							-95.1651,
							47.365654
						],
						[
							-95.167297,
							47.364151
						],
						[
							-95.167297,
							47.361252
						],
						[
							-95.169495,
							47.359749
						],
						[
							-95.169601,
							47.358253
						],
						[
							-95.171692,
							47.35675
						],
						[
							-95.171692,
							47.353851
						],
						[
							-95.173904,
							47.352448
						],
						[
							-95.178299,
							47.349445
						],
						[
							-95.180496,
							47.348053
						],
						[
							-95.186996,
							47.348049
						],
						[
							-95.189194,
							47.348148
						],
						[
							-95.1978,
							47.348152
						],
						[
							-95.1978,
							47.346649
						],
						[
							-95.199997,
							47.345154
						],
						[
							-95.199997,
							47.343746
						],
						[
							-95.202194,
							47.342247
						],
						[
							-95.204399,
							47.340851
						],
						[
							-95.206612,
							47.339348
						],
						[
							-95.208809,
							47.337952
						],
						[
							-95.208809,
							47.33345
						],
						[
							-95.211006,
							47.332054
						],
						[
							-95.211006,
							47.330551
						],
						[
							-95.213203,
							47.329052
						],
						[
							-95.215401,
							47.327652
						],
						[
							-95.217506,
							47.327656
						],
						[
							-95.219704,
							47.326248
						],
						[
							-95.224098,
							47.32325
						],
						[
							-95.226311,
							47.321854
						],
						[
							-95.234901,
							47.321854
						],
						[
							-95.237099,
							47.32045
						],
						[
							-95.237099,
							47.318947
						],
						[
							-95.239311,
							47.317551
						],
						[
							-95.239311,
							47.316048
						],
						[
							-95.241508,
							47.314552
						],
						[
							-95.241508,
							47.313053
						],
						[
							-95.245903,
							47.310249
						],
						[
							-95.245903,
							47.302849
						],
						[
							-95.243813,
							47.301353
						],
						[
							-95.243813,
							47.298447
						],
						[
							-95.241707,
							47.296951
						],
						[
							-95.23951,
							47.295452
						],
						[
							-95.239601,
							47.293953
						],
						[
							-95.237404,
							47.293957
						],
						[
							-95.235298,
							47.292549
						],
						[
							-95.233101,
							47.291054
						],
						[
							-95.23101,
							47.289452
						],
						[
							-95.23101,
							47.288048
						],
						[
							-95.228905,
							47.286552
						],
						[
							-95.228905,
							47.285149
						],
						[
							-95.226707,
							47.283657
						],
						[
							-95.228905,
							47.282154
						],
						[
							-95.228905,
							47.280647
						],
						[
							-95.229012,
							47.279251
						],
						[
							-95.231102,
							47.277748
						],
						[
							-95.231209,
							47.276257
						],
						[
							-95.233299,
							47.274853
						],
						[
							-95.233299,
							47.273354
						],
						[
							-95.233406,
							47.271854
						],
						[
							-95.235512,
							47.270451
						],
						[
							-95.233406,
							47.268955
						],
						[
							-95.233406,
							47.267448
						],
						[
							-95.2313,
							47.265953
						],
						[
							-95.2313,
							47.261555
						],
						[
							-95.22921,
							47.260048
						],
						[
							-95.22921,
							47.257149
						],
						[
							-95.231407,
							47.255657
						],
						[
							-95.231407,
							47.25425
						],
						[
							-95.229301,
							47.252754
						],
						[
							-95.227104,
							47.251251
						],
						[
							-95.224998,
							47.249752
						],
						[
							-95.220711,
							47.246849
						],
						[
							-95.218605,
							47.246853
						],
						[
							-95.216408,
							47.24675
						],
						[
							-95.216408,
							47.245358
						],
						[
							-95.214302,
							47.243851
						],
						[
							-95.214302,
							47.242352
						],
						[
							-95.212212,
							47.240856
						],
						[
							-95.209999,
							47.239349
						],
						[
							-95.209999,
							47.23645
						],
						[
							-95.210106,
							47.234947
						]
					],
					[
						[
							-90.13382,
							38.851341
						],
						[
							-90.13562,
							38.852848
						],
						[
							-90.135422,
							38.85434
						],
						[
							-90.137207,
							38.855942
						],
						[
							-90.140808,
							38.859138
						],
						[
							-90.142609,
							38.859138
						],
						[
							-90.144608,
							38.859249
						],
						[
							-90.146317,
							38.86084
						],
						[
							-90.150116,
							38.861038
						],
						[
							-90.151917,
							38.86264
						],
						[
							-90.151718,
							38.865639
						],
						[
							-90.15152,
							38.867146
						],
						[
							-90.15332,
							38.868645
						],
						[
							-90.153214,
							38.870144
						],
						[
							-90.155014,
							38.871746
						],
						[
							-90.156921,
							38.871845
						],
						[
							-90.158722,
							38.873444
						],
						[
							-90.160416,
							38.87505
						],
						[
							-90.162216,
							38.87664
						],
						[
							-90.164017,
							38.878143
						],
						[
							-90.165909,
							38.878242
						],
						[
							-90.167709,
							38.879845
						],
						[
							-90.169617,
							38.879944
						],
						[
							-90.17131,
							38.881538
						],
						[
							-90.173111,
							38.883141
						],
						[
							-90.175018,
							38.88324
						],
						[
							-90.176819,
							38.884743
						],
						[
							-90.180618,
							38.884941
						],
						[
							-90.184219,
							38.888145
						],
						[
							-90.186111,
							38.888248
						],
						[
							-90.18782,
							38.88974
						],
						[
							-90.189713,
							38.889938
						],
						[
							-90.191513,
							38.891445
						],
						[
							-90.195312,
							38.891644
						],
						[
							-90.200722,
							38.896439
						],
						[
							-90.202408,
							38.898041
						],
						[
							-90.204323,
							38.898041
						],
						[
							-90.206123,
							38.899647
						],
						[
							-90.208015,
							38.899742
						],
						[
							-90.209816,
							38.901348
						],
						[
							-90.211723,
							38.901443
						],
						[
							-90.213524,
							38.903046
						],
						[
							-90.215218,
							38.904644
						],
						[
							-90.215126,
							38.906048
						],
						[
							-90.217018,
							38.906147
						],
						[
							-90.22242,
							38.910942
						],
						[
							-90.224129,
							38.912548
						],
						[
							-90.225929,
							38.91404
						],
						[
							-90.227715,
							38.915642
						],
						[
							-90.231529,
							38.91584
						],
						[
							-90.233315,
							38.917442
						],
						[
							-90.235222,
							38.917542
						],
						[
							-90.237022,
							38.919144
						],
						[
							-90.238914,
							38.919243
						],
						[
							-90.240715,
							38.920742
						],
						[
							-90.242516,
							38.92234
						],
						[
							-90.244225,
							38.923946
						],
						[
							-90.246117,
							38.924046
						],
						[
							-90.247917,
							38.925644
						],
						[
							-90.249916,
							38.92424
						],
						[
							-90.251717,
							38.925747
						],
						[
							-90.255516,
							38.925941
						],
						[
							-90.257317,
							38.927544
						],
						[
							-90.259224,
							38.927643
						],
						[
							-90.261024,
							38.929249
						],
						[
							-90.262917,
							38.929348
						],
						[
							-90.264717,
							38.930939
						],
						[
							-90.266624,
							38.931046
						],
						[
							-90.268318,
							38.932541
						],
						[
							-90.270317,
							38.932739
						],
						[
							-90.272118,
							38.932743
						],
						[
							-90.273918,
							38.934341
						],
						[
							-90.279625,
							38.934639
						],
						[
							-90.283424,
							38.934845
						],
						[
							-90.285316,
							38.934845
						],
						[
							-90.287224,
							38.935043
						],
						[
							-90.289116,
							38.935143
						],
						[
							-90.291222,
							38.933739
						],
						[
							-90.295021,
							38.933945
						],
						[
							-90.296928,
							38.933949
						],
						[
							-90.310219,
							38.934639
						],
						[
							-90.312218,
							38.933243
						],
						[
							-90.319817,
							38.93364
						],
						[
							-90.321617,
							38.935246
						],
						[
							-90.325417,
							38.93544
						],
						[
							-90.327217,
							38.936943
						],
						[
							-90.334816,
							38.93734
						],
						[
							-90.338417,
							38.940544
						],
						[
							-90.340218,
							38.940643
						],
						[
							-90.342018,
							38.942139
						],
						[
							-90.343925,
							38.942245
						],
						[
							-90.345726,
							38.94384
						],
						[
							-90.347618,
							38.943943
						],
						[
							-90.349419,
							38.945541
						],
						[
							-90.351326,
							38.945541
						],
						[
							-90.353127,
							38.947144
						],
						[
							-90.355019,
							38.947243
						],
						[
							-90.356819,
							38.948845
						],
						[
							-90.358727,
							38.948944
						],
						[
							-90.360527,
							38.950539
						],
						[
							-90.362328,
							38.952042
						],
						[
							-90.364128,
							38.952145
						],
						[
							-90.365929,
							38.953743
						],
						[
							-90.369728,
							38.953945
						],
						[
							-90.371727,
							38.954041
						],
						[
							-90.373421,
							38.955643
						],
						[
							-90.375328,
							38.955746
						],
						[
							-90.377327,
							38.955742
						],
						[
							-90.379021,
							38.957348
						],
						[
							-90.380928,
							38.957443
						],
						[
							-90.382729,
							38.959049
						],
						[
							-90.384621,
							38.959148
						],
						[
							-90.386528,
							38.959145
						],
						[
							-90.388329,
							38.960842
						],
						[
							-90.390327,
							38.959442
						],
						[
							-90.392128,
							38.961044
						],
						[
							-90.39402,
							38.961044
						],
						[
							-90.395927,
							38.961143
						],
						[
							-90.397728,
							38.962746
						],
						[
							-90.405327,
							38.963146
						],
						[
							-90.407127,
							38.964745
						],
						[
							-90.409019,
							38.964848
						],
						[
							-90.411018,
							38.963345
						],
						[
							-90.412926,
							38.963444
						],
						[
							-90.414818,
							38.963638
						],
						[
							-90.416725,
							38.963642
						],
						[
							-90.418526,
							38.96524
						],
						[
							-90.420525,
							38.963844
						],
						[
							-90.428123,
							38.964245
						],
						[
							-90.432014,
							38.964439
						],
						[
							-90.433815,
							38.964542
						],
						[
							-90.435722,
							38.964539
						],
						[
							-90.447227,
							38.965141
						],
						[
							-90.451027,
							38.965343
						],
						[
							-90.452919,
							38.965343
						],
						[
							-90.454826,
							38.965439
						],
						[
							-90.456718,
							38.965645
						],
						[
							-90.458626,
							38.965645
						],
						[
							-90.460518,
							38.965748
						],
						[
							-90.464516,
							38.962944
						],
						[
							-90.466423,
							38.963047
						],
						[
							-90.468422,
							38.961639
						],
						[
							-90.470329,
							38.961742
						],
						[
							-90.47242,
							38.960342
						],
						[
							-90.472527,
							38.958839
						],
						[
							-90.476524,
							38.956039
						],
						[
							-90.476616,
							38.954544
						],
						[
							-90.478722,
							38.953144
						],
						[
							-90.478828,
							38.951748
						],
						[
							-90.479027,
							38.948746
						],
						[
							-90.481026,
							38.947346
						],
						[
							-90.481117,
							38.945839
						],
						[
							-90.483223,
							38.944447
						],
						[
							-90.485222,
							38.943039
						],
						[
							-90.485329,
							38.941547
						],
						[
							-90.487328,
							38.940144
						],
						[
							-90.489326,
							38.938847
						],
						[
							-90.489418,
							38.937344
						],
						[
							-90.487617,
							38.935745
						],
						[
							-90.489723,
							38.934345
						],
						[
							-90.493721,
							38.931541
						],
						[
							-90.495728,
							38.930149
						],
						[
							-90.495827,
							38.928646
						],
						[
							-90.497917,
							38.927242
						],
						[
							-90.499924,
							38.925842
						],
						[
							-90.500122,
							38.922844
						],
						[
							-90.502022,
							38.923042
						],
						[
							-90.504021,
							38.921543
						],
						[
							-90.504135,
							38.920147
						],
						[
							-90.506226,
							38.918743
						],
						[
							-90.508224,
							38.917248
						],
						[
							-90.510223,
							38.915939
						],
						[
							-90.51033,
							38.914448
						],
						[
							-90.512329,
							38.913044
						],
						[
							-90.512527,
							38.910046
						],
						[
							-90.514633,
							38.908646
						],
						[
							-90.514832,
							38.905743
						],
						[
							-90.51683,
							38.904346
						],
						[
							-90.516937,
							38.902843
						],
						[
							-90.518936,
							38.901447
						],
						[
							-90.519135,
							38.899944
						],
						[
							-90.521133,
							38.898548
						],
						[
							-90.521225,
							38.897045
						],
						[
							-90.523224,
							38.895649
						],
						[
							-90.523331,
							38.894245
						],
						[
							-90.52533,
							38.892742
						],
						[
							-90.523636,
							38.891247
						],
						[
							-90.525635,
							38.889843
						],
						[
							-90.525726,
							38.888348
						],
						[
							-90.527634,
							38.888447
						],
						[
							-90.527725,
							38.886944
						],
						[
							-90.529724,
							38.885548
						],
						[
							-90.529922,
							38.882549
						],
						[
							-90.530136,
							38.881046
						],
						[
							-90.530334,
							38.878147
						],
						[
							-90.530624,
							38.873646
						],
						[
							-90.534622,
							38.870846
						],
						[
							-90.536728,
							38.869442
						],
						[
							-90.540527,
							38.869648
						],
						[
							-90.542526,
							38.868244
						],
						[
							-90.550125,
							38.868649
						],
						[
							-90.552032,
							38.868649
						],
						[
							-90.554031,
							38.867245
						],
						[
							-90.559723,
							38.867542
						],
						[
							-90.561737,
							38.866245
						],
						[
							-90.563736,
							38.864742
						],
						[
							-90.567535,
							38.864948
						],
						[
							-90.567429,
							38.866444
						],
						[
							-90.569336,
							38.866543
						],
						[
							-90.571136,
							38.868046
						],
						[
							-90.573135,
							38.866642
						],
						[
							-90.575027,
							38.866749
						],
						[
							-90.577026,
							38.865444
						],
						[
							-90.578934,
							38.865444
						],
						[
							-90.580826,
							38.865643
						],
						[
							-90.582733,
							38.865643
						],
						[
							-90.584625,
							38.865749
						],
						[
							-90.590332,
							38.866047
						],
						[
							-90.592422,
							38.864643
						],
						[
							-90.594131,
							38.866245
						],
						[
							-90.596024,
							38.866245
						],
						[
							-90.597931,
							38.866344
						],
						[
							-90.599731,
							38.867947
						],
						[
							-90.603531,
							38.868145
						],
						[
							-90.605331,
							38.869648
						],
						[
							-90.607224,
							38.869846
						],
						[
							-90.609024,
							38.871349
						],
						[
							-90.616623,
							38.871746
						],
						[
							-90.618423,
							38.873348
						],
						[
							-90.620224,
							38.874844
						],
						[
							-90.622025,
							38.876446
						],
						[
							-90.621826,
							38.877949
						],
						[
							-90.623627,
							38.879444
						],
						[
							-90.623535,
							38.880947
						],
						[
							-90.625336,
							38.882549
						],
						[
							-90.625229,
							38.884045
						],
						[
							-90.627029,
							38.885647
						],
						[
							-90.626923,
							38.887043
						],
						[
							-90.62883,
							38.887142
						],
						[
							-90.63063,
							38.888744
						],
						[
							-90.632523,
							38.888844
						],
						[
							-90.634323,
							38.890446
						],
						[
							-90.63623,
							38.890446
						],
						[
							-90.637924,
							38.892048
						],
						[
							-90.639832,
							38.892147
						],
						[
							-90.643433,
							38.895344
						],
						[
							-90.645325,
							38.895443
						],
						[
							-90.647232,
							38.895443
						],
						[
							-90.652634,
							38.900249
						],
						[
							-90.652527,
							38.901646
						],
						[
							-90.654327,
							38.903248
						],
						[
							-90.654236,
							38.904743
						],
						[
							-90.65593,
							38.906345
						],
						[
							-90.65773,
							38.907848
						],
						[
							-90.657623,
							38.909344
						],
						[
							-90.657333,
							38.913845
						],
						[
							-90.659134,
							38.915348
						],
						[
							-90.659027,
							38.916943
						],
						[
							-90.660828,
							38.918446
						],
						[
							-90.660629,
							38.919949
						],
						[
							-90.660522,
							38.921444
						],
						[
							-90.664124,
							38.924648
						],
						[
							-90.666031,
							38.924648
						],
						[
							-90.665924,
							38.926144
						],
						[
							-90.667725,
							38.927746
						],
						[
							-90.667435,
							38.932247
						],
						[
							-90.667236,
							38.933643
						],
						[
							-90.669037,
							38.935246
						],
						[
							-90.66893,
							38.936749
						],
						[
							-90.670731,
							38.938343
						],
						[
							-90.670624,
							38.939846
						],
						[
							-90.672424,
							38.941349
						],
						[
							-90.672333,
							38.942844
						],
						[
							-90.674133,
							38.944447
						],
						[
							-90.674026,
							38.945843
						],
						[
							-90.675827,
							38.947544
						],
						[
							-90.675629,
							38.949047
						],
						[
							-90.677429,
							38.950542
						],
						[
							-90.677322,
							38.951946
						],
						[
							-90.677231,
							38.953548
						],
						[
							-90.679031,
							38.955044
						],
						[
							-90.678925,
							38.956547
						],
						[
							-90.680725,
							38.958149
						],
						[
							-90.680527,
							38.961147
						],
						[
							-90.678436,
							38.962543
						],
						[
							-90.678223,
							38.965443
						],
						[
							-90.677734,
							38.972942
						],
						[
							-90.677628,
							38.974346
						],
						[
							-90.677429,
							38.975849
						],
						[
							-90.677322,
							38.977345
						],
						[
							-90.677032,
							38.981846
						],
						[
							-90.678833,
							38.983448
						],
						[
							-90.678726,
							38.984943
						],
						[
							-90.680527,
							38.986446
						],
						[
							-90.680435,
							38.987949
						],
						[
							-90.682236,
							38.989544
						],
						[
							-90.682022,
							38.991043
						],
						[
							-90.683823,
							38.992649
						],
						[
							-90.683731,
							38.994045
						],
						[
							-90.685532,
							38.995647
						],
						[
							-90.685425,
							38.997143
						],
						[
							-90.687225,
							38.998741
						],
						[
							-90.687134,
							39.000248
						],
						[
							-90.688934,
							39.001743
						],
						[
							-90.688736,
							39.004749
						],
						[
							-90.69043,
							39.00634
						],
						[
							-90.690323,
							39.007748
						],
						[
							-90.690231,
							39.009342
						],
						[
							-90.692032,
							39.010845
						],
						[
							-90.691925,
							39.012344
						],
						[
							-90.693726,
							39.013943
						],
						[
							-90.693634,
							39.015446
						],
						[
							-90.695435,
							39.016945
						],
						[
							-90.695328,
							39.018444
						],
						[
							-90.697128,
							39.020046
						],
						[
							-90.69693,
							39.021549
						],
						[
							-90.696823,
							39.022945
						],
						[
							-90.698624,
							39.024548
						],
						[
							-90.698334,
							39.029049
						],
						[
							-90.700134,
							39.030643
						],
						[
							-90.700027,
							39.032047
						],
						[
							-90.701828,
							39.033649
						],
						[
							-90.701736,
							39.035145
						],
						[
							-90.701523,
							39.036648
						],
						[
							-90.703323,
							39.038242
						],
						[
							-90.703125,
							39.041245
						],
						[
							-90.704926,
							39.04274
						],
						[
							-90.704727,
							39.045742
						],
						[
							-90.706528,
							39.047245
						],
						[
							-90.706436,
							39.048847
						],
						[
							-90.706329,
							39.050243
						],
						[
							-90.706131,
							39.051746
						],
						[
							-90.705734,
							39.057644
						],
						[
							-90.703735,
							39.059048
						],
						[
							-90.703629,
							39.060543
						],
						[
							-90.70163,
							39.061947
						],
						[
							-90.701431,
							39.063442
						],
						[
							-90.701126,
							39.067944
						],
						[
							-90.699127,
							39.069347
						],
						[
							-90.699036,
							39.070843
						],
						[
							-90.697037,
							39.072243
						],
						[
							-90.69693,
							39.073639
						],
						[
							-90.694824,
							39.075047
						],
						[
							-90.694733,
							39.076546
						],
						[
							-90.692734,
							39.077946
						],
						[
							-90.692627,
							39.079445
						],
						[
							-90.690628,
							39.080845
						],
						[
							-90.690536,
							39.082348
						],
						[
							-90.688522,
							39.083744
						],
						[
							-90.688324,
							39.085243
						],
						[
							-90.686325,
							39.086639
						],
						[
							-90.686234,
							39.088146
						],
						[
							-90.684235,
							39.089539
						],
						[
							-90.684036,
							39.092545
						],
						[
							-90.683929,
							39.093941
						],
						[
							-90.683731,
							39.095448
						],
						[
							-90.683624,
							39.096939
						],
						[
							-90.683136,
							39.10434
						],
						[
							-90.682922,
							39.107349
						],
						[
							-90.684723,
							39.10894
						],
						[
							-90.684525,
							39.110344
						],
						[
							-90.689926,
							39.115147
						],
						[
							-90.689835,
							39.116638
						],
						[
							-90.691635,
							39.118141
						],
						[
							-90.691528,
							39.119644
						],
						[
							-90.693329,
							39.121239
						],
						[
							-90.693237,
							39.122746
						],
						[
							-90.695023,
							39.124249
						],
						[
							-90.696823,
							39.125843
						],
						[
							-90.696732,
							39.127342
						],
						[
							-90.698532,
							39.128944
						],
						[
							-90.700226,
							39.130539
						],
						[
							-90.703934,
							39.133648
						],
						[
							-90.705627,
							39.135239
						],
						[
							-90.707535,
							39.136742
						],
						[
							-90.707336,
							39.138245
						],
						[
							-90.709137,
							39.139839
						],
						[
							-90.70903,
							39.141342
						],
						[
							-90.710831,
							39.142944
						],
						[
							-90.710724,
							39.144341
						],
						[
							-90.714325,
							39.147549
						],
						[
							-90.716125,
							39.149139
						],
						[
							-90.715927,
							39.152145
						],
						[
							-90.717728,
							39.153645
						],
						[
							-90.717636,
							39.155144
						],
						[
							-90.719437,
							39.156742
						],
						[
							-90.71933,
							39.158241
						],
						[
							-90.719131,
							39.159645
						],
						[
							-90.718826,
							39.164143
						],
						[
							-90.720627,
							39.165745
						],
						[
							-90.720337,
							39.170147
						],
						[
							-90.720123,
							39.171638
						],
						[
							-90.719833,
							39.17614
						],
						[
							-90.719727,
							39.177544
						],
						[
							-90.721527,
							39.179138
						],
						[
							-90.721436,
							39.180641
						],
						[
							-90.72113,
							39.185146
						],
						[
							-90.722824,
							39.186745
						],
						[
							-90.722824,
							39.188141
						],
						[
							-90.722626,
							39.189644
						],
						[
							-90.724426,
							39.191238
						],
						[
							-90.724136,
							39.19574
						],
						[
							-90.723923,
							39.198643
						],
						[
							-90.723724,
							39.201645
						],
						[
							-90.723526,
							39.20314
						],
						[
							-90.723526,
							39.204544
						],
						[
							-90.723328,
							39.206139
						],
						[
							-90.723129,
							39.209045
						],
						[
							-90.72493,
							39.21064
						],
						[
							-90.724823,
							39.212143
						],
						[
							-90.726624,
							39.213638
						],
						[
							-90.726532,
							39.215141
						],
						[
							-90.726227,
							39.219643
						],
						[
							-90.726028,
							39.221146
						],
						[
							-90.72583,
							39.224045
						],
						[
							-90.727631,
							39.225639
						],
						[
							-90.727036,
							39.234547
						],
						[
							-90.728729,
							39.236149
						],
						[
							-90.73053,
							39.23774
						],
						[
							-90.732437,
							39.239342
						],
						[
							-90.734131,
							39.240944
						],
						[
							-90.735931,
							39.242439
						],
						[
							-90.737823,
							39.244041
						],
						[
							-90.737625,
							39.245544
						],
						[
							-90.739426,
							39.247044
						],
						[
							-90.741226,
							39.248642
						],
						[
							-90.741135,
							39.250145
						],
						[
							-90.742935,
							39.25174
						],
						[
							-90.744736,
							39.253242
						],
						[
							-90.744629,
							39.254745
						],
						[
							-90.746429,
							39.25634
						],
						[
							-90.746323,
							39.257843
						],
						[
							-90.748123,
							39.259445
						],
						[
							-90.747925,
							39.262344
						],
						[
							-90.749725,
							39.263939
						],
						[
							-90.749634,
							39.265446
						],
						[
							-90.751434,
							39.266945
						],
						[
							-90.753242,
							39.268539
						],
						[
							-90.753128,
							39.270042
						],
						[
							-90.754929,
							39.271645
						],
						[
							-90.756737,
							39.27314
						],
						[
							-90.75853,
							39.274742
						],
						[
							-90.75843,
							39.276245
						],
						[
							-90.760231,
							39.27784
						],
						[
							-90.760033,
							39.279343
						],
						[
							-90.76194,
							39.280849
						],
						[
							-90.763634,
							39.28244
						],
						[
							-90.763542,
							39.283943
						],
						[
							-90.765343,
							39.285439
						],
						[
							-90.767143,
							39.287041
						],
						[
							-90.769035,
							39.288643
						],
						[
							-90.770744,
							39.290245
						],
						[
							-90.770638,
							39.291744
						],
						[
							-90.772545,
							39.293243
						],
						[
							-90.774239,
							39.294846
						],
						[
							-90.776039,
							39.29644
						],
						[
							-90.777931,
							39.298042
						],
						[
							-90.781441,
							39.30114
						],
						[
							-90.783333,
							39.302742
						],
						[
							-90.785133,
							39.304245
						],
						[
							-90.786842,
							39.30584
						],
						[
							-90.788734,
							39.307442
						],
						[
							-90.790535,
							39.308945
						],
						[
							-90.795937,
							39.313744
						],
						[
							-90.797737,
							39.315239
						],
						[
							-90.799644,
							39.315346
						],
						[
							-90.80143,
							39.31694
						],
						[
							-90.805244,
							39.317139
						],
						[
							-90.80703,
							39.318642
						],
						[
							-90.810631,
							39.321838
						],
						[
							-90.812431,
							39.323341
						],
						[
							-90.816032,
							39.326546
						],
						[
							-90.818031,
							39.326546
						],
						[
							-90.819832,
							39.32814
						],
						[
							-90.821541,
							39.329742
						],
						[
							-90.823433,
							39.331345
						],
						[
							-90.825233,
							39.332939
						],
						[
							-90.827034,
							39.334442
						],
						[
							-90.830635,
							39.337639
						],
						[
							-90.832436,
							39.339142
						],
						[
							-90.836037,
							39.342339
						],
						[
							-90.837944,
							39.342339
						],
						[
							-90.839745,
							39.343941
						],
						[
							-90.841637,
							39.34404
						],
						[
							-90.843437,
							39.345642
						],
						[
							-90.845345,
							39.347244
						],
						[
							-90.848839,
							39.350342
						],
						[
							-90.850838,
							39.350441
						],
						[
							-90.852531,
							39.351944
						],
						[
							-90.85453,
							39.352043
						],
						[
							-90.856331,
							39.353645
						],
						[
							-90.858238,
							39.353745
						],
						[
							-90.860039,
							39.35524
						],
						[
							-90.861839,
							39.356941
						],
						[
							-90.86364,
							39.358444
						],
						[
							-90.86544,
							39.360039
						],
						[
							-90.867241,
							39.361542
						],
						[
							-90.869133,
							39.361641
						],
						[
							-90.870934,
							39.363243
						],
						[
							-90.872932,
							39.363342
						],
						[
							-90.874733,
							39.364944
						],
						[
							-90.876534,
							39.36644
						],
						[
							-90.878334,
							39.368042
						],
						[
							-90.880241,
							39.368141
						],
						[
							-90.882042,
							39.369644
						],
						[
							-90.883934,
							39.369743
						],
						[
							-90.887535,
							39.37294
						],
						[
							-90.889336,
							39.374443
						],
						[
							-90.892937,
							39.37764
						],
						[
							-90.894844,
							39.37764
						],
						[
							-90.896736,
							39.379242
						],
						[
							-90.898643,
							39.379341
						],
						[
							-90.900444,
							39.380943
						],
						[
							-90.902336,
							39.381042
						],
						[
							-90.904137,
							39.382545
						],
						[
							-90.906044,
							39.382645
						],
						[
							-90.907845,
							39.38414
						],
						[
							-90.909843,
							39.384338
						],
						[
							-90.911644,
							39.385841
						],
						[
							-90.91523,
							39.389046
						],
						[
							-90.91703,
							39.390541
						],
						[
							-90.920631,
							39.393745
						],
						[
							-90.922432,
							39.395241
						],
						[
							-90.924232,
							39.396843
						],
						[
							-90.92614,
							39.396942
						],
						[
							-90.92794,
							39.398544
						],
						[
							-90.929832,
							39.398544
						],
						[
							-90.93174,
							39.400139
						],
						[
							-90.933632,
							39.400246
						],
						[
							-90.935432,
							39.40184
						],
						[
							-90.93734,
							39.401939
						],
						[
							-90.93914,
							39.403442
						],
						[
							-90.941032,
							39.403542
						],
						[
							-90.942833,
							39.405144
						],
						[
							-90.94474,
							39.405144
						],
						[
							-90.946739,
							39.405243
						],
						[
							-90.948433,
							39.406845
						],
						[
							-90.950439,
							39.406944
						],
						[
							-90.952232,
							39.40844
						],
						[
							-90.954147,
							39.408539
						],
						[
							-90.955948,
							39.410141
						],
						[
							-90.95784,
							39.41024
						],
						[
							-90.959641,
							39.411842
						],
						[
							-90.961639,
							39.411942
						],
						[
							-90.96344,
							39.413445
						],
						[
							-90.965347,
							39.413544
						],
						[
							-90.967148,
							39.415138
						],
						[
							-90.96904,
							39.415245
						],
						[
							-90.97084,
							39.41674
						],
						[
							-90.97464,
							39.416939
						],
						[
							-90.97644,
							39.418541
						],
						[
							-90.978439,
							39.418541
						],
						[
							-90.98024,
							39.420143
						],
						[
							-90.982147,
							39.420242
						],
						[
							-90.983948,
							39.421745
						],
						[
							-90.98584,
							39.421844
						],
						[
							-90.989441,
							39.425041
						],
						[
							-90.991348,
							39.425041
						],
						[
							-90.99324,
							39.426743
						],
						[
							-90.995148,
							39.426743
						],
						[
							-90.996948,
							39.428345
						],
						[
							-90.99884,
							39.428345
						],
						[
							-91.000641,
							39.429939
						],
						[
							-91.004547,
							39.430145
						],
						[
							-91.006348,
							39.431641
						],
						[
							-91.009949,
							39.434845
						],
						[
							-91.011841,
							39.434944
						],
						[
							-91.013748,
							39.434944
						],
						[
							-91.015549,
							39.436539
						],
						[
							-91.017441,
							39.436646
						],
						[
							-91.019348,
							39.43824
						],
						[
							-91.02124,
							39.43824
						],
						[
							-91.023041,
							39.439842
						],
						[
							-91.024948,
							39.439941
						],
						[
							-91.026749,
							39.441544
						],
						[
							-91.028641,
							39.441544
						],
						[
							-91.030441,
							39.443146
						],
						[
							-91.03244,
							39.443245
						],
						[
							-91.034241,
							39.444839
						],
						[
							-91.036148,
							39.444939
						],
						[
							-91.03804,
							39.444939
						],
						[
							-91.039841,
							39.446541
						],
						[
							-91.041641,
							39.448044
						],
						[
							-91.043549,
							39.448242
						],
						[
							-91.045441,
							39.449745
						],
						[
							-91.047241,
							39.451241
						],
						[
							-91.050842,
							39.454445
						],
						[
							-91.050751,
							39.45594
						],
						[
							-91.052551,
							39.457542
						],
						[
							-91.054352,
							39.459045
						],
						[
							-91.054245,
							39.460541
						],
						[
							-91.056152,
							39.46064
						],
						[
							-91.057938,
							39.462143
						],
						[
							-91.059738,
							39.463745
						],
						[
							-91.061646,
							39.46534
						],
						[
							-91.061539,
							39.466843
						],
						[
							-91.063339,
							39.468346
						],
						[
							-91.06694,
							39.471542
						],
						[
							-91.068848,
							39.471542
						],
						[
							-91.074249,
							39.476341
						],
						[
							-91.074249,
							39.477844
						],
						[
							-91.072144,
							39.479141
						],
						[
							-91.070145,
							39.480545
						],
						[
							-91.070038,
							39.48204
						],
						[
							-91.069748,
							39.486542
						],
						[
							-91.071548,
							39.488045
						],
						[
							-91.071045,
							39.495544
						],
						[
							-91.072845,
							39.497139
						],
						[
							-91.072647,
							39.500046
						],
						[
							-91.074448,
							39.50164
						],
						[
							-91.074341,
							39.503143
						],
						[
							-91.076141,
							39.504745
						],
						[
							-91.07605,
							39.506142
						],
						[
							-91.07785,
							39.507744
						],
						[
							-91.077652,
							39.510742
						],
						[
							-91.077438,
							39.513741
						],
						[
							-91.079239,
							39.515244
						],
						[
							-91.079147,
							39.516739
						],
						[
							-91.080948,
							39.518341
						],
						[
							-91.080841,
							39.519844
						],
						[
							-91.082642,
							39.521339
						],
						[
							-91.082443,
							39.524345
						],
						[
							-91.084244,
							39.52594
						],
						[
							-91.086151,
							39.527443
						],
						[
							-91.087952,
							39.529045
						],
						[
							-91.089752,
							39.53054
						],
						[
							-91.093338,
							39.533745
						],
						[
							-91.095139,
							39.53524
						],
						[
							-91.096939,
							39.536842
						],
						[
							-91.098938,
							39.536942
						],
						[
							-91.100739,
							39.538544
						],
						[
							-91.102646,
							39.538643
						],
						[
							-91.104446,
							39.540138
						],
						[
							-91.108337,
							39.540344
						],
						[
							-91.110245,
							39.540344
						],
						[
							-91.112045,
							39.541939
						],
						[
							-91.113937,
							39.542046
						],
						[
							-91.119751,
							39.542343
						],
						[
							-91.121643,
							39.542343
						],
						[
							-91.129349,
							39.54274
						],
						[
							-91.131241,
							39.54274
						],
						[
							-91.133148,
							39.542839
						],
						[
							-91.134949,
							39.544441
						],
						[
							-91.136841,
							39.54454
						],
						[
							-91.138748,
							39.546043
						],
						[
							-91.142548,
							39.546242
						],
						[
							-91.14444,
							39.546242
						],
						[
							-91.146347,
							39.546341
						],
						[
							-91.148239,
							39.547943
						],
						[
							-91.15004,
							39.549545
						],
						[
							-91.151947,
							39.549644
						],
						[
							-91.153748,
							39.55114
						],
						[
							-91.157349,
							39.554344
						],
						[
							-91.157349,
							39.55574
						],
						[
							-91.16095,
							39.558945
						],
						[
							-91.16275,
							39.56044
						],
						[
							-91.164558,
							39.562042
						],
						[
							-91.166359,
							39.563545
						],
						[
							-91.168159,
							39.56514
						],
						[
							-91.170052,
							39.566742
						],
						[
							-91.171852,
							39.568344
						],
						[
							-91.171745,
							39.56974
						],
						[
							-91.173546,
							39.571342
						],
						[
							-91.173454,
							39.572845
						],
						[
							-91.175255,
							39.574341
						],
						[
							-91.178856,
							39.577545
						],
						[
							-91.180748,
							39.57914
						],
						[
							-91.180656,
							39.580544
						],
						[
							-91.182457,
							39.582146
						],
						[
							-91.18235,
							39.583641
						],
						[
							-91.184151,
							39.585243
						],
						[
							-91.184059,
							39.586639
						],
						[
							-91.187645,
							39.589844
						],
						[
							-91.189552,
							39.591339
						],
						[
							-91.191353,
							39.592941
						],
						[
							-91.191246,
							39.594444
						],
						[
							-91.193047,
							39.596039
						],
						[
							-91.194847,
							39.597542
						],
						[
							-91.194756,
							39.599045
						],
						[
							-91.196556,
							39.600639
						],
						[
							-91.198448,
							39.602142
						],
						[
							-91.200249,
							39.603745
						],
						[
							-91.202049,
							39.60524
						],
						[
							-91.20565,
							39.608444
						],
						[
							-91.207558,
							39.608543
						],
						[
							-91.20945,
							39.610039
						],
						[
							-91.213051,
							39.613243
						],
						[
							-91.214851,
							39.614738
						],
						[
							-91.216652,
							39.616341
						],
						[
							-91.22036,
							39.619438
						],
						[
							-91.222145,
							39.62104
						],
						[
							-91.223946,
							39.622543
						],
						[
							-91.225746,
							39.624146
						],
						[
							-91.229454,
							39.627243
						],
						[
							-91.234856,
							39.632042
						],
						[
							-91.236748,
							39.633545
						],
						[
							-91.238548,
							39.635136
						],
						[
							-91.240349,
							39.636642
						],
						[
							-91.242149,
							39.638245
						],
						[
							-91.244057,
							39.63974
						],
						[
							-91.247658,
							39.642944
						],
						[
							-91.249458,
							39.64444
						],
						[
							-91.251259,
							39.646042
						],
						[
							-91.253151,
							39.647644
						],
						[
							-91.254951,
							39.649239
						],
						[
							-91.256752,
							39.650742
						],
						[
							-91.258553,
							39.65234
						],
						[
							-91.26046,
							39.653839
						],
						[
							-91.264046,
							39.657043
						],
						[
							-91.265953,
							39.657043
						],
						[
							-91.267845,
							39.658646
						],
						[
							-91.269646,
							39.66024
						],
						[
							-91.271446,
							39.661743
						],
						[
							-91.273247,
							39.663345
						],
						[
							-91.276955,
							39.666443
						],
						[
							-91.278755,
							39.668045
						],
						[
							-91.280556,
							39.66954
						],
						[
							-91.284157,
							39.672745
						],
						[
							-91.286049,
							39.67424
						],
						[
							-91.287956,
							39.674335
						],
						[
							-91.291557,
							39.677544
						],
						[
							-91.293449,
							39.679039
						],
						[
							-91.295357,
							39.679138
						],
						[
							-91.297157,
							39.680641
						],
						[
							-91.298958,
							39.682243
						],
						[
							-91.30085,
							39.683846
						],
						[
							-91.30265,
							39.685341
						],
						[
							-91.304451,
							39.686943
						],
						[
							-91.306252,
							39.688438
						],
						[
							-91.308052,
							39.690041
						],
						[
							-91.310051,
							39.69014
						],
						[
							-91.311852,
							39.691742
						],
						[
							-91.313652,
							39.693241
						],
						[
							-91.315559,
							39.693344
						],
						[
							-91.319252,
							39.696442
						],
						[
							-91.321159,
							39.696537
						],
						[
							-91.324852,
							39.699635
						],
						[
							-91.326653,
							39.701241
						],
						[
							-91.328453,
							39.70274
						],
						[
							-91.330254,
							39.704346
						],
						[
							-91.333946,
							39.707443
						],
						[
							-91.335854,
							39.707542
						],
						[
							-91.337654,
							39.709145
						],
						[
							-91.341347,
							39.712242
						],
						[
							-91.343147,
							39.713844
						],
						[
							-91.345146,
							39.713844
						],
						[
							-91.348747,
							39.717041
						],
						[
							-91.350548,
							39.718544
						],
						[
							-91.352356,
							39.720139
						],
						[
							-91.354263,
							39.721642
						],
						[
							-91.356056,
							39.723244
						],
						[
							-91.357864,
							39.724838
						],
						[
							-91.361557,
							39.72794
						],
						[
							-91.363358,
							39.729439
						],
						[
							-91.36515,
							39.731041
						],
						[
							-91.368866,
							39.734138
						],
						[
							-91.368668,
							39.737144
						],
						[
							-91.368446,
							39.740143
						],
						[
							-91.368256,
							39.743141
						],
						[
							-91.370056,
							39.744644
						],
						[
							-91.369766,
							39.749146
						],
						[
							-91.369553,
							39.752045
						],
						[
							-91.367554,
							39.753441
						],
						[
							-91.367065,
							39.760941
						],
						[
							-91.366951,
							39.762444
						],
						[
							-91.366867,
							39.763939
						],
						[
							-91.366653,
							39.766945
						],
						[
							-91.366058,
							39.775742
						],
						[
							-91.36586,
							39.778839
						],
						[
							-91.365746,
							39.780243
						],
						[
							-91.365662,
							39.781738
						],
						[
							-91.365555,
							39.783142
						],
						[
							-91.365463,
							39.784744
						],
						[
							-91.365265,
							39.787643
						],
						[
							-91.365265,
							39.789139
						],
						[
							-91.365067,
							39.790642
						],
						[
							-91.366959,
							39.792244
						],
						[
							-91.36676,
							39.795238
						],
						[
							-91.368561,
							39.796745
						],
						[
							-91.368454,
							39.798241
						],
						[
							-91.370255,
							39.799843
						],
						[
							-91.370163,
							39.801338
						],
						[
							-91.372055,
							39.802841
						],
						[
							-91.373856,
							39.804443
						],
						[
							-91.375656,
							39.805939
						],
						[
							-91.377457,
							39.807541
						],
						[
							-91.377365,
							39.809044
						],
						[
							-91.379257,
							39.810539
						],
						[
							-91.382858,
							39.81374
						],
						[
							-91.384766,
							39.815235
						],
						[
							-91.386566,
							39.816841
						],
						[
							-91.388458,
							39.81694
						],
						[
							-91.390366,
							39.818443
						],
						[
							-91.392166,
							39.820042
						],
						[
							-91.393967,
							39.821541
						],
						[
							-91.395859,
							39.82164
						],
						[
							-91.399567,
							39.824745
						],
						[
							-91.401367,
							39.82634
						],
						[
							-91.403366,
							39.826439
						],
						[
							-91.405167,
							39.827942
						],
						[
							-91.407059,
							39.828037
						],
						[
							-91.408859,
							39.829643
						],
						[
							-91.410767,
							39.831135
						],
						[
							-91.412567,
							39.832741
						],
						[
							-91.414459,
							39.83284
						],
						[
							-91.416367,
							39.834343
						],
						[
							-91.418259,
							39.834442
						],
						[
							-91.421967,
							39.83754
						],
						[
							-91.425568,
							39.840744
						],
						[
							-91.42926,
							39.843842
						],
						[
							-91.431061,
							39.845444
						],
						[
							-91.432953,
							39.846939
						],
						[
							-91.434753,
							39.848541
						],
						[
							-91.436554,
							39.850044
						],
						[
							-91.436462,
							39.85154
						],
						[
							-91.438263,
							39.853142
						],
						[
							-91.440155,
							39.854645
						],
						[
							-91.443756,
							39.857841
						],
						[
							-91.445557,
							39.859341
						],
						[
							-91.445557,
							39.86084
						],
						[
							-91.447357,
							39.862442
						],
						[
							-91.447266,
							39.863945
						],
						[
							-91.449066,
							39.865437
						],
						[
							-91.448868,
							39.868439
						],
						[
							-91.45076,
							39.869942
						],
						[
							-91.450653,
							39.871445
						],
						[
							-91.452454,
							39.873035
						],
						[
							-91.452362,
							39.874542
						],
						[
							-91.454163,
							39.876041
						],
						[
							-91.454056,
							39.877541
						],
						[
							-91.454056,
							39.879044
						],
						[
							-91.453964,
							39.880535
						],
						[
							-91.455765,
							39.882141
						],
						[
							-91.455658,
							39.883545
						],
						[
							-91.457458,
							39.885136
						],
						[
							-91.457367,
							39.886642
						],
						[
							-91.457062,
							39.891045
						],
						[
							-91.455063,
							39.892536
						],
						[
							-91.451065,
							39.89534
						],
						[
							-91.448959,
							39.89674
						],
						[
							-91.444962,
							39.899544
						],
						[
							-91.444855,
							39.901039
						],
						[
							-91.442764,
							39.902439
						],
						[
							-91.442657,
							39.903938
						],
						[
							-91.440659,
							39.905342
						],
						[
							-91.438766,
							39.905243
						],
						[
							-91.436768,
							39.906635
						],
						[
							-91.434662,
							39.908142
						],
						[
							-91.432663,
							39.909538
						],
						[
							-91.432465,
							39.912445
						],
						[
							-91.430466,
							39.913841
						],
						[
							-91.430267,
							39.91684
						],
						[
							-91.430054,
							39.919846
						],
						[
							-91.429565,
							39.927238
						],
						[
							-91.429459,
							39.928741
						],
						[
							-91.431366,
							39.930344
						],
						[
							-91.431259,
							39.931839
						],
						[
							-91.43306,
							39.933342
						],
						[
							-91.432953,
							39.934845
						],
						[
							-91.434753,
							39.93644
						],
						[
							-91.436768,
							39.936539
						],
						[
							-91.438553,
							39.938042
						],
						[
							-91.440353,
							39.939644
						],
						[
							-91.442261,
							39.941235
						],
						[
							-91.444153,
							39.941238
						],
						[
							-91.445953,
							39.942841
						],
						[
							-91.445862,
							39.944244
						],
						[
							-91.447754,
							39.945839
						],
						[
							-91.447662,
							39.947342
						],
						[
							-91.451355,
							39.950439
						],
						[
							-91.451157,
							39.951942
						],
						[
							-91.453064,
							39.953541
						],
						[
							-91.452866,
							39.956444
						],
						[
							-91.454666,
							39.958038
						],
						[
							-91.454468,
							39.961044
						],
						[
							-91.45636,
							39.96254
						],
						[
							-91.45816,
							39.964142
						],
						[
							-91.458054,
							39.965645
						],
						[
							-91.461761,
							39.968742
						],
						[
							-91.461655,
							39.970245
						],
						[
							-91.463455,
							39.97184
						],
						[
							-91.465256,
							39.973343
						],
						[
							-91.465164,
							39.974838
						],
						[
							-91.467056,
							39.976341
						],
						[
							-91.466766,
							39.980843
						],
						[
							-91.466553,
							39.983841
						],
						[
							-91.466461,
							39.98534
						],
						[
							-91.466156,
							39.989738
						],
						[
							-91.465668,
							39.997238
						],
						[
							-91.465454,
							40.000145
						],
						[
							-91.465164,
							40.004639
						],
						[
							-91.467056,
							40.006241
						],
						[
							-91.46666,
							40.012138
						],
						[
							-91.46846,
							40.013641
						],
						[
							-91.468353,
							40.015144
						],
						[
							-91.470154,
							40.016739
						],
						[
							-91.470154,
							40.018242
						],
						[
							-91.469864,
							40.022644
						],
						[
							-91.46936,
							40.030144
						],
						[
							-91.471161,
							40.031635
						],
						[
							-91.471054,
							40.033142
						],
						[
							-91.471054,
							40.034645
						],
						[
							-91.470856,
							40.036137
						],
						[
							-91.470856,
							40.037643
						],
						[
							-91.470764,
							40.039139
						],
						[
							-91.470459,
							40.043541
						],
						[
							-91.470261,
							40.046539
						],
						[
							-91.472061,
							40.048042
						],
						[
							-91.473862,
							40.049644
						],
						[
							-91.473755,
							40.05114
						],
						[
							-91.473755,
							40.052643
						],
						[
							-91.475555,
							40.054138
						],
						[
							-91.477356,
							40.05574
						],
						[
							-91.481064,
							40.058846
						],
						[
							-91.482864,
							40.06044
						],
						[
							-91.484756,
							40.061943
						],
						[
							-91.484665,
							40.063545
						],
						[
							-91.484558,
							40.064941
						],
						[
							-91.486359,
							40.066544
						],
						[
							-91.488266,
							40.068039
						],
						[
							-91.488068,
							40.071045
						],
						[
							-91.487854,
							40.074043
						],
						[
							-91.489655,
							40.075539
						],
						[
							-91.489365,
							40.08004
						],
						[
							-91.491257,
							40.081642
						],
						[
							-91.49086,
							40.08754
						],
						[
							-91.492661,
							40.089138
						],
						[
							-91.494553,
							40.090645
						],
						[
							-91.494461,
							40.09214
						],
						[
							-91.492355,
							40.093544
						],
						[
							-91.490463,
							40.09354
						],
						[
							-91.488464,
							40.094841
						],
						[
							-91.488358,
							40.096443
						],
						[
							-91.490158,
							40.097935
						],
						[
							-91.492065,
							40.098045
						],
						[
							-91.492065,
							40.099541
						],
						[
							-91.493866,
							40.101044
						],
						[
							-91.495667,
							40.102638
						],
						[
							-91.497559,
							40.104141
						],
						[
							-91.499359,
							40.105743
						],
						[
							-91.501266,
							40.105843
						],
						[
							-91.503159,
							40.107445
						],
						[
							-91.503067,
							40.108841
						],
						[
							-91.504868,
							40.110443
						],
						[
							-91.504654,
							40.113438
						],
						[
							-91.504364,
							40.117844
						],
						[
							-91.504364,
							40.119339
						],
						[
							-91.504166,
							40.122345
						],
						[
							-91.504059,
							40.123737
						],
						[
							-91.503967,
							40.125343
						],
						[
							-91.503754,
							40.128239
						],
						[
							-91.503662,
							40.129745
						],
						[
							-91.503357,
							40.134239
						],
						[
							-91.505157,
							40.135742
						],
						[
							-91.505066,
							40.137241
						],
						[
							-91.505066,
							40.138741
						],
						[
							-91.504868,
							40.140244
						],
						[
							-91.504868,
							40.141739
						],
						[
							-91.504761,
							40.143139
						],
						[
							-91.506561,
							40.144745
						],
						[
							-91.506165,
							40.150738
						],
						[
							-91.504166,
							40.152145
						],
						[
							-91.503967,
							40.155045
						],
						[
							-91.501953,
							40.156536
						],
						[
							-91.499863,
							40.157944
						],
						[
							-91.499756,
							40.15934
						],
						[
							-91.497757,
							40.160843
						],
						[
							-91.499557,
							40.162338
						],
						[
							-91.497559,
							40.163742
						],
						[
							-91.49736,
							40.16674
						],
						[
							-91.495361,
							40.16814
						],
						[
							-91.495056,
							40.172646
						],
						[
							-91.492966,
							40.174042
						],
						[
							-91.492966,
							40.175541
						],
						[
							-91.492767,
							40.176941
						],
						[
							-91.492767,
							40.17844
						],
						[
							-91.494553,
							40.180035
						],
						[
							-91.492554,
							40.181442
						],
						[
							-91.492157,
							40.187439
						],
						[
							-91.492065,
							40.188942
						],
						[
							-91.491653,
							40.194836
						],
						[
							-91.493454,
							40.196442
						],
						[
							-91.495453,
							40.196442
						],
						[
							-91.497467,
							40.195042
						],
						[
							-91.499466,
							40.195145
						],
						[
							-91.499268,
							40.198139
						],
						[
							-91.501053,
							40.199638
						],
						[
							-91.500854,
							40.202644
						],
						[
							-91.498962,
							40.202545
						],
						[
							-91.499054,
							40.201038
						],
						[
							-91.497162,
							40.199539
						],
						[
							-91.495163,
							40.200939
						],
						[
							-91.494965,
							40.203941
						],
						[
							-91.494858,
							40.205345
						],
						[
							-91.492859,
							40.206841
						],
						[
							-91.492554,
							40.211239
						],
						[
							-91.490555,
							40.212635
						],
						[
							-91.490463,
							40.214142
						],
						[
							-91.490067,
							40.220135
						],
						[
							-91.489853,
							40.223045
						],
						[
							-91.489563,
							40.227539
						],
						[
							-91.489456,
							40.229038
						],
						[
							-91.487457,
							40.230434
						],
						[
							-91.487366,
							40.231941
						],
						[
							-91.48526,
							40.233345
						],
						[
							-91.487167,
							40.23494
						],
						[
							-91.486954,
							40.237839
						],
						[
							-91.486755,
							40.240845
						],
						[
							-91.484665,
							40.242241
						],
						[
							-91.484665,
							40.243744
						],
						[
							-91.484467,
							40.246738
						],
						[
							-91.484253,
							40.249638
						],
						[
							-91.483963,
							40.254143
						],
						[
							-91.481964,
							40.255539
						],
						[
							-91.481766,
							40.258545
						],
						[
							-91.481567,
							40.259941
						],
						[
							-91.481354,
							40.262936
						],
						[
							-91.483261,
							40.264542
						],
						[
							-91.482864,
							40.270439
						],
						[
							-91.484756,
							40.270538
						],
						[
							-91.486664,
							40.272141
						],
						[
							-91.486557,
							40.273544
						],
						[
							-91.486267,
							40.278042
						],
						[
							-91.48616,
							40.279537
						],
						[
							-91.488068,
							40.28104
						],
						[
							-91.491653,
							40.284241
						],
						[
							-91.491455,
							40.287235
						],
						[
							-91.491455,
							40.288742
						],
						[
							-91.491257,
							40.290134
						],
						[
							-91.489258,
							40.291538
						],
						[
							-91.489166,
							40.293045
						],
						[
							-91.488953,
							40.29604
						],
						[
							-91.486954,
							40.297436
						],
						[
							-91.486755,
							40.300446
						],
						[
							-91.484756,
							40.301842
						],
						[
							-91.484665,
							40.303345
						],
						[
							-91.482559,
							40.304737
						],
						[
							-91.482361,
							40.307739
						],
						[
							-91.484253,
							40.309238
						],
						[
							-91.484055,
							40.312237
						],
						[
							-91.481964,
							40.313641
						],
						[
							-91.480164,
							40.312042
						],
						[
							-91.480255,
							40.310635
						],
						[
							-91.478256,
							40.310539
						],
						[
							-91.476257,
							40.311939
						],
						[
							-91.476059,
							40.314938
						],
						[
							-91.47406,
							40.316345
						],
						[
							-91.473953,
							40.317841
						],
						[
							-91.475754,
							40.319344
						],
						[
							-91.477859,
							40.317936
						],
						[
							-91.479858,
							40.316544
						],
						[
							-91.481766,
							40.318142
						],
						[
							-91.481567,
							40.321041
						],
						[
							-91.479462,
							40.322441
						],
						[
							-91.479355,
							40.32394
						],
						[
							-91.477356,
							40.325336
						],
						[
							-91.479156,
							40.326939
						],
						[
							-91.479065,
							40.328442
						],
						[
							-91.477066,
							40.329838
						],
						[
							-91.476868,
							40.33284
						],
						[
							-91.476761,
							40.334244
						],
						[
							-91.474762,
							40.335735
						],
						[
							-91.474655,
							40.337238
						],
						[
							-91.472565,
							40.338634
						],
						[
							-91.472565,
							40.340038
						],
						[
							-91.470459,
							40.341545
						],
						[
							-91.470261,
							40.344444
						],
						[
							-91.468262,
							40.34584
						],
						[
							-91.468155,
							40.34734
						],
						[
							-91.466064,
							40.348736
						],
						[
							-91.464066,
							40.35014
						],
						[
							-91.462067,
							40.351635
						],
						[
							-91.460068,
							40.351536
						],
						[
							-91.458054,
							40.35294
						],
						[
							-91.455963,
							40.354336
						],
						[
							-91.453964,
							40.35574
						],
						[
							-91.453857,
							40.357235
						],
						[
							-91.451859,
							40.358639
						],
						[
							-91.45166,
							40.361641
						],
						[
							-91.449554,
							40.363041
						],
						[
							-91.447556,
							40.364437
						],
						[
							-91.445465,
							40.365841
						],
						[
							-91.443558,
							40.365742
						],
						[
							-91.441559,
							40.367237
						],
						[
							-91.439453,
							40.368641
						],
						[
							-91.439362,
							40.370136
						],
						[
							-91.437363,
							40.371544
						],
						[
							-91.435257,
							40.37294
						],
						[
							-91.433365,
							40.372837
						],
						[
							-91.431366,
							40.374241
						]
					],
					[
						[
							-90.124817,
							38.798645
						],
						[
							-90.12471,
							38.800144
						],
						[
							-90.124512,
							38.801643
						],
						[
							-90.122513,
							38.80294
						],
						[
							-90.122314,
							38.805939
						],
						[
							-90.122116,
							38.807442
						],
						[
							-90.121719,
							38.813339
						],
						[
							-90.121521,
							38.814842
						],
						[
							-90.121307,
							38.817841
						],
						[
							-90.121216,
							38.819344
						],
						[
							-90.121017,
							38.820839
						],
						[
							-90.119019,
							38.822147
						],
						[
							-90.11882,
							38.825142
						],
						[
							-90.118622,
							38.826645
						],
						[
							-90.116608,
							38.828041
						],
						[
							-90.116409,
							38.831043
						],
						[
							-90.11821,
							38.832642
						],
						[
							-90.118011,
							38.834145
						],
						[
							-90.11792,
							38.835541
						],
						[
							-90.11972,
							38.837143
						],
						[
							-90.119507,
							38.838638
						],
						[
							-90.119415,
							38.840145
						],
						[
							-90.121216,
							38.841743
						],
						[
							-90.123016,
							38.843239
						],
						[
							-90.124817,
							38.844845
						],
						[
							-90.126511,
							38.846447
						],
						[
							-90.128311,
							38.848045
						],
						[
							-90.134018,
							38.848343
						]
					],
					[
						[
							-89.345161,
							29.275219
						],
						[
							-89.348259,
							29.278318
						],
						[
							-89.349754,
							29.279917
						],
						[
							-89.351357,
							29.281519
						],
						[
							-89.351158,
							29.282919
						],
						[
							-89.35276,
							29.284517
						],
						[
							-89.352654,
							29.286016
						],
						[
							-89.354164,
							29.287516
						],
						[
							-89.354057,
							29.289019
						],
						[
							-89.355568,
							29.290617
						],
						[
							-89.355461,
							29.292017
						],
						[
							-89.356956,
							29.293619
						],
						[
							-89.360161,
							29.296816
						],
						[
							-89.360054,
							29.298319
						],
						[
							-89.359856,
							29.299719
						],
						[
							-89.359764,
							29.301218
						],
						[
							-89.361366,
							29.302717
						],
						[
							-89.362862,
							29.304316
						],
						[
							-89.364555,
							29.304419
						],
						[
							-89.366066,
							29.306017
						],
						[
							-89.370766,
							29.310717
						],
						[
							-89.370659,
							29.312216
						],
						[
							-89.373756,
							29.315317
						],
						[
							-89.373558,
							29.316816
						],
						[
							-89.373466,
							29.318319
						],
						[
							-89.375053,
							29.319817
						],
						[
							-89.376656,
							29.319916
						],
						[
							-89.378258,
							29.321516
						],
						[
							-89.379967,
							29.321617
						],
						[
							-89.379768,
							29.323118
						],
						[
							-89.381355,
							29.324715
						],
						[
							-89.384468,
							29.327816
						],
						[
							-89.384361,
							29.329315
						],
						[
							-89.387459,
							29.332417
						],
						[
							-89.38726,
							29.333918
						],
						[
							-89.388863,
							29.335514
						],
						[
							-89.390556,
							29.335617
						],
						[
							-89.392067,
							29.337116
						],
						[
							-89.393761,
							29.337215
						],
						[
							-89.395256,
							29.338814
						],
						[
							-89.401558,
							29.345116
						],
						[
							-89.403069,
							29.346714
						],
						[
							-89.404655,
							29.348217
						],
						[
							-89.406166,
							29.349815
						],
						[
							-89.407768,
							29.351414
						],
						[
							-89.409264,
							29.353016
						],
						[
							-89.412666,
							29.353214
						],
						[
							-89.414162,
							29.354816
						],
						[
							-89.415855,
							29.354916
						],
						[
							-89.417366,
							29.356415
						],
						[
							-89.41906,
							29.356514
						],
						[
							-89.420662,
							29.358116
						],
						[
							-89.422264,
							29.358215
						],
						[
							-89.423866,
							29.359814
						],
						[
							-89.427162,
							29.360016
						],
						[
							-89.430565,
							29.360214
						],
						[
							-89.432167,
							29.361816
						],
						[
							-89.435463,
							29.362015
						],
						[
							-89.436958,
							29.363617
						],
						[
							-89.438667,
							29.363716
						],
						[
							-89.440254,
							29.365215
						],
						[
							-89.441856,
							29.365414
						],
						[
							-89.443565,
							29.365517
						],
						[
							-89.445168,
							29.367016
						],
						[
							-89.448463,
							29.367214
						],
						[
							-89.450264,
							29.365917
						],
						[
							-89.451958,
							29.366016
						],
						[
							-89.453758,
							29.364616
						],
						[
							-89.455467,
							29.364716
						],
						[
							-89.457268,
							29.363415
						],
						[
							-89.458855,
							29.363514
						],
						[
							-89.460655,
							29.362114
						],
						[
							-89.462456,
							29.360817
						],
						[
							-89.464256,
							29.359417
						],
						[
							-89.464363,
							29.357916
						],
						[
							-89.466171,
							29.356617
						],
						[
							-89.466255,
							29.355114
						],
						[
							-89.466461,
							29.353615
						],
						[
							-89.468254,
							29.352316
						],
						[
							-89.468369,
							29.350815
						],
						[
							-89.470169,
							29.349516
						],
						[
							-89.471863,
							29.348114
						],
						[
							-89.473763,
							29.346716
						],
						[
							-89.477058,
							29.346918
						],
						[
							-89.480461,
							29.347116
						],
						[
							-89.482071,
							29.347317
						],
						[
							-89.483757,
							29.347418
						],
						[
							-89.485359,
							29.348915
						],
						[
							-89.488663,
							29.349119
						],
						[
							-89.490257,
							29.350718
						],
						[
							-89.493568,
							29.350914
						],
						[
							-89.495163,
							29.352518
						],
						[
							-89.496765,
							29.352615
						],
						[
							-89.498367,
							29.354216
						],
						[
							-89.501663,
							29.354416
						],
						[
							-89.503265,
							29.355915
						],
						[
							-89.504776,
							29.357519
						],
						[
							-89.50647,
							29.357618
						],
						[
							-89.508072,
							29.359215
						],
						[
							-89.509567,
							29.360819
						],
						[
							-89.511368,
							29.359417
						],
						[
							-89.51297,
							29.361017
						],
						[
							-89.514664,
							29.361116
						],
						[
							-89.516174,
							29.362614
						],
						[
							-89.517868,
							29.362818
						],
						[
							-89.519363,
							29.364315
						],
						[
							-89.521072,
							29.364414
						],
						[
							-89.522675,
							29.366018
						],
						[
							-89.524261,
							29.366116
						],
						[
							-89.525864,
							29.367714
						],
						[
							-89.529175,
							29.367918
						],
						[
							-89.530975,
							29.366518
						],
						[
							-89.532669,
							29.366617
						],
						[
							-89.534271,
							29.368216
						],
						[
							-89.539276,
							29.368517
						],
						[
							-89.540771,
							29.370117
						],
						[
							-89.544174,
							29.370317
						],
						[
							-89.54567,
							29.371916
						],
						[
							-89.549072,
							29.372116
						],
						[
							-89.550568,
							29.373716
						],
						[
							-89.552368,
							29.372316
						],
						[
							-89.55397,
							29.373917
						],
						[
							-89.555664,
							29.373917
						],
						[
							-89.557266,
							29.374115
						],
						[
							-89.558868,
							29.375614
						],
						[
							-89.560562,
							29.375717
						],
						[
							-89.562073,
							29.377316
						],
						[
							-89.563766,
							29.377417
						],
						[
							-89.565369,
							29.379019
						],
						[
							-89.566864,
							29.380617
						],
						[
							-89.569962,
							29.383717
						],
						[
							-89.573364,
							29.383917
						],
						[
							-89.574875,
							29.385517
						],
						[
							-89.576569,
							29.385616
						],
						[
							-89.579666,
							29.388714
						],
						[
							-89.581375,
							29.388817
						],
						[
							-89.58287,
							29.390415
						],
						[
							-89.584473,
							29.392017
						],
						[
							-89.586075,
							29.393517
						],
						[
							-89.58757,
							29.395115
						],
						[
							-89.589172,
							29.396717
						],
						[
							-89.590668,
							29.398315
						],
						[
							-89.59227,
							29.399815
						],
						[
							-89.593872,
							29.401417
						],
						[
							-89.595367,
							29.403015
						],
						[
							-89.596863,
							29.404514
						],
						[
							-89.596771,
							29.406017
						],
						[
							-89.598373,
							29.407616
						],
						[
							-89.598175,
							29.410515
						],
						[
							-89.59967,
							29.412117
						],
						[
							-89.601273,
							29.413715
						],
						[
							-89.601166,
							29.415215
						],
						[
							-89.600967,
							29.416615
						],
						[
							-89.600876,
							29.418114
						],
						[
							-89.602463,
							29.419617
						],
						[
							-89.602264,
							29.421116
						],
						[
							-89.602173,
							29.422615
						],
						[
							-89.602066,
							29.424015
						],
						[
							-89.600266,
							29.425415
						],
						[
							-89.601868,
							29.426914
						],
						[
							-89.601669,
							29.429916
						],
						[
							-89.601471,
							29.431416
						],
						[
							-89.601364,
							29.432816
						],
						[
							-89.601074,
							29.437315
						],
						[
							-89.60257,
							29.438814
						],
						[
							-89.602371,
							29.441713
						],
						[
							-89.603867,
							29.443317
						],
						[
							-89.603775,
							29.444717
						],
						[
							-89.605362,
							29.446415
						],
						[
							-89.60527,
							29.447815
						],
						[
							-89.606766,
							29.449415
						],
						[
							-89.608368,
							29.450916
						],
						[
							-89.609863,
							29.452515
						],
						[
							-89.611465,
							29.454115
						],
						[
							-89.613174,
							29.454214
						],
						[
							-89.614975,
							29.452816
						],
						[
							-89.616562,
							29.452915
						],
						[
							-89.618164,
							29.454517
						],
						[
							-89.626572,
							29.455015
						],
						[
							-89.628067,
							29.456614
						],
						[
							-89.633163,
							29.456917
						],
						[
							-89.634964,
							29.455517
						],
						[
							-89.638275,
							29.455713
						],
						[
							-89.639862,
							29.457315
						],
						[
							-89.641464,
							29.457417
						],
						[
							-89.646576,
							29.457714
						],
						[
							-89.648071,
							29.459316
						],
						[
							-89.653168,
							29.459614
						],
						[
							-89.654663,
							29.461216
						],
						[
							-89.656372,
							29.461214
						],
						[
							-89.658066,
							29.461412
						],
						[
							-89.659561,
							29.462917
						],
						[
							-89.66127,
							29.463017
						],
						[
							-89.662964,
							29.463215
						],
						[
							-89.664474,
							29.464815
						],
						[
							-89.666168,
							29.464817
						],
						[
							-89.66777,
							29.466415
						],
						[
							-89.669373,
							29.467913
						],
						[
							-89.670975,
							29.468115
						],
						[
							-89.672562,
							29.469616
						],
						[
							-89.674278,
							29.469814
						],
						[
							-89.677368,
							29.472916
						],
						[
							-89.678864,
							29.474514
						],
						[
							-89.680466,
							29.476015
						],
						[
							-89.681961,
							29.477613
						],
						[
							-89.683571,
							29.479115
						],
						[
							-89.685165,
							29.480717
						],
						[
							-89.686676,
							29.482313
						],
						[
							-89.688271,
							29.483814
						],
						[
							-89.689781,
							29.485415
						],
						[
							-89.69297,
							29.488615
						],
						[
							-89.696083,
							29.491713
						],
						[
							-89.697662,
							29.493315
						],
						[
							-89.699173,
							29.494913
						],
						[
							-89.700783,
							29.496412
						],
						[
							-89.700668,
							29.497915
						],
						[
							-89.702171,
							29.499514
						],
						[
							-89.703773,
							29.501013
						],
						[
							-89.703682,
							29.502512
						],
						[
							-89.70517,
							29.504114
						],
						[
							-89.70507,
							29.505514
						],
						[
							-89.706779,
							29.505613
						],
						[
							-89.708275,
							29.507215
						],
						[
							-89.709877,
							29.508715
						],
						[
							-89.711479,
							29.510313
						],
						[
							-89.712975,
							29.511915
						],
						[
							-89.714577,
							29.513514
						],
						[
							-89.71447,
							29.514914
						],
						[
							-89.715981,
							29.516512
						],
						[
							-89.717667,
							29.516615
						],
						[
							-89.719276,
							29.518213
						],
						[
							-89.722374,
							29.521315
						],
						[
							-89.723976,
							29.522814
						],
						[
							-89.725471,
							29.524515
						],
						[
							-89.72718,
							29.524515
						],
						[
							-89.728783,
							29.526114
						],
						[
							-89.730278,
							29.527712
						],
						[
							-89.73188,
							29.529314
						],
						[
							-89.733574,
							29.529413
						],
						[
							-89.735069,
							29.530912
						],
						[
							-89.736778,
							29.531015
						],
						[
							-89.738579,
							29.529715
						],
						[
							-89.740181,
							29.531214
						],
						[
							-89.745171,
							29.531515
						],
						[
							-89.746681,
							29.533113
						],
						[
							-89.748375,
							29.533213
						],
						[
							-89.749977,
							29.534815
						],
						[
							-89.751671,
							29.534914
						],
						[
							-89.754784,
							29.538015
						],
						[
							-89.756371,
							29.539614
						],
						[
							-89.759682,
							29.539812
						],
						[
							-89.761284,
							29.541315
						],
						[
							-89.762871,
							29.542913
						],
						[
							-89.764381,
							29.544512
						],
						[
							-89.765984,
							29.546015
						],
						[
							-89.767479,
							29.547613
						],
						[
							-89.770683,
							29.550814
						],
						[
							-89.77047,
							29.552212
						],
						[
							-89.773674,
							29.555414
						],
						[
							-89.775169,
							29.557011
						],
						[
							-89.775078,
							29.558413
						],
						[
							-89.776772,
							29.558512
						],
						[
							-89.778374,
							29.560112
						],
						[
							-89.779976,
							29.560213
						],
						[
							-89.781578,
							29.561815
						],
						[
							-89.78318,
							29.563314
						],
						[
							-89.784676,
							29.564913
						],
						[
							-89.786278,
							29.566513
						],
						[
							-89.78788,
							29.568012
						],
						[
							-89.789375,
							29.569613
						],
						[
							-89.790977,
							29.571115
						],
						[
							-89.792473,
							29.572714
						],
						[
							-89.794075,
							29.57431
						],
						[
							-89.795769,
							29.574415
						],
						[
							-89.797371,
							29.576012
						],
						[
							-89.798973,
							29.576111
						],
						[
							-89.800575,
							29.57761
						],
						[
							-89.802269,
							29.577713
						],
						[
							-89.80378,
							29.579313
						],
						[
							-89.805473,
							29.579411
						],
						[
							-89.807076,
							29.581013
						],
						[
							-89.808769,
							29.581112
						],
						[
							-89.811882,
							29.584213
						],
						[
							-89.813469,
							29.585812
						],
						[
							-89.816582,
							29.588913
						],
						[
							-89.818275,
							29.589012
						],
						[
							-89.819771,
							29.590511
						],
						[
							-89.82148,
							29.590714
						],
						[
							-89.823082,
							29.592213
						],
						[
							-89.824669,
							29.592312
						],
						[
							-89.829384,
							29.597012
						],
						[
							-89.831078,
							29.597111
						],
						[
							-89.83268,
							29.598713
						],
						[
							-89.834373,
							29.598812
						],
						[
							-89.835869,
							29.60041
						],
						[
							-89.837578,
							29.600513
						],
						[
							-89.83918,
							29.602013
						],
						[
							-89.84417,
							29.60231
						],
						[
							-89.845772,
							29.603912
						],
						[
							-89.85247,
							29.604313
						],
						[
							-89.854073,
							29.605911
						],
						[
							-89.857384,
							29.606113
						],
						[
							-89.86248,
							29.606411
						],
						[
							-89.865776,
							29.606613
						],
						[
							-89.869179,
							29.606812
						],
						[
							-89.870781,
							29.608311
						],
						[
							-89.872383,
							29.60841
						],
						[
							-89.87397,
							29.610012
						],
						[
							-89.875679,
							29.610111
						],
						[
							-89.877174,
							29.611713
						],
						[
							-89.879082,
							29.610313
						],
						[
							-89.884071,
							29.610611
						],
						[
							-89.885582,
							29.612213
						],
						[
							-89.887169,
							29.613712
						],
						[
							-89.890373,
							29.616913
						],
						[
							-89.891975,
							29.617012
						],
						[
							-89.893578,
							29.618511
						],
						[
							-89.895271,
							29.61861
						],
						[
							-89.896782,
							29.620213
						],
						[
							-89.898476,
							29.620312
						],
						[
							-89.900078,
							29.62191
						],
						[
							-89.901772,
							29.622013
						],
						[
							-89.903481,
							29.622013
						],
						[
							-89.904976,
							29.623611
						],
						[
							-89.906578,
							29.625214
						],
						[
							-89.908272,
							29.625214
						],
						[
							-89.909782,
							29.626812
						],
						[
							-89.912971,
							29.630013
						],
						[
							-89.914482,
							29.631611
						],
						[
							-89.916069,
							29.633108
						],
						[
							-89.917671,
							29.63471
						],
						[
							-89.919182,
							29.636309
						],
						[
							-89.920876,
							29.636309
						],
						[
							-89.925972,
							29.636612
						],
						[
							-89.927483,
							29.638208
						],
						[
							-89.929176,
							29.638311
						],
						[
							-89.930779,
							29.639811
						],
						[
							-89.932274,
							29.641409
						],
						[
							-89.933983,
							29.64151
						],
						[
							-89.93557,
							29.64311
						],
						[
							-89.937279,
							29.643209
						],
						[
							-89.938774,
							29.644709
						],
						[
							-89.940483,
							29.644913
						],
						[
							-89.942177,
							29.64501
						],
						[
							-89.943779,
							29.646509
						],
						[
							-89.945473,
							29.645208
						],
						[
							-89.947182,
							29.645311
						],
						[
							-89.948784,
							29.646811
						],
						[
							-89.950371,
							29.648409
						],
						[
							-89.950279,
							29.649908
						],
						[
							-89.951881,
							29.651411
						],
						[
							-89.953377,
							29.653009
						],
						[
							-89.953072,
							29.657412
						],
						[
							-89.95298,
							29.658911
						],
						[
							-89.956078,
							29.662008
						],
						[
							-89.955772,
							29.66641
						],
						[
							-89.955681,
							29.66791
						],
						[
							-89.955482,
							29.66931
						],
						[
							-89.955269,
							29.672308
						],
						[
							-89.956871,
							29.67391
						],
						[
							-89.956673,
							29.676809
						],
						[
							-89.958183,
							29.678308
						],
						[
							-89.95977,
							29.679911
						],
						[
							-89.959679,
							29.68141
						],
						[
							-89.961281,
							29.683008
						],
						[
							-89.961082,
							29.684408
						],
						[
							-89.962669,
							29.68601
						],
						[
							-89.962578,
							29.68751
						],
						[
							-89.96418,
							29.689009
						],
						[
							-89.963982,
							29.690512
						],
						[
							-89.965584,
							29.692108
						],
						[
							-89.967171,
							29.693609
						],
						[
							-89.968773,
							29.69521
						],
						[
							-89.970284,
							29.696808
						],
						[
							-89.970177,
							29.698208
						],
						[
							-89.971779,
							29.699808
						],
						[
							-89.971672,
							29.701311
						],
						[
							-89.973183,
							29.70281
						],
						[
							-89.973076,
							29.704308
						],
						[
							-89.974678,
							29.70591
						],
						[
							-89.974571,
							29.70731
						],
						[
							-89.97448,
							29.708809
						],
						[
							-89.976082,
							29.71031
						],
						[
							-89.977577,
							29.711906
						],
						[
							-89.979179,
							29.713509
						],
						[
							-89.979073,
							29.714909
						],
						[
							-89.980675,
							29.716507
						],
						[
							-89.980476,
							29.718006
						],
						[
							-89.982079,
							29.719509
						],
						[
							-89.981972,
							29.721008
						],
						[
							-89.983574,
							29.722607
						],
						[
							-89.983376,
							29.72551
						],
						[
							-89.984978,
							29.725609
						],
						[
							-89.98658,
							29.727207
						],
						[
							-89.986473,
							29.728607
						],
						[
							-89.988075,
							29.730209
						],
						[
							-89.989769,
							29.730309
						],
						[
							-89.99128,
							29.731907
						],
						[
							-89.992882,
							29.733509
						],
						[
							-89.994469,
							29.735008
						],
						[
							-89.995979,
							29.736607
						],
						[
							-89.997581,
							29.738209
						],
						[
							-89.999184,
							29.739708
						],
						[
							-90.000679,
							29.741306
						],
						[
							-90.002281,
							29.742809
						],
						[
							-90.00547,
							29.746004
						],
						[
							-90.007072,
							29.746006
						],
						[
							-90.011879,
							29.750809
						],
						[
							-90.011681,
							29.752209
						],
						[
							-90.013283,
							29.753805
						],
						[
							-90.013176,
							29.755306
						],
						[
							-90.014778,
							29.756809
						],
						[
							-90.014671,
							29.758308
						],
						[
							-90.016182,
							29.759907
						],
						[
							-90.016075,
							29.761305
						],
						[
							-90.015984,
							29.76281
						],
						[
							-90.01577,
							29.765806
						],
						[
							-90.017372,
							29.767307
						],
						[
							-90.017281,
							29.768805
						],
						[
							-90.017082,
							29.770205
						],
						[
							-90.017082,
							29.771708
						],
						[
							-90.016884,
							29.773207
						],
						[
							-90.015083,
							29.774607
						],
						[
							-90.014977,
							29.776009
						],
						[
							-90.013176,
							29.777407
						],
						[
							-90.012978,
							29.780306
						],
						[
							-90.011177,
							29.781706
						],
						[
							-90.009483,
							29.781607
						],
						[
							-90.009071,
							29.787504
						],
						[
							-90.007271,
							29.788904
						],
						[
							-90.007179,
							29.790304
						],
						[
							-90.005379,
							29.791704
						],
						[
							-90.005272,
							29.793207
						],
						[
							-90.003471,
							29.794504
						],
						[
							-89.99987,
							29.797304
						],
						[
							-89.999672,
							29.800207
						],
						[
							-89.997871,
							29.801607
						],
						[
							-89.999382,
							29.803106
						],
						[
							-89.999184,
							29.806105
						],
						[
							-89.997383,
							29.807505
						],
						[
							-89.997169,
							29.810408
						],
						[
							-89.997078,
							29.811905
						],
						[
							-89.996971,
							29.813305
						],
						[
							-89.99688,
							29.814806
						],
						[
							-89.994972,
							29.816204
						],
						[
							-89.994972,
							29.817705
						],
						[
							-89.993172,
							29.819006
						],
						[
							-89.994682,
							29.820604
						],
						[
							-89.994576,
							29.822105
						],
						[
							-89.992775,
							29.823404
						],
						[
							-89.992683,
							29.824905
						],
						[
							-89.990883,
							29.826305
						],
						[
							-89.990776,
							29.827806
						],
						[
							-89.988976,
							29.829107
						],
						[
							-89.988869,
							29.830606
						],
						[
							-89.987083,
							29.832005
						],
						[
							-89.985283,
							29.833305
						],
						[
							-89.983482,
							29.834707
						],
						[
							-89.983376,
							29.836206
						],
						[
							-89.981575,
							29.837505
						],
						[
							-89.981377,
							29.840504
						],
						[
							-89.979576,
							29.841805
						],
						[
							-89.979469,
							29.843304
						],
						[
							-89.977669,
							29.844704
						],
						[
							-89.97747,
							29.846104
						],
						[
							-89.975777,
							29.847504
						],
						[
							-89.975578,
							29.849003
						],
						[
							-89.973869,
							29.850403
						],
						[
							-89.973671,
							29.851906
						],
						[
							-89.971977,
							29.853203
						],
						[
							-89.971779,
							29.854706
						],
						[
							-89.971672,
							29.856106
						],
						[
							-89.971581,
							29.857605
						],
						[
							-89.971275,
							29.862003
						],
						[
							-89.969475,
							29.863403
						],
						[
							-89.969383,
							29.864902
						],
						[
							-89.969276,
							29.866302
						],
						[
							-89.969078,
							29.867805
						],
						[
							-89.96888,
							29.870703
						],
						[
							-89.967079,
							29.872105
						],
						[
							-89.966972,
							29.873604
						],
						[
							-89.968575,
							29.875103
						],
						[
							-89.966774,
							29.876503
						],
						[
							-89.966682,
							29.878006
						],
						[
							-89.964973,
							29.877901
						],
						[
							-89.963173,
							29.879204
						],
						[
							-89.961479,
							29.879204
						],
						[
							-89.959877,
							29.877605
						],
						[
							-89.956581,
							29.877401
						],
						[
							-89.954979,
							29.875803
						],
						[
							-89.95327,
							29.875704
						],
						[
							-89.951683,
							29.874102
						],
						[
							-89.949974,
							29.874102
						],
						[
							-89.948479,
							29.872505
						],
						[
							-89.946678,
							29.873903
						],
						[
							-89.943474,
							29.870703
						],
						[
							-89.940071,
							29.870502
						],
						[
							-89.938469,
							29.870502
						],
						[
							-89.936882,
							29.868904
						],
						[
							-89.935173,
							29.868803
						],
						[
							-89.933571,
							29.867306
						],
						[
							-89.931969,
							29.867102
						],
						[
							-89.930382,
							29.865604
						],
						[
							-89.928673,
							29.865402
						],
						[
							-89.921883,
							29.865005
						],
						[
							-89.92028,
							29.864902
						],
						[
							-89.918571,
							29.864902
						],
						[
							-89.916969,
							29.863304
						],
						[
							-89.913673,
							29.863106
						],
						[
							-89.911781,
							29.864506
						],
						[
							-89.910072,
							29.864403
						],
						[
							-89.906578,
							29.867102
						],
						[
							-89.904778,
							29.868404
						],
						[
							-89.902977,
							29.869902
						],
						[
							-89.901176,
							29.871204
						],
						[
							-89.900978,
							29.872702
						],
						[
							-89.900871,
							29.874102
						],
						[
							-89.900581,
							29.878603
						],
						[
							-89.900383,
							29.881502
						],
						[
							-89.900169,
							29.884401
						],
						[
							-89.899971,
							29.8859
						],
						[
							-89.899879,
							29.887405
						],
						[
							-89.899773,
							29.888803
						],
						[
							-89.899681,
							29.890303
						],
						[
							-89.901283,
							29.891901
						],
						[
							-89.902779,
							29.893503
						],
						[
							-89.902672,
							29.894903
						],
						[
							-89.904274,
							29.896502
						],
						[
							-89.904182,
							29.897902
						],
						[
							-89.905678,
							29.899504
						],
						[
							-89.90728,
							29.901102
						],
						[
							-89.907173,
							29.902601
						],
						[
							-89.908775,
							29.9041
						],
						[
							-89.910378,
							29.905703
						],
						[
							-89.910179,
							29.907202
						],
						[
							-89.911781,
							29.908701
						],
						[
							-89.913383,
							29.910303
						],
						[
							-89.913277,
							29.911802
						],
						[
							-89.914772,
							29.913301
						],
						[
							-89.91468,
							29.914801
						],
						[
							-89.91787,
							29.918001
						],
						[
							-89.919472,
							29.9195
						],
						[
							-89.921181,
							29.919603
						],
						[
							-89.922676,
							29.921202
						],
						[
							-89.924278,
							29.922701
						],
						[
							-89.927681,
							29.922903
						],
						[
							-89.929283,
							29.923101
						],
						[
							-89.930977,
							29.923201
						],
						[
							-89.932671,
							29.923201
						],
						[
							-89.94117,
							29.9237
						],
						[
							-89.942772,
							29.923803
						],
						[
							-89.95298,
							29.924402
						],
						[
							-89.95797,
							29.924704
						],
						[
							-89.964775,
							29.9251
						],
						[
							-89.968071,
							29.925303
						],
						[
							-89.971474,
							29.925501
						],
						[
							-89.973076,
							29.927004
						],
						[
							-89.974678,
							29.928701
						],
						[
							-89.97628,
							29.928701
						],
						[
							-89.977882,
							29.930304
						],
						[
							-89.979576,
							29.930403
						],
						[
							-89.981178,
							29.931902
						],
						[
							-89.982872,
							29.9321
						],
						[
							-89.984383,
							29.933603
						],
						[
							-89.987572,
							29.936804
						],
						[
							-89.989281,
							29.936802
						],
						[
							-89.990974,
							29.937
						],
						[
							-89.994072,
							29.940104
						],
						[
							-89.995781,
							29.940201
						],
						[
							-89.997383,
							29.9417
						],
						[
							-89.99897,
							29.943302
						],
						[
							-90.000572,
							29.943401
						],
						[
							-90.002174,
							29.945
						],
						[
							-90.003777,
							29.946499
						],
						[
							-90.00547,
							29.946602
						],
						[
							-90.007072,
							29.9482
						],
						[
							-90.008583,
							29.9498
						],
						[
							-90.010277,
							29.949799
						],
						[
							-90.011971,
							29.949902
						],
						[
							-90.01667,
							29.954601
						],
						[
							-90.018379,
							29.9548
						],
						[
							-90.019981,
							29.956301
						],
						[
							-90.021584,
							29.957901
						],
						[
							-90.024971,
							29.958101
						],
						[
							-90.026482,
							29.9596
						],
						[
							-90.028175,
							29.959803
						],
						[
							-90.029869,
							29.959803
						],
						[
							-90.034981,
							29.960102
						],
						[
							-90.036583,
							29.960203
						],
						[
							-90.03817,
							29.961802
						],
						[
							-90.046669,
							29.962301
						],
						[
							-90.04998,
							29.962502
						],
						[
							-90.051781,
							29.961103
						],
						[
							-90.053589,
							29.959801
						],
						[
							-90.055283,
							29.959803
						],
						[
							-90.057076,
							29.958502
						],
						[
							-90.057182,
							29.957001
						],
						[
							-90.05899,
							29.955601
						],
						[
							-90.059181,
							29.954102
						],
						[
							-90.059181,
							29.9526
						],
						[
							-90.05938,
							29.9512
						],
						[
							-90.059471,
							29.949701
						],
						[
							-90.059776,
							29.945301
						],
						[
							-90.058174,
							29.943802
						],
						[
							-90.058281,
							29.942301
						],
						[
							-90.05677,
							29.940702
						],
						[
							-90.056969,
							29.937803
						],
						[
							-90.057182,
							29.9349
						],
						[
							-90.058983,
							29.933401
						],
						[
							-90.059074,
							29.932001
						],
						[
							-90.060875,
							29.930601
						],
						[
							-90.060982,
							29.929201
						],
						[
							-90.062782,
							29.927801
						],
						[
							-90.062881,
							29.926302
						],
						[
							-90.064674,
							29.924902
						],
						[
							-90.066483,
							29.923601
						],
						[
							-90.068275,
							29.922201
						],
						[
							-90.069977,
							29.9223
						],
						[
							-90.073578,
							29.9195
						],
						[
							-90.075287,
							29.919603
						],
						[
							-90.077087,
							29.918303
						],
						[
							-90.078781,
							29.918402
						],
						[
							-90.080376,
							29.918402
						],
						[
							-90.082077,
							29.918501
						],
						[
							-90.083878,
							29.917204
						],
						[
							-90.085587,
							29.917303
						],
						[
							-90.08728,
							29.917303
						],
						[
							-90.089081,
							29.916002
						],
						[
							-90.09079,
							29.916101
						],
						[
							-90.09259,
							29.914701
						],
						[
							-90.094391,
							29.913401
						],
						[
							-90.096085,
							29.913401
						],
						[
							-90.09938,
							29.913603
						],
						[
							-90.111282,
							29.914301
						],
						[
							-90.112991,
							29.912901
						],
						[
							-90.114685,
							29.913004
						],
						[
							-90.116287,
							29.914602
						],
						[
							-90.121384,
							29.914904
						],
						[
							-90.123077,
							29.914904
						],
						[
							-90.124588,
							29.916502
						],
						[
							-90.126282,
							29.916601
						],
						[
							-90.127991,
							29.916803
						],
						[
							-90.129578,
							29.918303
						],
						[
							-90.129486,
							29.919703
						],
						[
							-90.131088,
							29.921301
						],
						[
							-90.13089,
							29.922804
						],
						[
							-90.130692,
							29.925703
						],
						[
							-90.133881,
							29.928904
						],
						[
							-90.133682,
							29.931803
						],
						[
							-90.133484,
							29.933302
						],
						[
							-90.133377,
							29.934702
						],
						[
							-90.133286,
							29.936201
						],
						[
							-90.13298,
							29.940603
						],
						[
							-90.132889,
							29.942102
						],
						[
							-90.132782,
							29.943502
						],
						[
							-90.134384,
							29.945101
						],
						[
							-90.134277,
							29.946604
						],
						[
							-90.134079,
							29.948004
						],
						[
							-90.133987,
							29.949503
						],
						[
							-90.13559,
							29.951101
						],
						[
							-90.135391,
							29.954
						],
						[
							-90.136978,
							29.955603
						],
						[
							-90.13858,
							29.957102
						],
						[
							-90.140091,
							29.958704
						],
						[
							-90.143478,
							29.958902
						],
						[
							-90.145081,
							29.960499
						],
						[
							-90.14679,
							29.960602
						],
						[
							-90.148483,
							29.960604
						],
						[
							-90.150177,
							29.960701
						],
						[
							-90.151978,
							29.9594
						],
						[
							-90.15358,
							29.9594
						],
						[
							-90.153687,
							29.958002
						],
						[
							-90.155579,
							29.956602
						],
						[
							-90.157181,
							29.956701
						],
						[
							-90.158981,
							29.9554
						],
						[
							-90.160782,
							29.953901
						],
						[
							-90.162582,
							29.9526
						],
						[
							-90.166183,
							29.9498
						],
						[
							-90.167984,
							29.948503
						],
						[
							-90.173386,
							29.944304
						],
						[
							-90.173584,
							29.941401
						],
						[
							-90.175385,
							29.940104
						],
						[
							-90.182587,
							29.934504
						],
						[
							-90.184387,
							29.933203
						],
						[
							-90.186081,
							29.933302
						],
						[
							-90.187881,
							29.931902
						],
						[
							-90.18959,
							29.930502
						],
						[
							-90.191483,
							29.929104
						],
						[
							-90.193085,
							29.9293
						],
						[
							-90.194885,
							29.927902
						],
						[
							-90.196579,
							29.928003
						],
						[
							-90.196686,
							29.9265
						],
						[
							-90.198486,
							29.9251
						],
						[
							-90.20018,
							29.925203
						],
						[
							-90.201782,
							29.926804
						],
						[
							-90.203491,
							29.926901
						],
						[
							-90.205078,
							29.926901
						],
						[
							-90.20668,
							29.928503
						],
						[
							-90.208389,
							29.928602
						],
						[
							-90.209991,
							29.930201
						],
						[
							-90.211578,
							29.931704
						],
						[
							-90.213181,
							29.933302
						],
						[
							-90.213089,
							29.934801
						],
						[
							-90.212982,
							29.936201
						],
						[
							-90.214478,
							29.937803
						],
						[
							-90.214279,
							29.940702
						],
						[
							-90.214188,
							29.942202
						],
						[
							-90.21579,
							29.943804
						],
						[
							-90.217377,
							29.945303
						],
						[
							-90.217178,
							29.946802
						],
						[
							-90.217178,
							29.948301
						],
						[
							-90.218689,
							29.9498
						],
						[
							-90.218491,
							29.952803
						],
						[
							-90.220078,
							29.954302
						],
						[
							-90.219986,
							29.955801
						],
						[
							-90.221588,
							29.957304
						],
						[
							-90.223083,
							29.958902
						],
						[
							-90.224686,
							29.960501
						],
						[
							-90.226288,
							29.962004
						],
						[
							-90.229477,
							29.9652
						],
						[
							-90.230988,
							29.966702
						],
						[
							-90.232681,
							29.966803
						],
						[
							-90.235886,
							29.970003
						],
						[
							-90.237579,
							29.970003
						],
						[
							-90.239288,
							29.970102
						],
						[
							-90.240891,
							29.971701
						],
						[
							-90.242477,
							29.971804
						],
						[
							-90.247589,
							29.972101
						],
						[
							-90.249283,
							29.972101
						],
						[
							-90.250977,
							29.972301
						],
						[
							-90.254379,
							29.972502
						],
						[
							-90.255981,
							29.972502
						],
						[
							-90.259384,
							29.972704
						],
						[
							-90.261078,
							29.972902
						],
						[
							-90.262787,
							29.972902
						],
						[
							-90.267883,
							29.973204
						],
						[
							-90.269577,
							29.971804
						],
						[
							-90.271286,
							29.971903
						],
						[
							-90.273178,
							29.970503
						],
						[
							-90.276489,
							29.970701
						],
						[
							-90.27829,
							29.969301
						],
						[
							-90.28009,
							29.968
						],
						[
							-90.283691,
							29.9652
						],
						[
							-90.285477,
							29.9638
						],
						[
							-90.287277,
							29.962503
						],
						[
							-90.288986,
							29.962603
						],
						[
							-90.296188,
							29.957003
						],
						[
							-90.297882,
							29.955603
						],
						[
							-90.299683,
							29.954302
						],
						[
							-90.301483,
							29.952902
						],
						[
							-90.303284,
							29.951601
						],
						[
							-90.305084,
							29.950201
						],
						[
							-90.305191,
							29.948702
						],
						[
							-90.306976,
							29.947302
						],
						[
							-90.308777,
							29.946001
						],
						[
							-90.315979,
							29.940401
						],
						[
							-90.31778,
							29.939106
						],
						[
							-90.31958,
							29.937704
						],
						[
							-90.321297,
							29.937803
						],
						[
							-90.322899,
							29.937803
						],
						[
							-90.334785,
							29.938501
						],
						[
							-90.33979,
							29.938803
						],
						[
							-90.341591,
							29.937403
						],
						[
							-90.344994,
							29.937601
						],
						[
							-90.346596,
							29.939104
						],
						[
							-90.348198,
							29.939203
						],
						[
							-90.349785,
							29.940802
						],
						[
							-90.353188,
							29.941004
						],
						[
							-90.35479,
							29.942503
						],
						[
							-90.356499,
							29.942602
						],
						[
							-90.358086,
							29.944201
						],
						[
							-90.359688,
							29.944304
						],
						[
							-90.364784,
							29.944601
						],
						[
							-90.366386,
							29.946104
						],
						[
							-90.368095,
							29.946203
						],
						[
							-90.369698,
							29.947702
						],
						[
							-90.371284,
							29.947901
						],
						[
							-90.372887,
							29.949404
						],
						[
							-90.374596,
							29.949503
						],
						[
							-90.376198,
							29.951101
						],
						[
							-90.377892,
							29.951101
						],
						[
							-90.379494,
							29.952703
						],
						[
							-90.384499,
							29.953001
						],
						[
							-90.386086,
							29.954504
						],
						[
							-90.385994,
							29.956003
						],
						[
							-90.387596,
							29.957602
						],
						[
							-90.389198,
							29.959101
						],
						[
							-90.388985,
							29.962103
						],
						[
							-90.390587,
							29.963602
						],
						[
							-90.390388,
							29.965101
						],
						[
							-90.388588,
							29.966501
						],
						[
							-90.388588,
							29.967901
						],
						[
							-90.388496,
							29.9694
						],
						[
							-90.388298,
							29.970903
						],
						[
							-90.388084,
							29.973803
						],
						[
							-90.387993,
							29.975302
						],
						[
							-90.389595,
							29.976904
						],
						[
							-90.389488,
							29.978302
						],
						[
							-90.389397,
							29.979803
						],
						[
							-90.390999,
							29.981302
						],
						[
							-90.390892,
							29.982801
						],
						[
							-90.392494,
							29.984404
						],
						[
							-90.392387,
							29.985901
						],
						[
							-90.393898,
							29.9874
						],
						[
							-90.393898,
							29.988901
						],
						[
							-90.395393,
							29.990398
						],
						[
							-90.397087,
							29.990503
						],
						[
							-90.400291,
							29.993702
						],
						[
							-90.401985,
							29.993801
						],
						[
							-90.403587,
							29.993803
						],
						[
							-90.405388,
							29.994001
						],
						[
							-90.407097,
							29.993999
						],
						[
							-90.410393,
							29.994204
						],
						[
							-90.411995,
							29.995802
						],
						[
							-90.415398,
							29.995998
						],
						[
							-90.417091,
							29.996
						],
						[
							-90.418587,
							29.997602
						],
						[
							-90.425392,
							29.998003
						],
						[
							-90.427193,
							29.996603
						],
						[
							-90.428795,
							29.998201
						],
						[
							-90.430489,
							29.998199
						],
						[
							-90.432198,
							29.998402
						],
						[
							-90.433784,
							29.998404
						],
						[
							-90.435387,
							30
						],
						[
							-90.437096,
							30.000101
						],
						[
							-90.438698,
							30.001602
						],
						[
							-90.445488,
							30.001999
						],
						[
							-90.447289,
							30.000599
						],
						[
							-90.450584,
							30.000801
						],
						[
							-90.452385,
							29.999401
						],
						[
							-90.455788,
							29.999599
						],
						[
							-90.45739,
							30.001202
						],
						[
							-90.459099,
							30.001301
						],
						[
							-90.460686,
							30.0028
						],
						[
							-90.462395,
							30.002899
						],
						[
							-90.46389,
							30.004402
						],
						[
							-90.467094,
							30.007601
						],
						[
							-90.468697,
							30.009102
						],
						[
							-90.46859,
							30.010601
						],
						[
							-90.470192,
							30.0121
						],
						[
							-90.469887,
							30.016602
						],
						[
							-90.468086,
							30.018002
						],
						[
							-90.467888,
							30.020901
						],
						[
							-90.467796,
							30.0224
						],
						[
							-90.46769,
							30.0238
						],
						[
							-90.467598,
							30.025299
						],
						[
							-90.467384,
							30.028202
						],
						[
							-90.467293,
							30.029701
						],
						[
							-90.468895,
							30.0313
						],
						[
							-90.468697,
							30.0327
						],
						[
							-90.468498,
							30.035702
						],
						[
							-90.468285,
							30.038601
						],
						[
							-90.468086,
							30.041599
						],
						[
							-90.469688,
							30.043098
						],
						[
							-90.469597,
							30.044601
						],
						[
							-90.471199,
							30.0462
						],
						[
							-90.471092,
							30.0476
						],
						[
							-90.472786,
							30.047699
						],
						[
							-90.474388,
							30.049301
						],
						[
							-90.474297,
							30.050701
						],
						[
							-90.475792,
							30.052299
						],
						[
							-90.477394,
							30.053799
						],
						[
							-90.480598,
							30.056997
						],
						[
							-90.482292,
							30.057098
						],
						[
							-90.483894,
							30.058601
						],
						[
							-90.485588,
							30.058699
						],
						[
							-90.48719,
							30.060297
						],
						[
							-90.488884,
							30.060402
						],
						[
							-90.490593,
							30.059002
						],
						[
							-90.495689,
							30.059299
						],
						[
							-90.497398,
							30.059299
						],
						[
							-90.499092,
							30.059502
						],
						[
							-90.500893,
							30.058102
						],
						[
							-90.502586,
							30.058102
						],
						[
							-90.504295,
							30.058201
						],
						[
							-90.506096,
							30.056801
						],
						[
							-90.507698,
							30.056999
						],
						[
							-90.511299,
							30.054199
						],
						[
							-90.514885,
							30.051399
						],
						[
							-90.518288,
							30.051601
						],
						[
							-90.520088,
							30.050201
						],
						[
							-90.521797,
							30.050301
						],
						[
							-90.523598,
							30.048901
						],
						[
							-90.526985,
							30.049099
						],
						[
							-90.528587,
							30.049099
						],
						[
							-90.530296,
							30.049301
						],
						[
							-90.532097,
							30.047899
						],
						[
							-90.535484,
							30.0481
						],
						[
							-90.537086,
							30.049599
						],
						[
							-90.540489,
							30.049801
						],
						[
							-90.541985,
							30.051298
						],
						[
							-90.545387,
							30.051498
						],
						[
							-90.546989,
							30.053101
						],
						[
							-90.552086,
							30.053402
						],
						[
							-90.553795,
							30.053402
						],
						[
							-90.560585,
							30.053799
						],
						[
							-90.562187,
							30.053799
						],
						[
							-90.563896,
							30.054001
						],
						[
							-90.56559,
							30.053999
						],
						[
							-90.567192,
							30.055599
						],
						[
							-90.570595,
							30.055801
						],
						[
							-90.572403,
							30.054401
						],
						[
							-90.574097,
							30.054499
						],
						[
							-90.575806,
							30.054499
						],
						[
							-90.577393,
							30.054697
						],
						[
							-90.579102,
							30.0548
						],
						[
							-90.580894,
							30.0534
						],
						[
							-90.584305,
							30.0536
						],
						[
							-90.585999,
							30.0536
						],
						[
							-90.587692,
							30.053698
						],
						[
							-90.589493,
							30.052397
						],
						[
							-90.591202,
							30.052397
						],
						[
							-90.592896,
							30.0525
						],
						[
							-90.592896,
							30.0511
						],
						[
							-90.594803,
							30.049702
						],
						[
							-90.596497,
							30.049801
						],
						[
							-90.598206,
							30.048401
						],
						[
							-90.601807,
							30.045601
						],
						[
							-90.603592,
							30.044201
						],
						[
							-90.605392,
							30.042898
						],
						[
							-90.607193,
							30.0415
						],
						[
							-90.608902,
							30.041599
						],
						[
							-90.608994,
							30.0401
						],
						[
							-90.612595,
							30.0373
						],
						[
							-90.614304,
							30.035999
						],
						[
							-90.615997,
							30.035999
						],
						[
							-90.621094,
							30.036301
						],
						[
							-90.622696,
							30.0378
						],
						[
							-90.624298,
							30.0394
						],
						[
							-90.6259,
							30.040901
						],
						[
							-90.632202,
							30.047199
						],
						[
							-90.633804,
							30.048697
						],
						[
							-90.635406,
							30.050301
						],
						[
							-90.638794,
							30.050497
						],
						[
							-90.640396,
							30.052002
						],
						[
							-90.642105,
							30.052101
						],
						[
							-90.643692,
							30.053699
						],
						[
							-90.645294,
							30.053698
						],
						[
							-90.648697,
							30.053902
						],
						[
							-90.655502,
							30.054296
						],
						[
							-90.657303,
							30.052896
						],
						[
							-90.660706,
							30.053099
						],
						[
							-90.662506,
							30.051699
						],
						[
							-90.664093,
							30.0518
						],
						[
							-90.665894,
							30.050301
						],
						[
							-90.667603,
							30.050499
						],
						[
							-90.669403,
							30.049097
						],
						[
							-90.671097,
							30.049099
						],
						[
							-90.672806,
							30.049299
						],
						[
							-90.674606,
							30.047901
						],
						[
							-90.6763,
							30.047998
						],
						[
							-90.677994,
							30.046598
						],
						[
							-90.676498,
							30.045002
						],
						[
							-90.678299,
							30.0436
						],
						[
							-90.679993,
							30.042299
						],
						[
							-90.681702,
							30.042299
						],
						[
							-90.683502,
							30.040901
						],
						[
							-90.685303,
							30.039598
						],
						[
							-90.687103,
							30.0382
						],
						[
							-90.688797,
							30.0383
						],
						[
							-90.692398,
							30.0355
						],
						[
							-90.694092,
							30.035599
						],
						[
							-90.695801,
							30.034197
						],
						[
							-90.701202,
							30.029999
						],
						[
							-90.703003,
							30.028702
						],
						[
							-90.710205,
							30.023102
						],
						[
							-90.711899,
							30.023201
						],
						[
							-90.713593,
							30.021801
						],
						[
							-90.715393,
							30.020401
						],
						[
							-90.717102,
							30.0205
						],
						[
							-90.717194,
							30.019001
						],
						[
							-90.718994,
							30.0177
						],
						[
							-90.720703,
							30.017799
						],
						[
							-90.722504,
							30.016399
						],
						[
							-90.727493,
							30.016701
						],
						[
							-90.729294,
							30.015202
						],
						[
							-90.737793,
							30.015701
						],
						[
							-90.739395,
							30.0172
						],
						[
							-90.741196,
							30.0159
						],
						[
							-90.742798,
							30.015898
						],
						[
							-90.744492,
							30.015999
						],
						[
							-90.746094,
							30.017601
						],
						[
							-90.747803,
							30.017601
						],
						[
							-90.749496,
							30.0177
						],
						[
							-90.751205,
							30.017899
						],
						[
							-90.752899,
							30.018
						],
						[
							-90.754593,
							30.018
						],
						[
							-90.756195,
							30.019501
						],
						[
							-90.757904,
							30.019697
						],
						[
							-90.759506,
							30.019699
						],
						[
							-90.761307,
							30.018299
						],
						[
							-90.763,
							30.018402
						],
						[
							-90.764801,
							30.017002
						],
						[
							-90.769897,
							30.0173
						],
						[
							-90.771698,
							30.0159
						],
						[
							-90.774994,
							30.0161
						],
						[
							-90.776794,
							30.014702
						],
						[
							-90.781906,
							30.014999
						],
						[
							-90.783707,
							30.013597
						],
						[
							-90.785492,
							30.0121
						],
						[
							-90.787292,
							30.010799
						],
						[
							-90.788895,
							30.010899
						],
						[
							-90.790695,
							30.009499
						],
						[
							-90.790802,
							30.007999
						],
						[
							-90.796204,
							30.003799
						],
						[
							-90.798004,
							30.002499
						],
						[
							-90.799606,
							30.002602
						],
						[
							-90.801392,
							30.001202
						],
						[
							-90.801498,
							29.999699
						],
						[
							-90.810501,
							29.992699
						],
						[
							-90.812302,
							29.991402
						],
						[
							-90.813995,
							29.990002
						],
						[
							-90.815796,
							29.988602
						],
						[
							-90.817505,
							29.988701
						],
						[
							-90.819199,
							29.988701
						],
						[
							-90.820801,
							29.990299
						],
						[
							-90.820602,
							29.993301
						],
						[
							-90.822205,
							29.994801
						],
						[
							-90.822098,
							29.9963
						],
						[
							-90.8237,
							29.997902
						],
						[
							-90.823593,
							29.999302
						],
						[
							-90.823502,
							30.000801
						],
						[
							-90.823196,
							30.005198
						],
						[
							-90.824799,
							30.006699
						],
						[
							-90.826401,
							30.008301
						],
						[
							-90.826202,
							30.011297
						],
						[
							-90.827805,
							30.0128
						],
						[
							-90.827606,
							30.0158
						],
						[
							-90.827499,
							30.017199
						],
						[
							-90.829102,
							30.018799
						],
						[
							-90.828995,
							30.020197
						],
						[
							-90.828705,
							30.0247
						],
						[
							-90.830399,
							30.0247
						],
						[
							-90.832001,
							30.026299
						],
						[
							-90.831894,
							30.027697
						],
						[
							-90.831802,
							30.0292
						],
						[
							-90.831406,
							30.035097
						],
						[
							-90.831192,
							30.038099
						],
						[
							-90.832794,
							30.039598
						],
						[
							-90.832703,
							30.041098
						],
						[
							-90.832596,
							30.042498
						],
						[
							-90.832504,
							30.043997
						],
						[
							-90.835892,
							30.044199
						],
						[
							-90.8358,
							30.045698
						],
						[
							-90.835602,
							30.048597
						],
						[
							-90.837204,
							30.050097
						],
						[
							-90.837097,
							30.0516
						],
						[
							-90.837013,
							30.053099
						],
						[
							-90.8386,
							30.054697
						],
						[
							-90.838501,
							30.056097
						],
						[
							-90.841705,
							30.059298
						],
						[
							-90.843292,
							30.060797
						],
						[
							-90.843201,
							30.062197
						],
						[
							-90.844894,
							30.0623
						],
						[
							-90.846504,
							30.063898
						],
						[
							-90.848297,
							30.062498
						],
						[
							-90.849907,
							30.063997
						],
						[
							-90.851509,
							30.065599
						],
						[
							-90.853203,
							30.065699
						],
						[
							-90.854805,
							30.067297
						],
						[
							-90.856514,
							30.067297
						],
						[
							-90.858101,
							30.0674
						],
						[
							-90.863213,
							30.067696
						],
						[
							-90.864906,
							30.067698
						],
						[
							-90.8666,
							30.067795
						],
						[
							-90.868401,
							30.066397
						],
						[
							-90.871712,
							30.066599
						],
						[
							-90.873512,
							30.066698
						],
						[
							-90.875313,
							30.065298
						],
						[
							-90.878609,
							30.0655
						],
						[
							-90.880302,
							30.0655
						],
						[
							-90.882011,
							30.065599
						],
						[
							-90.883614,
							30.067198
						],
						[
							-90.885307,
							30.067297
						],
						[
							-90.887001,
							30.067295
						],
						[
							-90.888603,
							30.068899
						],
						[
							-90.890312,
							30.068998
						],
						[
							-90.891914,
							30.070595
						],
						[
							-90.893501,
							30.072098
						],
						[
							-90.895012,
							30.073698
						],
						[
							-90.896614,
							30.075197
						],
						[
							-90.896614,
							30.076698
						],
						[
							-90.898201,
							30.078199
						],
						[
							-90.899712,
							30.079798
						],
						[
							-90.901314,
							30.081297
						],
						[
							-90.902901,
							30.082899
						],
						[
							-90.902809,
							30.084398
						],
						[
							-90.904411,
							30.085997
						],
						[
							-90.904305,
							30.087395
						],
						[
							-90.904213,
							30.0889
						],
						[
							-90.904106,
							30.0903
						],
						[
							-90.904106,
							30.091799
						],
						[
							-90.903999,
							30.093296
						],
						[
							-90.905602,
							30.094797
						],
						[
							-90.905403,
							30.096298
						],
						[
							-90.905403,
							30.097698
						],
						[
							-90.905312,
							30.099297
						],
						[
							-90.906914,
							30.100796
						],
						[
							-90.9067,
							30.103695
						],
						[
							-90.908302,
							30.105297
						],
						[
							-90.907906,
							30.111195
						],
						[
							-90.909508,
							30.112698
						],
						[
							-90.909309,
							30.115696
						],
						[
							-90.909203,
							30.117096
						],
						[
							-90.910805,
							30.118698
						],
						[
							-90.910606,
							30.121597
						],
						[
							-90.912209,
							30.123196
						],
						[
							-90.913811,
							30.124695
						],
						[
							-90.913704,
							30.126198
						],
						[
							-90.915306,
							30.127697
						],
						[
							-90.915199,
							30.129196
						],
						[
							-90.916801,
							30.130695
						],
						[
							-90.920006,
							30.133896
						],
						[
							-90.919914,
							30.135393
						],
						[
							-90.921608,
							30.135395
						],
						[
							-90.923302,
							30.135498
						],
						[
							-90.924904,
							30.137096
						],
						[
							-90.926613,
							30.137196
						],
						[
							-90.9282,
							30.138695
						],
						[
							-90.929909,
							30.138798
						],
						[
							-90.931602,
							30.138798
						],
						[
							-90.933403,
							30.137497
						],
						[
							-90.935112,
							30.137596
						],
						[
							-90.936714,
							30.137594
						],
						[
							-90.940102,
							30.137798
						],
						[
							-90.941902,
							30.136398
						],
						[
							-90.943611,
							30.136497
						],
						[
							-90.943703,
							30.134998
						],
						[
							-90.94381,
							30.133598
						],
						[
							-90.94561,
							30.132198
						],
						[
							-90.945702,
							30.130695
						],
						[
							-90.946114,
							30.124798
						],
						[
							-90.946114,
							30.123295
						],
						[
							-90.947914,
							30.121895
						],
						[
							-90.948204,
							30.117596
						],
						[
							-90.946602,
							30.115997
						],
						[
							-90.953804,
							30.110397
						],
						[
							-90.957207,
							30.110596
						],
						[
							-90.960503,
							30.110798
						],
						[
							-90.962105,
							30.112297
						],
						[
							-90.967201,
							30.112595
						],
						[
							-90.968803,
							30.114098
						],
						[
							-90.972206,
							30.114296
						],
						[
							-90.974007,
							30.112896
						],
						[
							-90.975502,
							30.114498
						],
						[
							-90.977303,
							30.114498
						],
						[
							-90.980614,
							30.114697
						],
						[
							-90.982201,
							30.116196
						],
						[
							-90.989006,
							30.116596
						],
						[
							-90.990608,
							30.118095
						],
						[
							-90.995705,
							30.118397
						],
						[
							-90.997505,
							30.116898
						],
						[
							-91.000801,
							30.117096
						],
						[
							-91.002602,
							30.115795
						],
						[
							-91.004311,
							30.115795
						],
						[
							-91.009407,
							30.116096
						],
						[
							-91.011101,
							30.116096
						],
						[
							-91.01281,
							30.116196
						],
						[
							-91.014412,
							30.117798
						],
						[
							-91.016106,
							30.117798
						],
						[
							-91.017799,
							30.117996
						],
						[
							-91.019508,
							30.117996
						],
						[
							-91.026207,
							30.118397
						],
						[
							-91.027901,
							30.118397
						],
						[
							-91.029503,
							30.119995
						],
						[
							-91.031212,
							30.120098
						],
						[
							-91.032906,
							30.120098
						],
						[
							-91.034508,
							30.121695
						],
						[
							-91.034401,
							30.123096
						],
						[
							-91.034309,
							30.124596
						],
						[
							-91.032509,
							30.125996
						],
						[
							-91.0308,
							30.127394
						],
						[
							-91.028999,
							30.128794
						],
						[
							-91.027306,
							30.128696
						],
						[
							-91.025505,
							30.130096
						],
						[
							-91.023811,
							30.129997
						],
						[
							-91.022011,
							30.131397
						],
						[
							-91.020302,
							30.131298
						],
						[
							-91.0149,
							30.135496
						],
						[
							-91.013206,
							30.136896
						],
						[
							-91.007805,
							30.141098
						],
						[
							-91.007713,
							30.142496
						],
						[
							-91.005913,
							30.143896
						],
						[
							-91.005714,
							30.146894
						],
						[
							-91.005714,
							30.148396
						],
						[
							-91.005501,
							30.149794
						],
						[
							-91.005501,
							30.151295
						],
						[
							-91.005409,
							30.152796
						],
						[
							-91.005302,
							30.154196
						],
						[
							-91.005211,
							30.155695
						],
						[
							-91.004906,
							30.160093
						],
						[
							-91.006508,
							30.161596
						],
						[
							-91.00631,
							30.164595
						],
						[
							-91.007912,
							30.166193
						],
						[
							-91.007805,
							30.167593
						],
						[
							-91.009407,
							30.169195
						],
						[
							-91.009209,
							30.172094
						],
						[
							-91.010902,
							30.173693
						],
						[
							-91.012413,
							30.175196
						],
						[
							-91.012413,
							30.176695
						],
						[
							-91.013908,
							30.178293
						],
						[
							-91.015602,
							30.179796
						],
						[
							-91.017113,
							30.181295
						],
						[
							-91.018806,
							30.182894
						],
						[
							-91.0187,
							30.184393
						],
						[
							-91.020302,
							30.185896
						],
						[
							-91.023506,
							30.189096
						],
						[
							-91.023399,
							30.190496
						],
						[
							-91.025002,
							30.192095
						],
						[
							-91.026604,
							30.193594
						],
						[
							-91.028206,
							30.195196
						],
						[
							-91.029808,
							30.196695
						],
						[
							-91.03141,
							30.198294
						],
						[
							-91.033012,
							30.199793
						],
						[
							-91.034599,
							30.201395
						],
						[
							-91.036201,
							30.202894
						],
						[
							-91.03791,
							30.202993
						],
						[
							-91.039513,
							30.204596
						],
						[
							-91.041206,
							30.204695
						],
						[
							-91.0429,
							30.204695
						],
						[
							-91.044502,
							30.206293
						],
						[
							-91.046211,
							30.206396
						],
						[
							-91.047813,
							30.207895
						],
						[
							-91.049507,
							30.207994
						],
						[
							-91.051003,
							30.209593
						],
						[
							-91.052711,
							30.209593
						],
						[
							-91.054405,
							30.209696
						],
						[
							-91.056007,
							30.211195
						],
						[
							-91.05941,
							30.211393
						],
						[
							-91.06102,
							30.212996
						],
						[
							-91.062706,
							30.212996
						],
						[
							-91.0644,
							30.213093
						],
						[
							-91.06601,
							30.214693
						],
						[
							-91.067719,
							30.214693
						],
						[
							-91.074509,
							30.215092
						],
						[
							-91.076111,
							30.216591
						],
						[
							-91.081207,
							30.216894
						],
						[
							-91.082809,
							30.216894
						],
						[
							-91.086319,
							30.217096
						],
						[
							-91.088013,
							30.215696
						],
						[
							-91.091415,
							30.215893
						],
						[
							-91.093109,
							30.215893
						],
						[
							-91.09491,
							30.214594
						],
						[
							-91.09671,
							30.213194
						],
						[
							-91.098511,
							30.211695
						],
						[
							-91.10022,
							30.211794
						],
						[
							-91.10202,
							30.210493
						],
						[
							-91.103714,
							30.210596
						],
						[
							-91.105408,
							30.209196
						],
						[
							-91.107117,
							30.209194
						],
						[
							-91.108917,
							30.207893
						],
						[
							-91.110718,
							30.206493
						],
						[
							-91.112411,
							30.206493
						],
						[
							-91.116013,
							30.203695
						],
						[
							-91.117722,
							30.202394
						],
						[
							-91.119507,
							30.200994
						],
						[
							-91.121216,
							30.200994
						],
						[
							-91.123016,
							30.199594
						],
						[
							-91.124817,
							30.198294
						],
						[
							-91.128418,
							30.195494
						],
						[
							-91.130112,
							30.195593
						],
						[
							-91.131821,
							30.194094
						],
						[
							-91.133621,
							30.192793
						],
						[
							-91.137207,
							30.189993
						],
						[
							-91.140808,
							30.187193
						],
						[
							-91.142517,
							30.185793
						],
						[
							-91.144318,
							30.184393
						],
						[
							-91.146011,
							30.184496
						],
						[
							-91.153214,
							30.178896
						],
						[
							-91.154907,
							30.178995
						],
						[
							-91.156509,
							30.178995
						],
						[
							-91.158218,
							30.180593
						],
						[
							-91.159821,
							30.182196
						],
						[
							-91.161407,
							30.183695
						],
						[
							-91.16301,
							30.185293
						],
						[
							-91.162918,
							30.186693
						],
						[
							-91.16452,
							30.188295
						],
						[
							-91.164108,
							30.194193
						],
						[
							-91.164017,
							30.195696
						],
						[
							-91.162216,
							30.196993
						],
						[
							-91.162109,
							30.198496
						],
						[
							-91.162109,
							30.199995
						],
						[
							-91.161819,
							30.204391
						],
						[
							-91.160019,
							30.205793
						],
						[
							-91.159912,
							30.207193
						],
						[
							-91.159821,
							30.208694
						],
						[
							-91.15802,
							30.210096
						],
						[
							-91.15802,
							30.211594
						],
						[
							-91.154419,
							30.214396
						],
						[
							-91.154312,
							30.215796
						],
						[
							-91.154221,
							30.217293
						],
						[
							-91.15062,
							30.220093
						],
						[
							-91.148911,
							30.221493
						],
						[
							-91.145309,
							30.224293
						],
						[
							-91.143616,
							30.224195
						],
						[
							-91.136414,
							30.229794
						],
						[
							-91.13472,
							30.229696
						],
						[
							-91.133011,
							30.231094
						],
						[
							-91.12941,
							30.233894
						],
						[
							-91.127716,
							30.233793
						],
						[
							-91.124115,
							30.236591
						],
						[
							-91.124008,
							30.237991
						],
						[
							-91.122314,
							30.239391
						],
						[
							-91.118713,
							30.242191
						],
						[
							-91.118622,
							30.243694
						],
						[
							-91.116821,
							30.245094
						],
						[
							-91.116608,
							30.247993
						],
						[
							-91.114807,
							30.249393
						],
						[
							-91.116409,
							30.250992
						],
						[
							-91.116318,
							30.252392
						],
						[
							-91.116318,
							30.253891
						],
						[
							-91.116211,
							30.255394
						],
						[
							-91.117813,
							30.256992
						],
						[
							-91.117722,
							30.258392
						],
						[
							-91.119308,
							30.259995
						],
						[
							-91.119217,
							30.261395
						],
						[
							-91.120819,
							30.262993
						],
						[
							-91.122421,
							30.264492
						],
						[
							-91.124115,
							30.264591
						],
						[
							-91.125717,
							30.266193
						],
						[
							-91.127319,
							30.267693
						],
						[
							-91.128922,
							30.269291
						],
						[
							-91.130615,
							30.269291
						],
						[
							-91.132217,
							30.270893
						],
						[
							-91.133911,
							30.270992
						],
						[
							-91.135513,
							30.272491
						],
						[
							-91.137207,
							30.272594
						],
						[
							-91.138809,
							30.274094
						],
						[
							-91.142212,
							30.274292
						],
						[
							-91.143814,
							30.275894
						],
						[
							-91.145508,
							30.275894
						],
						[
							-91.148911,
							30.276093
						],
						[
							-91.150513,
							30.277691
						],
						[
							-91.152222,
							30.277691
						],
						[
							-91.153809,
							30.279194
						],
						[
							-91.155518,
							30.279392
						],
						[
							-91.157211,
							30.279392
						],
						[
							-91.160614,
							30.279594
						],
						[
							-91.162216,
							30.281094
						],
						[
							-91.169022,
							30.281494
						],
						[
							-91.170609,
							30.281494
						],
						[
							-91.174118,
							30.281693
						],
						[
							-91.17572,
							30.281693
						],
						[
							-91.177521,
							30.280392
						],
						[
							-91.179214,
							30.280491
						],
						[
							-91.180908,
							30.280491
						],
						[
							-91.184311,
							30.280693
						],
						[
							-91.186111,
							30.279194
						],
						[
							-91.18782,
							30.279392
						],
						[
							-91.189514,
							30.279491
						],
						[
							-91.191208,
							30.279491
						],
						[
							-91.194611,
							30.279694
						],
						[
							-91.19632,
							30.279694
						],
						[
							-91.201309,
							30.279991
						],
						[
							-91.20311,
							30.279991
						],
						[
							-91.208115,
							30.280293
						],
						[
							-91.209717,
							30.281792
						],
						[
							-91.216507,
							30.282192
						],
						[
							-91.218216,
							30.282192
						],
						[
							-91.21991,
							30.282291
						],
						[
							-91.221512,
							30.283894
						],
						[
							-91.223221,
							30.283993
						],
						[
							-91.224808,
							30.285492
						],
						[
							-91.226517,
							30.285591
						],
						[
							-91.228119,
							30.287094
						],
						[
							-91.229721,
							30.288692
						],
						[
							-91.231308,
							30.290192
						],
						[
							-91.23291,
							30.291794
						],
						[
							-91.234619,
							30.293293
						],
						[
							-91.234512,
							30.294792
						],
						[
							-91.236115,
							30.296289
						],
						[
							-91.235916,
							30.299294
						],
						[
							-91.232315,
							30.302092
						],
						[
							-91.230621,
							30.303493
						],
						[
							-91.227219,
							30.303291
						],
						[
							-91.225418,
							30.304689
						],
						[
							-91.223709,
							30.304689
						],
						[
							-91.222015,
							30.304491
						],
						[
							-91.220215,
							30.305891
						],
						[
							-91.218521,
							30.305794
						],
						[
							-91.216812,
							30.305794
						],
						[
							-91.216721,
							30.307192
						],
						[
							-91.21492,
							30.308592
						],
						[
							-91.213211,
							30.308592
						],
						[
							-91.211517,
							30.308489
						],
						[
							-91.209717,
							30.309889
						],
						[
							-91.20462,
							30.309591
						],
						[
							-91.203018,
							30.309591
						],
						[
							-91.201218,
							30.309492
						],
						[
							-91.197922,
							30.309292
						],
						[
							-91.196213,
							30.30929
						],
						[
							-91.19281,
							30.309092
						],
						[
							-91.191116,
							30.309092
						],
						[
							-91.18602,
							30.308792
						],
						[
							-91.184311,
							30.30879
						],
						[
							-91.182617,
							30.308592
						],
						[
							-91.180908,
							30.308594
						],
						[
							-91.179214,
							30.308489
						],
						[
							-91.177414,
							30.309889
						],
						[
							-91.172318,
							30.309591
						],
						[
							-91.170609,
							30.309593
						],
						[
							-91.167221,
							30.309391
						],
						[
							-91.165512,
							30.310791
						],
						[
							-91.163818,
							30.310692
						],
						[
							-91.162018,
							30.31209
						],
						[
							-91.160309,
							30.31209
						],
						[
							-91.160217,
							30.313492
						],
						[
							-91.153015,
							30.31909
						],
						[
							-91.152908,
							30.32049
						],
						[
							-91.151215,
							30.321989
						],
						[
							-91.151108,
							30.323389
						],
						[
							-91.150818,
							30.32789
						],
						[
							-91.150711,
							30.32929
						],
						[
							-91.15062,
							30.33079
						],
						[
							-91.152222,
							30.332392
						],
						[
							-91.152115,
							30.333792
						],
						[
							-91.153809,
							30.333891
						],
						[
							-91.155411,
							30.335489
						],
						[
							-91.157013,
							30.336992
						],
						[
							-91.158615,
							30.338591
						],
						[
							-91.160309,
							30.338591
						],
						[
							-91.162018,
							30.33869
						],
						[
							-91.163712,
							30.340189
						],
						[
							-91.165314,
							30.341791
						],
						[
							-91.167007,
							30.34189
						],
						[
							-91.16861,
							30.34339
						],
						[
							-91.170212,
							30.344992
						],
						[
							-91.171921,
							30.345091
						],
						[
							-91.173508,
							30.34659
						],
						[
							-91.175217,
							30.346689
						],
						[
							-91.176819,
							30.348291
						],
						[
							-91.178513,
							30.348291
						],
						[
							-91.180222,
							30.348391
						],
						[
							-91.181808,
							30.349989
						],
						[
							-91.183517,
							30.349989
						],
						[
							-91.185211,
							30.350092
						],
						[
							-91.186813,
							30.35169
						],
						[
							-91.188507,
							30.351789
						],
						[
							-91.190109,
							30.351789
						],
						[
							-91.191818,
							30.353392
						],
						[
							-91.193512,
							30.353491
						],
						[
							-91.195221,
							30.353491
						],
						[
							-91.198608,
							30.353689
						],
						[
							-91.200317,
							30.353689
						],
						[
							-91.205307,
							30.353991
						],
						[
							-91.207108,
							30.352591
						],
						[
							-91.208817,
							30.35269
						],
						[
							-91.21051,
							30.35269
						],
						[
							-91.212311,
							30.35129
						],
						[
							-91.21402,
							30.351389
						],
						[
							-91.214111,
							30.349989
						],
						[
							-91.215912,
							30.348589
						],
						[
							-91.217621,
							30.348589
						],
						[
							-91.221222,
							30.345789
						],
						[
							-91.222916,
							30.345892
						],
						[
							-91.224609,
							30.344492
						],
						[
							-91.22641,
							30.343191
						],
						[
							-91.22821,
							30.341692
						],
						[
							-91.229919,
							30.341791
						],
						[
							-91.23172,
							30.340391
						],
						[
							-91.235107,
							30.34059
						],
						[
							-91.236816,
							30.34059
						],
						[
							-91.240021,
							30.34379
						],
						[
							-91.241608,
							30.345289
						],
						[
							-91.241409,
							30.348291
						],
						[
							-91.243011,
							30.349791
						],
						[
							-91.243011,
							30.351191
						],
						[
							-91.242813,
							30.354189
						],
						[
							-91.244415,
							30.355692
						],
						[
							-91.244308,
							30.357191
						],
						[
							-91.242508,
							30.358591
						],
						[
							-91.24231,
							30.361589
						],
						[
							-91.24231,
							30.362989
						],
						[
							-91.240509,
							30.364389
						],
						[
							-91.240417,
							30.365892
						],
						[
							-91.238617,
							30.367292
						],
						[
							-91.23851,
							30.368792
						],
						[
							-91.23671,
							30.370192
						],
						[
							-91.236511,
							30.373089
						],
						[
							-91.234711,
							30.374491
						],
						[
							-91.234711,
							30.37599
						],
						[
							-91.229309,
							30.38019
						],
						[
							-91.229111,
							30.383087
						],
						[
							-91.223709,
							30.387287
						],
						[
							-91.222015,
							30.388687
						],
						[
							-91.216614,
							30.392887
						],
						[
							-91.216415,
							30.39579
						],
						[
							-91.214615,
							30.39719
						],
						[
							-91.214615,
							30.398689
						],
						[
							-91.212708,
							30.400089
						],
						[
							-91.212708,
							30.401489
						],
						[
							-91.210907,
							30.402889
						],
						[
							-91.210815,
							30.40439
						],
						[
							-91.209015,
							30.40579
						],
						[
							-91.208817,
							30.408688
						],
						[
							-91.207016,
							30.410191
						],
						[
							-91.207016,
							30.411591
						],
						[
							-91.206909,
							30.41309
						],
						[
							-91.205109,
							30.41449
						],
						[
							-91.205017,
							30.415989
						],
						[
							-91.20491,
							30.417389
						],
						[
							-91.20462,
							30.42189
						],
						[
							-91.204514,
							30.42329
						],
						[
							-91.204422,
							30.424789
						],
						[
							-91.202713,
							30.426189
						],
						[
							-91.202621,
							30.427689
						],
						[
							-91.202408,
							30.430588
						],
						[
							-91.20401,
							30.43219
						],
						[
							-91.203613,
							30.438087
						],
						[
							-91.203613,
							30.439487
						],
						[
							-91.203522,
							30.44099
						],
						[
							-91.203415,
							30.44239
						],
						[
							-91.201614,
							30.44379
						],
						[
							-91.201508,
							30.44529
						],
						[
							-91.20311,
							30.446888
						],
						[
							-91.201309,
							30.448187
						],
						[
							-91.202911,
							30.449787
						],
						[
							-91.20282,
							30.451288
						],
						[
							-91.20282,
							30.452789
						],
						[
							-91.202621,
							30.454189
						],
						[
							-91.202621,
							30.455688
						],
						[
							-91.19902,
							30.458488
						],
						[
							-91.200607,
							30.460089
						],
						[
							-91.202209,
							30.46159
						],
						[
							-91.202011,
							30.464489
						],
						[
							-91.20192,
							30.465988
						],
						[
							-91.20192,
							30.467485
						],
						[
							-91.201813,
							30.468887
						],
						[
							-91.201721,
							30.470388
						],
						[
							-91.199921,
							30.47179
						],
						[
							-91.199707,
							30.474688
						],
						[
							-91.199509,
							30.477688
						],
						[
							-91.197708,
							30.479086
						],
						[
							-91.197617,
							30.480585
						],
						[
							-91.199219,
							30.482187
						],
						[
							-91.200912,
							30.482189
						],
						[
							-91.202621,
							30.483686
						],
						[
							-91.202408,
							30.485186
						],
						[
							-91.202408,
							30.486788
						],
						[
							-91.200607,
							30.488089
						],
						[
							-91.200516,
							30.489588
						],
						[
							-91.200409,
							30.490988
						],
						[
							-91.200211,
							30.493986
						],
						[
							-91.201813,
							30.495485
						],
						[
							-91.201813,
							30.496988
						],
						[
							-91.201721,
							30.498487
						],
						[
							-91.201508,
							30.501387
						],
						[
							-91.201218,
							30.505789
						],
						[
							-91.20282,
							30.507387
						],
						[
							-91.202621,
							30.510286
						],
						[
							-91.204208,
							30.511889
						],
						[
							-91.204117,
							30.513288
						],
						[
							-91.205811,
							30.514887
						],
						[
							-91.205719,
							30.516386
						],
						[
							-91.207321,
							30.517885
						],
						[
							-91.208908,
							30.519487
						],
						[
							-91.208817,
							30.520987
						],
						[
							-91.21051,
							30.520987
						],
						[
							-91.212112,
							30.522589
						],
						[
							-91.213821,
							30.522688
						],
						[
							-91.215408,
							30.524187
						],
						[
							-91.22052,
							30.524488
						],
						[
							-91.224121,
							30.521688
						],
						[
							-91.225815,
							30.521688
						],
						[
							-91.227509,
							30.521788
						],
						[
							-91.229309,
							30.520388
						],
						[
							-91.231018,
							30.520487
						],
						[
							-91.234619,
							30.517687
						],
						[
							-91.236313,
							30.517786
						],
						[
							-91.238022,
							30.517786
						],
						[
							-91.239716,
							30.517885
						],
						[
							-91.241516,
							30.516485
						],
						[
							-91.244919,
							30.516687
						],
						[
							-91.246719,
							30.515287
						],
						[
							-91.248413,
							30.515387
						],
						[
							-91.250214,
							30.513987
						],
						[
							-91.251907,
							30.514086
						],
						[
							-91.253708,
							30.512686
						],
						[
							-91.25531,
							30.512789
						],
						[
							-91.257111,
							30.511286
						],
						[
							-91.258911,
							30.511389
						],
						[
							-91.26062,
							30.509989
						],
						[
							-91.262314,
							30.510088
						],
						[
							-91.264114,
							30.508688
						],
						[
							-91.267517,
							30.508886
						],
						[
							-91.269318,
							30.507387
						],
						[
							-91.271011,
							30.507586
						],
						[
							-91.27272,
							30.507586
						],
						[
							-91.274414,
							30.507689
						],
						[
							-91.274521,
							30.506186
						],
						[
							-91.276321,
							30.504786
						],
						[
							-91.279709,
							30.504988
						],
						[
							-91.281418,
							30.504988
						],
						[
							-91.283112,
							30.505087
						],
						[
							-91.284714,
							30.506687
						],
						[
							-91.286316,
							30.508188
						],
						[
							-91.286209,
							30.509689
						],
						[
							-91.286209,
							30.511187
						],
						[
							-91.280807,
							30.515387
						],
						[
							-91.279114,
							30.515287
						],
						[
							-91.275513,
							30.518087
						],
						[
							-91.275421,
							30.519587
						],
						[
							-91.273621,
							30.520987
						],
						[
							-91.271912,
							30.520887
						],
						[
							-91.270111,
							30.522287
						],
						[
							-91.268417,
							30.522188
						],
						[
							-91.264816,
							30.524988
						],
						[
							-91.263107,
							30.524885
						],
						[
							-91.261414,
							30.526285
						],
						[
							-91.257812,
							30.529085
						],
						[
							-91.256119,
							30.528986
						],
						[
							-91.256012,
							30.530485
						],
						[
							-91.254211,
							30.531885
						],
						[
							-91.25412,
							30.533388
						],
						[
							-91.250519,
							30.536188
						],
						[
							-91.250412,
							30.537588
						],
						[
							-91.248718,
							30.538986
						],
						[
							-91.248611,
							30.540485
						],
						[
							-91.246811,
							30.541887
						],
						[
							-91.246521,
							30.546284
						],
						[
							-91.246307,
							30.549189
						],
						[
							-91.246109,
							30.552187
						],
						[
							-91.247818,
							30.553684
						],
						[
							-91.247711,
							30.555183
						],
						[
							-91.249313,
							30.556786
						],
						[
							-91.250916,
							30.558285
						],
						[
							-91.250809,
							30.559784
						],
						[
							-91.252411,
							30.561283
						],
						[
							-91.254013,
							30.562885
						],
						[
							-91.255722,
							30.564386
						],
						[
							-91.259018,
							30.564587
						],
						[
							-91.260818,
							30.564587
						],
						[
							-91.265915,
							30.564884
						],
						[
							-91.267609,
							30.564884
						],
						[
							-91.274414,
							30.565287
						],
						[
							-91.276016,
							30.566786
						],
						[
							-91.277817,
							30.565384
						],
						[
							-91.282913,
							30.565685
						],
						[
							-91.284607,
							30.565687
						],
						[
							-91.286316,
							30.565886
						],
						[
							-91.28801,
							30.565886
						],
						[
							-91.289719,
							30.565987
						],
						[
							-91.291412,
							30.565989
						],
						[
							-91.296509,
							30.566286
						],
						[
							-91.298218,
							30.566284
						],
						[
							-91.300018,
							30.564884
						],
						[
							-91.306808,
							30.565287
						],
						[
							-91.308517,
							30.565285
						],
						[
							-91.31192,
							30.565489
						],
						[
							-91.313507,
							30.566988
						],
						[
							-91.315216,
							30.567087
						],
						[
							-91.316818,
							30.568586
						],
						[
							-91.318512,
							30.568789
						],
						[
							-91.320221,
							30.570286
						],
						[
							-91.321808,
							30.570288
						],
						[
							-91.32341,
							30.571886
						],
						[
							-91.325119,
							30.573488
						],
						[
							-91.325012,
							30.574888
						],
						[
							-91.326614,
							30.576387
						],
						[
							-91.326508,
							30.577986
						],
						[
							-91.32811,
							30.579489
						],
						[
							-91.329712,
							30.581085
						],
						[
							-91.32962,
							30.582487
						],
						[
							-91.329628,
							30.583986
						],
						[
							-91.329422,
							30.586884
						],
						[
							-91.327621,
							30.588387
						],
						[
							-91.327408,
							30.591286
						],
						[
							-91.327316,
							30.592787
						],
						[
							-91.327209,
							30.594187
						],
						[
							-91.327126,
							30.595684
						],
						[
							-91.327126,
							30.597183
						],
						[
							-91.325317,
							30.598583
						],
						[
							-91.325119,
							30.601486
						],
						[
							-91.323326,
							30.602886
						],
						[
							-91.323212,
							30.604385
						],
						[
							-91.323128,
							30.605885
						],
						[
							-91.323021,
							30.607285
						],
						[
							-91.323021,
							30.608784
						],
						[
							-91.321213,
							30.610184
						],
						[
							-91.321129,
							30.611687
						],
						[
							-91.320908,
							30.614586
						],
						[
							-91.319115,
							30.615986
						],
						[
							-91.318909,
							30.618984
						],
						[
							-91.318916,
							30.620384
						],
						[
							-91.317116,
							30.621784
						],
						[
							-91.317017,
							30.623283
						],
						[
							-91.315216,
							30.624683
						],
						[
							-91.315117,
							30.626186
						],
						[
							-91.313309,
							30.627586
						],
						[
							-91.313225,
							30.629086
						],
						[
							-91.31311,
							30.630486
						],
						[
							-91.313026,
							30.631985
						],
						[
							-91.31131,
							30.633385
						],
						[
							-91.307716,
							30.636185
						],
						[
							-91.30751,
							30.639084
						],
						[
							-91.307419,
							30.640587
						],
						[
							-91.302025,
							30.644787
						],
						[
							-91.300217,
							30.646185
						],
						[
							-91.298515,
							30.647587
						],
						[
							-91.298309,
							30.648985
						],
						[
							-91.298309,
							30.650484
						],
						[
							-91.298019,
							30.654884
						],
						[
							-91.299622,
							30.656485
						],
						[
							-91.303017,
							30.656683
						],
						[
							-91.304726,
							30.656683
						],
						[
							-91.309929,
							30.656984
						],
						[
							-91.311516,
							30.656984
						],
						[
							-91.315025,
							30.657183
						],
						[
							-91.316628,
							30.658785
						],
						[
							-91.318321,
							30.658787
						],
						[
							-91.319923,
							30.660383
						],
						[
							-91.321617,
							30.660383
						],
						[
							-91.323219,
							30.661982
						],
						[
							-91.324821,
							30.663485
						],
						[
							-91.326424,
							30.665083
						],
						[
							-91.328117,
							30.665083
						],
						[
							-91.329826,
							30.666681
						],
						[
							-91.33152,
							30.666784
						],
						[
							-91.333122,
							30.668283
						],
						[
							-91.334724,
							30.669882
						],
						[
							-91.337929,
							30.672884
						],
						[
							-91.337929,
							30.674482
						],
						[
							-91.339516,
							30.675982
						],
						[
							-91.339424,
							30.677382
						],
						[
							-91.342628,
							30.680582
						],
						[
							-91.344215,
							30.682081
						],
						[
							-91.344124,
							30.683584
						],
						[
							-91.345818,
							30.685083
						],
						[
							-91.345726,
							30.686583
						],
						[
							-91.347328,
							30.688185
						],
						[
							-91.347115,
							30.691084
						],
						[
							-91.348717,
							30.692682
						],
						[
							-91.348518,
							30.695581
						],
						[
							-91.350227,
							30.697184
						],
						[
							-91.350121,
							30.698584
						],
						[
							-91.350029,
							30.700083
						],
						[
							-91.351616,
							30.701685
						],
						[
							-91.351418,
							30.704582
						],
						[
							-91.351418,
							30.706083
						],
						[
							-91.35302,
							30.707581
						],
						[
							-91.352928,
							30.709082
						],
						[
							-91.352715,
							30.711985
						],
						[
							-91.352623,
							30.713484
						],
						[
							-91.354317,
							30.713581
						],
						[
							-91.354225,
							30.71508
						],
						[
							-91.355919,
							30.716579
						],
						[
							-91.355827,
							30.718082
						],
						[
							-91.355721,
							30.719484
						],
						[
							-91.357323,
							30.721081
						],
						[
							-91.357018,
							30.725483
						],
						[
							-91.358727,
							30.727081
						],
						[
							-91.35862,
							30.728481
						],
						[
							-91.358528,
							30.72998
						],
						[
							-91.360222,
							30.73008
						],
						[
							-91.361824,
							30.731682
						],
						[
							-91.361717,
							30.733082
						],
						[
							-91.363319,
							30.73468
						],
						[
							-91.363228,
							30.73608
						],
						[
							-91.364922,
							30.737682
						],
						[
							-91.364815,
							30.739182
						],
						[
							-91.366417,
							30.740681
						],
						[
							-91.366325,
							30.74218
						],
						[
							-91.369621,
							30.745281
						],
						[
							-91.369514,
							30.74678
						],
						[
							-91.371117,
							30.74828
						],
						[
							-91.371025,
							30.749783
						],
						[
							-91.372627,
							30.751282
						],
						[
							-91.374229,
							30.75288
						],
						[
							-91.374123,
							30.754383
						],
						[
							-91.375816,
							30.755882
						],
						[
							-91.377419,
							30.757381
						],
						[
							-91.379021,
							30.75898
						],
						[
							-91.380623,
							30.760483
						],
						[
							-91.382317,
							30.760582
						],
						[
							-91.384026,
							30.762079
						],
						[
							-91.385719,
							30.76218
						],
						[
							-91.387428,
							30.762383
						],
						[
							-91.390816,
							30.762381
						],
						[
							-91.395927,
							30.762678
						],
						[
							-91.397621,
							30.76268
						],
						[
							-91.401024,
							30.762882
						],
						[
							-91.402824,
							30.761482
						],
						[
							-91.404518,
							30.761581
						],
						[
							-91.406227,
							30.761581
						],
						[
							-91.408028,
							30.760281
						],
						[
							-91.409721,
							30.760281
						],
						[
							-91.413124,
							30.760483
						],
						[
							-91.414925,
							30.759083
						],
						[
							-91.416618,
							30.759083
						],
						[
							-91.418419,
							30.757782
						],
						[
							-91.420219,
							30.756283
						],
						[
							-91.42202,
							30.754982
						],
						[
							-91.42382,
							30.753483
						],
						[
							-91.425529,
							30.753582
						],
						[
							-91.427315,
							30.752182
						],
						[
							-91.429024,
							30.752281
						],
						[
							-91.430824,
							30.750881
						],
						[
							-91.432625,
							30.74958
						],
						[
							-91.434319,
							30.74958
						],
						[
							-91.436119,
							30.74818
						],
						[
							-91.437828,
							30.74828
						],
						[
							-91.441429,
							30.74548
						],
						[
							-91.443123,
							30.74548
						],
						[
							-91.444923,
							30.744183
						],
						[
							-91.446617,
							30.74268
						],
						[
							-91.450218,
							30.73988
						],
						[
							-91.451927,
							30.740082
						],
						[
							-91.453621,
							30.740082
						],
						[
							-91.455421,
							30.738682
						],
						[
							-91.457115,
							30.738781
						],
						[
							-91.458916,
							30.737282
						],
						[
							-91.464119,
							30.737579
						],
						[
							-91.465828,
							30.737579
						],
						[
							-91.469215,
							30.737782
						],
						[
							-91.470924,
							30.737782
						],
						[
							-91.472527,
							30.73938
						],
						[
							-91.47422,
							30.739483
						],
						[
							-91.475929,
							30.739483
						],
						[
							-91.477516,
							30.741081
						],
						[
							-91.480827,
							30.744183
						],
						[
							-91.482521,
							30.744282
						],
						[
							-91.484123,
							30.745781
						],
						[
							-91.487526,
							30.745979
						],
						[
							-91.48922,
							30.745979
						],
						[
							-91.490822,
							30.747581
						],
						[
							-91.492516,
							30.747681
						],
						[
							-91.494225,
							30.747681
						],
						[
							-91.499428,
							30.747982
						],
						[
							-91.501122,
							30.747982
						],
						[
							-91.504524,
							30.74818
						],
						[
							-91.506325,
							30.74678
						],
						[
							-91.509727,
							30.746983
						],
						[
							-91.511421,
							30.746983
						],
						[
							-91.513222,
							30.745583
						],
						[
							-91.516624,
							30.745781
						],
						[
							-91.518318,
							30.745781
						],
						[
							-91.520027,
							30.74588
						],
						[
							-91.521828,
							30.74448
						],
						[
							-91.523521,
							30.744579
						],
						[
							-91.525215,
							30.744579
						],
						[
							-91.527016,
							30.743179
						],
						[
							-91.528725,
							30.743282
						],
						[
							-91.530525,
							30.741882
						],
						[
							-91.532219,
							30.741982
						],
						[
							-91.534019,
							30.740582
						],
						[
							-91.535728,
							30.740582
						],
						[
							-91.537529,
							30.739182
						],
						[
							-91.539223,
							30.739281
						],
						[
							-91.541023,
							30.737881
						],
						[
							-91.542717,
							30.73798
						],
						[
							-91.544518,
							30.736582
						],
						[
							-91.546227,
							30.73658
						],
						[
							-91.54792,
							30.736683
						],
						[
							-91.549721,
							30.735283
						],
						[
							-91.551414,
							30.735384
						],
						[
							-91.553123,
							30.735384
						],
						[
							-91.554817,
							30.73558
						],
						[
							-91.556526,
							30.73558
						],
						[
							-91.559929,
							30.735783
						],
						[
							-91.561623,
							30.735783
						],
						[
							-91.565025,
							30.735983
						],
						[
							-91.566826,
							30.734581
						],
						[
							-91.56852,
							30.734583
						],
						[
							-91.573616,
							30.734884
						],
						[
							-91.575325,
							30.736483
						],
						[
							-91.576927,
							30.736483
						],
						[
							-91.578621,
							30.73798
						],
						[
							-91.580223,
							30.739582
						],
						[
							-91.581917,
							30.739681
						],
						[
							-91.583519,
							30.74118
						],
						[
							-91.583519,
							30.74258
						],
						[
							-91.585228,
							30.742682
						],
						[
							-91.586815,
							30.744284
						],
						[
							-91.588417,
							30.745781
						],
						[
							-91.590019,
							30.747379
						],
						[
							-91.591728,
							30.748884
						],
						[
							-91.593315,
							30.750481
						],
						[
							-91.593117,
							30.75338
						],
						[
							-91.593025,
							30.754885
						],
						[
							-91.594627,
							30.756382
						],
						[
							-91.594627,
							30.757881
						],
						[
							-91.594322,
							30.762383
						],
						[
							-91.594215,
							30.763783
						],
						[
							-91.594215,
							30.765282
						],
						[
							-91.59063,
							30.768082
						],
						[
							-91.587029,
							30.770882
						],
						[
							-91.58532,
							30.770782
						],
						[
							-91.583519,
							30.772182
						],
						[
							-91.581825,
							30.772182
						],
						[
							-91.578423,
							30.77198
						],
						[
							-91.576622,
							30.77338
						],
						[
							-91.573219,
							30.773182
						],
						[
							-91.571526,
							30.773182
						],
						[
							-91.569725,
							30.774582
						],
						[
							-91.564629,
							30.774281
						],
						[
							-91.564522,
							30.77578
						],
						[
							-91.562721,
							30.777283
						],
						[
							-91.561028,
							30.777081
						],
						[
							-91.559319,
							30.777081
						],
						[
							-91.557518,
							30.778481
						],
						[
							-91.555824,
							30.778381
						],
						[
							-91.554024,
							30.779781
						],
						[
							-91.552315,
							30.779781
						],
						[
							-91.550529,
							30.781082
						],
						[
							-91.548729,
							30.782581
						],
						[
							-91.546928,
							30.783981
						],
						[
							-91.546822,
							30.785379
						],
						[
							-91.543221,
							30.788179
						],
						[
							-91.543221,
							30.789679
						],
						[
							-91.54142,
							30.791079
						],
						[
							-91.541328,
							30.792578
						],
						[
							-91.539528,
							30.793978
						],
						[
							-91.539421,
							30.79538
						],
						[
							-91.537621,
							30.796881
						],
						[
							-91.537529,
							30.798281
						],
						[
							-91.535728,
							30.79978
						],
						[
							-91.535728,
							30.80118
						],
						[
							-91.535622,
							30.802681
						],
						[
							-91.533821,
							30.804079
						],
						[
							-91.53373,
							30.805578
						],
						[
							-91.530128,
							30.808378
						],
						[
							-91.529915,
							30.811277
						],
						[
							-91.528221,
							30.812681
						],
						[
							-91.52813,
							30.81418
						],
						[
							-91.528023,
							30.81558
						],
						[
							-91.526222,
							30.81708
						],
						[
							-91.526115,
							30.81848
						],
						[
							-91.525917,
							30.821478
						],
						[
							-91.525917,
							30.822981
						],
						[
							-91.525719,
							30.82588
						],
						[
							-91.523918,
							30.82728
						],
						[
							-91.52372,
							30.830278
						],
						[
							-91.52372,
							30.831678
						],
						[
							-91.523628,
							30.833178
						],
						[
							-91.525215,
							30.83478
						],
						[
							-91.525017,
							30.837679
						],
						[
							-91.524925,
							30.839178
						],
						[
							-91.523216,
							30.840576
						],
						[
							-91.523125,
							30.842081
						],
						[
							-91.523018,
							30.843481
						],
						[
							-91.521217,
							30.844881
						],
						[
							-91.520927,
							30.849279
						],
						[
							-91.519218,
							30.850679
						],
						[
							-91.518929,
							30.855179
						],
						[
							-91.517128,
							30.856581
						],
						[
							-91.517021,
							30.857979
						],
						[
							-91.516823,
							30.860977
						],
						[
							-91.516823,
							30.862476
						],
						[
							-91.516624,
							30.865376
						],
						[
							-91.518227,
							30.866978
						],
						[
							-91.51812,
							30.868378
						],
						[
							-91.518028,
							30.869877
						],
						[
							-91.518028,
							30.871376
						],
						[
							-91.519615,
							30.872879
						],
						[
							-91.519524,
							30.874378
						],
						[
							-91.521126,
							30.875877
						],
						[
							-91.521126,
							30.877377
						],
						[
							-91.522728,
							30.878979
						],
						[
							-91.52253,
							30.881878
						],
						[
							-91.524117,
							30.883476
						],
						[
							-91.524025,
							30.884876
						],
						[
							-91.525719,
							30.886478
						],
						[
							-91.52552,
							30.889378
						],
						[
							-91.527122,
							30.890976
						],
						[
							-91.527016,
							30.892376
						],
						[
							-91.526924,
							30.893879
						],
						[
							-91.526924,
							30.895378
						],
						[
							-91.528526,
							30.896877
						],
						[
							-91.528419,
							30.898376
						],
						[
							-91.531715,
							30.901478
						],
						[
							-91.533318,
							30.903076
						],
						[
							-91.539818,
							30.909176
						],
						[
							-91.54142,
							30.910778
						],
						[
							-91.543129,
							30.910877
						],
						[
							-91.544823,
							30.912376
						],
						[
							-91.546425,
							30.913979
						],
						[
							-91.549629,
							30.916977
						],
						[
							-91.551216,
							30.918579
						],
						[
							-91.552925,
							30.920078
						],
						[
							-91.554527,
							30.921677
						],
						[
							-91.556221,
							30.921677
						],
						[
							-91.557915,
							30.921776
						],
						[
							-91.559517,
							30.923378
						],
						[
							-91.561317,
							30.921978
						],
						[
							-91.563118,
							30.921978
						],
						[
							-91.56472,
							30.923576
						],
						[
							-91.566429,
							30.923576
						],
						[
							-91.571526,
							30.923878
						],
						[
							-91.573219,
							30.923878
						],
						[
							-91.576622,
							30.924076
						],
						[
							-91.578316,
							30.924076
						],
						[
							-91.581825,
							30.924278
						],
						[
							-91.583626,
							30.922878
						],
						[
							-91.587029,
							30.923077
						],
						[
							-91.588829,
							30.921577
						],
						[
							-91.592216,
							30.921776
						],
						[
							-91.593925,
							30.921776
						],
						[
							-91.599022,
							30.922077
						],
						[
							-91.600716,
							30.922077
						],
						[
							-91.605919,
							30.922379
						],
						[
							-91.607628,
							30.922379
						],
						[
							-91.612724,
							30.922676
						],
						[
							-91.614525,
							30.921276
						],
						[
							-91.616219,
							30.921276
						],
						[
							-91.619621,
							30.921478
						],
						[
							-91.621422,
							30.921478
						],
						[
							-91.624825,
							30.921679
						],
						[
							-91.626518,
							30.921677
						],
						[
							-91.631615,
							30.921978
						],
						[
							-91.633217,
							30.923477
						],
						[
							-91.634926,
							30.923578
						],
						[
							-91.63662,
							30.925076
						],
						[
							-91.638329,
							30.925179
						],
						[
							-91.639915,
							30.92668
						],
						[
							-91.641518,
							30.928276
						],
						[
							-91.641518,
							30.929676
						],
						[
							-91.64312,
							30.93128
						],
						[
							-91.644722,
							30.932777
						],
						[
							-91.644615,
							30.934278
						],
						[
							-91.646217,
							30.935879
						],
						[
							-91.646217,
							30.937378
						],
						[
							-91.64782,
							30.938877
						],
						[
							-91.647728,
							30.940277
						],
						[
							-91.649422,
							30.940376
						],
						[
							-91.651115,
							30.94198
						],
						[
							-91.652718,
							30.943478
						],
						[
							-91.65432,
							30.945076
						],
						[
							-91.654228,
							30.946476
						],
						[
							-91.655922,
							30.948078
						],
						[
							-91.657532,
							30.949577
						],
						[
							-91.657425,
							30.951077
						],
						[
							-91.659134,
							30.952576
						],
						[
							-91.659019,
							30.954079
						],
						[
							-91.660629,
							30.955578
						],
						[
							-91.660522,
							30.957077
						],
						[
							-91.662125,
							30.958679
						],
						[
							-91.663826,
							30.960178
						],
						[
							-91.665436,
							30.961777
						],
						[
							-91.667015,
							30.963276
						],
						[
							-91.668625,
							30.964878
						],
						[
							-91.670425,
							30.964878
						],
						[
							-91.672028,
							30.966476
						],
						[
							-91.671722,
							30.970879
						],
						[
							-91.671722,
							30.972378
						],
						[
							-91.673325,
							30.973877
						],
						[
							-91.673035,
							30.978279
						],
						[
							-91.673035,
							30.979778
						],
						[
							-91.672836,
							30.982777
						],
						[
							-91.672623,
							30.985676
						],
						[
							-91.672623,
							30.987179
						],
						[
							-91.672531,
							30.988678
						],
						[
							-91.670731,
							30.990078
						],
						[
							-91.670425,
							30.994476
						],
						[
							-91.668625,
							30.995876
						],
						[
							-91.666931,
							30.995777
						],
						[
							-91.665222,
							30.997177
						],
						[
							-91.663437,
							30.997078
						],
						[
							-91.661728,
							30.997076
						],
						[
							-91.658127,
							30.999878
						],
						[
							-91.656433,
							30.999779
						],
						[
							-91.654633,
							31.001278
						],
						[
							-91.652832,
							31.002577
						],
						[
							-91.651123,
							31.003977
						],
						[
							-91.649231,
							31.005377
						],
						[
							-91.647537,
							31.005377
						],
						[
							-91.645737,
							31.006777
						],
						[
							-91.644028,
							31.006674
						],
						[
							-91.642334,
							31.008076
						],
						[
							-91.640533,
							31.007975
						],
						[
							-91.638824,
							31.007975
						],
						[
							-91.637024,
							31.009275
						],
						[
							-91.63533,
							31.009275
						],
						[
							-91.63353,
							31.010677
						],
						[
							-91.630127,
							31.010477
						],
						[
							-91.628326,
							31.011976
						],
						[
							-91.624924,
							31.011774
						],
						[
							-91.623123,
							31.013174
						],
						[
							-91.621429,
							31.013174
						],
						[
							-91.619736,
							31.013075
						],
						[
							-91.617935,
							31.014475
						],
						[
							-91.616219,
							31.014376
						],
						[
							-91.610817,
							31.018576
						],
						[
							-91.609024,
							31.018476
						],
						[
							-91.60733,
							31.018476
						],
						[
							-91.605637,
							31.019876
						],
						[
							-91.603828,
							31.019777
						],
						[
							-91.600227,
							31.022577
						],
						[
							-91.598518,
							31.022577
						],
						[
							-91.594917,
							31.025377
						],
						[
							-91.593224,
							31.025274
						],
						[
							-91.591423,
							31.026674
						],
						[
							-91.589729,
							31.026575
						],
						[
							-91.587936,
							31.027975
						],
						[
							-91.586227,
							31.027876
						],
						[
							-91.584427,
							31.029373
						],
						[
							-91.582619,
							31.030676
						],
						[
							-91.580818,
							31.032175
						],
						[
							-91.577217,
							31.034975
						],
						[
							-91.575424,
							31.036276
						],
						[
							-91.573616,
							31.037773
						],
						[
							-91.573616,
							31.039274
						],
						[
							-91.573227,
							31.045074
						],
						[
							-91.571419,
							31.046474
						],
						[
							-91.571327,
							31.047974
						],
						[
							-91.571327,
							31.049473
						],
						[
							-91.57122,
							31.050974
						],
						[
							-91.571136,
							31.052477
						],
						[
							-91.570915,
							31.055374
						],
						[
							-91.570915,
							31.056873
						],
						[
							-91.570717,
							31.059772
						],
						[
							-91.570625,
							31.061274
						],
						[
							-91.575523,
							31.065872
						],
						[
							-91.577217,
							31.065977
						],
						[
							-91.578827,
							31.067574
						],
						[
							-91.580528,
							31.069073
						],
						[
							-91.58223,
							31.069174
						],
						[
							-91.585426,
							31.072176
						],
						[
							-91.585327,
							31.073673
						],
						[
							-91.587036,
							31.075172
						],
						[
							-91.588623,
							31.076775
						],
						[
							-91.591934,
							31.079872
						],
						[
							-91.59362,
							31.079975
						],
						[
							-91.595337,
							31.079977
						],
						[
							-91.598526,
							31.083174
						],
						[
							-91.598526,
							31.084572
						],
						[
							-91.600128,
							31.086176
						],
						[
							-91.600037,
							31.087673
						],
						[
							-91.601624,
							31.089172
						],
						[
							-91.604935,
							31.092274
						],
						[
							-91.604828,
							31.093674
						],
						[
							-91.606537,
							31.093773
						],
						[
							-91.608231,
							31.095272
						],
						[
							-91.609924,
							31.095474
						],
						[
							-91.613129,
							31.098475
						],
						[
							-91.614929,
							31.098574
						],
						[
							-91.616531,
							31.100176
						],
						[
							-91.619736,
							31.103174
						],
						[
							-91.621536,
							31.103277
						],
						[
							-91.623123,
							31.104776
						],
						[
							-91.624725,
							31.106375
						],
						[
							-91.626434,
							31.107872
						],
						[
							-91.628036,
							31.109474
						],
						[
							-91.629623,
							31.110975
						],
						[
							-91.629532,
							31.112473
						],
						[
							-91.631226,
							31.113974
						],
						[
							-91.632828,
							31.115576
						],
						[
							-91.632736,
							31.117075
						],
						[
							-91.63443,
							31.118572
						],
						[
							-91.634323,
							31.120077
						],
						[
							-91.635925,
							31.121576
						],
						[
							-91.635727,
							31.124575
						],
						[
							-91.635727,
							31.126072
						],
						[
							-91.635635,
							31.127577
						],
						[
							-91.635437,
							31.130476
						],
						[
							-91.633636,
							31.131874
						],
						[
							-91.63353,
							31.133373
						],
						[
							-91.629929,
							31.136173
						],
						[
							-91.629837,
							31.137672
						],
						[
							-91.628128,
							31.139072
						],
						[
							-91.626328,
							31.140472
						],
						[
							-91.624435,
							31.141872
						],
						[
							-91.624435,
							31.143375
						],
						[
							-91.624329,
							31.144775
						],
						[
							-91.622528,
							31.146177
						],
						[
							-91.620728,
							31.147675
						],
						[
							-91.620636,
							31.149075
						],
						[
							-91.615234,
							31.153275
						],
						[
							-91.613434,
							31.154774
						],
						[
							-91.611633,
							31.156075
						],
						[
							-91.611633,
							31.157574
						],
						[
							-91.609726,
							31.158974
						],
						[
							-91.607925,
							31.160374
						],
						[
							-91.607925,
							31.161873
						],
						[
							-91.607834,
							31.163372
						],
						[
							-91.602432,
							31.167572
						],
						[
							-91.602234,
							31.170475
						],
						[
							-91.600433,
							31.171875
						],
						[
							-91.600327,
							31.173374
						],
						[
							-91.600327,
							31.174873
						],
						[
							-91.600037,
							31.179272
						],
						[
							-91.599823,
							31.182175
						],
						[
							-91.599823,
							31.183674
						],
						[
							-91.599731,
							31.185173
						],
						[
							-91.601334,
							31.186775
						],
						[
							-91.601227,
							31.188175
						],
						[
							-91.601227,
							31.189674
						],
						[
							-91.601028,
							31.192574
						],
						[
							-91.602631,
							31.194172
						],
						[
							-91.604233,
							31.195675
						],
						[
							-91.604126,
							31.197174
						],
						[
							-91.604126,
							31.198673
						],
						[
							-91.605728,
							31.200171
						],
						[
							-91.60733,
							31.201775
						],
						[
							-91.609024,
							31.203274
						],
						[
							-91.610626,
							31.204872
						],
						[
							-91.610535,
							31.206272
						],
						[
							-91.612228,
							31.207874
						],
						[
							-91.613831,
							31.209471
						],
						[
							-91.615433,
							31.210972
						],
						[
							-91.617126,
							31.212475
						],
						[
							-91.618729,
							31.214073
						],
						[
							-91.623627,
							31.218674
						],
						[
							-91.625336,
							31.218773
						],
						[
							-91.626923,
							31.220272
						],
						[
							-91.630234,
							31.223373
						],
						[
							-91.631927,
							31.224972
						],
						[
							-91.635132,
							31.227974
						],
						[
							-91.636734,
							31.229572
						],
						[
							-91.638428,
							31.231075
						],
						[
							-91.64003,
							31.232674
						],
						[
							-91.643326,
							31.235775
						],
						[
							-91.645035,
							31.235775
						],
						[
							-91.646637,
							31.237473
						],
						[
							-91.648422,
							31.237473
						],
						[
							-91.650024,
							31.238972
						],
						[
							-91.651733,
							31.239075
						],
						[
							-91.656631,
							31.243675
						],
						[
							-91.658234,
							31.245274
						],
						[
							-91.659927,
							31.246773
						],
						[
							-91.659836,
							31.248272
						],
						[
							-91.661423,
							31.249775
						],
						[
							-91.661331,
							31.251274
						],
						[
							-91.661331,
							31.252773
						],
						[
							-91.660934,
							31.258675
						],
						[
							-91.660934,
							31.260174
						],
						[
							-91.659134,
							31.261574
						],
						[
							-91.659027,
							31.262974
						],
						[
							-91.657227,
							31.264473
						],
						[
							-91.657135,
							31.265972
						],
						[
							-91.655334,
							31.267273
						],
						[
							-91.655228,
							31.268772
						],
						[
							-91.651627,
							31.27157
						],
						[
							-91.651535,
							31.273075
						],
						[
							-91.649734,
							31.274473
						],
						[
							-91.648026,
							31.274372
						],
						[
							-91.644424,
							31.27717
						],
						[
							-91.642731,
							31.277172
						],
						[
							-91.637634,
							31.276875
						],
						[
							-91.635834,
							31.276875
						],
						[
							-91.634125,
							31.276773
						],
						[
							-91.632431,
							31.276773
						],
						[
							-91.630737,
							31.275171
						],
						[
							-91.629028,
							31.275072
						],
						[
							-91.627335,
							31.275072
						],
						[
							-91.625732,
							31.27347
						],
						[
							-91.624023,
							31.273371
						],
						[
							-91.622223,
							31.273371
						],
						[
							-91.620636,
							31.271772
						],
						[
							-91.618927,
							31.271772
						],
						[
							-91.617325,
							31.27017
						],
						[
							-91.615524,
							31.27017
						],
						[
							-91.610428,
							31.269873
						],
						[
							-91.608734,
							31.269873
						],
						[
							-91.605225,
							31.26967
						],
						[
							-91.603622,
							31.268171
						],
						[
							-91.598434,
							31.26787
						],
						[
							-91.596725,
							31.26787
						],
						[
							-91.594925,
							31.26927
						],
						[
							-91.593323,
							31.267771
						],
						[
							-91.586426,
							31.26737
						],
						[
							-91.584732,
							31.26737
						],
						[
							-91.583023,
							31.267271
						],
						[
							-91.581223,
							31.268671
						],
						[
							-91.579529,
							31.268572
						],
						[
							-91.577835,
							31.268572
						],
						[
							-91.574326,
							31.268373
						],
						[
							-91.572632,
							31.268373
						],
						[
							-91.567535,
							31.26807
						],
						[
							-91.565735,
							31.26807
						],
						[
							-91.562332,
							31.26787
						],
						[
							-91.560532,
							31.26927
						],
						[
							-91.558823,
							31.269169
						],
						[
							-91.557129,
							31.269169
						],
						[
							-91.555328,
							31.270569
						],
						[
							-91.551834,
							31.27037
						],
						[
							-91.550034,
							31.27177
						],
						[
							-91.548325,
							31.27177
						],
						[
							-91.546524,
							31.27317
						],
						[
							-91.54483,
							31.273071
						],
						[
							-91.543137,
							31.273071
						],
						[
							-91.541336,
							31.274368
						],
						[
							-91.539536,
							31.275768
						],
						[
							-91.537827,
							31.275669
						],
						[
							-91.536026,
							31.277168
						],
						[
							-91.535934,
							31.278568
						],
						[
							-91.532333,
							31.281368
						],
						[
							-91.530533,
							31.282871
						],
						[
							-91.528625,
							31.284168
						],
						[
							-91.526825,
							31.285568
						],
						[
							-91.525131,
							31.287071
						],
						[
							-91.523224,
							31.288368
						],
						[
							-91.52153,
							31.289768
						],
						[
							-91.521332,
							31.292768
						],
						[
							-91.519524,
							31.29417
						],
						[
							-91.519424,
							31.295668
						],
						[
							-91.517624,
							31.29707
						],
						[
							-91.517532,
							31.298569
						],
						[
							-91.515732,
							31.29987
						],
						[
							-91.515625,
							31.301369
						],
						[
							-91.513824,
							31.302767
						],
						[
							-91.512024,
							31.304268
						],
						[
							-91.511818,
							31.307169
						],
						[
							-91.510017,
							31.308569
						],
						[
							-91.510017,
							31.310068
						],
						[
							-91.509735,
							31.314466
						],
						[
							-91.509621,
							31.315969
						],
						[
							-91.507828,
							31.317369
						],
						[
							-91.507736,
							31.318769
						],
						[
							-91.507736,
							31.320269
						],
						[
							-91.507515,
							31.323267
						],
						[
							-91.507324,
							31.326166
						],
						[
							-91.505524,
							31.327566
						],
						[
							-91.505325,
							31.330568
						],
						[
							-91.503525,
							31.331968
						],
						[
							-91.503433,
							31.333368
						],
						[
							-91.501625,
							31.334867
						],
						[
							-91.501518,
							31.336267
						],
						[
							-91.499718,
							31.337767
						],
						[
							-91.499626,
							31.339167
						],
						[
							-91.497925,
							31.340567
						],
						[
							-91.497833,
							31.34207
						],
						[
							-91.497719,
							31.343569
						],
						[
							-91.495926,
							31.34487
						],
						[
							-91.495827,
							31.346369
						],
						[
							-91.494026,
							31.347769
						],
						[
							-91.493835,
							31.350767
						],
						[
							-91.490227,
							31.353567
						],
						[
							-91.490128,
							31.355066
						],
						[
							-91.486519,
							31.357866
						],
						[
							-91.486427,
							31.359266
						],
						[
							-91.484627,
							31.360769
						],
						[
							-91.482826,
							31.362169
						],
						[
							-91.481026,
							31.363466
						],
						[
							-91.479225,
							31.364969
						],
						[
							-91.468422,
							31.373369
						],
						[
							-91.468315,
							31.374868
						],
						[
							-91.466515,
							31.376268
						],
						[
							-91.466423,
							31.377668
						],
						[
							-91.464622,
							31.379066
						],
						[
							-91.464317,
							31.383568
						],
						[
							-91.464317,
							31.384968
						],
						[
							-91.464226,
							31.386469
						],
						[
							-91.464027,
							31.389366
						],
						[
							-91.46563,
							31.390965
						],
						[
							-91.46563,
							31.392467
						],
						[
							-91.467216,
							31.393967
						],
						[
							-91.468819,
							31.395565
						],
						[
							-91.470528,
							31.397064
						],
						[
							-91.472115,
							31.398668
						],
						[
							-91.477028,
							31.403269
						],
						[
							-91.478615,
							31.404865
						],
						[
							-91.478523,
							31.406265
						],
						[
							-91.480217,
							31.407867
						],
						[
							-91.480125,
							31.409367
						],
						[
							-91.481728,
							31.410965
						],
						[
							-91.483421,
							31.412464
						],
						[
							-91.485023,
							31.413967
						],
						[
							-91.486626,
							31.415565
						],
						[
							-91.488327,
							31.417065
						],
						[
							-91.488228,
							31.418568
						],
						[
							-91.489929,
							31.418667
						],
						[
							-91.493225,
							31.421764
						],
						[
							-91.494934,
							31.421764
						],
						[
							-91.496536,
							31.423367
						],
						[
							-91.498123,
							31.424866
						],
						[
							-91.499924,
							31.424965
						],
						[
							-91.501526,
							31.426567
						],
						[
							-91.503128,
							31.428066
						],
						[
							-91.503128,
							31.429565
						],
						[
							-91.503036,
							31.431065
						],
						[
							-91.504623,
							31.432568
						],
						[
							-91.504532,
							31.434067
						],
						[
							-91.506226,
							31.435566
						],
						[
							-91.506134,
							31.437065
						],
						[
							-91.507736,
							31.438564
						],
						[
							-91.507629,
							31.440166
						],
						[
							-91.509323,
							31.441666
						],
						[
							-91.509125,
							31.444565
						],
						[
							-91.510834,
							31.444668
						],
						[
							-91.512436,
							31.446167
						],
						[
							-91.512436,
							31.447666
						],
						[
							-91.512329,
							31.449165
						],
						[
							-91.513931,
							31.450768
						],
						[
							-91.513824,
							31.452168
						],
						[
							-91.513824,
							31.453667
						],
						[
							-91.513626,
							31.455166
						],
						[
							-91.515335,
							31.456665
						],
						[
							-91.515137,
							31.459667
						],
						[
							-91.51683,
							31.461166
						],
						[
							-91.516632,
							31.464165
						],
						[
							-91.516327,
							31.468567
						],
						[
							-91.518036,
							31.470066
						],
						[
							-91.517822,
							31.473064
						],
						[
							-91.517624,
							31.476067
						],
						[
							-91.517624,
							31.477467
						],
						[
							-91.517334,
							31.481964
						],
						[
							-91.517227,
							31.483364
						],
						[
							-91.517136,
							31.484867
						],
						[
							-91.517136,
							31.486366
						],
						[
							-91.515335,
							31.487764
						],
						[
							-91.513428,
							31.489166
						],
						[
							-91.513336,
							31.490665
						],
						[
							-91.513336,
							31.492165
						],
						[
							-91.513229,
							31.493563
						],
						[
							-91.509628,
							31.496365
						],
						[
							-91.507736,
							31.497763
						],
						[
							-91.507736,
							31.499266
						],
						[
							-91.507629,
							31.500767
						],
						[
							-91.505829,
							31.502165
						],
						[
							-91.505737,
							31.503664
						],
						[
							-91.500336,
							31.507864
						],
						[
							-91.500122,
							31.510862
						],
						[
							-91.498337,
							31.512262
						],
						[
							-91.496536,
							31.513563
						],
						[
							-91.496429,
							31.515062
						],
						[
							-91.489227,
							31.520662
						],
						[
							-91.487335,
							31.522062
						],
						[
							-91.485626,
							31.521963
						],
						[
							-91.483932,
							31.521963
						],
						[
							-91.482132,
							31.523363
						],
						[
							-91.480415,
							31.523264
						],
						[
							-91.478622,
							31.524664
						],
						[
							-91.476837,
							31.524565
						],
						[
							-91.473228,
							31.527365
						],
						[
							-91.471519,
							31.527365
						],
						[
							-91.467918,
							31.530165
						],
						[
							-91.464424,
							31.529963
						],
						[
							-91.462715,
							31.529963
						],
						[
							-91.460915,
							31.531263
						],
						[
							-91.459221,
							31.531164
						],
						[
							-91.457527,
							31.531164
						],
						[
							-91.45562,
							31.532564
						],
						[
							-91.453926,
							31.532465
						],
						[
							-91.452126,
							31.533865
						],
						[
							-91.450417,
							31.533865
						],
						[
							-91.448723,
							31.533766
						],
						[
							-91.448616,
							31.535265
						],
						[
							-91.445015,
							31.538065
						],
						[
							-91.44323,
							31.539465
						],
						[
							-91.441322,
							31.540865
						],
						[
							-91.437721,
							31.543665
						],
						[
							-91.436028,
							31.543566
						],
						[
							-91.432426,
							31.546366
						],
						[
							-91.430717,
							31.546263
						],
						[
							-91.428825,
							31.547766
						],
						[
							-91.427025,
							31.549063
						],
						[
							-91.423424,
							31.551863
						],
						[
							-91.421715,
							31.551863
						],
						[
							-91.41993,
							31.553263
						],
						[
							-91.416328,
							31.556063
						],
						[
							-91.414528,
							31.557364
						],
						[
							-91.412727,
							31.558863
						],
						[
							-91.41082,
							31.560263
						],
						[
							-91.410728,
							31.561766
						],
						[
							-91.408928,
							31.563063
						],
						[
							-91.408821,
							31.564566
						],
						[
							-91.407021,
							31.565966
						],
						[
							-91.406929,
							31.567465
						],
						[
							-91.406929,
							31.568964
						],
						[
							-91.405128,
							31.570364
						],
						[
							-91.404915,
							31.571863
						],
						[
							-91.404915,
							31.573263
						],
						[
							-91.404823,
							31.574762
						],
						[
							-91.404518,
							31.579165
						],
						[
							-91.404427,
							31.580664
						],
						[
							-91.404427,
							31.582163
						],
						[
							-91.404015,
							31.588064
						],
						[
							-91.403618,
							31.593966
						],
						[
							-91.403618,
							31.595465
						],
						[
							-91.403328,
							31.599863
						],
						[
							-91.401527,
							31.601261
						],
						[
							-91.401329,
							31.604162
						],
						[
							-91.399529,
							31.605665
						],
						[
							-91.399315,
							31.608564
						],
						[
							-91.39753,
							31.609964
						],
						[
							-91.397316,
							31.612963
						],
						[
							-91.395515,
							31.614361
						],
						[
							-91.395317,
							31.617264
						],
						[
							-91.393517,
							31.618666
						],
						[
							-91.393517,
							31.620163
						],
						[
							-91.393318,
							31.621563
						],
						[
							-91.393318,
							31.623064
						],
						[
							-91.391518,
							31.624462
						],
						[
							-91.391228,
							31.628965
						],
						[
							-91.390816,
							31.634863
						],
						[
							-91.392525,
							31.636364
						],
						[
							-91.392128,
							31.642263
						],
						[
							-91.392128,
							31.643763
						],
						[
							-91.392021,
							31.645266
						],
						[
							-91.393623,
							31.646862
						],
						[
							-91.393517,
							31.648264
						],
						[
							-91.393318,
							31.65126
						],
						[
							-91.395027,
							31.652763
						],
						[
							-91.394829,
							31.655762
						],
						[
							-91.394615,
							31.658661
						],
						[
							-91.394524,
							31.660164
						],
						[
							-91.396217,
							31.661762
						],
						[
							-91.395821,
							31.667664
						],
						[
							-91.39753,
							31.669163
						],
						[
							-91.397316,
							31.672062
						],
						[
							-91.397026,
							31.676563
						],
						[
							-91.397026,
							31.678062
						],
						[
							-91.396828,
							31.679562
						],
						[
							-91.396828,
							31.680962
						],
						[
							-91.396629,
							31.683964
						],
						[
							-91.396416,
							31.686863
						],
						[
							-91.396217,
							31.689861
						],
						[
							-91.396217,
							31.69136
						],
						[
							-91.395927,
							31.695763
						],
						[
							-91.395622,
							31.700161
						],
						[
							-91.393822,
							31.701561
						],
						[
							-91.393623,
							31.704563
						],
						[
							-91.393517,
							31.705963
						],
						[
							-91.393517,
							31.707462
						],
						[
							-91.391716,
							31.708862
						],
						[
							-91.389824,
							31.710262
						],
						[
							-91.389717,
							31.711761
						],
						[
							-91.386116,
							31.714561
						],
						[
							-91.386024,
							31.716061
						],
						[
							-91.384224,
							31.717361
						],
						[
							-91.382423,
							31.718861
						],
						[
							-91.382317,
							31.720364
						],
						[
							-91.380516,
							31.721764
						],
						[
							-91.380424,
							31.723164
						],
						[
							-91.378624,
							31.724564
						],
						[
							-91.378517,
							31.726063
						],
						[
							-91.376717,
							31.727463
						],
						[
							-91.376625,
							31.728962
						],
						[
							-91.374825,
							31.730362
						],
						[
							-91.374718,
							31.731861
						],
						[
							-91.372917,
							31.733261
						],
						[
							-91.372719,
							31.73616
						],
						[
							-91.372627,
							31.737663
						],
						[
							-91.372429,
							31.740562
						],
						[
							-91.370628,
							31.741962
						],
						[
							-91.370628,
							31.743462
						],
						[
							-91.370415,
							31.744961
						],
						[
							-91.368629,
							31.746361
						],
						[
							-91.368629,
							31.747864
						],
						[
							-91.368416,
							31.750763
						],
						[
							-91.366615,
							31.752163
						],
						[
							-91.366417,
							31.755161
						],
						[
							-91.364616,
							31.756559
						],
						[
							-91.364418,
							31.759459
						],
						[
							-91.362617,
							31.760859
						],
						[
							-91.362328,
							31.765362
						],
						[
							-91.360527,
							31.766762
						],
						[
							-91.360115,
							31.772663
						],
						[
							-91.360115,
							31.774162
						],
						[
							-91.360023,
							31.77556
						],
						[
							-91.358116,
							31.77696
						],
						[
							-91.358116,
							31.77846
						],
						[
							-91.358025,
							31.779961
						],
						[
							-91.357918,
							31.781359
						],
						[
							-91.357826,
							31.782862
						],
						[
							-91.359428,
							31.78446
						],
						[
							-91.359428,
							31.785959
						],
						[
							-91.359215,
							31.788858
						],
						[
							-91.359123,
							31.790361
						],
						[
							-91.358818,
							31.79476
						],
						[
							-91.358727,
							31.796259
						],
						[
							-91.356926,
							31.797659
						],
						[
							-91.356728,
							31.800661
						],
						[
							-91.356621,
							31.802061
						],
						[
							-91.356621,
							31.80356
						],
						[
							-91.356422,
							31.806559
						],
						[
							-91.354622,
							31.807959
						],
						[
							-91.354118,
							31.81526
						],
						[
							-91.352318,
							31.816759
						],
						[
							-91.352226,
							31.818262
						],
						[
							-91.352119,
							31.81966
						],
						[
							-91.350319,
							31.821062
						],
						[
							-91.350227,
							31.822559
						],
						[
							-91.348427,
							31.823961
						],
						[
							-91.348015,
							31.829859
						],
						[
							-91.348015,
							31.83136
						],
						[
							-91.347816,
							31.832861
						],
						[
							-91.347816,
							31.834261
						],
						[
							-91.347725,
							31.835758
						],
						[
							-91.345924,
							31.83716
						],
						[
							-91.345818,
							31.838657
						],
						[
							-91.344017,
							31.840057
						],
						[
							-91.343925,
							31.841557
						],
						[
							-91.342125,
							31.842958
						],
						[
							-91.342018,
							31.844357
						],
						[
							-91.340126,
							31.845757
						],
						[
							-91.338326,
							31.847157
						],
						[
							-91.336525,
							31.84866
						],
						[
							-91.334724,
							31.849957
						],
						[
							-91.334618,
							31.85146
						],
						[
							-91.332924,
							31.851357
						],
						[
							-91.331123,
							31.852757
						],
						[
							-91.329216,
							31.854156
						],
						[
							-91.327522,
							31.854156
						],
						[
							-91.325722,
							31.855556
						],
						[
							-91.324028,
							31.855457
						],
						[
							-91.322121,
							31.856857
						],
						[
							-91.320427,
							31.856758
						],
						[
							-91.318718,
							31.856758
						],
						[
							-91.316917,
							31.85656
						],
						[
							-91.315315,
							31.855057
						],
						[
							-91.313622,
							31.854958
						],
						[
							-91.311821,
							31.854958
						],
						[
							-91.306419,
							31.859158
						],
						[
							-91.299522,
							31.858757
						],
						[
							-91.297829,
							31.858757
						],
						[
							-91.296028,
							31.858658
						],
						[
							-91.292427,
							31.861458
						],
						[
							-91.288918,
							31.861259
						],
						[
							-91.287224,
							31.861259
						],
						[
							-91.285515,
							31.861156
						],
						[
							-91.283623,
							31.862556
						],
						[
							-91.278419,
							31.862259
						],
						[
							-91.276726,
							31.862259
						],
						[
							-91.274925,
							31.863659
						],
						[
							-91.273216,
							31.86356
						],
						[
							-91.271416,
							31.86356
						],
						[
							-91.266228,
							31.863258
						],
						[
							-91.264519,
							31.863258
						],
						[
							-91.262718,
							31.864559
						],
						[
							-91.260918,
							31.864559
						],
						[
							-91.259224,
							31.86446
						],
						[
							-91.255623,
							31.86726
						],
						[
							-91.253822,
							31.867157
						],
						[
							-91.250221,
							31.869957
						],
						[
							-91.248528,
							31.869858
						],
						[
							-91.246727,
							31.871258
						],
						[
							-91.24482,
							31.872658
						],
						[
							-91.241219,
							31.875458
						],
						[
							-91.239525,
							31.875359
						],
						[
							-91.237617,
							31.876759
						],
						[
							-91.235817,
							31.878159
						],
						[
							-91.234123,
							31.878159
						],
						[
							-91.232323,
							31.879459
						],
						[
							-91.230415,
							31.880859
						],
						[
							-91.228615,
							31.882359
						],
						[
							-91.22683,
							31.883759
						],
						[
							-91.223228,
							31.886559
						],
						[
							-91.221321,
							31.887959
						],
						[
							-91.214119,
							31.893559
						],
						[
							-91.214027,
							31.895058
						],
						[
							-91.21212,
							31.896458
						],
						[
							-91.212029,
							31.897856
						],
						[
							-91.206627,
							31.902058
						],
						[
							-91.206429,
							31.905058
						],
						[
							-91.204628,
							31.90646
						],
						[
							-91.204521,
							31.90786
						],
						[
							-91.202629,
							31.90926
						],
						[
							-91.199028,
							31.91206
						],
						[
							-91.19883,
							31.915056
						],
						[
							-91.198616,
							31.917955
						],
						[
							-91.198616,
							31.919455
						],
						[
							-91.198418,
							31.920958
						],
						[
							-91.198418,
							31.922457
						],
						[
							-91.198219,
							31.925356
						],
						[
							-91.197929,
							31.929857
						],
						[
							-91.197716,
							31.932756
						],
						[
							-91.197517,
							31.935755
						],
						[
							-91.197517,
							31.937155
						],
						[
							-91.197426,
							31.938658
						],
						[
							-91.195518,
							31.940058
						],
						[
							-91.195518,
							31.941557
						],
						[
							-91.195427,
							31.943056
						],
						[
							-91.19352,
							31.944456
						],
						[
							-91.193321,
							31.947355
						],
						[
							-91.19323,
							31.948858
						],
						[
							-91.19323,
							31.950357
						],
						[
							-91.191322,
							31.951757
						],
						[
							-91.191216,
							31.953156
						],
						[
							-91.191216,
							31.954657
						],
						[
							-91.191124,
							31.956156
						],
						[
							-91.189217,
							31.957554
						],
						[
							-91.189125,
							31.958956
						],
						[
							-91.187325,
							31.960455
						],
						[
							-91.187218,
							31.961853
						],
						[
							-91.187126,
							31.963358
						],
						[
							-91.187126,
							31.964855
						],
						[
							-91.186928,
							31.966354
						],
						[
							-91.185127,
							31.967756
						],
						[
							-91.185127,
							31.969254
						],
						[
							-91.18322,
							31.970554
						],
						[
							-91.183128,
							31.972054
						],
						[
							-91.181328,
							31.973455
						],
						[
							-91.181221,
							31.974953
						],
						[
							-91.17762,
							31.977753
						],
						[
							-91.177528,
							31.979256
						],
						[
							-91.175621,
							31.980656
						],
						[
							-91.17202,
							31.983456
						],
						[
							-91.168526,
							31.983253
						],
						[
							-91.166817,
							31.983253
						],
						[
							-91.165016,
							31.983154
						],
						[
							-91.163216,
							31.984554
						],
						[
							-91.15802,
							31.984255
						],
						[
							-91.156311,
							31.984253
						],
						[
							-91.149414,
							31.983856
						],
						[
							-91.14772,
							31.983858
						],
						[
							-91.14592,
							31.983753
						],
						[
							-91.142319,
							31.986553
						],
						[
							-91.135315,
							31.986153
						],
						[
							-91.133621,
							31.986153
						],
						[
							-91.131821,
							31.987553
						],
						[
							-91.126617,
							31.987255
						],
						[
							-91.124817,
							31.987255
						],
						[
							-91.121414,
							31.987053
						],
						[
							-91.116211,
							31.986755
						],
						[
							-91.11441,
							31.986755
						],
						[
							-91.109009,
							31.990955
						],
						[
							-91.107117,
							31.992355
						],
						[
							-91.103516,
							31.995155
						],
						[
							-91.101715,
							31.996456
						],
						[
							-91.099808,
							31.997955
						],
						[
							-91.096222,
							32.000751
						],
						[
							-91.094421,
							32.002056
						],
						[
							-91.094315,
							32.003551
						],
						[
							-91.092407,
							32.004955
						],
						[
							-91.088821,
							32.007755
						],
						[
							-91.087021,
							32.009151
						],
						[
							-91.086914,
							32.010654
						],
						[
							-91.085022,
							32.012051
						],
						[
							-91.083221,
							32.013454
						],
						[
							-91.083008,
							32.016453
						],
						[
							-91.081207,
							32.01775
						],
						[
							-91.081116,
							32.019253
						],
						[
							-91.079315,
							32.020649
						],
						[
							-91.079208,
							32.022152
						],
						[
							-91.077316,
							32.023556
						],
						[
							-91.075516,
							32.024952
						],
						[
							-91.075211,
							32.029354
						],
						[
							-91.075119,
							32.030849
						],
						[
							-91.075119,
							32.032352
						],
						[
							-91.073212,
							32.033649
						],
						[
							-91.071411,
							32.035053
						],
						[
							-91.069611,
							32.036556
						],
						[
							-91.067719,
							32.037853
						],
						[
							-91.06752,
							32.040852
						],
						[
							-91.06572,
							32.042255
						],
						[
							-91.065613,
							32.043751
						],
						[
							-91.062012,
							32.046547
						],
						[
							-91.061813,
							32.04945
						],
						[
							-91.061722,
							32.050953
						],
						[
							-91.061508,
							32.053848
						],
						[
							-91.061417,
							32.055355
						],
						[
							-91.059616,
							32.056751
						],
						[
							-91.059509,
							32.05825
						],
						[
							-91.057617,
							32.05965
						],
						[
							-91.057617,
							32.061153
						],
						[
							-91.05571,
							32.062546
						],
						[
							-91.057419,
							32.064049
						],
						[
							-91.057312,
							32.065556
						],
						[
							-91.058914,
							32.06715
						],
						[
							-91.060608,
							32.068752
						],
						[
							-91.063812,
							32.071747
						],
						[
							-91.063721,
							32.07325
						],
						[
							-91.065414,
							32.074856
						],
						[
							-91.067017,
							32.076347
						],
						[
							-91.070312,
							32.079453
						],
						[
							-91.071915,
							32.081047
						],
						[
							-91.073608,
							32.082649
						],
						[
							-91.07692,
							32.085747
						],
						[
							-91.078522,
							32.087349
						],
						[
							-91.080109,
							32.088852
						],
						[
							-91.081818,
							32.090347
						],
						[
							-91.08342,
							32.091949
						],
						[
							-91.085114,
							32.093552
						],
						[
							-91.086716,
							32.095047
						],
						[
							-91.088318,
							32.096649
						],
						[
							-91.088318,
							32.098152
						],
						[
							-91.08992,
							32.099648
						],
						[
							-91.091507,
							32.10125
						],
						[
							-91.093216,
							32.102745
						],
						[
							-91.094818,
							32.104347
						],
						[
							-91.096512,
							32.105949
						],
						[
							-91.099808,
							32.109047
						],
						[
							-91.099716,
							32.110451
						],
						[
							-91.101318,
							32.112045
						],
						[
							-91.104614,
							32.11515
						],
						[
							-91.106216,
							32.116745
						],
						[
							-91.10791,
							32.118248
						],
						[
							-91.109512,
							32.11985
						],
						[
							-91.109314,
							32.122849
						],
						[
							-91.111008,
							32.124352
						],
						[
							-91.110916,
							32.125847
						],
						[
							-91.110611,
							32.130249
						],
						[
							-91.110321,
							32.13475
						],
						[
							-91.110107,
							32.13765
						],
						[
							-91.109619,
							32.14505
						],
						[
							-91.109619,
							32.146545
						],
						[
							-91.107712,
							32.14785
						],
						[
							-91.104111,
							32.15065
						],
						[
							-91.102219,
							32.152046
						],
						[
							-91.100418,
							32.15345
						],
						[
							-91.098709,
							32.15345
						],
						[
							-91.095215,
							32.153252
						],
						[
							-91.093613,
							32.151649
						],
						[
							-91.091812,
							32.151649
						],
						[
							-91.09021,
							32.150047
						],
						[
							-91.088516,
							32.148552
						],
						[
							-91.086914,
							32.14695
						],
						[
							-91.08522,
							32.145348
						],
						[
							-91.083618,
							32.143852
						],
						[
							-91.081909,
							32.143745
						],
						[
							-91.080215,
							32.14225
						],
						[
							-91.078522,
							32.142151
						],
						[
							-91.07692,
							32.140549
						],
						[
							-91.073608,
							32.137451
						],
						[
							-91.070312,
							32.134346
						],
						[
							-91.068619,
							32.134247
						],
						[
							-91.06691,
							32.132652
						],
						[
							-91.065216,
							32.132652
						],
						[
							-91.063507,
							32.13105
						],
						[
							-91.06192,
							32.129448
						],
						[
							-91.06012,
							32.129349
						],
						[
							-91.056915,
							32.12635
						],
						[
							-91.055222,
							32.124748
						],
						[
							-91.053619,
							32.123146
						],
						[
							-91.051819,
							32.123047
						],
						[
							-91.05011,
							32.123047
						],
						[
							-91.044922,
							32.122749
						],
						[
							-91.043213,
							32.122749
						],
						[
							-91.03801,
							32.122452
						],
						[
							-91.036118,
							32.123848
						],
						[
							-91.034409,
							32.123749
						],
						[
							-91.032608,
							32.123749
						],
						[
							-91.030807,
							32.125046
						],
						[
							-91.029114,
							32.125046
						],
						[
							-91.027222,
							32.12645
						],
						[
							-91.025513,
							32.12635
						],
						[
							-91.023712,
							32.127647
						],
						[
							-91.022018,
							32.127647
						],
						[
							-91.020111,
							32.129051
						],
						[
							-91.018311,
							32.130348
						],
						[
							-91.01651,
							32.131851
						],
						[
							-91.014618,
							32.133247
						],
						[
							-91.011017,
							32.136047
						],
						[
							-91.009109,
							32.137451
						],
						[
							-91.009018,
							32.138847
						],
						[
							-91.009018,
							32.14035
						],
						[
							-91.007111,
							32.141747
						],
						[
							-91.007019,
							32.14325
						],
						[
							-91.005219,
							32.144646
						],
						[
							-91.004913,
							32.149048
						],
						[
							-91.004822,
							32.150551
						],
						[
							-91.004608,
							32.15345
						],
						[
							-91.004211,
							32.159447
						],
						[
							-91.00412,
							32.16095
						],
						[
							-91.002319,
							32.162346
						],
						[
							-91.002213,
							32.16375
						],
						[
							-91.000412,
							32.165146
						],
						[
							-91.00032,
							32.166649
						],
						[
							-91.000107,
							32.169548
						],
						[
							-91.000015,
							32.171051
						],
						[
							-90.99971,
							32.175446
						],
						[
							-90.99942,
							32.179947
						],
						[
							-90.999313,
							32.181351
						],
						[
							-90.999222,
							32.182945
						],
						[
							-90.999008,
							32.185852
						],
						[
							-90.997208,
							32.187248
						],
						[
							-90.997116,
							32.188751
						],
						[
							-90.997009,
							32.190144
						],
						[
							-90.996719,
							32.194645
						],
						[
							-90.996307,
							32.200542
						],
						[
							-90.996216,
							32.202049
						],
						[
							-90.994415,
							32.203442
						],
						[
							-90.99411,
							32.207844
						],
						[
							-90.99231,
							32.209248
						],
						[
							-90.992111,
							32.212147
						],
						[
							-90.990311,
							32.213642
						],
						[
							-90.988419,
							32.215046
						],
						[
							-90.988312,
							32.216442
						],
						[
							-90.98822,
							32.217945
						],
						[
							-90.988022,
							32.220844
						],
						[
							-90.988022,
							32.222347
						],
						[
							-90.987808,
							32.223843
						],
						[
							-90.987808,
							32.225346
						],
						[
							-90.98761,
							32.226742
						],
						[
							-90.98761,
							32.228245
						],
						[
							-90.98732,
							32.232746
						],
						[
							-90.987213,
							32.234142
						],
						[
							-90.987015,
							32.237148
						],
						[
							-90.985214,
							32.238544
						],
						[
							-90.985107,
							32.240047
						],
						[
							-90.983215,
							32.241444
						],
						[
							-90.983109,
							32.242847
						],
						[
							-90.981308,
							32.244244
						],
						[
							-90.981216,
							32.245747
						],
						[
							-90.979416,
							32.247143
						],
						[
							-90.977509,
							32.248547
						],
						[
							-90.973907,
							32.251347
						],
						[
							-90.972015,
							32.252743
						],
						[
							-90.971817,
							32.255749
						],
						[
							-90.97171,
							32.257145
						],
						[
							-90.971619,
							32.258648
						],
						[
							-90.969818,
							32.260044
						],
						[
							-90.969711,
							32.261547
						],
						[
							-90.967911,
							32.262943
						],
						[
							-90.967819,
							32.264446
						],
						[
							-90.965912,
							32.265842
						],
						[
							-90.962311,
							32.268642
						],
						[
							-90.962219,
							32.270046
						],
						[
							-90.960312,
							32.271442
						],
						[
							-90.96022,
							32.272945
						],
						[
							-90.954819,
							32.277138
						],
						[
							-90.95462,
							32.278645
						],
						[
							-90.95282,
							32.279942
						],
						[
							-90.952713,
							32.28154
						],
						[
							-90.94902,
							32.284241
						],
						[
							-90.948914,
							32.285748
						],
						[
							-90.947113,
							32.287144
						],
						[
							-90.947021,
							32.288548
						],
						[
							-90.945221,
							32.289944
						],
						[
							-90.943314,
							32.291447
						],
						[
							-90.941513,
							32.29274
						],
						[
							-90.939819,
							32.292744
						],
						[
							-90.937912,
							32.294147
						],
						[
							-90.936111,
							32.295544
						],
						[
							-90.934219,
							32.296947
						],
						[
							-90.932419,
							32.298244
						],
						[
							-90.930618,
							32.299744
						],
						[
							-90.928711,
							32.301041
						],
						[
							-90.92691,
							32.302444
						],
						[
							-90.92511,
							32.302444
						],
						[
							-90.921509,
							32.305248
						],
						[
							-90.919708,
							32.306541
						],
						[
							-90.919418,
							32.311043
						],
						[
							-90.917511,
							32.312439
						],
						[
							-90.91571,
							32.313843
						],
						[
							-90.915619,
							32.315338
						],
						[
							-90.913818,
							32.316742
						],
						[
							-90.911911,
							32.318039
						],
						[
							-90.911819,
							32.319542
						],
						[
							-90.911407,
							32.325439
						],
						[
							-90.909607,
							32.326843
						],
						[
							-90.909317,
							32.331345
						],
						[
							-90.90921,
							32.332741
						],
						[
							-90.90892,
							32.337242
						],
						[
							-90.908813,
							32.338638
						],
						[
							-90.908722,
							32.340141
						],
						[
							-90.912216,
							32.34034
						],
						[
							-90.913818,
							32.341942
						],
						[
							-90.915512,
							32.343445
						],
						[
							-90.917221,
							32.343544
						],
						[
							-90.918915,
							32.345039
						],
						[
							-90.922119,
							32.348244
						],
						[
							-90.923813,
							32.349739
						],
						[
							-90.927307,
							32.349937
						],
						[
							-90.929016,
							32.350044
						],
						[
							-90.93071,
							32.350044
						],
						[
							-90.93251,
							32.350243
						],
						[
							-90.934219,
							32.350243
						],
						[
							-90.937714,
							32.350441
						],
						[
							-90.939514,
							32.350441
						],
						[
							-90.941208,
							32.350639
						],
						[
							-90.942917,
							32.350639
						],
						[
							-90.948212,
							32.350945
						],
						[
							-90.949814,
							32.35244
						],
						[
							-90.951614,
							32.351044
						],
						[
							-90.958618,
							32.35144
						],
						[
							-90.960312,
							32.35144
						],
						[
							-90.962112,
							32.351639
						],
						[
							-90.963821,
							32.351639
						],
						[
							-90.965622,
							32.351738
						],
						[
							-90.967209,
							32.353241
						],
						[
							-90.974213,
							32.353638
						],
						[
							-90.975815,
							32.35524
						],
						[
							-90.977509,
							32.35524
						],
						[
							-90.979309,
							32.355339
						],
						[
							-90.980911,
							32.356941
						],
						[
							-90.982712,
							32.35704
						],
						[
							-90.984421,
							32.35704
						],
						[
							-90.986313,
							32.355644
						],
						[
							-90.988022,
							32.355743
						],
						[
							-90.989609,
							32.357338
						],
						[
							-90.991409,
							32.357338
						],
						[
							-90.993118,
							32.357445
						],
						[
							-91.000107,
							32.357841
						],
						[
							-91.001709,
							32.359344
						],
						[
							-91.00351,
							32.359444
						],
						[
							-91.005112,
							32.361038
						],
						[
							-91.006821,
							32.362541
						],
						[
							-91.008408,
							32.364143
						],
						[
							-91.008316,
							32.36554
						],
						[
							-91.01001,
							32.367142
						],
						[
							-91.009811,
							32.37014
						],
						[
							-91.007919,
							32.371544
						],
						[
							-91.007812,
							32.373039
						],
						[
							-91.006012,
							32.374443
						],
						[
							-91.005722,
							32.378838
						],
						[
							-91.003922,
							32.380241
						],
						[
							-91.003815,
							32.381638
						],
						[
							-91.002014,
							32.383141
						],
						[
							-91.001907,
							32.384544
						],
						[
							-91.000015,
							32.385941
						],
						[
							-90.999908,
							32.38744
						],
						[
							-90.998108,
							32.38884
						],
						[
							-90.998016,
							32.390343
						],
						[
							-90.996109,
							32.391739
						],
						[
							-90.996109,
							32.393242
						],
						[
							-90.995911,
							32.394638
						],
						[
							-90.99411,
							32.396038
						],
						[
							-90.99382,
							32.400543
						],
						[
							-90.993713,
							32.401939
						],
						[
							-90.991913,
							32.403439
						],
						[
							-90.991714,
							32.406342
						],
						[
							-90.993408,
							32.407841
						],
						[
							-90.99321,
							32.409439
						],
						[
							-90.99321,
							32.410839
						],
						[
							-90.993118,
							32.412334
						],
						[
							-90.99472,
							32.413937
						],
						[
							-90.994507,
							32.416836
						],
						[
							-90.996216,
							32.418438
						],
						[
							-90.996109,
							32.419941
						],
						[
							-90.99942,
							32.423038
						],
						[
							-90.999313,
							32.424435
						],
						[
							-91.001007,
							32.424534
						],
						[
							-91.002609,
							32.426136
						],
						[
							-91.004318,
							32.427639
						],
						[
							-91.00592,
							32.429234
						],
						[
							-91.009216,
							32.432339
						],
						[
							-91.011108,
							32.430935
						],
						[
							-91.012711,
							32.432537
						],
						[
							-91.01442,
							32.43404
						],
						[
							-91.016113,
							32.434139
						],
						[
							-91.017807,
							32.435734
						],
						[
							-91.019516,
							32.435841
						],
						[
							-91.02121,
							32.437336
						],
						[
							-91.024719,
							32.437534
						],
						[
							-91.026413,
							32.437641
						],
						[
							-91.028015,
							32.439137
						],
						[
							-91.03331,
							32.439434
						],
						[
							-91.035019,
							32.439434
						],
						[
							-91.038513,
							32.43964
						],
						[
							-91.040115,
							32.441235
						],
						[
							-91.041916,
							32.441334
						],
						[
							-91.04361,
							32.441334
						],
						[
							-91.047119,
							32.44154
						],
						[
							-91.048813,
							32.443035
						],
						[
							-91.050522,
							32.443241
						],
						[
							-91.052109,
							32.444736
						],
						[
							-91.053909,
							32.444836
						],
						[
							-91.055618,
							32.444836
						],
						[
							-91.057312,
							32.446438
						],
						[
							-91.060822,
							32.446636
						],
						[
							-91.062408,
							32.448139
						],
						[
							-91.064209,
							32.448338
						],
						[
							-91.065811,
							32.449841
						],
						[
							-91.06752,
							32.44994
						],
						[
							-91.069214,
							32.451435
						],
						[
							-91.070908,
							32.451534
						],
						[
							-91.072617,
							32.453136
						],
						[
							-91.07431,
							32.453136
						],
						[
							-91.076019,
							32.454739
						],
						[
							-91.077713,
							32.454838
						],
						[
							-91.079514,
							32.454838
						],
						[
							-91.081116,
							32.45644
						],
						[
							-91.082809,
							32.456539
						],
						[
							-91.084518,
							32.458035
						],
						[
							-91.086212,
							32.459637
						],
						[
							-91.087921,
							32.459736
						],
						[
							-91.089615,
							32.461239
						],
						[
							-91.091217,
							32.462841
						],
						[
							-91.092911,
							32.462841
						],
						[
							-91.09462,
							32.464436
						],
						[
							-91.096222,
							32.466038
						],
						[
							-91.097916,
							32.46764
						],
						[
							-91.099518,
							32.469135
						],
						[
							-91.101318,
							32.469234
						],
						[
							-91.104614,
							32.47234
						],
						[
							-91.106216,
							32.473934
						],
						[
							-91.10791,
							32.475433
						],
						[
							-91.109619,
							32.475536
						],
						[
							-91.111313,
							32.477139
						],
						[
							-91.114609,
							32.480232
						],
						[
							-91.114517,
							32.481735
						],
						[
							-91.116119,
							32.483234
						],
						[
							-91.115921,
							32.48624
						],
						[
							-91.117615,
							32.487732
						],
						[
							-91.115814,
							32.489136
						],
						[
							-91.115616,
							32.492134
						],
						[
							-91.115509,
							32.49353
						],
						[
							-91.115417,
							32.495037
						],
						[
							-91.11351,
							32.496441
						],
						[
							-91.11351,
							32.497936
						],
						[
							-91.113312,
							32.500832
						],
						[
							-91.11322,
							32.502335
						],
						[
							-91.111313,
							32.50383
						],
						[
							-91.111008,
							32.508232
						],
						[
							-91.109207,
							32.509636
						],
						[
							-91.109116,
							32.511036
						],
						[
							-91.107315,
							32.512535
						],
						[
							-91.107208,
							32.513931
						],
						[
							-91.105408,
							32.515434
						],
						[
							-91.103516,
							32.51683
						],
						[
							-91.101715,
							32.518135
						],
						[
							-91.101608,
							32.51963
						],
						[
							-91.099716,
							32.521034
						],
						[
							-91.099609,
							32.522537
						],
						[
							-91.097809,
							32.523933
						],
						[
							-91.097717,
							32.525436
						],
						[
							-91.09761,
							32.526833
						],
						[
							-91.09581,
							32.528336
						],
						[
							-91.095413,
							32.534134
						],
						[
							-91.095322,
							32.535637
						],
						[
							-91.096909,
							32.537231
						],
						[
							-91.095108,
							32.538635
						],
						[
							-91.095016,
							32.540131
						],
						[
							-91.09671,
							32.541733
						],
						[
							-91.096512,
							32.544632
						],
						[
							-91.09642,
							32.546135
						],
						[
							-91.096008,
							32.552032
						],
						[
							-91.097717,
							32.553535
						],
						[
							-91.097412,
							32.558037
						],
						[
							-91.099014,
							32.559631
						],
						[
							-91.100708,
							32.561134
						],
						[
							-91.100616,
							32.562637
						],
						[
							-91.102219,
							32.564133
						],
						[
							-91.103912,
							32.565735
						],
						[
							-91.103821,
							32.56723
						],
						[
							-91.105408,
							32.568733
						],
						[
							-91.105408,
							32.570236
						],
						[
							-91.10701,
							32.571831
						],
						[
							-91.108719,
							32.573334
						],
						[
							-91.108612,
							32.574837
						],
						[
							-91.110214,
							32.576328
						],
						[
							-91.110107,
							32.577835
						],
						[
							-91.111816,
							32.579437
						],
						[
							-91.11171,
							32.580833
						],
						[
							-91.113312,
							32.582436
						],
						[
							-91.115021,
							32.58403
						],
						[
							-91.114914,
							32.585529
						],
						[
							-91.11821,
							32.588631
						],
						[
							-91.119919,
							32.590134
						],
						[
							-91.119812,
							32.591637
						],
						[
							-91.121414,
							32.593227
						],
						[
							-91.121307,
							32.594635
						],
						[
							-91.123016,
							32.596237
						],
						[
							-91.12471,
							32.596336
						],
						[
							-91.126419,
							32.597828
						],
						[
							-91.128021,
							32.59943
						],
						[
							-91.129822,
							32.599533
						],
						[
							-91.131409,
							32.601131
						],
						[
							-91.131317,
							32.602528
						],
						[
							-91.134811,
							32.60273
						],
						[
							-91.134918,
							32.601231
						],
						[
							-91.136719,
							32.599831
						],
						[
							-91.138519,
							32.599926
						],
						[
							-91.141815,
							32.603031
						],
						[
							-91.141708,
							32.604527
						],
						[
							-91.143417,
							32.60603
						],
						[
							-91.143311,
							32.607533
						],
						[
							-91.144913,
							32.609127
						],
						[
							-91.144821,
							32.610531
						],
						[
							-91.146515,
							32.612137
						],
						[
							-91.146317,
							32.615131
						],
						[
							-91.14801,
							32.616627
						],
						[
							-91.14772,
							32.621128
						],
						[
							-91.147614,
							32.622532
						],
						[
							-91.147415,
							32.625534
						],
						[
							-91.145508,
							32.626926
						],
						[
							-91.147308,
							32.627033
						],
						[
							-91.152222,
							32.631626
						],
						[
							-91.155609,
							32.63483
						],
						[
							-91.155518,
							32.636333
						],
						[
							-91.152176,
							32.641689
						],
						[
							-91.150925,
							32.644764
						],
						[
							-91.15097,
							32.64983
						],
						[
							-91.149193,
							32.658539
						],
						[
							-91.148979,
							32.661953
						],
						[
							-91.148293,
							32.664455
						],
						[
							-91.146606,
							32.665874
						],
						[
							-91.144318,
							32.668308
						],
						[
							-91.141022,
							32.669804
						],
						[
							-91.136993,
							32.67157
						],
						[
							-91.132637,
							32.672871
						],
						[
							-91.128189,
							32.672829
						],
						[
							-91.125099,
							32.673885
						],
						[
							-91.122383,
							32.674515
						],
						[
							-91.120331,
							32.676064
						],
						[
							-91.118034,
							32.678646
						],
						[
							-91.116013,
							32.678928
						],
						[
							-91.11412,
							32.680332
						],
						[
							-91.112411,
							32.680233
						],
						[
							-91.110611,
							32.680233
						],
						[
							-91.10881,
							32.681629
						],
						[
							-91.10701,
							32.68153
						],
						[
							-91.105209,
							32.682926
						],
						[
							-91.101715,
							32.682728
						],
						[
							-91.099808,
							32.684132
						],
						[
							-91.098007,
							32.685528
						],
						[
							-91.096313,
							32.685528
						],
						[
							-91.094513,
							32.685429
						],
						[
							-91.092712,
							32.686832
						],
						[
							-91.09082,
							32.688229
						],
						[
							-91.089111,
							32.688129
						],
						[
							-91.087219,
							32.689529
						],
						[
							-91.085419,
							32.690929
						],
						[
							-91.083618,
							32.69083
						],
						[
							-91.083511,
							32.692333
						],
						[
							-91.07991,
							32.695133
						],
						[
							-91.078018,
							32.696526
						],
						[
							-91.07782,
							32.699429
						],
						[
							-91.076019,
							32.700829
						],
						[
							-91.075821,
							32.703831
						],
						[
							-91.075607,
							32.70673
						],
						[
							-91.073715,
							32.708126
						],
						[
							-91.073715,
							32.709625
						],
						[
							-91.071808,
							32.711033
						],
						[
							-91.070007,
							32.712528
						],
						[
							-91.068115,
							32.713833
						],
						[
							-91.066422,
							32.713833
						],
						[
							-91.066315,
							32.715229
						],
						[
							-91.064407,
							32.716728
						],
						[
							-91.064316,
							32.718124
						],
						[
							-91.06601,
							32.71973
						],
						[
							-91.065918,
							32.721123
						],
						[
							-91.067612,
							32.72123
						],
						[
							-91.069321,
							32.722729
						],
						[
							-91.071014,
							32.722923
						],
						[
							-91.072815,
							32.722923
						],
						[
							-91.076309,
							32.723133
						],
						[
							-91.079819,
							32.723328
						],
						[
							-91.081512,
							32.724823
						],
						[
							-91.083115,
							32.726425
						],
						[
							-91.084808,
							32.727928
						],
						[
							-91.086411,
							32.729523
						],
						[
							-91.088211,
							32.72963
						],
						[
							-91.089813,
							32.731224
						],
						[
							-91.091614,
							32.731224
						],
						[
							-91.093216,
							32.732826
						],
						[
							-91.095016,
							32.732929
						],
						[
							-91.09671,
							32.732925
						],
						[
							-91.10202,
							32.733227
						],
						[
							-91.103821,
							32.731827
						],
						[
							-91.105621,
							32.731926
						],
						[
							-91.107315,
							32.731926
						],
						[
							-91.110809,
							32.732124
						],
						[
							-91.112717,
							32.730732
						],
						[
							-91.11441,
							32.730827
						],
						[
							-91.116211,
							32.730827
						],
						[
							-91.11792,
							32.73103
						],
						[
							-91.11972,
							32.731026
						],
						[
							-91.124908,
							32.731323
						],
						[
							-91.126709,
							32.731323
						],
						[
							-91.131912,
							32.731632
						],
						[
							-91.133713,
							32.731731
						],
						[
							-91.135422,
							32.731728
						],
						[
							-91.138916,
							32.731926
						],
						[
							-91.14061,
							32.731926
						],
						[
							-91.14241,
							32.732128
						],
						[
							-91.144119,
							32.733627
						],
						[
							-91.145813,
							32.733727
						],
						[
							-91.14772,
							32.732323
						],
						[
							-91.149307,
							32.733929
						],
						[
							-91.151108,
							32.733925
						],
						[
							-91.15271,
							32.735527
						],
						[
							-91.15451,
							32.735626
						],
						[
							-91.157822,
							32.738724
						],
						[
							-91.159515,
							32.738823
						],
						[
							-91.161209,
							32.740326
						],
						[
							-91.162811,
							32.741928
						],
						[
							-91.164612,
							32.742027
						],
						[
							-91.166214,
							32.743523
						],
						[
							-91.167908,
							32.745125
						],
						[
							-91.167816,
							32.746529
						],
						[
							-91.171112,
							32.749626
						],
						[
							-91.171021,
							32.751228
						],
						[
							-91.172714,
							32.752724
						],
						[
							-91.172607,
							32.754128
						],
						[
							-91.172516,
							32.75573
						],
						[
							-91.172409,
							32.757126
						],
						[
							-91.172012,
							32.763123
						],
						[
							-91.171921,
							32.764626
						],
						[
							-91.171921,
							32.766029
						],
						[
							-91.171707,
							32.768929
						],
						[
							-91.171417,
							32.773422
						],
						[
							-91.173019,
							32.774925
						],
						[
							-91.173019,
							32.776428
						],
						[
							-91.172821,
							32.779427
						],
						[
							-91.172607,
							32.782425
						],
						[
							-91.170807,
							32.783829
						],
						[
							-91.170609,
							32.785225
						],
						[
							-91.170609,
							32.786728
						],
						[
							-91.168716,
							32.788124
						],
						[
							-91.168518,
							32.791122
						],
						[
							-91.168213,
							32.795525
						],
						[
							-91.168121,
							32.797028
						],
						[
							-91.166321,
							32.798424
						],
						[
							-91.168015,
							32.799927
						],
						[
							-91.167709,
							32.804428
						],
						[
							-91.165817,
							32.805824
						],
						[
							-91.16571,
							32.807327
						],
						[
							-91.167419,
							32.808823
						],
						[
							-91.167114,
							32.813324
						],
						[
							-91.167007,
							32.814724
						],
						[
							-91.165207,
							32.816124
						],
						[
							-91.165115,
							32.817623
						],
						[
							-91.163208,
							32.819023
						],
						[
							-91.163208,
							32.820526
						],
						[
							-91.16301,
							32.822029
						],
						[
							-91.161209,
							32.823425
						],
						[
							-91.161011,
							32.826424
						],
						[
							-91.15921,
							32.827724
						],
						[
							-91.159119,
							32.82922
						],
						[
							-91.157318,
							32.830624
						],
						[
							-91.155518,
							32.830624
						],
						[
							-91.15361,
							32.832024
						],
						[
							-91.15181,
							32.833427
						],
						[
							-91.151718,
							32.834824
						],
						[
							-91.149918,
							32.836227
						],
						[
							-91.14801,
							32.83762
						],
						[
							-91.147919,
							32.839127
						],
						[
							-91.146118,
							32.840519
						],
						[
							-91.144211,
							32.841923
						],
						[
							-91.14241,
							32.843323
						],
						[
							-91.14061,
							32.843224
						],
						[
							-91.138809,
							32.844627
						],
						[
							-91.138718,
							32.846119
						],
						[
							-91.13681,
							32.847523
						],
						[
							-91.133209,
							32.850323
						],
						[
							-91.131317,
							32.851723
						],
						[
							-91.131119,
							32.854725
						],
						[
							-91.129318,
							32.856121
						],
						[
							-91.127411,
							32.857525
						],
						[
							-91.12561,
							32.858925
						],
						[
							-91.123718,
							32.860226
						],
						[
							-91.122009,
							32.860226
						],
						[
							-91.120117,
							32.861622
						],
						[
							-91.118317,
							32.863026
						],
						[
							-91.116516,
							32.862919
						],
						[
							-91.116409,
							32.864422
						],
						[
							-91.112808,
							32.867222
						],
						[
							-91.110916,
							32.868626
						],
						[
							-91.109009,
							32.870022
						],
						[
							-91.108917,
							32.871525
						],
						[
							-91.107117,
							32.872921
						],
						[
							-91.103409,
							32.875622
						],
						[
							-91.101608,
							32.877125
						],
						[
							-91.099716,
							32.878521
						],
						[
							-91.097916,
							32.879925
						],
						[
							-91.096008,
							32.881321
						],
						[
							-91.094315,
							32.881222
						],
						[
							-91.092407,
							32.882626
						],
						[
							-91.090622,
							32.884022
						],
						[
							-91.090515,
							32.885426
						],
						[
							-91.088608,
							32.886822
						],
						[
							-91.086807,
							32.888325
						],
						[
							-91.084915,
							32.889622
						],
						[
							-91.086609,
							32.891224
						],
						[
							-91.084717,
							32.89262
						],
						[
							-91.084717,
							32.894123
						],
						[
							-91.084412,
							32.898525
						],
						[
							-91.086014,
							32.90012
						],
						[
							-91.087708,
							32.901722
						],
						[
							-91.087616,
							32.903126
						],
						[
							-91.089218,
							32.90472
						],
						[
							-91.089218,
							32.906223
						],
						[
							-91.089111,
							32.907619
						],
						[
							-91.088913,
							32.910625
						],
						[
							-91.090515,
							32.912121
						],
						[
							-91.090408,
							32.913624
						],
						[
							-91.090317,
							32.915218
						],
						[
							-91.090118,
							32.918125
						],
						[
							-91.091812,
							32.919621
						],
						[
							-91.091721,
							32.921124
						],
						[
							-91.091507,
							32.924122
						],
						[
							-91.091415,
							32.925625
						],
						[
							-91.091309,
							32.927021
						],
						[
							-91.09111,
							32.930019
						],
						[
							-91.09111,
							32.931522
						],
						[
							-91.090912,
							32.934422
						],
						[
							-91.092514,
							32.936024
						],
						[
							-91.092407,
							32.937519
						],
						[
							-91.094116,
							32.939022
						],
						[
							-91.09761,
							32.93922
						],
						[
							-91.099411,
							32.937824
						],
						[
							-91.10112,
							32.93932
						],
						[
							-91.102814,
							32.940922
						],
						[
							-91.104416,
							32.942524
						],
						[
							-91.10611,
							32.944019
						],
						[
							-91.107819,
							32.944118
						],
						[
							-91.109512,
							32.945721
						],
						[
							-91.111313,
							32.945721
						],
						[
							-91.112915,
							32.947323
						],
						[
							-91.114716,
							32.947422
						],
						[
							-91.116318,
							32.949024
						],
						[
							-91.11821,
							32.94762
						],
						[
							-91.119919,
							32.94762
						],
						[
							-91.121719,
							32.94772
						],
						[
							-91.123322,
							32.949219
						],
						[
							-91.125107,
							32.949421
						],
						[
							-91.126907,
							32.949421
						],
						[
							-91.132111,
							32.949718
						],
						[
							-91.133911,
							32.949718
						],
						[
							-91.13562,
							32.949825
						],
						[
							-91.142609,
							32.950222
						],
						[
							-91.144318,
							32.951725
						],
						[
							-91.146118,
							32.951824
						],
						[
							-91.14772,
							32.953419
						],
						[
							-91.149521,
							32.953419
						],
						[
							-91.153015,
							32.953621
						],
						[
							-91.154709,
							32.953621
						],
						[
							-91.161407,
							32.959915
						],
						[
							-91.16301,
							32.961517
						],
						[
							-91.164719,
							32.963024
						],
						[
							-91.166412,
							32.964619
						],
						[
							-91.166214,
							32.967522
						],
						[
							-91.167908,
							32.969116
						],
						[
							-91.167709,
							32.970524
						],
						[
							-91.167709,
							32.972015
						],
						[
							-91.167618,
							32.973518
						],
						[
							-91.16571,
							32.974918
						],
						[
							-91.164017,
							32.974815
						],
						[
							-91.163818,
							32.977821
						],
						[
							-91.163513,
							32.982216
						],
						[
							-91.165207,
							32.983818
						],
						[
							-91.165009,
							32.985321
						],
						[
							-91.165009,
							32.986721
						],
						[
							-91.166718,
							32.98682
						],
						[
							-91.168411,
							32.988419
						],
						[
							-91.16832,
							32.989925
						],
						[
							-91.169922,
							32.991417
						],
						[
							-91.169922,
							32.99292
						],
						[
							-91.171509,
							32.994415
						],
						[
							-91.171417,
							32.996017
						],
						[
							-91.17131,
							32.997425
						],
						[
							-91.173111,
							32.99752
						],
						[
							-91.17482,
							32.999016
						],
						[
							-91.174622,
							33.000618
						],
						[
							-91.174622,
							33.002121
						],
						[
							-91.176208,
							33.003616
						],
						[
							-91.176117,
							33.005119
						],
						[
							-91.17601,
							33.006516
						],
						[
							-91.17601,
							33.008018
						],
						[
							-91.17572,
							33.01252
						],
						[
							-91.175613,
							33.013916
						],
						[
							-91.175522,
							33.015419
						],
						[
							-91.173615,
							33.016815
						],
						[
							-91.175308,
							33.018417
						],
						[
							-91.17511,
							33.021317
						],
						[
							-91.17482,
							33.025818
						],
						[
							-91.17482,
							33.027321
						],
						[
							-91.174622,
							33.028717
						],
						[
							-91.172821,
							33.030121
						],
						[
							-91.172607,
							33.033119
						],
						[
							-91.172516,
							33.034615
						],
						[
							-91.172211,
							33.039017
						],
						[
							-91.172119,
							33.04052
						],
						[
							-91.172119,
							33.042015
						],
						[
							-91.171921,
							33.043518
						],
						[
							-91.171921,
							33.044922
						],
						[
							-91.173508,
							33.046516
						],
						[
							-91.173309,
							33.049416
						],
						[
							-91.173218,
							33.051018
						],
						[
							-91.171417,
							33.052315
						],
						[
							-91.171021,
							33.05822
						],
						[
							-91.170807,
							33.061218
						],
						[
							-91.170807,
							33.062721
						],
						[
							-91.170609,
							33.064217
						],
						[
							-91.170609,
							33.06562
						],
						[
							-91.17041,
							33.067116
						],
						[
							-91.172119,
							33.068718
						],
						[
							-91.172012,
							33.070221
						],
						[
							-91.173721,
							33.071716
						],
						[
							-91.175308,
							33.073318
						],
						[
							-91.175308,
							33.074821
						],
						[
							-91.178619,
							33.077919
						],
						[
							-91.178513,
							33.079422
						],
						[
							-91.180222,
							33.080917
						],
						[
							-91.17981,
							33.086815
						],
						[
							-91.179718,
							33.088318
						],
						[
							-91.181412,
							33.08992
						],
						[
							-91.18132,
							33.091415
						],
						[
							-91.184616,
							33.094521
						],
						[
							-91.18631,
							33.096016
						],
						[
							-91.186218,
							33.097519
						],
						[
							-91.184311,
							33.099022
						],
						[
							-91.18251,
							33.100319
						],
						[
							-91.178909,
							33.100121
						],
						[
							-91.177216,
							33.100121
						],
						[
							-91.175308,
							33.101513
						],
						[
							-91.173508,
							33.102921
						],
						[
							-91.173309,
							33.105919
						],
						[
							-91.171417,
							33.107216
						],
						[
							-91.169617,
							33.10862
						],
						[
							-91.16951,
							33.110115
						],
						[
							-91.167709,
							33.111515
						],
						[
							-91.167511,
							33.114517
						],
						[
							-91.165619,
							33.115921
						],
						[
							-91.163818,
							33.117313
						],
						[
							-91.163712,
							33.118816
						],
						[
							-91.161819,
							33.120216
						],
						[
							-91.16011,
							33.120117
						],
						[
							-91.158417,
							33.118511
						],
						[
							-91.156616,
							33.118416
						],
						[
							-91.154907,
							33.118412
						],
						[
							-91.153122,
							33.118317
						],
						[
							-91.151321,
							33.11972
						],
						[
							-91.151108,
							33.122719
						],
						[
							-91.150711,
							33.128613
						],
						[
							-91.15062,
							33.130116
						],
						[
							-91.150208,
							33.136017
						],
						[
							-91.148407,
							33.137421
						],
						[
							-91.146515,
							33.138813
						],
						[
							-91.144714,
							33.140217
						],
						[
							-91.142807,
							33.141617
						],
						[
							-91.141022,
							33.143021
						],
						[
							-91.137207,
							33.145817
						],
						[
							-91.135422,
							33.147217
						],
						[
							-91.133514,
							33.148617
						],
						[
							-91.131714,
							33.150017
						],
						[
							-91.129822,
							33.151421
						],
						[
							-91.124619,
							33.151112
						],
						[
							-91.122818,
							33.151115
						],
						[
							-91.119308,
							33.150913
						],
						[
							-91.117416,
							33.152317
						],
						[
							-91.115707,
							33.152218
						],
						[
							-91.113907,
							33.152222
						],
						[
							-91.110413,
							33.152012
						],
						[
							-91.108521,
							33.153416
						],
						[
							-91.10672,
							33.154812
						],
						[
							-91.104813,
							33.156219
						],
						[
							-91.103012,
							33.157616
						],
						[
							-91.104614,
							33.159218
						],
						[
							-91.102814,
							33.160618
						],
						[
							-91.102707,
							33.162018
						],
						[
							-91.102417,
							33.166515
						],
						[
							-91.104111,
							33.168015
						],
						[
							-91.102219,
							33.169415
						],
						[
							-91.101715,
							33.176918
						],
						[
							-91.101608,
							33.178318
						],
						[
							-91.101318,
							33.182713
						],
						[
							-91.101318,
							33.184315
						],
						[
							-91.10112,
							33.187214
						],
						[
							-91.102707,
							33.188816
						],
						[
							-91.102707,
							33.190212
						],
						[
							-91.102509,
							33.191715
						],
						[
							-91.102509,
							33.193218
						],
						[
							-91.102219,
							33.197613
						],
						[
							-91.101913,
							33.202114
						],
						[
							-91.103607,
							33.203617
						],
						[
							-91.103409,
							33.206615
						],
						[
							-91.105011,
							33.208111
						],
						[
							-91.104919,
							33.209614
						],
						[
							-91.104919,
							33.211117
						],
						[
							-91.106522,
							33.212711
						],
						[
							-91.106415,
							33.214214
						],
						[
							-91.108215,
							33.214214
						],
						[
							-91.109818,
							33.215816
						],
						[
							-91.109711,
							33.217312
						],
						[
							-91.11142,
							33.218815
						],
						[
							-91.109619,
							33.220211
						],
						[
							-91.107712,
							33.221615
						],
						[
							-91.10762,
							33.223118
						],
						[
							-91.105713,
							33.224514
						],
						[
							-91.107475,
							33.235447
						],
						[
							-91.11097,
							33.243942
						],
						[
							-91.113266,
							33.250156
						],
						[
							-91.115425,
							33.258595
						],
						[
							-91.120407,
							33.264927
						],
						[
							-91.125175,
							33.271858
						],
						[
							-91.12561,
							33.272915
						],
						[
							-91.125519,
							33.274418
						],
						[
							-91.127213,
							33.275913
						],
						[
							-91.128922,
							33.277515
						],
						[
							-91.130615,
							33.277615
						],
						[
							-91.132309,
							33.279217
						],
						[
							-91.134018,
							33.279217
						],
						[
							-91.135712,
							33.280811
						],
						[
							-91.137512,
							33.280914
						],
						[
							-91.139114,
							33.282413
						],
						[
							-91.140915,
							33.282513
						],
						[
							-91.142609,
							33.284115
						],
						[
							-91.144318,
							33.284111
						],
						[
							-91.146011,
							33.285717
						],
						[
							-91.14772,
							33.287312
						],
						[
							-91.149414,
							33.287312
						],
						[
							-91.152817,
							33.290516
						],
						[
							-91.15451,
							33.290516
						],
						[
							-91.157913,
							33.293709
						],
						[
							-91.159607,
							33.293713
						],
						[
							-91.16301,
							33.296917
						],
						[
							-91.162918,
							33.298313
						],
						[
							-91.16452,
							33.299911
						],
						[
							-91.166214,
							33.301514
						],
						[
							-91.167915,
							33.303009
						],
						[
							-91.169518,
							33.304615
						],
						[
							-91.171219,
							33.306213
						],
						[
							-91.171112,
							33.307613
						],
						[
							-91.172829,
							33.309212
						],
						[
							-91.172722,
							33.310608
						],
						[
							-91.174522,
							33.310814
						],
						[
							-91.176125,
							33.312309
						],
						[
							-91.177811,
							33.313816
						],
						[
							-91.177727,
							33.315308
						],
						[
							-91.175919,
							33.316711
						],
						[
							-91.175819,
							33.318218
						],
						[
							-91.173927,
							33.319611
						],
						[
							-91.173813,
							33.321114
						],
						[
							-91.173729,
							33.322609
						],
						[
							-91.171928,
							33.323917
						],
						[
							-91.170021,
							33.325413
						],
						[
							-91.16993,
							33.326916
						],
						[
							-91.168121,
							33.328209
						],
						[
							-91.167908,
							33.329716
						],
						[
							-91.167915,
							33.331207
						],
						[
							-91.166016,
							33.33271
						],
						[
							-91.164215,
							33.334007
						],
						[
							-91.162308,
							33.335411
						],
						[
							-91.160416,
							33.336914
						],
						[
							-91.158722,
							33.336708
						],
						[
							-91.156815,
							33.338112
						],
						[
							-91.155014,
							33.339512
						],
						[
							-91.153122,
							33.340916
						],
						[
							-91.151321,
							33.340912
						],
						[
							-91.151215,
							33.342407
						],
						[
							-91.149414,
							33.343815
						],
						[
							-91.147614,
							33.343712
						],
						[
							-91.145813,
							33.345108
						],
						[
							-91.143921,
							33.346512
						],
						[
							-91.142014,
							33.347908
						],
						[
							-91.141922,
							33.349411
						],
						[
							-91.140121,
							33.350811
						],
						[
							-91.140015,
							33.35231
						],
						[
							-91.138107,
							33.353714
						],
						[
							-91.138107,
							33.35511
						],
						[
							-91.136215,
							33.356514
						],
						[
							-91.134308,
							33.35791
						],
						[
							-91.134018,
							33.362312
						],
						[
							-91.132217,
							33.363808
						],
						[
							-91.13031,
							33.365211
						],
						[
							-91.12851,
							33.366608
						],
						[
							-91.126617,
							33.368011
						],
						[
							-91.126419,
							33.370911
						],
						[
							-91.128113,
							33.372513
						],
						[
							-91.129822,
							33.374107
						],
						[
							-91.129608,
							33.377014
						],
						[
							-91.129318,
							33.381508
						],
						[
							-91.12912,
							33.384407
						],
						[
							-91.130814,
							33.386009
						],
						[
							-91.132416,
							33.387611
						],
						[
							-91.134109,
							33.389114
						],
						[
							-91.13591,
							33.389214
						],
						[
							-91.147301,
							33.39455
						],
						[
							-91.15564,
							33.40102
						],
						[
							-91.15992,
							33.407875
						],
						[
							-91.159546,
							33.413975
						],
						[
							-91.157692,
							33.422241
						],
						[
							-91.151817,
							33.430332
						],
						[
							-91.147034,
							33.442368
						],
						[
							-91.149742,
							33.453045
						],
						[
							-91.159081,
							33.465118
						],
						[
							-91.170113,
							33.471699
						],
						[
							-91.180008,
							33.474895
						],
						[
							-91.184433,
							33.47953
						],
						[
							-91.184731,
							33.485661
						],
						[
							-91.182243,
							33.49334
						],
						[
							-91.179291,
							33.502369
						],
						[
							-91.179924,
							33.504013
						],
						[
							-91.179726,
							33.507008
						],
						[
							-91.179726,
							33.508404
						],
						[
							-91.179527,
							33.51001
						],
						[
							-91.181221,
							33.511509
						],
						[
							-91.182915,
							33.513103
						],
						[
							-91.184624,
							33.51461
						],
						[
							-91.184517,
							33.516109
						],
						[
							-91.186226,
							33.517609
						],
						[
							-91.187828,
							33.519207
						],
						[
							-91.189522,
							33.52071
						],
						[
							-91.191216,
							33.522305
						],
						[
							-91.192818,
							33.523907
						],
						[
							-91.194527,
							33.525509
						],
						[
							-91.19622,
							33.527004
						],
						[
							-91.197929,
							33.528606
						],
						[
							-91.199623,
							33.528606
						],
						[
							-91.201317,
							33.530209
						],
						[
							-91.203026,
							33.531803
						],
						[
							-91.20472,
							33.533306
						],
						[
							-91.206322,
							33.534908
						],
						[
							-91.208122,
							33.535007
						],
						[
							-91.209816,
							33.53651
						],
						[
							-91.213127,
							33.539608
						],
						[
							-91.214821,
							33.54121
						],
						[
							-91.214729,
							33.542706
						],
						[
							-91.216423,
							33.544209
						],
						[
							-91.218117,
							33.545803
						],
						[
							-91.218025,
							33.547306
						],
						[
							-91.219719,
							33.548908
						],
						[
							-91.219429,
							33.55331
						],
						[
							-91.219215,
							33.55621
						],
						[
							-91.220818,
							33.557804
						],
						[
							-91.220818,
							33.559307
						],
						[
							-91.217018,
							33.562107
						],
						[
							-91.215218,
							33.563503
						],
						[
							-91.213417,
							33.563404
						],
						[
							-91.211617,
							33.564808
						],
						[
							-91.209816,
							33.564808
						],
						[
							-91.208015,
							33.56461
						],
						[
							-91.206215,
							33.56461
						],
						[
							-91.202721,
							33.564404
						],
						[
							-91.200829,
							33.565807
						],
						[
							-91.199028,
							33.567204
						],
						[
							-91.197227,
							33.567204
						],
						[
							-91.191917,
							33.566906
						],
						[
							-91.190224,
							33.565304
						],
						[
							-91.188515,
							33.565304
						],
						[
							-91.184929,
							33.565105
						],
						[
							-91.18322,
							33.565105
						],
						[
							-91.177818,
							33.564808
						],
						[
							-91.177818,
							33.566303
						],
						[
							-91.17942,
							33.567806
						],
						[
							-91.179329,
							33.569309
						],
						[
							-91.177528,
							33.570705
						],
						[
							-91.175621,
							33.572109
						],
						[
							-91.17382,
							33.57201
						],
						[
							-91.172218,
							33.570507
						],
						[
							-91.170418,
							33.570408
						],
						[
							-91.168724,
							33.568806
						],
						[
							-91.167015,
							33.568806
						],
						[
							-91.165123,
							33.57011
						],
						[
							-91.163322,
							33.57011
						],
						[
							-91.161522,
							33.570004
						],
						[
							-91.159721,
							33.571407
						],
						[
							-91.156227,
							33.571209
						],
						[
							-91.15432,
							33.572704
						],
						[
							-91.152428,
							33.574108
						],
						[
							-91.150719,
							33.574009
						],
						[
							-91.148827,
							33.575405
						],
						[
							-91.147026,
							33.575306
						],
						[
							-91.145226,
							33.57671
						],
						[
							-91.141418,
							33.57951
						],
						[
							-91.139626,
							33.580906
						],
						[
							-91.137711,
							33.58231
						],
						[
							-91.13591,
							33.58231
						],
						[
							-91.134109,
							33.583607
						],
						[
							-91.132225,
							33.585011
						],
						[
							-91.130417,
							33.585011
						],
						[
							-91.128616,
							33.586308
						],
						[
							-91.128418,
							33.589306
						],
						[
							-91.124619,
							33.592106
						],
						[
							-91.122818,
							33.59351
						],
						[
							-91.12262,
							33.596508
						],
						[
							-91.120712,
							33.597904
						],
						[
							-91.120621,
							33.599407
						],
						[
							-91.120407,
							33.602306
						],
						[
							-91.118622,
							33.60371
						],
						[
							-91.118515,
							33.605206
						],
						[
							-91.120209,
							33.606808
						],
						[
							-91.119812,
							33.612705
						],
						[
							-91.11972,
							33.614208
						],
						[
							-91.121414,
							33.615704
						],
						[
							-91.121307,
							33.617207
						],
						[
							-91.122917,
							33.618809
						],
						[
							-91.124619,
							33.620304
						],
						[
							-91.126312,
							33.621906
						],
						[
							-91.129616,
							33.625004
						],
						[
							-91.129517,
							33.626507
						],
						[
							-91.131218,
							33.628109
						],
						[
							-91.132919,
							33.629604
						],
						[
							-91.134613,
							33.631207
						],
						[
							-91.136215,
							33.632809
						],
						[
							-91.136116,
							33.634205
						],
						[
							-91.137825,
							33.635807
						],
						[
							-91.139626,
							33.635807
						],
						[
							-91.141319,
							33.637409
						],
						[
							-91.143028,
							33.637508
						],
						[
							-91.144722,
							33.639004
						],
						[
							-91.149818,
							33.64381
						],
						[
							-91.151527,
							33.64381
						],
						[
							-91.153221,
							33.645405
						],
						[
							-91.155022,
							33.645504
						],
						[
							-91.156624,
							33.647007
						],
						[
							-91.158424,
							33.647106
						],
						[
							-91.160118,
							33.648708
						],
						[
							-91.161919,
							33.648708
						],
						[
							-91.163521,
							33.650307
						],
						[
							-91.165215,
							33.651905
						],
						[
							-91.166924,
							33.653408
						],
						[
							-91.168724,
							33.653503
						],
						[
							-91.170326,
							33.655106
						],
						[
							-91.172127,
							33.655209
						],
						[
							-91.173927,
							33.655205
						],
						[
							-91.175621,
							33.656803
						],
						[
							-91.177315,
							33.656803
						],
						[
							-91.179024,
							33.658405
						],
						[
							-91.182518,
							33.658604
						],
						[
							-91.184227,
							33.660206
						],
						[
							-91.186028,
							33.660202
						],
						[
							-91.18792,
							33.65881
						],
						[
							-91.189522,
							33.660404
						],
						[
							-91.191322,
							33.660404
						],
						[
							-91.193123,
							33.660503
						],
						[
							-91.194817,
							33.662102
						],
						[
							-91.198326,
							33.6623
						],
						[
							-91.20002,
							33.663807
						],
						[
							-91.20182,
							33.663902
						],
						[
							-91.205116,
							33.667
						],
						[
							-91.205025,
							33.668507
						],
						[
							-91.206718,
							33.670105
						],
						[
							-91.20652,
							33.673008
						],
						[
							-91.208229,
							33.674606
						],
						[
							-91.209923,
							33.676102
						],
						[
							-91.209816,
							33.677608
						],
						[
							-91.211418,
							33.6791
						],
						[
							-91.211418,
							33.680603
						],
						[
							-91.211128,
							33.685104
						],
						[
							-91.210716,
							33.691002
						],
						[
							-91.210625,
							33.692505
						],
						[
							-91.208717,
							33.693905
						],
						[
							-91.206917,
							33.695309
						],
						[
							-91.206825,
							33.696804
						],
						[
							-91.204918,
							33.698208
						],
						[
							-91.203117,
							33.698105
						],
						[
							-91.201317,
							33.699501
						],
						[
							-91.199516,
							33.699402
						],
						[
							-91.197624,
							33.700905
						],
						[
							-91.192329,
							33.700603
						],
						[
							-91.190529,
							33.702007
						],
						[
							-91.186928,
							33.701805
						],
						[
							-91.185127,
							33.701805
						],
						[
							-91.183418,
							33.701706
						],
						[
							-91.179619,
							33.704506
						],
						[
							-91.176125,
							33.7043
						],
						[
							-91.174324,
							33.704205
						],
						[
							-91.172523,
							33.704201
						],
						[
							-91.170815,
							33.704102
						],
						[
							-91.168922,
							33.705505
						],
						[
							-91.167122,
							33.705406
						],
						[
							-91.165321,
							33.706802
						],
						[
							-91.163429,
							33.708305
						],
						[
							-91.161629,
							33.708099
						],
						[
							-91.159828,
							33.708103
						],
						[
							-91.158119,
							33.708004
						],
						[
							-91.156227,
							33.709404
						],
						[
							-91.154427,
							33.7108
						],
						[
							-91.150627,
							33.7136
						],
						[
							-91.148827,
							33.715008
						],
						[
							-91.14872,
							33.716503
						],
						[
							-91.146828,
							33.717903
						],
						[
							-91.146629,
							33.720905
						],
						[
							-91.144722,
							33.722305
						],
						[
							-91.144615,
							33.723701
						],
						[
							-91.144218,
							33.729706
						],
						[
							-91.142418,
							33.731102
						],
						[
							-91.142326,
							33.732609
						],
						[
							-91.142128,
							33.735504
						],
						[
							-91.140327,
							33.7369
						],
						[
							-91.140129,
							33.738407
						],
						[
							-91.140129,
							33.739906
						],
						[
							-91.139915,
							33.741302
						],
						[
							-91.139915,
							33.742805
						],
						[
							-91.139717,
							33.745804
						],
						[
							-91.135918,
							33.748604
						],
						[
							-91.135826,
							33.750107
						],
						[
							-91.134026,
							33.751503
						],
						[
							-91.132118,
							33.752907
						],
						[
							-91.13192,
							33.755905
						],
						[
							-91.130028,
							33.757202
						],
						[
							-91.128227,
							33.758606
						],
						[
							-91.126427,
							33.758606
						],
						[
							-91.124626,
							33.758511
						],
						[
							-91.122826,
							33.759903
						],
						[
							-91.119225,
							33.759705
						],
						[
							-91.117317,
							33.761101
						],
						[
							-91.115623,
							33.761101
						],
						[
							-91.113716,
							33.762505
						],
						[
							-91.111916,
							33.762409
						],
						[
							-91.110115,
							33.763802
						],
						[
							-91.110023,
							33.765305
						],
						[
							-91.108116,
							33.766701
						],
						[
							-91.108025,
							33.768105
						],
						[
							-91.106117,
							33.769501
						],
						[
							-91.104317,
							33.770908
						],
						[
							-91.102425,
							33.772301
						],
						[
							-91.100624,
							33.772202
						],
						[
							-91.098717,
							33.773705
						],
						[
							-91.096916,
							33.775105
						],
						[
							-91.095116,
							33.775002
						],
						[
							-91.093216,
							33.776405
						],
						[
							-91.087921,
							33.7761
						],
						[
							-91.086121,
							33.7761
						],
						[
							-91.084412,
							33.776005
						],
						[
							-91.08252,
							33.777405
						],
						[
							-91.080719,
							33.777306
						],
						[
							-91.078918,
							33.777306
						],
						[
							-91.075409,
							33.7771
						],
						[
							-91.073517,
							33.778503
						],
						[
							-91.071716,
							33.7799
						],
						[
							-91.066315,
							33.779606
						],
						[
							-91.064514,
							33.781109
						],
						[
							-91.062607,
							33.782402
						],
						[
							-91.060715,
							33.78381
						],
						[
							-91.059021,
							33.783806
						],
						[
							-91.057114,
							33.785103
						],
						[
							-91.055313,
							33.785107
						],
						[
							-91.053421,
							33.78651
						],
						[
							-91.051712,
							33.786404
						],
						[
							-91.047913,
							33.789204
						],
						[
							-91.046112,
							33.790607
						],
						[
							-91.042313,
							33.793404
						],
						[
							-91.042221,
							33.79491
						],
						[
							-91.041809,
							33.800808
						],
						[
							-91.040009,
							33.8022
						],
						[
							-91.03981,
							33.80521
						],
						[
							-91.041519,
							33.806702
						],
						[
							-91.041321,
							33.808205
						],
						[
							-91.041016,
							33.812611
						],
						[
							-91.042709,
							33.814205
						],
						[
							-91.042511,
							33.817204
						],
						[
							-91.04422,
							33.818703
						],
						[
							-91.044022,
							33.821701
						],
						[
							-91.045715,
							33.823303
						],
						[
							-91.045609,
							33.824703
						],
						[
							-91.047318,
							33.826302
						],
						[
							-91.049011,
							33.827908
						],
						[
							-91.04892,
							33.829407
						],
						[
							-91.050522,
							33.830902
						],
						[
							-91.053909,
							33.834106
						],
						[
							-91.055618,
							33.835602
						],
						[
							-91.05722,
							33.837204
						],
						[
							-91.058914,
							33.838699
						],
						[
							-91.062317,
							33.841904
						],
						[
							-91.064011,
							33.843407
						],
						[
							-91.06572,
							33.845001
						],
						[
							-91.065521,
							33.846504
						],
						[
							-91.065521,
							33.8479
						],
						[
							-91.065308,
							33.849403
						],
						[
							-91.065308,
							33.850906
						],
						[
							-91.065109,
							33.852402
						],
						[
							-91.065109,
							33.853905
						],
						[
							-91.064911,
							33.856804
						],
						[
							-91.064621,
							33.861305
						],
						[
							-91.064407,
							33.864204
						],
						[
							-91.064117,
							33.868706
						],
						[
							-91.064011,
							33.870102
						],
						[
							-91.062119,
							33.871605
						],
						[
							-91.062012,
							33.873001
						],
						[
							-91.060211,
							33.874504
						],
						[
							-91.06012,
							33.8759
						],
						[
							-91.058212,
							33.877403
						],
						[
							-91.05632,
							33.8787
						],
						[
							-91.056213,
							33.880203
						],
						[
							-91.054413,
							33.881599
						],
						[
							-91.054321,
							33.883102
						],
						[
							-91.052414,
							33.884506
						],
						[
							-91.052216,
							33.887505
						],
						[
							-91.050308,
							33.888802
						],
						[
							-91.050217,
							33.890305
						],
						[
							-91.048309,
							33.8918
						],
						[
							-91.046509,
							33.893105
						],
						[
							-91.04631,
							33.896103
						],
						[
							-91.044418,
							33.897507
						],
						[
							-91.044312,
							33.899002
						],
						[
							-91.042419,
							33.900406
						],
						[
							-91.042313,
							33.901901
						],
						[
							-91.040512,
							33.903305
						],
						[
							-91.03862,
							33.904602
						],
						[
							-91.036713,
							33.906006
						],
						[
							-91.034821,
							33.907501
						],
						[
							-91.03302,
							33.908905
						],
						[
							-91.031113,
							33.910202
						],
						[
							-91.029221,
							33.911705
						],
						[
							-91.029114,
							33.913101
						],
						[
							-91.027222,
							33.914505
						],
						[
							-91.027115,
							33.916
						],
						[
							-91.025314,
							33.917503
						],
						[
							-91.025208,
							33.9189
						],
						[
							-91.025009,
							33.921906
						],
						[
							-91.02121,
							33.924706
						],
						[
							-91.021011,
							33.927605
						],
						[
							-91.019211,
							33.929001
						],
						[
							-91.018921,
							33.933502
						],
						[
							-91.018707,
							33.936401
						],
						[
							-91.020309,
							33.938004
						],
						[
							-91.022018,
							33.939507
						],
						[
							-91.025421,
							33.942703
						],
						[
							-91.027222,
							33.942802
						],
						[
							-91.028809,
							33.944405
						],
						[
							-91.030609,
							33.944405
						],
						[
							-91.032318,
							33.946007
						],
						[
							-91.034119,
							33.946106
						],
						[
							-91.035812,
							33.947601
						],
						[
							-91.037521,
							33.947697
						],
						[
							-91.039215,
							33.949303
						],
						[
							-91.041016,
							33.949402
						],
						[
							-91.042816,
							33.949402
						],
						[
							-91.04451,
							33.951
						],
						[
							-91.046219,
							33.951103
						],
						[
							-91.047913,
							33.952602
						],
						[
							-91.049713,
							33.952805
						],
						[
							-91.051407,
							33.9543
						],
						[
							-91.053215,
							33.954407
						],
						[
							-91.054916,
							33.954403
						],
						[
							-91.060318,
							33.9547
						],
						[
							-91.063812,
							33.954903
						],
						[
							-91.06562,
							33.954903
						],
						[
							-91.067329,
							33.956501
						],
						[
							-91.069115,
							33.956604
						],
						[
							-91.070717,
							33.958099
						],
						[
							-91.072517,
							33.958202
						],
						[
							-91.074226,
							33.959801
						],
						[
							-91.076027,
							33.9599
						],
						[
							-91.077721,
							33.961399
						],
						[
							-91.079521,
							33.961498
						],
						[
							-91.081123,
							33.9631
						],
						[
							-91.082817,
							33.9646
						],
						[
							-91.084526,
							33.966198
						],
						[
							-91.08622,
							33.967701
						],
						[
							-91.086128,
							33.969196
						],
						[
							-91.087715,
							33.970802
						],
						[
							-91.087715,
							33.972301
						],
						[
							-91.087517,
							33.973701
						],
						[
							-91.085716,
							33.975204
						],
						[
							-91.085625,
							33.976696
						],
						[
							-91.083717,
							33.978001
						],
						[
							-91.081825,
							33.979401
						],
						[
							-91.080025,
							33.980904
						],
						[
							-91.078117,
							33.982296
						],
						[
							-91.076225,
							33.983604
						],
						[
							-91.074425,
							33.983604
						],
						[
							-91.072624,
							33.984997
						],
						[
							-91.070824,
							33.984898
						],
						[
							-91.070717,
							33.986301
						],
						[
							-91.068825,
							33.987698
						],
						[
							-91.067024,
							33.987698
						],
						[
							-91.065315,
							33.987602
						],
						[
							-91.063423,
							33.989002
						],
						[
							-91.061623,
							33.989006
						],
						[
							-91.059822,
							33.988796
						],
						[
							-91.058022,
							33.988796
						],
						[
							-91.052719,
							33.988503
						],
						[
							-91.050819,
							33.989906
						],
						[
							-91.049126,
							33.989902
						],
						[
							-91.047211,
							33.991302
						],
						[
							-91.04361,
							33.9911
						],
						[
							-91.041718,
							33.9925
						],
						[
							-91.040009,
							33.992401
						],
						[
							-91.038116,
							33.993805
						],
						[
							-91.036316,
							33.993801
						],
						[
							-91.034515,
							33.993603
						],
						[
							-91.032608,
							33.995003
						],
						[
							-91.030807,
							33.996403
						],
						[
							-91.029007,
							33.996296
						],
						[
							-91.027115,
							33.997799
						],
						[
							-91.025208,
							33.999207
						],
						[
							-91.023407,
							34.000599
						],
						[
							-91.018021,
							34.000305
						],
						[
							-91.01622,
							34.001701
						],
						[
							-91.014313,
							34.003101
						],
						[
							-91.012512,
							34.003006
						],
						[
							-91.01062,
							34.004398
						],
						[
							-91.008911,
							34.004398
						],
						[
							-91.007019,
							34.005707
						],
						[
							-91.005112,
							34.007103
						],
						[
							-91.00502,
							34.008606
						],
						[
							-91.00322,
							34.008602
						],
						[
							-90.999512,
							34.011307
						],
						[
							-90.99762,
							34.012802
						],
						[
							-90.994019,
							34.012604
						],
						[
							-90.992218,
							34.014
						],
						[
							-90.990417,
							34.013901
						],
						[
							-90.98851,
							34.015305
						],
						[
							-90.98671,
							34.015205
						],
						[
							-90.984818,
							34.016602
						],
						[
							-90.983109,
							34.016602
						],
						[
							-90.975922,
							34.016205
						],
						[
							-90.974213,
							34.016205
						],
						[
							-90.972321,
							34.017502
						],
						[
							-90.968521,
							34.020302
						],
						[
							-90.966721,
							34.020302
						],
						[
							-90.96492,
							34.021706
						],
						[
							-90.96312,
							34.021606
						],
						[
							-90.961212,
							34.023003
						],
						[
							-90.959412,
							34.022903
						],
						[
							-90.957611,
							34.0243
						],
						[
							-90.955811,
							34.0242
						],
						[
							-90.952011,
							34.027
						],
						[
							-90.950211,
							34.026901
						],
						[
							-90.94841,
							34.028305
						],
						[
							-90.944611,
							34.031105
						],
						[
							-90.94281,
							34.031105
						],
						[
							-90.94101,
							34.032402
						],
						[
							-90.939117,
							34.033806
						],
						[
							-90.93721,
							34.035202
						],
						[
							-90.93541,
							34.035202
						],
						[
							-90.930115,
							34.034904
						],
						[
							-90.928207,
							34.036301
						],
						[
							-90.926407,
							34.036201
						],
						[
							-90.924515,
							34.037605
						],
						[
							-90.921021,
							34.037399
						],
						[
							-90.919113,
							34.038803
						],
						[
							-90.917313,
							34.038803
						],
						[
							-90.915421,
							34.040199
						],
						[
							-90.913712,
							34.0401
						],
						[
							-90.911819,
							34.041504
						],
						[
							-90.910019,
							34.041405
						],
						[
							-90.908112,
							34.042801
						],
						[
							-90.906219,
							34.044205
						],
						[
							-90.904419,
							34.045601
						],
						[
							-90.89682,
							34.051201
						],
						[
							-90.896713,
							34.052704
						],
						[
							-90.894821,
							34.054001
						],
						[
							-90.894821,
							34.055603
						],
						[
							-90.896408,
							34.057205
						],
						[
							-90.89621,
							34.060104
						],
						[
							-90.897919,
							34.061707
						],
						[
							-90.897812,
							34.063202
						],
						[
							-90.899521,
							34.064705
						],
						[
							-90.899307,
							34.067703
						],
						[
							-90.901016,
							34.069206
						],
						[
							-90.900909,
							34.070702
						],
						[
							-90.904221,
							34.073807
						],
						[
							-90.904114,
							34.075302
						],
						[
							-90.907516,
							34.078506
						],
						[
							-90.90741,
							34.079903
						],
						[
							-90.912415,
							34.084602
						],
						[
							-90.915817,
							34.087807
						],
						[
							-90.91571,
							34.089203
						],
						[
							-90.915421,
							34.0937
						],
						[
							-90.917114,
							34.095303
						],
						[
							-90.917007,
							34.096703
						],
						[
							-90.918716,
							34.098301
						],
						[
							-90.920319,
							34.099899
						],
						[
							-90.920212,
							34.101303
						],
						[
							-90.923615,
							34.104496
						],
						[
							-90.925308,
							34.105999
						],
						[
							-90.930313,
							34.110703
						],
						[
							-90.932114,
							34.110802
						],
						[
							-90.933807,
							34.112404
						],
						[
							-90.935516,
							34.113895
						],
						[
							-90.937317,
							34.114101
						],
						[
							-90.938919,
							34.115597
						],
						[
							-90.940613,
							34.117203
						],
						[
							-90.940521,
							34.118603
						],
						[
							-90.942322,
							34.118805
						],
						[
							-90.945709,
							34.121799
						],
						[
							-90.945618,
							34.123302
						],
						[
							-90.947311,
							34.124897
						],
						[
							-90.947021,
							34.129398
						],
						[
							-90.946808,
							34.132298
						],
						[
							-90.946411,
							34.138302
						],
						[
							-90.944519,
							34.139599
						],
						[
							-90.944321,
							34.142597
						],
						[
							-90.944016,
							34.146999
						],
						[
							-90.942108,
							34.148502
						],
						[
							-90.940308,
							34.148296
						],
						[
							-90.940216,
							34.149799
						],
						[
							-90.938309,
							34.151196
						],
						[
							-90.936615,
							34.151196
						],
						[
							-90.930908,
							34.155399
						],
						[
							-90.930817,
							34.156902
						],
						[
							-90.928909,
							34.158199
						],
						[
							-90.927109,
							34.159599
						],
						[
							-90.925308,
							34.159496
						],
						[
							-90.923416,
							34.161003
						],
						[
							-90.921509,
							34.162296
						],
						[
							-90.919708,
							34.162197
						],
						[
							-90.917908,
							34.1637
						],
						[
							-90.916016,
							34.165096
						],
						[
							-90.914215,
							34.164997
						],
						[
							-90.910416,
							34.167797
						],
						[
							-90.908615,
							34.167698
						],
						[
							-90.906708,
							34.169102
						],
						[
							-90.904907,
							34.170502
						],
						[
							-90.903015,
							34.171906
						],
						[
							-90.901108,
							34.173298
						],
						[
							-90.899216,
							34.174702
						],
						[
							-90.897308,
							34.175999
						],
						[
							-90.895508,
							34.177502
						],
						[
							-90.893707,
							34.177402
						],
						[
							-90.888016,
							34.181599
						],
						[
							-90.887909,
							34.183102
						],
						[
							-90.886108,
							34.183002
						],
						[
							-90.884308,
							34.184399
						],
						[
							-90.882416,
							34.185802
						],
						[
							-90.878815,
							34.185596
						],
						[
							-90.876907,
							34.187
						],
						[
							-90.875107,
							34.186901
						],
						[
							-90.873215,
							34.188297
						],
						[
							-90.871414,
							34.189804
						],
						[
							-90.869507,
							34.191097
						],
						[
							-90.867615,
							34.192505
						],
						[
							-90.865707,
							34.193901
						],
						[
							-90.863815,
							34.1954
						],
						[
							-90.862015,
							34.196701
						],
						[
							-90.860107,
							34.198101
						],
						[
							-90.859909,
							34.1996
						],
						[
							-90.858109,
							34.201
						],
						[
							-90.856216,
							34.202396
						],
						[
							-90.85611,
							34.203899
						],
						[
							-90.85231,
							34.206699
						],
						[
							-90.852219,
							34.208202
						],
						[
							-90.850311,
							34.209599
						],
						[
							-90.848511,
							34.210896
						],
						[
							-90.848312,
							34.212399
						],
						[
							-90.848221,
							34.213902
						],
						[
							-90.84642,
							34.215298
						],
						[
							-90.844513,
							34.216702
						],
						[
							-90.844421,
							34.218197
						],
						[
							-90.842514,
							34.219601
						],
						[
							-90.842407,
							34.2211
						],
						[
							-90.840515,
							34.2225
						],
						[
							-90.840408,
							34.223896
						],
						[
							-90.838516,
							34.2253
						],
						[
							-90.838211,
							34.229805
						],
						[
							-90.834412,
							34.232601
						],
						[
							-90.834122,
							34.237103
						],
						[
							-90.833908,
							34.240005
						],
						[
							-90.835617,
							34.2416
						],
						[
							-90.835419,
							34.244602
						],
						[
							-90.835312,
							34.245998
						],
						[
							-90.835022,
							34.2505
						],
						[
							-90.834808,
							34.253399
						],
						[
							-90.834122,
							34.263798
						],
						[
							-90.830307,
							34.266598
						],
						[
							-90.830215,
							34.268101
						],
						[
							-90.828308,
							34.269497
						],
						[
							-90.828217,
							34.270901
						],
						[
							-90.826309,
							34.272396
						],
						[
							-90.824417,
							34.273701
						],
						[
							-90.822617,
							34.275196
						],
						[
							-90.820709,
							34.276501
						],
						[
							-90.818817,
							34.277996
						],
						[
							-90.81691,
							34.279301
						],
						[
							-90.815109,
							34.279301
						],
						[
							-90.813309,
							34.279202
						],
						[
							-90.811417,
							34.280499
						],
						[
							-90.809708,
							34.280499
						],
						[
							-90.806122,
							34.2803
						],
						[
							-90.804214,
							34.281696
						],
						[
							-90.802414,
							34.281597
						],
						[
							-90.800613,
							34.281597
						],
						[
							-90.798721,
							34.282902
						],
						[
							-90.797012,
							34.282902
						],
						[
							-90.78981,
							34.282497
						],
						[
							-90.787918,
							34.283901
						],
						[
							-90.786118,
							34.283802
						],
						[
							-90.784317,
							34.285198
						],
						[
							-90.782516,
							34.285198
						],
						[
							-90.780609,
							34.286503
						],
						[
							-90.778809,
							34.286503
						],
						[
							-90.775208,
							34.286297
						],
						[
							-90.773315,
							34.287701
						],
						[
							-90.771408,
							34.289097
						],
						[
							-90.767914,
							34.288898
						],
						[
							-90.766022,
							34.290302
						],
						[
							-90.764114,
							34.291698
						],
						[
							-90.762314,
							34.291599
						],
						[
							-90.758514,
							34.294399
						],
						[
							-90.756714,
							34.295795
						],
						[
							-90.754822,
							34.297199
						],
						[
							-90.752914,
							34.298595
						],
						[
							-90.749115,
							34.301395
						],
						[
							-90.749008,
							34.302898
						],
						[
							-90.747116,
							34.304302
						],
						[
							-90.746918,
							34.307201
						],
						[
							-90.74501,
							34.308598
						],
						[
							-90.743118,
							34.310001
						],
						[
							-90.743011,
							34.311497
						],
						[
							-90.741119,
							34.312901
						],
						[
							-90.740921,
							34.315899
						],
						[
							-90.740814,
							34.317303
						],
						[
							-90.740509,
							34.321796
						],
						[
							-90.742218,
							34.323299
						],
						[
							-90.742111,
							34.324802
						],
						[
							-90.741821,
							34.329296
						],
						[
							-90.741608,
							34.332302
						],
						[
							-90.74321,
							34.333797
						],
						[
							-90.743118,
							34.3353
						],
						[
							-90.744812,
							34.336903
						],
						[
							-90.746521,
							34.338497
						],
						[
							-90.746414,
							34.339901
						],
						[
							-90.749817,
							34.343098
						],
						[
							-90.751617,
							34.343098
						],
						[
							-90.753418,
							34.343197
						],
						[
							-90.75502,
							34.344799
						],
						[
							-90.754913,
							34.346302
						],
						[
							-90.756607,
							34.347797
						],
						[
							-90.758316,
							34.3494
						],
						[
							-90.760117,
							34.349499
						],
						[
							-90.76181,
							34.351101
						],
						[
							-90.763611,
							34.3512
						],
						[
							-90.766922,
							34.354298
						],
						[
							-90.766708,
							34.357296
						],
						[
							-90.766617,
							34.358799
						],
						[
							-90.764709,
							34.360096
						],
						[
							-90.762817,
							34.3615
						],
						[
							-90.76091,
							34.362896
						],
						[
							-90.759109,
							34.3643
						],
						[
							-90.758911,
							34.367298
						],
						[
							-90.757019,
							34.368702
						],
						[
							-90.755112,
							34.370098
						],
						[
							-90.74971,
							34.369801
						],
						[
							-90.74791,
							34.369801
						],
						[
							-90.746216,
							34.368198
						],
						[
							-90.742722,
							34.368
						],
						[
							-90.741013,
							34.366398
						],
						[
							-90.739212,
							34.366299
						],
						[
							-90.737518,
							34.364796
						],
						[
							-90.730408,
							34.364399
						],
						[
							-90.728607,
							34.364399
						],
						[
							-90.72142,
							34.364002
						],
						[
							-90.717819,
							34.363796
						],
						[
							-90.716019,
							34.3652
						],
						[
							-90.71402,
							34.366596
						],
						[
							-90.71051,
							34.366398
						],
						[
							-90.70871,
							34.366398
						],
						[
							-90.701508,
							34.366001
						],
						[
							-90.699707,
							34.366001
						],
						[
							-90.697922,
							34.367298
						],
						[
							-90.696121,
							34.367199
						],
						[
							-90.694321,
							34.367199
						],
						[
							-90.69252,
							34.3671
						],
						[
							-90.690613,
							34.368496
						],
						[
							-90.688721,
							34.3699
						],
						[
							-90.686813,
							34.371296
						],
						[
							-90.684921,
							34.3727
						],
						[
							-90.683212,
							34.372601
						],
						[
							-90.68132,
							34.373997
						],
						[
							-90.67952,
							34.373898
						],
						[
							-90.67572,
							34.376698
						],
						[
							-90.67392,
							34.376598
						],
						[
							-90.666321,
							34.382198
						],
						[
							-90.66452,
							34.383602
						],
						[
							-90.664322,
							34.384998
						],
						[
							-90.662415,
							34.386402
						],
						[
							-90.660721,
							34.386402
						],
						[
							-90.658813,
							34.387699
						],
						[
							-90.657013,
							34.387699
						],
						[
							-90.655121,
							34.389103
						],
						[
							-90.65332,
							34.388897
						],
						[
							-90.65152,
							34.388897
						],
						[
							-90.649612,
							34.390301
						],
						[
							-90.647812,
							34.390202
						],
						[
							-90.64592,
							34.391499
						],
						[
							-90.644119,
							34.391499
						],
						[
							-90.64241,
							34.391399
						],
						[
							-90.636719,
							34.395596
						],
						[
							-90.631317,
							34.395298
						],
						[
							-90.62941,
							34.396702
						],
						[
							-90.622314,
							34.396297
						],
						[
							-90.620514,
							34.396297
						],
						[
							-90.618622,
							34.397701
						],
						[
							-90.616821,
							34.397602
						],
						[
							-90.614914,
							34.398998
						],
						[
							-90.609619,
							34.398701
						],
						[
							-90.60762,
							34.400097
						],
						[
							-90.605713,
							34.401501
						],
						[
							-90.604019,
							34.401402
						],
						[
							-90.602112,
							34.402798
						],
						[
							-90.60022,
							34.404202
						],
						[
							-90.598312,
							34.405598
						],
						[
							-90.59642,
							34.407001
						],
						[
							-90.594513,
							34.408398
						],
						[
							-90.592621,
							34.409801
						],
						[
							-90.590714,
							34.411198
						],
						[
							-90.588821,
							34.412601
						],
						[
							-90.586914,
							34.413998
						],
						[
							-90.586807,
							34.415401
						],
						[
							-90.584915,
							34.416798
						],
						[
							-90.583008,
							34.418301
						],
						[
							-90.581116,
							34.419598
						],
						[
							-90.579315,
							34.419498
						],
						[
							-90.577408,
							34.420902
						],
						[
							-90.575607,
							34.422298
						],
						[
							-90.573608,
							34.423702
						],
						[
							-90.57341,
							34.426701
						],
						[
							-90.571518,
							34.428097
						],
						[
							-90.571411,
							34.4296
						],
						[
							-90.57312,
							34.431103
						],
						[
							-90.573013,
							34.432598
						],
						[
							-90.571121,
							34.434002
						],
						[
							-90.570908,
							34.437
						],
						[
							-90.570312,
							34.445797
						],
						[
							-90.570221,
							34.447399
						],
						[
							-90.570007,
							34.448803
						],
						[
							-90.569809,
							34.451801
						],
						[
							-90.571518,
							34.453396
						],
						[
							-90.571411,
							34.4548
						],
						[
							-90.571121,
							34.459301
						],
						[
							-90.572708,
							34.460896
						],
						[
							-90.574707,
							34.459499
						],
						[
							-90.576416,
							34.459599
						],
						[
							-90.57811,
							34.461102
						],
						[
							-90.579819,
							34.462696
						],
						[
							-90.581619,
							34.462803
						],
						[
							-90.581512,
							34.464199
						],
						[
							-90.583221,
							34.465801
						],
						[
							-90.583008,
							34.4688
						],
						[
							-90.58461,
							34.470402
						],
						[
							-90.584518,
							34.471897
						],
						[
							-90.584518,
							34.473301
						],
						[
							-90.58432,
							34.474796
						],
						[
							-90.584213,
							34.476299
						],
						[
							-90.585907,
							34.477901
						],
						[
							-90.585709,
							34.480801
						],
						[
							-90.585312,
							34.486797
						],
						[
							-90.58522,
							34.4883
						],
						[
							-90.585022,
							34.489697
						],
						[
							-90.585022,
							34.491199
						],
						[
							-90.586609,
							34.492802
						],
						[
							-90.586411,
							34.495701
						],
						[
							-90.584518,
							34.497097
						],
						[
							-90.584213,
							34.501598
						],
						[
							-90.582321,
							34.503002
						],
						[
							-90.582214,
							34.504398
						],
						[
							-90.582016,
							34.507397
						],
						[
							-90.580109,
							34.508801
						],
						[
							-90.579819,
							34.513199
						],
						[
							-90.577911,
							34.514698
						],
						[
							-90.57782,
							34.516102
						],
						[
							-90.577621,
							34.517597
						],
						[
							-90.575714,
							34.519001
						],
						[
							-90.575516,
							34.521999
						],
						[
							-90.573608,
							34.523396
						],
						[
							-90.573517,
							34.524799
						],
						[
							-90.571609,
							34.526302
						],
						[
							-90.569717,
							34.527599
						],
						[
							-90.56781,
							34.529099
						],
						[
							-90.565918,
							34.530399
						],
						[
							-90.564011,
							34.531796
						],
						[
							-90.562119,
							34.533199
						],
						[
							-90.560211,
							34.534595
						],
						[
							-90.558411,
							34.534496
						],
						[
							-90.556519,
							34.535896
						],
						[
							-90.554718,
							34.537292
						],
						[
							-90.552917,
							34.537197
						],
						[
							-90.55101,
							34.5387
						],
						[
							-90.549118,
							34.539993
						],
						[
							-90.547318,
							34.539898
						],
						[
							-90.541611,
							34.544102
						],
						[
							-90.541519,
							34.545597
						],
						[
							-90.539612,
							34.547001
						],
						[
							-90.53952,
							34.548397
						],
						[
							-90.539322,
							34.5499
						],
						[
							-90.539322,
							34.551392
						],
						[
							-90.537308,
							34.552795
						],
						[
							-90.537216,
							34.554302
						],
						[
							-90.536911,
							34.558693
						],
						[
							-90.536819,
							34.5602
						],
						[
							-90.538513,
							34.561802
						],
						[
							-90.540207,
							34.563297
						],
						[
							-90.540115,
							34.5648
						],
						[
							-90.541809,
							34.566399
						],
						[
							-90.543411,
							34.567997
						],
						[
							-90.545212,
							34.568096
						],
						[
							-90.546921,
							34.569695
						],
						[
							-90.548615,
							34.571198
						],
						[
							-90.550415,
							34.571301
						],
						[
							-90.552109,
							34.572899
						],
						[
							-90.553711,
							34.574497
						],
						[
							-90.55542,
							34.575996
						],
						[
							-90.557114,
							34.577602
						],
						[
							-90.558914,
							34.577698
						],
						[
							-90.558807,
							34.579193
						],
						[
							-90.560516,
							34.580696
						],
						[
							-90.56041,
							34.582203
						],
						[
							-90.562119,
							34.583794
						],
						[
							-90.563919,
							34.583897
						],
						[
							-90.565613,
							34.585495
						],
						[
							-90.565414,
							34.586899
						],
						[
							-90.568817,
							34.590096
						],
						[
							-90.56871,
							34.591492
						],
						[
							-90.570419,
							34.593094
						],
						[
							-90.570312,
							34.594597
						],
						[
							-90.575317,
							34.599297
						],
						[
							-90.577011,
							34.600903
						],
						[
							-90.57872,
							34.602493
						],
						[
							-90.578613,
							34.603996
						],
						[
							-90.580307,
							34.605495
						],
						[
							-90.582016,
							34.607094
						],
						[
							-90.581909,
							34.608597
						],
						[
							-90.583618,
							34.610199
						],
						[
							-90.583511,
							34.611595
						],
						[
							-90.585114,
							34.613197
						],
						[
							-90.585022,
							34.614693
						],
						[
							-90.586716,
							34.616295
						],
						[
							-90.588409,
							34.617798
						],
						[
							-90.590118,
							34.619392
						],
						[
							-90.591812,
							34.620995
						],
						[
							-90.593521,
							34.622498
						],
						[
							-90.595108,
							34.624092
						],
						[
							-90.595016,
							34.625595
						],
						[
							-90.59671,
							34.627197
						],
						[
							-90.596619,
							34.628593
						],
						[
							-90.594711,
							34.629997
						],
						[
							-90.59462,
							34.631493
						],
						[
							-90.592712,
							34.632896
						],
						[
							-90.592621,
							34.634392
						],
						[
							-90.592209,
							34.640297
						],
						[
							-90.593918,
							34.641899
						],
						[
							-90.593613,
							34.646393
						],
						[
							-90.593414,
							34.647797
						],
						[
							-90.593307,
							34.649292
						],
						[
							-90.591415,
							34.650696
						],
						[
							-90.591309,
							34.652199
						],
						[
							-90.589417,
							34.653595
						],
						[
							-90.589111,
							34.657997
						],
						[
							-90.58902,
							34.659492
						],
						[
							-90.587112,
							34.660896
						],
						[
							-90.587021,
							34.662392
						],
						[
							-90.586716,
							34.666794
						],
						[
							-90.584808,
							34.668198
						],
						[
							-90.584717,
							34.669693
						],
						[
							-90.584518,
							34.671196
						],
						[
							-90.584518,
							34.672699
						],
						[
							-90.58432,
							34.674095
						],
						[
							-90.582413,
							34.675499
						],
						[
							-90.580612,
							34.675499
						],
						[
							-90.57872,
							34.676796
						],
						[
							-90.57692,
							34.678299
						],
						[
							-90.576721,
							34.679695
						],
						[
							-90.576508,
							34.682693
						],
						[
							-90.576416,
							34.684196
						],
						[
							-90.576111,
							34.688599
						],
						[
							-90.575821,
							34.693092
						],
						[
							-90.575607,
							34.694595
						],
						[
							-90.575607,
							34.695999
						],
						[
							-90.575409,
							34.697495
						],
						[
							-90.575012,
							34.703499
						],
						[
							-90.576721,
							34.704994
						],
						[
							-90.576508,
							34.707993
						],
						[
							-90.578217,
							34.709496
						],
						[
							-90.577911,
							34.713997
						],
						[
							-90.577713,
							34.715492
						],
						[
							-90.577515,
							34.718399
						],
						[
							-90.575607,
							34.719795
						],
						[
							-90.575516,
							34.721394
						],
						[
							-90.575409,
							34.722794
						],
						[
							-90.575119,
							34.727295
						],
						[
							-90.576813,
							34.728798
						],
						[
							-90.576721,
							34.730293
						],
						[
							-90.574814,
							34.731697
						],
						[
							-90.574509,
							34.736198
						],
						[
							-90.57251,
							34.737492
						],
						[
							-90.572418,
							34.739098
						],
						[
							-90.570511,
							34.740494
						],
						[
							-90.568619,
							34.741798
						],
						[
							-90.566711,
							34.743191
						],
						[
							-90.56131,
							34.742897
						],
						[
							-90.559418,
							34.744293
						],
						[
							-90.557617,
							34.744194
						],
						[
							-90.555817,
							34.744194
						],
						[
							-90.553909,
							34.745598
						],
						[
							-90.552109,
							34.745499
						],
						[
							-90.550308,
							34.746895
						],
						[
							-90.548416,
							34.746796
						],
						[
							-90.544922,
							34.746593
						],
						[
							-90.541321,
							34.746399
						],
						[
							-90.539612,
							34.744797
						],
						[
							-90.537811,
							34.744793
						],
						[
							-90.536118,
							34.743195
						],
						[
							-90.532516,
							34.742996
						],
						[
							-90.530807,
							34.741394
						],
						[
							-90.529114,
							34.739899
						],
						[
							-90.525711,
							34.736694
						],
						[
							-90.524109,
							34.735092
						],
						[
							-90.522415,
							34.733597
						],
						[
							-90.519012,
							34.730392
						],
						[
							-90.517212,
							34.730293
						],
						[
							-90.515411,
							34.730293
						],
						[
							-90.513718,
							34.728699
						],
						[
							-90.510117,
							34.728493
						],
						[
							-90.508408,
							34.726898
						],
						[
							-90.506516,
							34.728394
						],
						[
							-90.504707,
							34.728195
						],
						[
							-90.502914,
							34.728195
						],
						[
							-90.49041,
							34.727493
						],
						[
							-90.488617,
							34.727493
						],
						[
							-90.486809,
							34.727295
						],
						[
							-90.485008,
							34.727196
						],
						[
							-90.483101,
							34.728592
						],
						[
							-90.4813,
							34.728493
						],
						[
							-90.4795,
							34.728493
						],
						[
							-90.477608,
							34.729897
						],
						[
							-90.474007,
							34.729698
						],
						[
							-90.472099,
							34.731094
						],
						[
							-90.470207,
							34.732399
						],
						[
							-90.4683,
							34.733795
						],
						[
							-90.466499,
							34.733795
						],
						[
							-90.464607,
							34.735092
						],
						[
							-90.4627,
							34.736496
						],
						[
							-90.460899,
							34.736496
						],
						[
							-90.459007,
							34.737793
						],
						[
							-90.4571,
							34.739197
						],
						[
							-90.455299,
							34.739197
						],
						[
							-90.453407,
							34.740494
						],
						[
							-90.455101,
							34.742096
						],
						[
							-90.453102,
							34.743492
						],
						[
							-90.45121,
							34.744896
						],
						[
							-90.449303,
							34.746292
						],
						[
							-90.449104,
							34.749199
						],
						[
							-90.447212,
							34.750595
						],
						[
							-90.447014,
							34.753593
						],
						[
							-90.4468,
							34.756489
						],
						[
							-90.446709,
							34.758095
						],
						[
							-90.448402,
							34.759598
						],
						[
							-90.448204,
							34.761089
						],
						[
							-90.448112,
							34.762596
						],
						[
							-90.449806,
							34.764194
						],
						[
							-90.449699,
							34.765591
						],
						[
							-90.451408,
							34.767197
						],
						[
							-90.451302,
							34.768692
						],
						[
							-90.453011,
							34.77029
						],
						[
							-90.454613,
							34.771896
						],
						[
							-90.456306,
							34.773499
						],
						[
							-90.458,
							34.774994
						],
						[
							-90.457909,
							34.776497
						],
						[
							-90.459602,
							34.778099
						],
						[
							-90.461311,
							34.779594
						],
						[
							-90.464714,
							34.782799
						],
						[
							-90.464607,
							34.784195
						],
						[
							-90.466209,
							34.785797
						],
						[
							-90.466103,
							34.787292
						],
						[
							-90.467812,
							34.788891
						],
						[
							-90.467705,
							34.790394
						],
						[
							-90.469414,
							34.791988
						],
						[
							-90.4692,
							34.794895
						],
						[
							-90.46891,
							34.799389
						],
						[
							-90.468803,
							34.800797
						],
						[
							-90.468605,
							34.802288
						],
						[
							-90.468513,
							34.803791
						],
						[
							-90.4683,
							34.806694
						],
						[
							-90.468208,
							34.808193
						],
						[
							-90.466301,
							34.809689
						],
						[
							-90.464409,
							34.810993
						],
						[
							-90.462502,
							34.812389
						],
						[
							-90.460609,
							34.813793
						],
						[
							-90.458611,
							34.815189
						],
						[
							-90.456703,
							34.816593
						],
						[
							-90.455009,
							34.816494
						],
						[
							-90.453102,
							34.81789
						],
						[
							-90.45121,
							34.817795
						],
						[
							-90.449303,
							34.819195
						],
						[
							-90.449211,
							34.82069
						],
						[
							-90.447411,
							34.820591
						],
						[
							-90.445503,
							34.821995
						],
						[
							-90.443703,
							34.821888
						],
						[
							-90.441811,
							34.823292
						],
						[
							-90.44001,
							34.823193
						],
						[
							-90.438103,
							34.824589
						],
						[
							-90.436302,
							34.82449
						],
						[
							-90.43441,
							34.825893
						],
						[
							-90.430809,
							34.825695
						],
						[
							-90.428902,
							34.827091
						],
						[
							-90.425301,
							34.826893
						],
						[
							-90.423409,
							34.828289
						],
						[
							-90.418007,
							34.827991
						],
						[
							-90.4123,
							34.832199
						],
						[
							-90.408714,
							34.831989
						],
						[
							-90.406807,
							34.833393
						],
						[
							-90.405006,
							34.833294
						],
						[
							-90.403114,
							34.83469
						],
						[
							-90.401314,
							34.834591
						],
						[
							-90.397514,
							34.837391
						],
						[
							-90.3955,
							34.838795
						],
						[
							-90.393608,
							34.840191
						],
						[
							-90.391808,
							34.840096
						],
						[
							-90.3899,
							34.841488
						],
						[
							-90.3881,
							34.841389
						],
						[
							-90.386208,
							34.842793
						],
						[
							-90.382607,
							34.842594
						],
						[
							-90.380913,
							34.840992
						],
						[
							-90.379112,
							34.840893
						],
						[
							-90.377205,
							34.842289
						],
						[
							-90.375313,
							34.843792
						],
						[
							-90.373512,
							34.843594
						],
						[
							-90.368111,
							34.843292
						],
						[
							-90.36631,
							34.843288
						],
						[
							-90.364403,
							34.844692
						],
						[
							-90.359001,
							34.844395
						],
						[
							-90.355202,
							34.847195
						],
						[
							-90.35331,
							34.848492
						],
						[
							-90.353203,
							34.849995
						],
						[
							-90.351311,
							34.851391
						],
						[
							-90.349312,
							34.852795
						],
						[
							-90.347603,
							34.852692
						],
						[
							-90.345711,
							34.854092
						],
						[
							-90.343712,
							34.855488
						],
						[
							-90.341805,
							34.856892
						],
						[
							-90.339912,
							34.858192
						],
						[
							-90.338005,
							34.859692
						],
						[
							-90.337914,
							34.861195
						],
						[
							-90.336006,
							34.862492
						],
						[
							-90.334206,
							34.862396
						],
						[
							-90.332314,
							34.863789
						],
						[
							-90.330513,
							34.863689
						],
						[
							-90.328606,
							34.865192
						],
						[
							-90.326805,
							34.864994
						],
						[
							-90.324913,
							34.86639
						],
						[
							-90.323112,
							34.866291
						],
						[
							-90.321114,
							34.867695
						],
						[
							-90.319313,
							34.867695
						],
						[
							-90.317406,
							34.868992
						],
						[
							-90.315605,
							34.868992
						],
						[
							-90.313713,
							34.870289
						],
						[
							-90.310112,
							34.87009
						],
						[
							-90.308205,
							34.871494
						],
						[
							-90.306404,
							34.871494
						],
						[
							-90.304512,
							34.87289
						],
						[
							-90.302711,
							34.872791
						],
						[
							-90.300804,
							34.874088
						],
						[
							-90.298912,
							34.875492
						],
						[
							-90.298805,
							34.876995
						],
						[
							-90.296913,
							34.878391
						],
						[
							-90.294914,
							34.879795
						],
						[
							-90.293114,
							34.879688
						],
						[
							-90.287407,
							34.883892
						],
						[
							-90.2855,
							34.885288
						],
						[
							-90.283714,
							34.885189
						],
						[
							-90.281807,
							34.886494
						],
						[
							-90.2799,
							34.88789
						],
						[
							-90.278114,
							34.887791
						],
						[
							-90.276207,
							34.889194
						],
						[
							-90.274406,
							34.889095
						],
						[
							-90.272514,
							34.890491
						],
						[
							-90.270714,
							34.890392
						],
						[
							-90.2687,
							34.891788
						],
						[
							-90.268608,
							34.893291
						],
						[
							-90.266808,
							34.893192
						],
						[
							-90.2649,
							34.894588
						],
						[
							-90.2631,
							34.894489
						],
						[
							-90.261208,
							34.895893
						],
						[
							-90.2593,
							34.89719
						],
						[
							-90.259209,
							34.898792
						],
						[
							-90.257301,
							34.900188
						],
						[
							-90.255302,
							34.901493
						],
						[
							-90.249611,
							34.905689
						],
						[
							-90.249306,
							34.910191
						],
						[
							-90.247414,
							34.911594
						],
						[
							-90.2472,
							34.912991
						],
						[
							-90.24691,
							34.917492
						],
						[
							-90.246605,
							34.921894
						],
						[
							-90.246407,
							34.923389
						],
						[
							-90.2463,
							34.924892
						],
						[
							-90.245811,
							34.932293
						],
						[
							-90.245613,
							34.933788
						],
						[
							-90.245399,
							34.936695
						],
						[
							-90.24511,
							34.941189
						],
						[
							-90.244911,
							34.942692
						],
						[
							-90.244713,
							34.94569
						],
						[
							-90.246407,
							34.947193
						],
						[
							-90.2463,
							34.948689
						],
						[
							-90.248009,
							34.950291
						],
						[
							-90.249702,
							34.951794
						],
						[
							-90.251503,
							34.951992
						],
						[
							-90.251411,
							34.953388
						],
						[
							-90.253014,
							34.95499
						],
						[
							-90.256401,
							34.958195
						],
						[
							-90.25631,
							34.959591
						],
						[
							-90.258003,
							34.961193
						],
						[
							-90.261406,
							34.96439
						],
						[
							-90.263206,
							34.964489
						],
						[
							-90.2649,
							34.965992
						],
						[
							-90.266502,
							34.967594
						],
						[
							-90.270103,
							34.967793
						],
						[
							-90.271812,
							34.969395
						],
						[
							-90.273613,
							34.969494
						],
						[
							-90.275307,
							34.971085
						],
						[
							-90.277,
							34.972591
						],
						[
							-90.280403,
							34.975788
						],
						[
							-90.282112,
							34.977291
						],
						[
							-90.283913,
							34.97739
						],
						[
							-90.285606,
							34.978992
						],
						[
							-90.287209,
							34.980595
						],
						[
							-90.288902,
							34.98209
						],
						[
							-90.290611,
							34.983791
						],
						[
							-90.292305,
							34.985291
						],
						[
							-90.294014,
							34.986885
						],
						[
							-90.293709,
							34.991291
						],
						[
							-90.29351,
							34.99279
						],
						[
							-90.295204,
							34.994389
						],
						[
							-90.294807,
							35.000393
						],
						[
							-90.2929,
							35.00169
						],
						[
							-90.292702,
							35.003189
						],
						[
							-90.28701,
							35.007389
						],
						[
							-90.28521,
							35.007286
						],
						[
							-90.28141,
							35.010086
						],
						[
							-90.27961,
							35.009991
						],
						[
							-90.277702,
							35.011395
						],
						[
							-90.275703,
							35.012791
						],
						[
							-90.273811,
							35.014095
						],
						[
							-90.271904,
							35.015488
						],
						[
							-90.270012,
							35.016895
						],
						[
							-90.268211,
							35.016785
						],
						[
							-90.266304,
							35.018192
						],
						[
							-90.262703,
							35.017994
						],
						[
							-90.260811,
							35.019386
						],
						[
							-90.255302,
							35.019089
						],
						[
							-90.253502,
							35.019093
						],
						[
							-90.251701,
							35.018894
						],
						[
							-90.249901,
							35.01889
						],
						[
							-90.2481,
							35.018791
						],
						[
							-90.2463,
							35.018585
						],
						[
							-90.244499,
							35.018585
						],
						[
							-90.242714,
							35.01849
						],
						[
							-90.240913,
							35.018291
						],
						[
							-90.239113,
							35.018288
						],
						[
							-90.237312,
							35.018188
						],
						[
							-90.237206,
							35.019691
						],
						[
							-90.235313,
							35.021088
						],
						[
							-90.233513,
							35.020988
						],
						[
							-90.231606,
							35.022289
						],
						[
							-90.229805,
							35.022285
						],
						[
							-90.227913,
							35.023689
						],
						[
							-90.224312,
							35.023491
						],
						[
							-90.222404,
							35.023285
						],
						[
							-90.220703,
							35.023289
						],
						[
							-90.215195,
							35.022987
						],
						[
							-90.21331,
							35.024391
						],
						[
							-90.211502,
							35.024288
						],
						[
							-90.203903,
							35.029884
						],
						[
							-90.201904,
							35.031189
						],
						[
							-90.201805,
							35.032684
						],
						[
							-90.198006,
							35.035484
						],
						[
							-90.197914,
							35.036987
						],
						[
							-90.195892,
							35.038391
						],
						[
							-90.195808,
							35.039886
						],
						[
							-90.193893,
							35.041191
						],
						[
							-90.192009,
							35.042587
						],
						[
							-90.191902,
							35.04409
						],
						[
							-90.190002,
							35.045486
						],
						[
							-90.188004,
							35.04689
						],
						[
							-90.187897,
							35.048286
						],
						[
							-90.186005,
							35.04969
						],
						[
							-90.185898,
							35.051186
						],
						[
							-90.184006,
							35.052589
						],
						[
							-90.183907,
							35.054085
						],
						[
							-90.183708,
							35.055588
						],
						[
							-90.181801,
							35.056984
						],
						[
							-90.181404,
							35.062889
						],
						[
							-90.179512,
							35.064285
						],
						[
							-90.179314,
							35.065788
						],
						[
							-90.179092,
							35.068687
						],
						[
							-90.179008,
							35.07019
						],
						[
							-90.178894,
							35.071686
						],
						[
							-90.178696,
							35.073189
						],
						[
							-90.178406,
							35.077591
						],
						[
							-90.178192,
							35.080589
						],
						[
							-90.177994,
							35.082085
						],
						[
							-90.178001,
							35.083588
						],
						[
							-90.173561,
							35.092953
						],
						[
							-90.168945,
							35.098701
						],
						[
							-90.162933,
							35.103729
						],
						[
							-90.155273,
							35.109196
						],
						[
							-90.149567,
							35.112289
						],
						[
							-90.144547,
							35.114899
						],
						[
							-90.13765,
							35.118843
						],
						[
							-90.129425,
							35.121162
						],
						[
							-90.120178,
							35.124207
						],
						[
							-90.114059,
							35.126369
						],
						[
							-90.109627,
							35.127579
						],
						[
							-90.105049,
							35.128517
						],
						[
							-90.10247,
							35.130596
						],
						[
							-90.100586,
							35.132061
						],
						[
							-90.097847,
							35.134262
						],
						[
							-90.095993,
							35.134285
						],
						[
							-90.081604,
							35.133488
						],
						[
							-90.078003,
							35.133282
						],
						[
							-90.076202,
							35.133282
						],
						[
							-90.074295,
							35.13459
						],
						[
							-90.072296,
							35.135986
						],
						[
							-90.072205,
							35.137486
						],
						[
							-90.068405,
							35.140285
						],
						[
							-90.068298,
							35.141685
						],
						[
							-90.066299,
							35.143089
						],
						[
							-90.066101,
							35.146088
						],
						[
							-90.064194,
							35.147488
						],
						[
							-90.064102,
							35.148983
						],
						[
							-90.063904,
							35.150387
						],
						[
							-90.061996,
							35.151783
						],
						[
							-90.061707,
							35.156288
						],
						[
							-90.063293,
							35.157887
						],
						[
							-90.065002,
							35.159382
						],
						[
							-90.064804,
							35.16238
						],
						[
							-90.062897,
							35.163784
						],
						[
							-90.062805,
							35.165291
						],
						[
							-90.064392,
							35.166882
						],
						[
							-90.066101,
							35.168484
						],
						[
							-90.067795,
							35.169987
						],
						[
							-90.067703,
							35.171482
						],
						[
							-90.065796,
							35.172886
						],
						[
							-90.065704,
							35.174381
						],
						[
							-90.065506,
							35.175785
						],
						[
							-90.063599,
							35.177181
						],
						[
							-90.061798,
							35.177082
						],
						[
							-90.061707,
							35.178684
						],
						[
							-90.059799,
							35.179981
						],
						[
							-90.059692,
							35.181484
						],
						[
							-90.059494,
							35.182987
						],
						[
							-90.059296,
							35.185886
						],
						[
							-90.061096,
							35.185986
						],
						[
							-90.063004,
							35.184681
						],
						[
							-90.065002,
							35.183285
						],
						[
							-90.066605,
							35.18478
						],
						[
							-90.066299,
							35.189281
						],
						[
							-90.067993,
							35.190884
						],
						[
							-90.065994,
							35.192287
						],
						[
							-90.064102,
							35.193684
						],
						[
							-90.063995,
							35.195087
						],
						[
							-90.063705,
							35.199581
						],
						[
							-90.065292,
							35.201084
						],
						[
							-90.064896,
							35.207081
						],
						[
							-90.064804,
							35.208584
						],
						[
							-90.064606,
							35.210087
						],
						[
							-90.064499,
							35.211483
						],
						[
							-90.062592,
							35.212887
						],
						[
							-90.062393,
							35.215885
						],
						[
							-90.063995,
							35.217487
						],
						[
							-90.065704,
							35.219082
						],
						[
							-90.065598,
							35.220486
						],
						[
							-90.067307,
							35.22208
						],
						[
							-90.067093,
							35.225086
						],
						[
							-90.068802,
							35.226681
						],
						[
							-90.068604,
							35.228184
						],
						[
							-90.068497,
							35.229588
						],
						[
							-90.070206,
							35.231182
						],
						[
							-90.069992,
							35.23418
						],
						[
							-90.071701,
							35.235683
						],
						[
							-90.071503,
							35.237186
						],
						[
							-90.071396,
							35.238682
						],
						[
							-90.073105,
							35.240284
						],
						[
							-90.072998,
							35.241787
						],
						[
							-90.074692,
							35.243382
						],
						[
							-90.076401,
							35.244884
						],
						[
							-90.078094,
							35.246487
						],
						[
							-90.079803,
							35.248081
						],
						[
							-90.079605,
							35.249584
						],
						[
							-90.081299,
							35.251186
						],
						[
							-90.080994,
							35.255581
						],
						[
							-90.080902,
							35.257084
						],
						[
							-90.080704,
							35.258587
						],
						[
							-90.082397,
							35.260181
						],
						[
							-90.084106,
							35.261684
						],
						[
							-90.087494,
							35.264881
						],
						[
							-90.089294,
							35.26498
						],
						[
							-90.091003,
							35.266582
						],
						[
							-90.092697,
							35.268085
						],
						[
							-90.094406,
							35.269688
						],
						[
							-90.094299,
							35.271183
						],
						[
							-90.094101,
							35.272686
						],
						[
							-90.093903,
							35.275684
						],
						[
							-90.093796,
							35.277077
						],
						[
							-90.093597,
							35.280087
						],
						[
							-90.093399,
							35.281578
						],
						[
							-90.095093,
							35.28318
						],
						[
							-90.094894,
							35.286083
						],
						[
							-90.096603,
							35.287685
						],
						[
							-90.096405,
							35.289177
						],
						[
							-90.096405,
							35.290684
						],
						[
							-90.097992,
							35.292187
						],
						[
							-90.0979,
							35.293682
						],
						[
							-90.099594,
							35.295284
						],
						[
							-90.099503,
							35.296783
						],
						[
							-90.101196,
							35.298382
						],
						[
							-90.100998,
							35.301376
						],
						[
							-90.1008,
							35.302883
						],
						[
							-90.102493,
							35.304386
						],
						[
							-90.104202,
							35.305981
						],
						[
							-90.105896,
							35.307484
						],
						[
							-90.107605,
							35.309181
						],
						[
							-90.109299,
							35.31068
						],
						[
							-90.110992,
							35.312283
						],
						[
							-90.110794,
							35.315277
						],
						[
							-90.110596,
							35.31678
						],
						[
							-90.110306,
							35.321182
						],
						[
							-90.110199,
							35.322678
						],
						[
							-90.110001,
							35.324181
						],
						[
							-90.109695,
							35.328587
						],
						[
							-90.109604,
							35.330078
						],
						[
							-90.109406,
							35.331581
						],
						[
							-90.109406,
							35.333076
						],
						[
							-90.109192,
							35.334579
						],
						[
							-90.1091,
							35.335983
						],
						[
							-90.107193,
							35.337379
						],
						[
							-90.107101,
							35.338886
						],
						[
							-90.106903,
							35.340378
						],
						[
							-90.106598,
							35.34478
						],
						[
							-90.104706,
							35.346184
						],
						[
							-90.104492,
							35.347679
						],
						[
							-90.104202,
							35.35218
						],
						[
							-90.102295,
							35.353577
						],
						[
							-90.102203,
							35.35508
						],
						[
							-90.102005,
							35.356483
						],
						[
							-90.101898,
							35.357979
						],
						[
							-90.100006,
							35.359383
						],
						[
							-90.099792,
							35.362282
						],
						[
							-90.097794,
							35.363678
						],
						[
							-90.097702,
							35.36528
						],
						[
							-90.097595,
							35.366676
						],
						[
							-90.095703,
							35.36808
						],
						[
							-90.095505,
							35.369583
						],
						[
							-90.095306,
							35.372482
						],
						[
							-90.093399,
							35.373878
						],
						[
							-90.093201,
							35.375381
						],
						[
							-90.093094,
							35.376877
						],
						[
							-90.091202,
							35.378281
						],
						[
							-90.091095,
							35.379784
						],
						[
							-90.089203,
							35.38118
						],
						[
							-90.089005,
							35.382584
						],
						[
							-90.087097,
							35.38398
						],
						[
							-90.087006,
							35.385483
						],
						[
							-90.085098,
							35.386879
						],
						[
							-90.085007,
							35.388382
						],
						[
							-90.082993,
							35.389778
						],
						[
							-90.082703,
							35.39418
						],
						[
							-90.080704,
							35.395576
						],
						[
							-90.080597,
							35.397079
						],
						[
							-90.082306,
							35.398682
						],
						[
							-90.080399,
							35.400078
						],
						[
							-90.076492,
							35.402779
						],
						[
							-90.0746,
							35.404182
						],
						[
							-90.072693,
							35.405579
						],
						[
							-90.070801,
							35.405479
						],
						[
							-90.068893,
							35.406883
						],
						[
							-90.067093,
							35.406776
						],
						[
							-90.065201,
							35.40818
						],
						[
							-90.063202,
							35.409477
						],
						[
							-90.061401,
							35.409477
						],
						[
							-90.059494,
							35.410782
						],
						[
							-90.057602,
							35.412178
						],
						[
							-90.057495,
							35.413681
						],
						[
							-90.055496,
							35.415077
						],
						[
							-90.055405,
							35.41658
						],
						[
							-90.053497,
							35.417976
						],
						[
							-90.053406,
							35.419476
						],
						[
							-90.051392,
							35.420776
						],
						[
							-90.0495,
							35.42218
						],
						[
							-90.047592,
							35.423576
						],
						[
							-90.045593,
							35.424976
						],
						[
							-90.040192,
							35.424683
						],
						[
							-90.0383,
							35.426079
						],
						[
							-90.034592,
							35.42588
						],
						[
							-90.030792,
							35.42868
						],
						[
							-90.0289,
							35.429977
						],
						[
							-90.026901,
							35.431381
						],
						[
							-90.024994,
							35.432777
						],
						[
							-90.023102,
							35.434181
						],
						[
							-90.021103,
							35.435577
						],
						[
							-90.017303,
							35.438377
						],
						[
							-90.015305,
							35.439781
						],
						[
							-90.013397,
							35.441177
						],
						[
							-90.013199,
							35.444077
						],
						[
							-90.0112,
							35.445477
						],
						[
							-90.012894,
							35.44698
						],
						[
							-90.011002,
							35.448475
						],
						[
							-90.010895,
							35.449883
						],
						[
							-90.009003,
							35.451279
						],
						[
							-90.008804,
							35.452782
						],
						[
							-90.006897,
							35.454178
						],
						[
							-90.006699,
							35.457184
						],
						[
							-90.0065,
							35.458675
						],
						[
							-90.006393,
							35.460079
						],
						[
							-90.006104,
							35.464577
						],
						[
							-90.007706,
							35.46608
						],
						[
							-90.007492,
							35.469074
						],
						[
							-90.009201,
							35.47068
						],
						[
							-90.009003,
							35.473675
						],
						[
							-90.008804,
							35.475178
						],
						[
							-90.010696,
							35.475178
						],
						[
							-90.012405,
							35.47678
						],
						[
							-90.012192,
							35.478275
						],
						[
							-90.013901,
							35.479881
						],
						[
							-90.013794,
							35.481373
						],
						[
							-90.015503,
							35.482975
						],
						[
							-90.015396,
							35.484379
						],
						[
							-90.017105,
							35.485973
						],
						[
							-90.016907,
							35.487476
						],
						[
							-90.0186,
							35.489082
						],
						[
							-90.018494,
							35.490574
						],
						[
							-90.020203,
							35.492176
						],
						[
							-90.020096,
							35.49358
						],
						[
							-90.021805,
							35.495174
						],
						[
							-90.021606,
							35.498074
						],
						[
							-90.021393,
							35.499676
						],
						[
							-90.019501,
							35.50108
						],
						[
							-90.019302,
							35.503979
						],
						[
							-90.019104,
							35.505474
						],
						[
							-90.017197,
							35.506878
						],
						[
							-90.016998,
							35.509876
						],
						[
							-90.014999,
							35.511173
						],
						[
							-90.014893,
							35.512676
						],
						[
							-90.013,
							35.51408
						],
						[
							-90.011002,
							35.515476
						],
						[
							-90.005295,
							35.51968
						],
						[
							-90.003296,
							35.521076
						],
						[
							-90.001404,
							35.522373
						],
						[
							-89.999603,
							35.522274
						],
						[
							-89.997604,
							35.523678
						],
						[
							-89.995697,
							35.525074
						],
						[
							-89.993805,
							35.526478
						],
						[
							-89.992004,
							35.526279
						],
						[
							-89.990005,
							35.527676
						],
						[
							-89.988205,
							35.527676
						],
						[
							-89.986298,
							35.529079
						],
						[
							-89.984406,
							35.528873
						],
						[
							-89.980804,
							35.528675
						],
						[
							-89.979095,
							35.52718
						],
						[
							-89.973694,
							35.526875
						],
						[
							-89.970306,
							35.523678
						],
						[
							-89.968597,
							35.522076
						],
						[
							-89.966904,
							35.520573
						],
						[
							-89.965187,
							35.518978
						],
						[
							-89.963493,
							35.517376
						],
						[
							-89.961693,
							35.517277
						],
						[
							-89.959999,
							35.515675
						],
						[
							-89.958199,
							35.515575
						],
						[
							-89.95649,
							35.513973
						],
						[
							-89.954605,
							35.515377
						],
						[
							-89.949097,
							35.515079
						],
						[
							-89.947289,
							35.514973
						],
						[
							-89.940094,
							35.514576
						],
						[
							-89.938202,
							35.514477
						],
						[
							-89.936592,
							35.512974
						],
						[
							-89.934685,
							35.512875
						],
						[
							-89.932884,
							35.512676
						],
						[
							-89.93119,
							35.511074
						],
						[
							-89.92939,
							35.511074
						],
						[
							-89.927696,
							35.509373
						],
						[
							-89.925987,
							35.507877
						],
						[
							-89.924187,
							35.507778
						],
						[
							-89.922493,
							35.506176
						],
						[
							-89.920586,
							35.50758
						],
						[
							-89.918785,
							35.507473
						],
						[
							-89.909691,
							35.506977
						],
						[
							-89.907799,
							35.508373
						],
						[
							-89.904198,
							35.508175
						],
						[
							-89.902199,
							35.509579
						],
						[
							-89.900398,
							35.509373
						],
						[
							-89.898491,
							35.510777
						],
						[
							-89.896492,
							35.512173
						],
						[
							-89.894585,
							35.513577
						],
						[
							-89.894493,
							35.515079
						],
						[
							-89.892494,
							35.516476
						],
						[
							-89.892387,
							35.517979
						],
						[
							-89.894096,
							35.519573
						],
						[
							-89.893898,
							35.52248
						],
						[
							-89.893684,
							35.523975
						],
						[
							-89.893486,
							35.526974
						],
						[
							-89.895195,
							35.528477
						],
						[
							-89.895088,
							35.52998
						],
						[
							-89.89489,
							35.531475
						],
						[
							-89.894691,
							35.534473
						],
						[
							-89.896385,
							35.535976
						],
						[
							-89.896294,
							35.537479
						],
						[
							-89.896095,
							35.538975
						],
						[
							-89.895897,
							35.541973
						],
						[
							-89.89579,
							35.543377
						],
						[
							-89.893898,
							35.544773
						],
						[
							-89.893684,
							35.546375
						],
						[
							-89.893593,
							35.547779
						],
						[
							-89.895287,
							35.549374
						],
						[
							-89.895195,
							35.550877
						],
						[
							-89.893196,
							35.552273
						],
						[
							-89.892998,
							35.555279
						],
						[
							-89.892784,
							35.558178
						],
						[
							-89.892586,
							35.559673
						],
						[
							-89.892296,
							35.564075
						],
						[
							-89.893898,
							35.565678
						],
						[
							-89.895592,
							35.56728
						],
						[
							-89.895393,
							35.570278
						],
						[
							-89.897087,
							35.571774
						],
						[
							-89.896996,
							35.573277
						],
						[
							-89.898689,
							35.574879
						],
						[
							-89.898491,
							35.576374
						],
						[
							-89.900185,
							35.577976
						],
						[
							-89.899895,
							35.582478
						],
						[
							-89.899696,
							35.583874
						],
						[
							-89.899498,
							35.58688
						],
						[
							-89.899284,
							35.589878
						],
						[
							-89.899086,
							35.59127
						],
						[
							-89.898796,
							35.595776
						],
						[
							-89.896797,
							35.597179
						],
						[
							-89.896599,
							35.600079
						],
						[
							-89.894585,
							35.601471
						],
						[
							-89.894493,
							35.602978
						],
						[
							-89.892586,
							35.604374
						],
						[
							-89.894295,
							35.605976
						],
						[
							-89.892296,
							35.60738
						],
						[
							-89.890388,
							35.608677
						],
						[
							-89.890297,
							35.61018
						],
						[
							-89.888298,
							35.611576
						],
						[
							-89.884499,
							35.614376
						],
						[
							-89.882591,
							35.614277
						],
						[
							-89.880699,
							35.615673
						],
						[
							-89.878792,
							35.616978
						],
						[
							-89.876793,
							35.618473
						],
						[
							-89.874886,
							35.619778
						],
						[
							-89.874794,
							35.621269
						],
						[
							-89.872795,
							35.622677
						],
						[
							-89.872688,
							35.62418
						],
						[
							-89.870796,
							35.625576
						],
						[
							-89.870689,
							35.62698
						],
						[
							-89.870491,
							35.628471
						],
						[
							-89.870186,
							35.632977
						],
						[
							-89.871895,
							35.63448
						],
						[
							-89.871696,
							35.635975
						],
						[
							-89.87159,
							35.637478
						],
						[
							-89.873299,
							35.639076
						],
						[
							-89.873085,
							35.641979
						],
						[
							-89.874794,
							35.643574
						],
						[
							-89.876396,
							35.645176
						],
						[
							-89.876289,
							35.646679
						],
						[
							-89.87809,
							35.646778
						],
						[
							-89.879799,
							35.648373
						],
						[
							-89.881691,
							35.648479
						],
						[
							-89.883293,
							35.649975
						],
						[
							-89.885185,
							35.65007
						],
						[
							-89.886894,
							35.651772
						],
						[
							-89.888588,
							35.653278
						],
						[
							-89.890388,
							35.653473
						],
						[
							-89.892097,
							35.654976
						],
						[
							-89.891899,
							35.656471
						],
						[
							-89.895592,
							35.656673
						],
						[
							-89.89579,
							35.653671
						],
						[
							-89.897789,
							35.652374
						],
						[
							-89.899498,
							35.65387
						],
						[
							-89.899284,
							35.655373
						],
						[
							-89.899193,
							35.656879
						],
						[
							-89.902596,
							35.660072
						],
						[
							-89.904396,
							35.660175
						],
						[
							-89.90609,
							35.661777
						],
						[
							-89.907799,
							35.663273
						],
						[
							-89.911186,
							35.666473
						],
						[
							-89.916588,
							35.666775
						],
						[
							-89.918495,
							35.66687
						],
						[
							-89.920189,
							35.668472
						],
						[
							-89.921989,
							35.668571
						],
						[
							-89.923897,
							35.667179
						],
						[
							-89.924095,
							35.665672
						],
						[
							-89.925789,
							35.667278
						],
						[
							-89.927498,
							35.668869
						],
						[
							-89.929085,
							35.670372
						],
						[
							-89.928993,
							35.671875
						],
						[
							-89.930687,
							35.67347
						],
						[
							-89.930489,
							35.676476
						],
						[
							-89.93029,
							35.677975
						],
						[
							-89.930199,
							35.679474
						],
						[
							-89.929985,
							35.682373
						],
						[
							-89.929787,
							35.683876
						],
						[
							-89.929588,
							35.686874
						],
						[
							-89.931297,
							35.688469
						],
						[
							-89.93119,
							35.689972
						],
						[
							-89.932884,
							35.691475
						],
						[
							-89.934593,
							35.693069
						],
						[
							-89.934494,
							35.694572
						],
						[
							-89.934288,
							35.695976
						],
						[
							-89.934097,
							35.699074
						],
						[
							-89.935799,
							35.700569
						],
						[
							-89.935692,
							35.702072
						],
						[
							-89.933693,
							35.703476
						],
						[
							-89.933586,
							35.704971
						],
						[
							-89.931694,
							35.706276
						],
						[
							-89.931496,
							35.707771
						],
						[
							-89.929588,
							35.709175
						],
						[
							-89.929497,
							35.71067
						],
						[
							-89.927498,
							35.712074
						],
						[
							-89.925591,
							35.71347
						],
						[
							-89.923698,
							35.714874
						],
						[
							-89.921791,
							35.714775
						],
						[
							-89.919899,
							35.716072
						],
						[
							-89.918098,
							35.716072
						],
						[
							-89.916084,
							35.717369
						],
						[
							-89.914299,
							35.71727
						],
						[
							-89.912392,
							35.718674
						],
						[
							-89.910591,
							35.718575
						],
						[
							-89.908592,
							35.719971
						],
						[
							-89.90139,
							35.719574
						],
						[
							-89.897697,
							35.719376
						],
						[
							-89.895897,
							35.719269
						],
						[
							-89.893898,
							35.720673
						],
						[
							-89.890297,
							35.720474
						],
						[
							-89.88839,
							35.72187
						],
						[
							-89.886497,
							35.721771
						],
						[
							-89.88459,
							35.723076
						],
						[
							-89.88279,
							35.722969
						],
						[
							-89.880898,
							35.724373
						],
						[
							-89.87899,
							35.724274
						],
						[
							-89.877098,
							35.72567
						],
						[
							-89.876991,
							35.727173
						],
						[
							-89.874992,
							35.728569
						],
						[
							-89.873085,
							35.729973
						],
						[
							-89.871284,
							35.729874
						],
						[
							-89.869286,
							35.731171
						],
						[
							-89.867485,
							35.731071
						],
						[
							-89.865593,
							35.732475
						],
						[
							-89.863686,
							35.732376
						],
						[
							-89.861794,
							35.733772
						],
						[
							-89.859993,
							35.733673
						],
						[
							-89.858086,
							35.735069
						],
						[
							-89.856194,
							35.73497
						],
						[
							-89.854286,
							35.736374
						],
						[
							-89.850594,
							35.736176
						],
						[
							-89.848686,
							35.737572
						],
						[
							-89.841393,
							35.737175
						],
						[
							-89.839485,
							35.738571
						],
						[
							-89.837685,
							35.738373
						],
						[
							-89.835793,
							35.738274
						],
						[
							-89.835686,
							35.739769
						],
						[
							-89.833794,
							35.741173
						],
						[
							-89.830086,
							35.740974
						],
						[
							-89.828194,
							35.742371
						],
						[
							-89.824486,
							35.742172
						],
						[
							-89.822594,
							35.743576
						],
						[
							-89.820686,
							35.744873
						],
						[
							-89.818886,
							35.744774
						],
						[
							-89.816887,
							35.74617
						],
						[
							-89.815086,
							35.746071
						],
						[
							-89.813087,
							35.747475
						],
						[
							-89.811195,
							35.748871
						],
						[
							-89.809196,
							35.750275
						],
						[
							-89.807289,
							35.751671
						],
						[
							-89.805397,
							35.753075
						],
						[
							-89.803398,
							35.754372
						],
						[
							-89.801491,
							35.755775
						],
						[
							-89.799492,
							35.757172
						],
						[
							-89.797585,
							35.758575
						],
						[
							-89.795784,
							35.758369
						],
						[
							-89.797386,
							35.759972
						],
						[
							-89.797096,
							35.764473
						],
						[
							-89.796898,
							35.767372
						],
						[
							-89.796684,
							35.768974
						],
						[
							-89.796486,
							35.771873
						],
						[
							-89.79425,
							35.773308
						],
						[
							-89.79261,
							35.774956
						],
						[
							-89.790535,
							35.777264
						],
						[
							-89.790039,
							35.779877
						],
						[
							-89.789932,
							35.78236
						],
						[
							-89.78978,
							35.786499
						],
						[
							-89.789345,
							35.791832
						],
						[
							-89.787369,
							35.7952
						],
						[
							-89.784973,
							35.796883
						],
						[
							-89.782135,
							35.798092
						],
						[
							-89.778671,
							35.800098
						],
						[
							-89.774178,
							35.800842
						],
						[
							-89.770576,
							35.801105
						],
						[
							-89.768303,
							35.801212
						],
						[
							-89.76088,
							35.8009
						],
						[
							-89.757484,
							35.800945
						],
						[
							-89.753929,
							35.801743
						],
						[
							-89.751221,
							35.802578
						],
						[
							-89.748779,
							35.804787
						],
						[
							-89.747704,
							35.806389
						],
						[
							-89.745888,
							35.807869
						],
						[
							-89.743996,
							35.809174
						],
						[
							-89.741997,
							35.81057
						],
						[
							-89.740196,
							35.810471
						],
						[
							-89.738197,
							35.811874
						],
						[
							-89.730995,
							35.81147
						],
						[
							-89.729088,
							35.811272
						],
						[
							-89.727287,
							35.811272
						],
						[
							-89.725395,
							35.812675
						],
						[
							-89.723488,
							35.812469
						],
						[
							-89.721687,
							35.81237
						],
						[
							-89.719795,
							35.813774
						],
						[
							-89.719597,
							35.815269
						],
						[
							-89.71949,
							35.816772
						],
						[
							-89.717598,
							35.818176
						],
						[
							-89.717384,
							35.819572
						],
						[
							-89.715492,
							35.820972
						],
						[
							-89.715385,
							35.822472
						],
						[
							-89.715179,
							35.823975
						],
						[
							-89.713295,
							35.825371
						],
						[
							-89.711296,
							35.826675
						],
						[
							-89.709381,
							35.828072
						],
						[
							-89.707489,
							35.829475
						],
						[
							-89.70549,
							35.830872
						],
						[
							-89.703583,
							35.832275
						],
						[
							-89.701584,
							35.833672
						],
						[
							-89.701477,
							35.835075
						],
						[
							-89.701393,
							35.836567
						],
						[
							-89.701195,
							35.838074
						],
						[
							-89.70108,
							35.839569
						],
						[
							-89.702797,
							35.841171
						],
						[
							-89.704491,
							35.842773
						],
						[
							-89.708084,
							35.842972
						],
						[
							-89.709991,
							35.843067
						],
						[
							-89.711784,
							35.843071
						],
						[
							-89.713585,
							35.843269
						],
						[
							-89.717186,
							35.843475
						],
						[
							-89.718895,
							35.84507
						],
						[
							-89.722588,
							35.845276
						],
						[
							-89.724297,
							35.84687
						],
						[
							-89.726097,
							35.84697
						],
						[
							-89.727791,
							35.848572
						],
						[
							-89.729591,
							35.848671
						],
						[
							-89.731285,
							35.85017
						],
						[
							-89.733086,
							35.850368
						],
						[
							-89.734993,
							35.850471
						],
						[
							-89.736687,
							35.851971
						],
						[
							-89.738487,
							35.85207
						],
						[
							-89.740395,
							35.85067
						],
						[
							-89.742088,
							35.852272
						],
						[
							-89.743996,
							35.852367
						],
						[
							-89.745689,
							35.853973
						],
						[
							-89.747398,
							35.855572
						],
						[
							-89.748985,
							35.85717
						],
						[
							-89.748894,
							35.858669
						],
						[
							-89.750587,
							35.860172
						],
						[
							-89.750389,
							35.863174
						],
						[
							-89.752098,
							35.864765
						],
						[
							-89.751884,
							35.866268
						],
						[
							-89.756996,
							35.871071
						],
						[
							-89.75869,
							35.87257
						],
						[
							-89.760399,
							35.874172
						],
						[
							-89.760292,
							35.875668
						],
						[
							-89.761986,
							35.87727
						],
						[
							-89.761894,
							35.878769
						],
						[
							-89.761696,
							35.880268
						],
						[
							-89.76339,
							35.881771
						],
						[
							-89.763191,
							35.884769
						],
						[
							-89.762993,
							35.886272
						],
						[
							-89.761086,
							35.887669
						],
						[
							-89.759193,
							35.889076
						],
						[
							-89.757286,
							35.88887
						],
						[
							-89.755394,
							35.890373
						],
						[
							-89.753395,
							35.891666
						],
						[
							-89.751488,
							35.893074
						],
						[
							-89.751396,
							35.894566
						],
						[
							-89.749397,
							35.89587
						],
						[
							-89.749199,
							35.898869
						],
						[
							-89.748985,
							35.900375
						],
						[
							-89.748695,
							35.904869
						],
						[
							-89.746696,
							35.90617
						],
						[
							-89.744896,
							35.906071
						],
						[
							-89.743095,
							35.906071
						],
						[
							-89.741188,
							35.905972
						],
						[
							-89.739388,
							35.905766
						],
						[
							-89.732094,
							35.905369
						],
						[
							-89.730385,
							35.903767
						],
						[
							-89.728584,
							35.903767
						],
						[
							-89.726799,
							35.903568
						],
						[
							-89.723091,
							35.90337
						],
						[
							-89.721397,
							35.901867
						],
						[
							-89.719597,
							35.901669
						],
						[
							-89.717888,
							35.900169
						],
						[
							-89.716087,
							35.900066
						],
						[
							-89.714394,
							35.898472
						],
						[
							-89.712593,
							35.898365
						],
						[
							-89.710884,
							35.89677
						],
						[
							-89.709099,
							35.896671
						],
						[
							-89.703987,
							35.891872
						],
						[
							-89.702286,
							35.890369
						],
						[
							-89.700584,
							35.888767
						],
						[
							-89.700684,
							35.887276
						],
						[
							-89.697289,
							35.884068
						],
						[
							-89.695488,
							35.883972
						],
						[
							-89.693794,
							35.88237
						],
						[
							-89.692085,
							35.880775
						],
						[
							-89.68869,
							35.877567
						],
						[
							-89.686981,
							35.875969
						],
						[
							-89.685181,
							35.875969
						],
						[
							-89.683495,
							35.874371
						],
						[
							-89.679779,
							35.874176
						],
						[
							-89.677986,
							35.874065
						],
						[
							-89.674377,
							35.873867
						],
						[
							-89.672577,
							35.873669
						],
						[
							-89.670685,
							35.873569
						],
						[
							-89.668785,
							35.874966
						],
						[
							-89.665176,
							35.874771
						],
						[
							-89.661179,
							35.877567
						],
						[
							-89.659286,
							35.878975
						],
						[
							-89.657288,
							35.880268
						],
						[
							-89.655487,
							35.880173
						],
						[
							-89.65358,
							35.881565
						],
						[
							-89.651581,
							35.882969
						],
						[
							-89.649689,
							35.884365
						],
						[
							-89.64949,
							35.885872
						],
						[
							-89.647583,
							35.887165
						],
						[
							-89.645584,
							35.888569
						],
						[
							-89.645477,
							35.890072
						],
						[
							-89.647186,
							35.891666
						],
						[
							-89.646988,
							35.894566
						],
						[
							-89.644989,
							35.895969
						],
						[
							-89.644791,
							35.898968
						],
						[
							-89.644577,
							35.900471
						],
						[
							-89.644379,
							35.903473
						],
						[
							-89.64418,
							35.904865
						],
						[
							-89.645889,
							35.906467
						],
						[
							-89.645691,
							35.909466
						],
						[
							-89.645477,
							35.91087
						],
						[
							-89.645386,
							35.912472
						],
						[
							-89.647079,
							35.913967
						],
						[
							-89.646881,
							35.916965
						],
						[
							-89.646683,
							35.918468
						],
						[
							-89.648376,
							35.920071
						],
						[
							-89.650085,
							35.921665
						],
						[
							-89.651978,
							35.921772
						],
						[
							-89.65358,
							35.923267
						],
						[
							-89.653488,
							35.92477
						],
						[
							-89.655182,
							35.926365
						],
						[
							-89.65509,
							35.927868
						],
						[
							-89.656784,
							35.92947
						],
						[
							-89.660385,
							35.929668
						],
						[
							-89.662079,
							35.931271
						],
						[
							-89.663788,
							35.932865
						],
						[
							-89.665588,
							35.932865
						],
						[
							-89.66748,
							35.933071
						],
						[
							-89.669189,
							35.934666
						],
						[
							-89.67099,
							35.934765
						],
						[
							-89.672684,
							35.936268
						],
						[
							-89.674377,
							35.93787
						],
						[
							-89.679489,
							35.942669
						],
						[
							-89.683098,
							35.942867
						],
						[
							-89.686485,
							35.946072
						],
						[
							-89.686386,
							35.947567
						],
						[
							-89.68808,
							35.949169
						],
						[
							-89.687988,
							35.950565
						],
						[
							-89.689598,
							35.952168
						],
						[
							-89.689384,
							35.955166
						],
						[
							-89.691086,
							35.956669
						],
						[
							-89.692787,
							35.95837
						],
						[
							-89.692688,
							35.959866
						],
						[
							-89.69249,
							35.961269
						],
						[
							-89.692383,
							35.962772
						],
						[
							-89.694084,
							35.964367
						],
						[
							-89.693993,
							35.96587
						],
						[
							-89.693878,
							35.967365
						],
						[
							-89.693687,
							35.968769
						],
						[
							-89.695396,
							35.970371
						],
						[
							-89.695198,
							35.97337
						],
						[
							-89.698578,
							35.976566
						],
						[
							-89.696587,
							35.977871
						],
						[
							-89.696487,
							35.979366
						],
						[
							-89.698189,
							35.980968
						],
						[
							-89.698097,
							35.982471
						],
						[
							-89.697899,
							35.983967
						],
						[
							-89.697792,
							35.98547
						],
						[
							-89.699486,
							35.987072
						],
						[
							-89.699287,
							35.989971
						],
						[
							-89.699089,
							35.991467
						],
						[
							-89.700798,
							35.993069
						],
						[
							-89.700584,
							35.996067
						],
						[
							-89.700378,
							35.997471
						],
						[
							-89.700294,
							35.999065
						],
						[
							-89.700096,
							36.001972
						],
						[
							-89.699898,
							36.003468
						],
						[
							-89.699684,
							36.006367
						],
						[
							-89.699478,
							36.007969
						],
						[
							-89.699196,
							36.012272
						],
						[
							-89.697197,
							36.013767
						],
						[
							-89.69709,
							36.01527
						],
						[
							-89.698799,
							36.016766
						],
						[
							-89.698692,
							36.018269
						],
						[
							-89.698494,
							36.019768
						],
						[
							-89.698387,
							36.021267
						],
						[
							-89.696495,
							36.022572
						],
						[
							-89.696297,
							36.024067
						],
						[
							-89.694389,
							36.025471
						],
						[
							-89.69239,
							36.026867
						],
						[
							-89.692299,
							36.02837
						],
						[
							-89.690285,
							36.029766
						],
						[
							-89.689995,
							36.034168
						],
						[
							-89.689796,
							36.035671
						],
						[
							-89.68969,
							36.037167
						],
						[
							-89.68779,
							36.03857
						],
						[
							-89.687584,
							36.039967
						],
						[
							-89.687492,
							36.041565
						],
						[
							-89.687386,
							36.042965
						],
						[
							-89.689095,
							36.044563
						],
						[
							-89.688988,
							36.04607
						],
						[
							-89.688789,
							36.047565
						],
						[
							-89.686897,
							36.04887
						],
						[
							-89.684898,
							36.050266
						],
						[
							-89.684792,
							36.051765
						],
						[
							-89.682785,
							36.053165
						],
						[
							-89.680885,
							36.054565
						],
						[
							-89.678879,
							36.055866
						],
						[
							-89.677078,
							36.055862
						],
						[
							-89.675278,
							36.055664
						],
						[
							-89.673286,
							36.057171
						],
						[
							-89.673187,
							36.058567
						],
						[
							-89.671196,
							36.059971
						],
						[
							-89.671089,
							36.061466
						],
						[
							-89.672798,
							36.063065
						],
						[
							-89.674484,
							36.064667
						],
						[
							-89.676178,
							36.066162
						],
						[
							-89.677887,
							36.067768
						],
						[
							-89.677696,
							36.070763
						],
						[
							-89.675697,
							36.072166
						],
						[
							-89.677383,
							36.073769
						],
						[
							-89.677277,
							36.075169
						],
						[
							-89.675285,
							36.076572
						],
						[
							-89.675194,
							36.078064
						],
						[
							-89.673187,
							36.079468
						],
						[
							-89.672997,
							36.082371
						],
						[
							-89.670998,
							36.083763
						],
						[
							-89.670891,
							36.085266
						],
						[
							-89.668892,
							36.086662
						],
						[
							-89.666977,
							36.08807
						],
						[
							-89.666885,
							36.089561
						],
						[
							-89.664894,
							36.090965
						],
						[
							-89.662987,
							36.092262
						],
						[
							-89.661087,
							36.092163
						],
						[
							-89.659187,
							36.093567
						],
						[
							-89.657379,
							36.093468
						],
						[
							-89.657181,
							36.094963
						],
						[
							-89.651688,
							36.094666
						],
						[
							-89.64978,
							36.096062
						],
						[
							-89.647781,
							36.097366
						],
						[
							-89.642288,
							36.097061
						],
						[
							-89.640381,
							36.098465
						],
						[
							-89.63839,
							36.099762
						],
						[
							-89.636581,
							36.099663
						],
						[
							-89.634781,
							36.099663
						],
						[
							-89.63298,
							36.099464
						],
						[
							-89.630981,
							36.100967
						],
						[
							-89.628983,
							36.102264
						],
						[
							-89.628784,
							36.105263
						],
						[
							-89.626785,
							36.106667
						],
						[
							-89.624985,
							36.106567
						],
						[
							-89.622986,
							36.107864
						],
						[
							-89.622879,
							36.109367
						],
						[
							-89.62088,
							36.110764
						],
						[
							-89.618988,
							36.112167
						],
						[
							-89.617187,
							36.112068
						],
						[
							-89.615189,
							36.113464
						],
						[
							-89.611588,
							36.113266
						],
						[
							-89.609589,
							36.114563
						],
						[
							-89.607788,
							36.114464
						],
						[
							-89.60379,
							36.117264
						],
						[
							-89.601883,
							36.118668
						],
						[
							-89.600082,
							36.118568
						],
						[
							-89.599884,
							36.119965
						],
						[
							-89.597977,
							36.121368
						],
						[
							-89.595978,
							36.122765
						],
						[
							-89.594177,
							36.122665
						],
						[
							-89.592178,
							36.124062
						],
						[
							-89.592087,
							36.125565
						],
						[
							-89.590179,
							36.126862
						],
						[
							-89.588181,
							36.128265
						],
						[
							-89.588089,
							36.129768
						],
						[
							-89.58609,
							36.131165
						],
						[
							-89.584091,
							36.132462
						],
						[
							-89.582184,
							36.133865
						],
						[
							-89.582077,
							36.135368
						],
						[
							-89.580078,
							36.136765
						],
						[
							-89.578384,
							36.135162
						],
						[
							-89.576385,
							36.136566
						],
						[
							-89.576187,
							36.139565
						],
						[
							-89.574387,
							36.139366
						],
						[
							-89.574188,
							36.140862
						],
						[
							-89.57399,
							36.143867
						],
						[
							-89.575684,
							36.145462
						],
						[
							-89.575485,
							36.146965
						],
						[
							-89.575287,
							36.149864
						],
						[
							-89.576981,
							36.151466
						],
						[
							-89.576889,
							36.152962
						],
						[
							-89.578583,
							36.154564
						],
						[
							-89.578384,
							36.156067
						],
						[
							-89.580078,
							36.157661
						],
						[
							-89.579987,
							36.159065
						],
						[
							-89.581787,
							36.159264
						],
						[
							-89.583481,
							36.160767
						],
						[
							-89.58519,
							36.162468
						],
						[
							-89.585083,
							36.163864
						],
						[
							-89.586777,
							36.165466
						],
						[
							-89.586685,
							36.166962
						],
						[
							-89.588379,
							36.168564
						],
						[
							-89.588181,
							36.169968
						],
						[
							-89.588089,
							36.171562
						],
						[
							-89.587982,
							36.172966
						],
						[
							-89.587784,
							36.174461
						],
						[
							-89.589478,
							36.176064
						],
						[
							-89.589386,
							36.177567
						],
						[
							-89.59108,
							36.179161
						],
						[
							-89.590881,
							36.182068
						],
						[
							-89.59259,
							36.183662
						],
						[
							-89.594177,
							36.185265
						],
						[
							-89.595978,
							36.186867
						],
						[
							-89.597687,
							36.188461
						],
						[
							-89.601089,
							36.191666
						],
						[
							-89.600891,
							36.193062
						],
						[
							-89.602676,
							36.194664
						],
						[
							-89.604477,
							36.194862
						],
						[
							-89.606186,
							36.196365
						],
						[
							-89.60788,
							36.197968
						],
						[
							-89.609589,
							36.199562
						],
						[
							-89.612991,
							36.202766
						],
						[
							-89.614777,
							36.202866
						],
						[
							-89.616486,
							36.204369
						],
						[
							-89.618286,
							36.204563
						],
						[
							-89.61998,
							36.206161
						],
						[
							-89.621887,
							36.206268
						],
						[
							-89.623581,
							36.207863
						],
						[
							-89.632698,
							36.208366
						],
						[
							-89.634689,
							36.206959
						],
						[
							-89.63829,
							36.207169
						],
						[
							-89.640297,
							36.205761
						],
						[
							-89.64209,
							36.205963
						],
						[
							-89.645782,
							36.206161
						],
						[
							-89.647499,
							36.207664
						],
						[
							-89.649277,
							36.207863
						],
						[
							-89.650993,
							36.209362
						],
						[
							-89.654686,
							36.209564
						],
						[
							-89.658089,
							36.212769
						],
						[
							-89.659889,
							36.212868
						],
						[
							-89.661598,
							36.214458
						],
						[
							-89.663292,
							36.216061
						],
						[
							-89.665184,
							36.216164
						],
						[
							-89.666893,
							36.217762
						],
						[
							-89.668694,
							36.217865
						],
						[
							-89.670387,
							36.219467
						],
						[
							-89.672096,
							36.221062
						],
						[
							-89.673897,
							36.221058
						],
						[
							-89.675591,
							36.222763
						],
						[
							-89.675499,
							36.224167
						],
						[
							-89.677193,
							36.225761
						],
						[
							-89.676994,
							36.228767
						],
						[
							-89.676796,
							36.230263
						],
						[
							-89.676689,
							36.231667
						],
						[
							-89.674797,
							36.233063
						],
						[
							-89.674599,
							36.234562
						],
						[
							-89.672585,
							36.235962
						],
						[
							-89.670784,
							36.235859
						],
						[
							-89.670692,
							36.237362
						],
						[
							-89.668694,
							36.238762
						],
						[
							-89.666786,
							36.240063
						],
						[
							-89.664787,
							36.241463
						],
						[
							-89.662987,
							36.24136
						],
						[
							-89.655586,
							36.240967
						],
						[
							-89.650185,
							36.240662
						],
						[
							-89.648186,
							36.242065
						],
						[
							-89.646492,
							36.240463
						],
						[
							-89.644691,
							36.24036
						],
						[
							-89.642998,
							36.238758
						],
						[
							-89.641281,
							36.237164
						],
						[
							-89.639587,
							36.235565
						],
						[
							-89.637878,
							36.234058
						],
						[
							-89.635986,
							36.233864
						],
						[
							-89.634277,
							36.232262
						],
						[
							-89.632477,
							36.232159
						],
						[
							-89.630478,
							36.233562
						],
						[
							-89.630386,
							36.235062
						],
						[
							-89.628387,
							36.236465
						],
						[
							-89.624786,
							36.236263
						],
						[
							-89.622879,
							36.236168
						],
						[
							-89.620987,
							36.237465
						],
						[
							-89.617279,
							36.237267
						],
						[
							-89.609985,
							36.236858
						],
						[
							-89.600784,
							36.236366
						],
						[
							-89.598877,
							36.237762
						],
						[
							-89.597076,
							36.23756
						],
						[
							-89.595184,
							36.237564
						],
						[
							-89.591583,
							36.237362
						],
						[
							-89.589691,
							36.237164
						],
						[
							-89.587784,
							36.238564
						],
						[
							-89.585785,
							36.239967
						],
						[
							-89.578491,
							36.239559
						],
						[
							-89.576477,
							36.240868
						],
						[
							-89.574585,
							36.24226
						],
						[
							-89.572678,
							36.242165
						],
						[
							-89.570786,
							36.243568
						],
						[
							-89.568787,
							36.244961
						],
						[
							-89.566788,
							36.246262
						],
						[
							-89.56488,
							36.247765
						],
						[
							-89.562881,
							36.249062
						],
						[
							-89.553787,
							36.248562
						],
						[
							-89.550079,
							36.248363
						],
						[
							-89.548386,
							36.246761
						],
						[
							-89.546387,
							36.248158
						],
						[
							-89.539078,
							36.247765
						],
						[
							-89.537079,
							36.249062
						],
						[
							-89.535278,
							36.248959
						],
						[
							-89.533386,
							36.250366
						],
						[
							-89.531479,
							36.250263
						],
						[
							-89.529587,
							36.251659
						],
						[
							-89.529388,
							36.253067
						],
						[
							-89.529282,
							36.254559
						],
						[
							-89.527283,
							36.255962
						],
						[
							-89.527191,
							36.257462
						],
						[
							-89.526978,
							36.260365
						],
						[
							-89.526779,
							36.261963
						],
						[
							-89.526581,
							36.264858
						],
						[
							-89.526382,
							36.266361
						],
						[
							-89.528091,
							36.267967
						],
						[
							-89.527985,
							36.269463
						],
						[
							-89.529678,
							36.271065
						],
						[
							-89.529587,
							36.272568
						],
						[
							-89.531281,
							36.274059
						],
						[
							-89.53299,
							36.275661
						],
						[
							-89.536377,
							36.278862
						],
						[
							-89.541489,
							36.283669
						],
						[
							-89.543289,
							36.283764
						],
						[
							-89.544983,
							36.285358
						],
						[
							-89.54689,
							36.285458
						],
						[
							-89.550278,
							36.288662
						],
						[
							-89.551987,
							36.290157
						],
						[
							-89.553787,
							36.290367
						],
						[
							-89.555481,
							36.291859
						],
						[
							-89.55719,
							36.293461
						],
						[
							-89.560577,
							36.296658
						],
						[
							-89.562378,
							36.296764
						],
						[
							-89.564087,
							36.298359
						],
						[
							-89.565979,
							36.298458
						],
						[
							-89.569382,
							36.301662
						],
						[
							-89.571182,
							36.301762
						],
						[
							-89.574585,
							36.304958
						],
						[
							-89.578278,
							36.305164
						],
						[
							-89.580185,
							36.303761
						],
						[
							-89.587585,
							36.304157
						],
						[
							-89.592682,
							36.308964
						],
						[
							-89.592484,
							36.310459
						],
						[
							-89.594177,
							36.311962
						],
						[
							-89.593979,
							36.31496
						],
						[
							-89.595688,
							36.316563
						],
						[
							-89.595581,
							36.318058
						],
						[
							-89.595383,
							36.319561
						],
						[
							-89.595078,
							36.323963
						],
						[
							-89.59668,
							36.325558
						],
						[
							-89.596588,
							36.327061
						],
						[
							-89.594681,
							36.328465
						],
						[
							-89.594589,
							36.32996
						],
						[
							-89.59259,
							36.331264
						],
						[
							-89.592377,
							36.33276
						],
						[
							-89.590485,
							36.334164
						],
						[
							-89.588486,
							36.33556
						],
						[
							-89.586685,
							36.335461
						],
						[
							-89.584686,
							36.336864
						],
						[
							-89.582886,
							36.336758
						],
						[
							-89.580887,
							36.338062
						],
						[
							-89.575378,
							36.337765
						],
						[
							-89.573486,
							36.339161
						],
						[
							-89.567978,
							36.338863
						],
						[
							-89.566177,
							36.337261
						],
						[
							-89.558884,
							36.336864
						],
						[
							-89.55719,
							36.335262
						],
						[
							-89.555191,
							36.336559
						],
						[
							-89.553391,
							36.336559
						],
						[
							-89.55159,
							36.33646
						],
						[
							-89.549683,
							36.336262
						],
						[
							-89.544189,
							36.335964
						],
						[
							-89.538788,
							36.335659
						],
						[
							-89.536987,
							36.334064
						],
						[
							-89.53508,
							36.335461
						],
						[
							-89.533081,
							36.336864
						],
						[
							-89.531281,
							36.336758
						],
						[
							-89.529388,
							36.336559
						],
						[
							-89.527481,
							36.337963
						],
						[
							-89.525482,
							36.339359
						],
						[
							-89.52359,
							36.340763
						],
						[
							-89.521591,
							36.342159
						],
						[
							-89.521484,
							36.343662
						],
						[
							-89.519485,
							36.344959
						],
						[
							-89.519379,
							36.346462
						],
						[
							-89.51918,
							36.347958
						],
						[
							-89.519089,
							36.349461
						],
						[
							-89.51709,
							36.350864
						],
						[
							-89.515182,
							36.352261
						],
						[
							-89.514984,
							36.353664
						],
						[
							-89.513077,
							36.355061
						],
						[
							-89.512878,
							36.356564
						],
						[
							-89.510986,
							36.35796
						],
						[
							-89.510788,
							36.359364
						],
						[
							-89.508881,
							36.36076
						],
						[
							-89.508789,
							36.362263
						],
						[
							-89.50679,
							36.363659
						],
						[
							-89.508484,
							36.365261
						],
						[
							-89.508377,
							36.366764
						],
						[
							-89.506378,
							36.368061
						],
						[
							-89.506287,
							36.369564
						],
						[
							-89.506088,
							36.371059
						],
						[
							-89.50589,
							36.374058
						],
						[
							-89.503891,
							36.375462
						],
						[
							-89.503784,
							36.376858
						],
						[
							-89.501785,
							36.378262
						],
						[
							-89.503479,
							36.379864
						],
						[
							-89.50148,
							36.38126
						],
						[
							-89.499588,
							36.382664
						],
						[
							-89.497589,
							36.383961
						],
						[
							-89.497482,
							36.385464
						],
						[
							-89.495483,
							36.38686
						],
						[
							-89.495377,
							36.388363
						],
						[
							-89.495178,
							36.389858
						],
						[
							-89.494888,
							36.39426
						],
						[
							-89.49649,
							36.395863
						],
						[
							-89.496277,
							36.398857
						],
						[
							-89.496185,
							36.40036
						],
						[
							-89.495987,
							36.401756
						],
						[
							-89.495789,
							36.404755
						],
						[
							-89.499191,
							36.407963
						],
						[
							-89.498978,
							36.409458
						],
						[
							-89.50238,
							36.412659
						],
						[
							-89.502182,
							36.415562
						],
						[
							-89.503891,
							36.417164
						],
						[
							-89.503784,
							36.418659
						],
						[
							-89.503586,
							36.420158
						],
						[
							-89.503387,
							36.423058
						],
						[
							-89.503189,
							36.424564
						],
						[
							-89.503082,
							36.42606
						],
						[
							-89.504883,
							36.426155
						],
						[
							-89.506577,
							36.427761
						],
						[
							-89.506485,
							36.429264
						],
						[
							-89.509888,
							36.432457
						],
						[
							-89.509781,
							36.433861
						],
						[
							-89.51149,
							36.435455
						],
						[
							-89.514877,
							36.438663
						],
						[
							-89.514786,
							36.440155
						],
						[
							-89.516479,
							36.441761
						],
						[
							-89.51828,
							36.441856
						],
						[
							-89.519989,
							36.443459
						],
						[
							-89.519791,
							36.446457
						],
						[
							-89.519577,
							36.447861
						],
						[
							-89.519485,
							36.44936
						],
						[
							-89.521286,
							36.449455
						],
						[
							-89.52298,
							36.451061
						],
						[
							-89.522888,
							36.452564
						],
						[
							-89.524582,
							36.454155
						],
						[
							-89.522583,
							36.45546
						],
						[
							-89.522491,
							36.456955
						],
						[
							-89.520477,
							36.458359
						],
						[
							-89.522278,
							36.459965
						],
						[
							-89.522079,
							36.461456
						],
						[
							-89.520081,
							36.46286
						],
						[
							-89.519882,
							36.465858
						],
						[
							-89.518082,
							36.46566
						],
						[
							-89.517883,
							36.467155
						],
						[
							-89.517776,
							36.468658
						],
						[
							-89.515778,
							36.470055
						],
						[
							-89.515579,
							36.472954
						],
						[
							-89.515381,
							36.474457
						],
						[
							-89.51709,
							36.476059
						],
						[
							-89.516891,
							36.479057
						],
						[
							-89.516678,
							36.48056
						],
						[
							-89.516388,
							36.484955
						],
						[
							-89.51619,
							36.486458
						],
						[
							-89.517883,
							36.48806
						],
						[
							-89.517776,
							36.489555
						],
						[
							-89.521179,
							36.49276
						],
						[
							-89.522888,
							36.494354
						],
						[
							-89.524582,
							36.495956
						],
						[
							-89.526291,
							36.497459
						],
						[
							-89.529678,
							36.500656
						],
						[
							-89.529388,
							36.505157
						],
						[
							-89.52919,
							36.50666
						],
						[
							-89.529083,
							36.508057
						],
						[
							-89.530777,
							36.509659
						],
						[
							-89.53418,
							36.512856
						],
						[
							-89.534088,
							36.514359
						],
						[
							-89.53389,
							36.515854
						],
						[
							-89.533691,
							36.518761
						],
						[
							-89.533478,
							36.520256
						],
						[
							-89.533386,
							36.521759
						],
						[
							-89.53508,
							36.523254
						],
						[
							-89.534988,
							36.524857
						],
						[
							-89.534882,
							36.52626
						],
						[
							-89.534683,
							36.527855
						],
						[
							-89.534576,
							36.529358
						],
						[
							-89.536285,
							36.530861
						],
						[
							-89.536179,
							36.532356
						],
						[
							-89.53598,
							36.533859
						],
						[
							-89.535782,
							36.536858
						],
						[
							-89.535583,
							36.538254
						],
						[
							-89.535278,
							36.542755
						],
						[
							-89.53508,
							36.544258
						],
						[
							-89.534882,
							36.547157
						],
						[
							-89.534683,
							36.54866
						],
						[
							-89.534485,
							36.551655
						],
						[
							-89.534286,
							36.553154
						],
						[
							-89.53418,
							36.554558
						],
						[
							-89.534088,
							36.556156
						],
						[
							-89.53389,
							36.557552
						],
						[
							-89.533691,
							36.560551
						],
						[
							-89.533478,
							36.562054
						],
						[
							-89.533188,
							36.566456
						],
						[
							-89.53299,
							36.567955
						],
						[
							-89.532791,
							36.570957
						],
						[
							-89.532578,
							36.572456
						],
						[
							-89.532379,
							36.575451
						],
						[
							-89.532181,
							36.576859
						],
						[
							-89.531891,
							36.58136
						],
						[
							-89.528183,
							36.58115
						],
						[
							-89.526184,
							36.582554
						],
						[
							-89.524277,
							36.582355
						],
						[
							-89.515182,
							36.581852
						],
						[
							-89.513489,
							36.580254
						],
						[
							-89.506088,
							36.579857
						],
						[
							-89.504379,
							36.578255
						],
						[
							-89.500687,
							36.578053
						],
						[
							-89.498978,
							36.576454
						],
						[
							-89.496979,
							36.577858
						],
						[
							-89.495285,
							36.576153
						],
						[
							-89.493591,
							36.57465
						],
						[
							-89.491791,
							36.574554
						],
						[
							-89.488388,
							36.571354
						],
						[
							-89.486588,
							36.569756
						],
						[
							-89.484879,
							36.568161
						],
						[
							-89.483078,
							36.568054
						],
						[
							-89.479691,
							36.564857
						],
						[
							-89.477783,
							36.564758
						],
						[
							-89.476089,
							36.563156
						],
						[
							-89.47438,
							36.561661
						],
						[
							-89.474579,
							36.560059
						],
						[
							-89.472778,
							36.558556
						],
						[
							-89.471191,
							36.55695
						],
						[
							-89.471283,
							36.555458
						],
						[
							-89.469589,
							36.553856
						],
						[
							-89.469681,
							36.552361
						],
						[
							-89.466278,
							36.549152
						],
						[
							-89.466385,
							36.547661
						],
						[
							-89.464691,
							36.546158
						],
						[
							-89.46489,
							36.544655
						],
						[
							-89.463181,
							36.54306
						],
						[
							-89.46138,
							36.541458
						],
						[
							-89.461578,
							36.539955
						],
						[
							-89.459885,
							36.538361
						],
						[
							-89.459991,
							36.536957
						],
						[
							-89.456589,
							36.53376
						],
						[
							-89.45668,
							36.532257
						],
						[
							-89.456879,
							36.530754
						],
						[
							-89.456985,
							36.529358
						],
						[
							-89.457077,
							36.527756
						],
						[
							-89.457291,
							36.52626
						],
						[
							-89.457489,
							36.523254
						],
						[
							-89.457687,
							36.521858
						],
						[
							-89.457977,
							36.517357
						],
						[
							-89.458191,
							36.515854
						],
						[
							-89.458282,
							36.514458
						],
						[
							-89.46228,
							36.511658
						],
						[
							-89.462387,
							36.510155
						],
						[
							-89.464386,
							36.508858
						],
						[
							-89.466278,
							36.507454
						],
						[
							-89.470291,
							36.504654
						],
						[
							-89.472183,
							36.503357
						],
						[
							-89.472382,
							36.501854
						],
						[
							-89.474289,
							36.500458
						],
						[
							-89.476181,
							36.500557
						],
						[
							-89.47818,
							36.499161
						],
						[
							-89.480087,
							36.497856
						],
						[
							-89.484085,
							36.495056
						],
						[
							-89.485977,
							36.49366
						],
						[
							-89.487991,
							36.492256
						],
						[
							-89.488083,
							36.490761
						],
						[
							-89.486389,
							36.489258
						],
						[
							-89.488388,
							36.487854
						],
						[
							-89.48848,
							36.486359
						],
						[
							-89.488678,
							36.484856
						],
						[
							-89.488876,
							36.481956
						],
						[
							-89.48909,
							36.480453
						],
						[
							-89.48938,
							36.47596
						],
						[
							-89.489578,
							36.474556
						],
						[
							-89.487885,
							36.472855
						],
						[
							-89.487991,
							36.471458
						],
						[
							-89.488083,
							36.469856
						],
						[
							-89.486389,
							36.468361
						],
						[
							-89.484589,
							36.468254
						],
						[
							-89.48288,
							36.46666
						],
						[
							-89.480988,
							36.46656
						],
						[
							-89.479279,
							36.464958
						],
						[
							-89.475677,
							36.46476
						],
						[
							-89.473679,
							36.466156
						],
						[
							-89.471878,
							36.466057
						],
						[
							-89.469986,
							36.465858
						],
						[
							-89.468185,
							36.465858
						],
						[
							-89.466187,
							36.467155
						],
						[
							-89.462479,
							36.466957
						],
						[
							-89.460587,
							36.468361
						],
						[
							-89.456879,
							36.468155
						],
						[
							-89.456787,
							36.469559
						],
						[
							-89.454788,
							36.471054
						],
						[
							-89.454681,
							36.472462
						],
						[
							-89.450684,
							36.475258
						],
						[
							-89.448883,
							36.47506
						],
						[
							-89.448792,
							36.476654
						],
						[
							-89.446777,
							36.477959
						],
						[
							-89.445084,
							36.476357
						],
						[
							-89.443192,
							36.476257
						],
						[
							-89.441589,
							36.474655
						],
						[
							-89.43959,
							36.476059
						],
						[
							-89.437683,
							36.47596
						],
						[
							-89.435791,
							36.477257
						],
						[
							-89.433777,
							36.478661
						],
						[
							-89.433685,
							36.480156
						],
						[
							-89.433487,
							36.481659
						],
						[
							-89.43158,
							36.483055
						],
						[
							-89.431381,
							36.484558
						],
						[
							-89.429489,
							36.485855
						],
						[
							-89.429291,
							36.487358
						],
						[
							-89.427383,
							36.488754
						],
						[
							-89.427185,
							36.490257
						],
						[
							-89.425278,
							36.491554
						],
						[
							-89.425079,
							36.493156
						],
						[
							-89.42308,
							36.494453
						],
						[
							-89.422882,
							36.497459
						],
						[
							-89.424591,
							36.499054
						],
						[
							-89.424377,
							36.500557
						],
						[
							-89.422485,
							36.501961
						],
						[
							-89.422379,
							36.503357
						],
						[
							-89.42218,
							36.50486
						],
						[
							-89.422089,
							36.506355
						],
						[
							-89.42189,
							36.507759
						],
						[
							-89.421677,
							36.510757
						],
						[
							-89.421585,
							36.51226
						],
						[
							-89.421387,
							36.513756
						],
						[
							-89.42308,
							36.515358
						],
						[
							-89.421188,
							36.516754
						],
						[
							-89.42099,
							36.518257
						],
						[
							-89.420883,
							36.519661
						],
						[
							-89.418884,
							36.521057
						],
						[
							-89.418777,
							36.52256
						],
						[
							-89.418579,
							36.524055
						],
						[
							-89.418488,
							36.525558
						],
						[
							-89.416489,
							36.526855
						],
						[
							-89.41629,
							36.529854
						],
						[
							-89.416077,
							36.531357
						],
						[
							-89.415878,
							36.534355
						],
						[
							-89.413879,
							36.535759
						],
						[
							-89.413788,
							36.537155
						],
						[
							-89.411789,
							36.538559
						],
						[
							-89.411682,
							36.540054
						],
						[
							-89.409683,
							36.541458
						],
						[
							-89.409576,
							36.542854
						],
						[
							-89.407578,
							36.544258
						],
						[
							-89.407379,
							36.545753
						],
						[
							-89.407181,
							36.548759
						],
						[
							-89.405182,
							36.550156
						],
						[
							-89.40509,
							36.551559
						],
						[
							-89.404877,
							36.553055
						],
						[
							-89.402985,
							36.554459
						],
						[
							-89.402878,
							36.555954
						],
						[
							-89.402679,
							36.557358
						],
						[
							-89.400681,
							36.55875
						],
						[
							-89.40239,
							36.560356
						],
						[
							-89.402283,
							36.561859
						],
						[
							-89.400284,
							36.563251
						],
						[
							-89.400177,
							36.564758
						],
						[
							-89.398178,
							36.566154
						],
						[
							-89.398087,
							36.567558
						],
						[
							-89.394089,
							36.570358
						],
						[
							-89.393982,
							36.571854
						],
						[
							-89.391983,
							36.573257
						],
						[
							-89.391785,
							36.576157
						],
						[
							-89.389786,
							36.577557
						],
						[
							-89.387787,
							36.578854
						],
						[
							-89.385788,
							36.580254
						],
						[
							-89.378479,
							36.579857
						],
						[
							-89.376259,
							36.583576
						],
						[
							-89.374367,
							36.584991
						],
						[
							-89.372749,
							36.587059
						],
						[
							-89.368561,
							36.590885
						],
						[
							-89.365112,
							36.593613
						],
						[
							-89.362679,
							36.59766
						],
						[
							-89.357704,
							36.601315
						],
						[
							-89.355347,
							36.606255
						],
						[
							-89.34935,
							36.612389
						],
						[
							-89.343109,
							36.614075
						],
						[
							-89.338806,
							36.615608
						],
						[
							-89.332062,
							36.615742
						],
						[
							-89.327499,
							36.614727
						],
						[
							-89.322075,
							36.612652
						],
						[
							-89.318169,
							36.611546
						],
						[
							-89.314957,
							36.609844
						],
						[
							-89.311661,
							36.609028
						],
						[
							-89.309143,
							36.608505
						],
						[
							-89.307579,
							36.606956
						],
						[
							-89.307671,
							36.605556
						],
						[
							-89.307869,
							36.604053
						],
						[
							-89.304482,
							36.600857
						],
						[
							-89.302773,
							36.599258
						],
						[
							-89.302979,
							36.596256
						],
						[
							-89.301277,
							36.594658
						],
						[
							-89.301369,
							36.593254
						],
						[
							-89.299683,
							36.59156
						],
						[
							-89.299873,
							36.590054
						],
						[
							-89.29818,
							36.588554
						],
						[
							-89.296471,
							36.58696
						],
						[
							-89.296577,
							36.585453
						],
						[
							-89.293175,
							36.58226
						],
						[
							-89.291481,
							36.580757
						],
						[
							-89.289772,
							36.579052
						],
						[
							-89.288078,
							36.577454
						],
						[
							-89.28817,
							36.576054
						],
						[
							-89.286476,
							36.574356
						],
						[
							-89.284782,
							36.572754
						],
						[
							-89.283073,
							36.571259
						],
						[
							-89.28138,
							36.569656
						],
						[
							-89.279579,
							36.569557
						],
						[
							-89.27787,
							36.567955
						],
						[
							-89.276176,
							36.566254
						],
						[
							-89.274483,
							36.564758
						],
						[
							-89.272774,
							36.563156
						],
						[
							-89.270882,
							36.563057
						],
						[
							-89.269173,
							36.561455
						],
						[
							-89.267372,
							36.561256
						],
						[
							-89.265678,
							36.559654
						],
						[
							-89.263771,
							36.559654
						],
						[
							-89.262077,
							36.55806
						],
						[
							-89.26017,
							36.559456
						],
						[
							-89.258278,
							36.559258
						],
						[
							-89.256477,
							36.559258
						],
						[
							-89.25457,
							36.559059
						],
						[
							-89.250969,
							36.558861
						],
						[
							-89.24897,
							36.560257
						],
						[
							-89.247169,
							36.560059
						],
						[
							-89.245277,
							36.559959
						],
						[
							-89.243279,
							36.561356
						],
						[
							-89.241478,
							36.561256
						],
						[
							-89.239479,
							36.56266
						],
						[
							-89.237572,
							36.564053
						],
						[
							-89.23568,
							36.563957
						],
						[
							-89.233879,
							36.563759
						],
						[
							-89.23188,
							36.565155
						],
						[
							-89.226372,
							36.564857
						],
						[
							-89.224373,
							36.566254
						],
						[
							-89.222572,
							36.566154
						],
						[
							-89.22068,
							36.565956
						],
						[
							-89.220573,
							36.567459
						],
						[
							-89.218575,
							36.568855
						],
						[
							-89.216576,
							36.57016
						],
						[
							-89.216377,
							36.573158
						],
						[
							-89.216179,
							36.574654
						],
						[
							-89.215981,
							36.57766
						],
						[
							-89.215782,
							36.579155
						],
						[
							-89.213783,
							36.58046
						],
						[
							-89.21357,
							36.583454
						],
						[
							-89.213371,
							36.584961
						],
						[
							-89.211372,
							36.586254
						],
						[
							-89.211281,
							36.587757
						],
						[
							-89.209282,
							36.589157
						],
						[
							-89.209084,
							36.592152
						],
						[
							-89.207069,
							36.593559
						],
						[
							-89.206871,
							36.594955
						],
						[
							-89.206779,
							36.596458
						],
						[
							-89.204781,
							36.597851
						],
						[
							-89.204582,
							36.600861
						],
						[
							-89.202583,
							36.602154
						],
						[
							-89.20237,
							36.603657
						],
						[
							-89.204079,
							36.605255
						],
						[
							-89.203972,
							36.606754
						],
						[
							-89.201973,
							36.608055
						],
						[
							-89.201881,
							36.609653
						],
						[
							-89.201683,
							36.61105
						],
						[
							-89.201576,
							36.612556
						],
						[
							-89.199577,
							36.61396
						],
						[
							-89.199379,
							36.616856
						],
						[
							-89.19738,
							36.618252
						],
						[
							-89.197182,
							36.619755
						],
						[
							-89.197075,
							36.62125
						],
						[
							-89.195076,
							36.622654
						],
						[
							-89.194969,
							36.62405
						],
						[
							-89.190971,
							36.626854
						],
						[
							-89.19088,
							36.628353
						],
						[
							-89.188881,
							36.629757
						],
						[
							-89.188774,
							36.631157
						],
						[
							-89.184776,
							36.633957
						],
						[
							-89.182777,
							36.63525
						],
						[
							-89.182671,
							36.636757
						],
						[
							-89.182472,
							36.638256
						],
						[
							-89.18058,
							36.639652
						],
						[
							-89.178581,
							36.641056
						],
						[
							-89.176582,
							36.642353
						],
						[
							-89.174782,
							36.642353
						],
						[
							-89.172783,
							36.643654
						],
						[
							-89.170769,
							36.645054
						],
						[
							-89.16877,
							36.646351
						],
						[
							-89.166878,
							36.647755
						],
						[
							-89.168571,
							36.649357
						],
						[
							-89.166573,
							36.650753
						],
						[
							-89.164574,
							36.65205
						],
						[
							-89.160576,
							36.65485
						],
						[
							-89.158684,
							36.656254
						],
						[
							-89.15667,
							36.657551
						],
						[
							-89.156471,
							36.659054
						],
						[
							-89.154579,
							36.66045
						],
						[
							-89.15258,
							36.661755
						],
						[
							-89.152382,
							36.66325
						],
						[
							-89.152184,
							36.666256
						],
						[
							-89.150169,
							36.667652
						],
						[
							-89.149971,
							36.669155
						],
						[
							-89.149879,
							36.670551
						],
						[
							-89.147881,
							36.671955
						],
						[
							-89.147774,
							36.67345
						],
						[
							-89.145775,
							36.674854
						],
						[
							-89.145683,
							36.67625
						],
						[
							-89.14547,
							36.677753
						],
						[
							-89.145271,
							36.680752
						],
						[
							-89.145073,
							36.682255
						],
						[
							-89.143181,
							36.683552
						],
						[
							-89.142982,
							36.685055
						],
						[
							-89.142876,
							36.68655
						],
						[
							-89.140877,
							36.687954
						],
						[
							-89.140678,
							36.689457
						],
						[
							-89.14048,
							36.692455
						],
						[
							-89.138481,
							36.693752
						],
						[
							-89.138283,
							36.695255
						],
						[
							-89.139977,
							36.69685
						],
						[
							-89.13987,
							36.698353
						],
						[
							-89.137871,
							36.699757
						],
						[
							-89.137779,
							36.701153
						],
						[
							-89.137581,
							36.702656
						],
						[
							-89.137383,
							36.705654
						],
						[
							-89.135384,
							36.70705
						],
						[
							-89.13517,
							36.708454
						],
						[
							-89.134972,
							36.711452
						],
						[
							-89.134773,
							36.712955
						],
						[
							-89.134682,
							36.714451
						],
						[
							-89.134483,
							36.715855
						],
						[
							-89.13427,
							36.718853
						],
						[
							-89.132271,
							36.720257
						],
						[
							-89.132072,
							36.721752
						],
						[
							-89.131981,
							36.723156
						],
						[
							-89.129982,
							36.724552
						],
						[
							-89.129784,
							36.727551
						],
						[
							-89.127769,
							36.728954
						],
						[
							-89.125771,
							36.730251
						],
						[
							-89.121773,
							36.733051
						],
						[
							-89.121681,
							36.734554
						],
						[
							-89.121483,
							36.73595
						],
						[
							-89.119469,
							36.737354
						],
						[
							-89.11927,
							36.740349
						],
						[
							-89.120979,
							36.741955
						],
						[
							-89.120781,
							36.74345
						],
						[
							-89.120583,
							36.746353
						],
						[
							-89.120369,
							36.747852
						],
						[
							-89.120277,
							36.749352
						],
						[
							-89.120079,
							36.750851
						],
						[
							-89.119881,
							36.753857
						],
						[
							-89.119682,
							36.755253
						],
						[
							-89.117683,
							36.756657
						],
						[
							-89.119469,
							36.758251
						],
						[
							-89.11927,
							36.759754
						],
						[
							-89.117271,
							36.761147
						],
						[
							-89.11718,
							36.76265
						],
						[
							-89.115181,
							36.763947
						],
						[
							-89.114983,
							36.765453
						],
						[
							-89.113075,
							36.766853
						],
						[
							-89.112877,
							36.768253
						],
						[
							-89.11277,
							36.769756
						],
						[
							-89.112572,
							36.771248
						],
						[
							-89.114281,
							36.772949
						],
						[
							-89.116173,
							36.772953
						],
						[
							-89.119576,
							36.776146
						],
						[
							-89.119469,
							36.777653
						],
						[
							-89.121178,
							36.779251
						],
						[
							-89.120979,
							36.78075
						],
						[
							-89.122673,
							36.782352
						],
						[
							-89.122581,
							36.783855
						],
						[
							-89.124275,
							36.785446
						],
						[
							-89.124184,
							36.786854
						],
						[
							-89.12397,
							36.788353
						],
						[
							-89.125877,
							36.788551
						],
						[
							-89.127571,
							36.790047
						],
						[
							-89.12928,
							36.791653
						],
						[
							-89.129082,
							36.793152
						],
						[
							-89.128975,
							36.794651
						],
						[
							-89.130684,
							36.796249
						],
						[
							-89.13047,
							36.797752
						],
						[
							-89.130272,
							36.800652
						],
						[
							-89.131981,
							36.802353
						],
						[
							-89.131783,
							36.803749
						],
						[
							-89.131676,
							36.805256
						],
						[
							-89.135078,
							36.808453
						],
						[
							-89.134972,
							36.809952
						],
						[
							-89.136681,
							36.811546
						],
						[
							-89.136482,
							36.813049
						],
						[
							-89.136284,
							36.815948
						],
						[
							-89.13607,
							36.817451
						],
						[
							-89.135979,
							36.818947
						],
						[
							-89.137672,
							36.820549
						],
						[
							-89.137474,
							36.822052
						],
						[
							-89.137383,
							36.823547
						],
						[
							-89.139076,
							36.82505
						],
						[
							-89.138969,
							36.826553
						],
						[
							-89.138771,
							36.828049
						],
						[
							-89.13868,
							36.829552
						],
						[
							-89.138481,
							36.831047
						],
						[
							-89.136574,
							36.832352
						],
						[
							-89.138283,
							36.834053
						],
						[
							-89.138069,
							36.835449
						],
						[
							-89.136177,
							36.836853
						],
						[
							-89.135979,
							36.838348
						],
						[
							-89.137672,
							36.839951
						],
						[
							-89.137581,
							36.841347
						],
						[
							-89.137383,
							36.84285
						],
						[
							-89.137169,
							36.845848
						],
						[
							-89.13517,
							36.847252
						],
						[
							-89.134972,
							36.848747
						],
						[
							-89.13488,
							36.85025
						],
						[
							-89.132881,
							36.851547
						],
						[
							-89.132774,
							36.85305
						],
						[
							-89.130775,
							36.854446
						],
						[
							-89.130577,
							36.855949
						],
						[
							-89.132271,
							36.857552
						],
						[
							-89.130272,
							36.858849
						],
						[
							-89.130074,
							36.861847
						],
						[
							-89.126076,
							36.864647
						],
						[
							-89.125969,
							36.866051
						],
						[
							-89.125771,
							36.867546
						],
						[
							-89.125679,
							36.869049
						],
						[
							-89.12368,
							36.870346
						],
						[
							-89.121681,
							36.87175
						],
						[
							-89.121574,
							36.873253
						],
						[
							-89.121376,
							36.874748
						],
						[
							-89.121269,
							36.876251
						],
						[
							-89.11927,
							36.877647
						],
						[
							-89.119179,
							36.879051
						],
						[
							-89.11718,
							36.880447
						],
						[
							-89.116982,
							36.88195
						],
						[
							-89.115074,
							36.883347
						],
						[
							-89.114876,
							36.88475
						],
						[
							-89.114769,
							36.886353
						],
						[
							-89.114571,
							36.887749
						],
						[
							-89.112572,
							36.889153
						],
						[
							-89.112373,
							36.892151
						],
						[
							-89.110374,
							36.893448
						],
						[
							-89.110176,
							36.894951
						],
						[
							-89.109978,
							36.897949
						],
						[
							-89.107979,
							36.899246
						],
						[
							-89.109673,
							36.900848
						],
						[
							-89.107674,
							36.902252
						],
						[
							-89.107475,
							36.903748
						],
						[
							-89.107384,
							36.905251
						],
						[
							-89.10537,
							36.906548
						],
						[
							-89.105278,
							36.908051
						],
						[
							-89.10508,
							36.909546
						],
						[
							-89.103172,
							36.91095
						],
						[
							-89.101173,
							36.912346
						],
						[
							-89.099281,
							36.912148
						],
						[
							-89.097481,
							36.912148
						],
						[
							-89.095482,
							36.913452
						],
						[
							-89.093483,
							36.914848
						],
						[
							-89.091682,
							36.91465
						],
						[
							-89.086082,
							36.914352
						],
						[
							-89.084084,
							36.915749
						],
						[
							-89.083977,
							36.917252
						],
						[
							-89.083778,
							36.918747
						],
						[
							-89.085472,
							36.920349
						],
						[
							-89.085274,
							36.923248
						],
						[
							-89.085075,
							36.924751
						],
						[
							-89.084984,
							36.926247
						],
						[
							-89.08477,
							36.92775
						],
						[
							-89.086479,
							36.929352
						],
						[
							-89.086372,
							36.930748
						],
						[
							-89.086281,
							36.93235
						],
						[
							-89.086082,
							36.933746
						],
						[
							-89.087776,
							36.935349
						],
						[
							-89.087669,
							36.936852
						],
						[
							-89.089378,
							36.938446
						],
						[
							-89.089272,
							36.939949
						],
						[
							-89.091072,
							36.940048
						],
						[
							-89.094475,
							36.943253
						],
						[
							-89.094383,
							36.944748
						],
						[
							-89.09417,
							36.946251
						],
						[
							-89.095879,
							36.947849
						],
						[
							-89.09568,
							36.950748
						],
						[
							-89.095482,
							36.952248
						],
						[
							-89.095375,
							36.953747
						],
						[
							-89.095177,
							36.955246
						],
						[
							-89.09507,
							36.95665
						],
						[
							-89.094872,
							36.958153
						],
						[
							-89.096672,
							36.959846
						],
						[
							-89.096474,
							36.961349
						],
						[
							-89.098183,
							36.962852
						],
						[
							-89.098076,
							36.964344
						],
						[
							-89.09977,
							36.96595
						],
						[
							-89.099571,
							36.967453
						],
						[
							-89.101372,
							36.969048
						],
						[
							-89.101173,
							36.970551
						],
						[
							-89.102882,
							36.972153
						],
						[
							-89.102776,
							36.973644
						],
						[
							-89.106483,
							36.973846
						],
						[
							-89.108177,
							36.975449
						],
						[
							-89.11187,
							36.975643
						],
						[
							-89.115578,
							36.975853
						],
						[
							-89.11927,
							36.976051
						],
						[
							-89.121071,
							36.97625
						],
						[
							-89.120872,
							36.979149
						],
						[
							-89.122581,
							36.980747
						],
						[
							-89.125969,
							36.983948
						],
						[
							-89.125771,
							36.985451
						],
						[
							-89.134392,
							36.987804
						],
						[
							-89.135078,
							36.985943
						],
						[
							-89.13517,
							36.984451
						],
						[
							-89.135384,
							36.983047
						],
						[
							-89.137383,
							36.981651
						],
						[
							-89.139183,
							36.981747
						],
						[
							-89.141182,
							36.980347
						],
						[
							-89.143074,
							36.980553
						],
						[
							-89.144981,
							36.979149
						],
						[
							-89.150581,
							36.979443
						],
						[
							-89.152382,
							36.979652
						],
						[
							-89.154381,
							36.978245
						],
						[
							-89.158073,
							36.978443
						],
						[
							-89.159782,
							36.980045
						],
						[
							-89.161674,
							36.980148
						],
						[
							-89.163383,
							36.981747
						],
						[
							-89.165169,
							36.98185
						],
						[
							-89.166969,
							36.983448
						],
						[
							-89.168678,
							36.985046
						],
						[
							-89.174171,
							36.985348
						],
						[
							-89.177582,
							36.988544
						],
						[
							-89.179482,
							36.988644
						],
						[
							-89.182869,
							36.991848
						],
						[
							-89.184586,
							36.993443
						],
						[
							-89.187988,
							36.996647
						],
						[
							-89.189781,
							36.998249
						],
						[
							-89.18959,
							36.999744
						],
						[
							-89.192978,
							37.002949
						],
						[
							-89.192886,
							37.004444
						],
						[
							-89.19458,
							37.006046
						],
						[
							-89.196289,
							37.007549
						],
						[
							-89.196182,
							37.009045
						],
						[
							-89.195984,
							37.010548
						],
						[
							-89.195877,
							37.012043
						],
						[
							-89.197586,
							37.013645
						],
						[
							-89.197479,
							37.015148
						],
						[
							-89.197281,
							37.016644
						],
						[
							-89.19899,
							37.018246
						],
						[
							-89.198883,
							37.019749
						],
						[
							-89.200577,
							37.021244
						],
						[
							-89.202286,
							37.022846
						],
						[
							-89.204178,
							37.023045
						],
						[
							-89.205887,
							37.024647
						],
						[
							-89.207581,
							37.026142
						],
						[
							-89.209381,
							37.026348
						],
						[
							-89.21109,
							37.027943
						],
						[
							-89.210983,
							37.029346
						],
						[
							-89.214691,
							37.029545
						],
						[
							-89.216385,
							37.031246
						],
						[
							-89.218277,
							37.031345
						],
						[
							-89.219986,
							37.032948
						],
						[
							-89.22168,
							37.034443
						],
						[
							-89.223389,
							37.036144
						],
						[
							-89.226791,
							37.039349
						],
						[
							-89.228577,
							37.040844
						],
						[
							-89.230377,
							37.040943
						],
						[
							-89.232086,
							37.042545
						],
						[
							-89.231979,
							37.044048
						],
						[
							-89.233688,
							37.045643
						],
						[
							-89.233582,
							37.047146
						],
						[
							-89.235291,
							37.048748
						],
						[
							-89.235077,
							37.050243
						],
						[
							-89.234879,
							37.053143
						],
						[
							-89.236588,
							37.054844
						],
						[
							-89.238388,
							37.054844
						],
						[
							-89.241791,
							37.058048
						],
						[
							-89.243591,
							37.059643
						],
						[
							-89.243378,
							37.061146
						],
						[
							-89.243286,
							37.062649
						],
						[
							-89.24498,
							37.064243
						],
						[
							-89.244888,
							37.065746
						],
						[
							-89.24469,
							37.067249
						],
						[
							-89.244583,
							37.068645
						],
						[
							-89.246277,
							37.070248
						],
						[
							-89.246185,
							37.071743
						],
						[
							-89.247879,
							37.073345
						],
						[
							-89.247681,
							37.074848
						],
						[
							-89.249588,
							37.074947
						],
						[
							-89.251282,
							37.07655
						],
						[
							-89.252991,
							37.078144
						],
						[
							-89.252884,
							37.079647
						],
						[
							-89.254578,
							37.081249
						],
						[
							-89.256287,
							37.082844
						],
						[
							-89.25618,
							37.084347
						],
						[
							-89.25798,
							37.084446
						],
						[
							-89.259689,
							37.086048
						],
						[
							-89.26149,
							37.087643
						],
						[
							-89.263184,
							37.089245
						],
						[
							-89.264984,
							37.089344
						],
						[
							-89.268387,
							37.092548
						],
						[
							-89.270279,
							37.092548
						],
						[
							-89.272186,
							37.092747
						],
						[
							-89.273987,
							37.092846
						],
						[
							-89.275986,
							37.091442
						],
						[
							-89.281586,
							37.091747
						],
						[
							-89.283386,
							37.091946
						],
						[
							-89.285385,
							37.090549
						],
						[
							-89.289078,
							37.090748
						],
						[
							-89.291077,
							37.089344
						],
						[
							-89.292877,
							37.089443
						],
						[
							-89.294891,
							37.088146
						],
						[
							-89.29689,
							37.086742
						],
						[
							-89.297089,
							37.085247
						],
						[
							-89.299088,
							37.083843
						],
						[
							-89.30098,
							37.082546
						],
						[
							-89.302979,
							37.081142
						],
						[
							-89.303177,
							37.079647
						],
						[
							-89.30719,
							37.076847
						],
						[
							-89.307281,
							37.075443
						],
						[
							-89.30928,
							37.074047
						],
						[
							-89.309479,
							37.071049
						],
						[
							-89.311478,
							37.069645
						],
						[
							-89.311691,
							37.068249
						],
						[
							-89.31369,
							37.066845
						],
						[
							-89.31189,
							37.065243
						],
						[
							-89.312088,
							37.063747
						],
						[
							-89.312286,
							37.060749
						],
						[
							-89.312485,
							37.059246
						],
						[
							-89.312576,
							37.057842
						],
						[
							-89.31279,
							37.056347
						],
						[
							-89.312881,
							37.054844
						],
						[
							-89.311188,
							37.053249
						],
						[
							-89.311279,
							37.051746
						],
						[
							-89.309586,
							37.050243
						],
						[
							-89.307678,
							37.050045
						],
						[
							-89.305984,
							37.048443
						],
						[
							-89.306183,
							37.047047
						],
						[
							-89.304489,
							37.045345
						],
						[
							-89.302582,
							37.045246
						],
						[
							-89.300888,
							37.043644
						],
						[
							-89.299179,
							37.042149
						],
						[
							-89.297485,
							37.040546
						],
						[
							-89.295578,
							37.040447
						],
						[
							-89.293884,
							37.038746
						],
						[
							-89.292191,
							37.037243
						],
						[
							-89.290482,
							37.035648
						],
						[
							-89.288589,
							37.035549
						],
						[
							-89.28688,
							37.033947
						],
						[
							-89.28508,
							37.033848
						],
						[
							-89.283279,
							37.032246
						],
						[
							-89.281479,
							37.032146
						],
						[
							-89.279785,
							37.030544
						],
						[
							-89.277878,
							37.030445
						],
						[
							-89.276184,
							37.028843
						],
						[
							-89.27449,
							37.027149
						],
						[
							-89.274582,
							37.025745
						],
						[
							-89.272781,
							37.025646
						],
						[
							-89.271088,
							37.024044
						],
						[
							-89.271179,
							37.022549
						],
						[
							-89.269485,
							37.020947
						],
						[
							-89.269577,
							37.019444
						],
						[
							-89.267883,
							37.017849
						],
						[
							-89.268082,
							37.016346
						],
						[
							-89.26828,
							37.013447
						],
						[
							-89.268478,
							37.011944
						],
						[
							-89.268677,
							37.008945
						],
						[
							-89.26889,
							37.007442
						],
						[
							-89.270889,
							37.006145
						],
						[
							-89.27269,
							37.006245
						],
						[
							-89.274689,
							37.004848
						],
						[
							-89.280289,
							37.005146
						],
						[
							-89.28389,
							37.005344
						],
						[
							-89.28569,
							37.006947
						],
						[
							-89.287491,
							37.007046
						],
						[
							-89.289383,
							37.007244
						],
						[
							-89.29129,
							37.005848
						],
						[
							-89.29509,
							37.006046
						],
						[
							-89.296783,
							37.007648
						],
						[
							-89.304184,
							37.008045
						],
						[
							-89.305878,
							37.009647
						],
						[
							-89.309586,
							37.009846
						],
						[
							-89.311279,
							37.011547
						],
						[
							-89.312988,
							37.013042
						],
						[
							-89.314682,
							37.014645
						],
						[
							-89.316589,
							37.014744
						],
						[
							-89.319977,
							37.017948
						],
						[
							-89.321777,
							37.018047
						],
						[
							-89.323578,
							37.01965
						],
						[
							-89.325378,
							37.019749
						],
						[
							-89.327087,
							37.021343
						],
						[
							-89.328979,
							37.021442
						],
						[
							-89.33078,
							37.021648
						],
						[
							-89.332489,
							37.023144
						],
						[
							-89.33429,
							37.024746
						],
						[
							-89.335983,
							37.026348
						],
						[
							-89.337784,
							37.026447
						],
						[
							-89.339478,
							37.028049
						],
						[
							-89.345078,
							37.028347
						],
						[
							-89.346878,
							37.028545
						],
						[
							-89.348785,
							37.028645
						],
						[
							-89.350479,
							37.030247
						],
						[
							-89.352188,
							37.031742
						],
						[
							-89.35408,
							37.031849
						],
						[
							-89.355789,
							37.033443
						],
						[
							-89.35759,
							37.033543
						],
						[
							-89.35939,
							37.035145
						],
						[
							-89.361191,
							37.035343
						],
						[
							-89.362885,
							37.036945
						],
						[
							-89.366577,
							37.037144
						],
						[
							-89.36998,
							37.040348
						],
						[
							-89.37178,
							37.041843
						],
						[
							-89.373489,
							37.043545
						],
						[
							-89.375183,
							37.045048
						],
						[
							-89.375076,
							37.046543
						],
						[
							-89.376785,
							37.048145
						],
						[
							-89.376678,
							37.049648
						],
						[
							-89.376488,
							37.051144
						],
						[
							-89.376389,
							37.052547
						],
						[
							-89.378082,
							37.054249
						],
						[
							-89.377998,
							37.055744
						],
						[
							-89.377777,
							37.057148
						],
						[
							-89.379585,
							37.058743
						],
						[
							-89.379379,
							37.060246
						],
						[
							-89.379288,
							37.061749
						],
						[
							-89.379089,
							37.063244
						],
						[
							-89.37899,
							37.064648
						],
						[
							-89.376991,
							37.066044
						],
						[
							-89.376785,
							37.069042
						],
						[
							-89.374687,
							37.070446
						],
						[
							-89.374481,
							37.073345
						],
						[
							-89.374397,
							37.074848
						],
						[
							-89.374199,
							37.076344
						],
						[
							-89.372185,
							37.077747
						],
						[
							-89.371986,
							37.080647
						],
						[
							-89.369987,
							37.082043
						],
						[
							-89.369781,
							37.083546
						],
						[
							-89.369698,
							37.085049
						],
						[
							-89.371391,
							37.086643
						],
						[
							-89.371284,
							37.088146
						],
						[
							-89.372993,
							37.089748
						],
						[
							-89.374687,
							37.091244
						],
						[
							-89.374596,
							37.092846
						],
						[
							-89.376289,
							37.094349
						],
						[
							-89.376198,
							37.095844
						],
						[
							-89.377892,
							37.097446
						],
						[
							-89.377785,
							37.098949
						],
						[
							-89.379494,
							37.100544
						],
						[
							-89.379295,
							37.102047
						],
						[
							-89.381096,
							37.103649
						],
						[
							-89.380898,
							37.105045
						],
						[
							-89.38279,
							37.105244
						],
						[
							-89.384499,
							37.106846
						],
						[
							-89.384285,
							37.108242
						],
						[
							-89.386086,
							37.109844
						],
						[
							-89.385887,
							37.111347
						],
						[
							-89.385796,
							37.112843
						],
						[
							-89.387489,
							37.114445
						],
						[
							-89.387398,
							37.115849
						],
						[
							-89.387184,
							37.117344
						],
						[
							-89.388985,
							37.119045
						],
						[
							-89.388786,
							37.120449
						],
						[
							-89.388695,
							37.121944
						],
						[
							-89.392097,
							37.125149
						],
						[
							-89.391991,
							37.126644
						],
						[
							-89.393684,
							37.128246
						],
						[
							-89.393593,
							37.129642
						],
						[
							-89.395287,
							37.131245
						],
						[
							-89.395195,
							37.132748
						],
						[
							-89.396889,
							37.134342
						],
						[
							-89.396797,
							37.135845
						],
						[
							-89.398491,
							37.137447
						],
						[
							-89.398293,
							37.138943
						],
						[
							-89.400185,
							37.13905
						],
						[
							-89.401894,
							37.140644
						],
						[
							-89.403587,
							37.142246
						],
						[
							-89.403496,
							37.143749
						],
						[
							-89.406898,
							37.146946
						],
						[
							-89.406792,
							37.148342
						],
						[
							-89.408592,
							37.148548
						],
						[
							-89.410286,
							37.150043
						],
						[
							-89.410194,
							37.151546
						],
						[
							-89.411888,
							37.153149
						],
						[
							-89.413597,
							37.154743
						],
						[
							-89.41349,
							37.156246
						],
						[
							-89.415398,
							37.156345
						],
						[
							-89.417091,
							37.157948
						],
						[
							-89.420494,
							37.161144
						],
						[
							-89.422188,
							37.162746
						],
						[
							-89.423988,
							37.164349
						],
						[
							-89.425789,
							37.164448
						],
						[
							-89.427589,
							37.165943
						],
						[
							-89.427391,
							37.167446
						],
						[
							-89.429085,
							37.169048
						],
						[
							-89.430885,
							37.170643
						],
						[
							-89.437691,
							37.177044
						],
						[
							-89.439598,
							37.177143
						],
						[
							-89.441292,
							37.178745
						],
						[
							-89.443199,
							37.178844
						],
						[
							-89.444893,
							37.180447
						],
						[
							-89.446693,
							37.180546
						],
						[
							-89.448494,
							37.182148
						],
						[
							-89.450188,
							37.183743
						],
						[
							-89.450096,
							37.185146
						],
						[
							-89.45179,
							37.186749
						],
						[
							-89.451591,
							37.188244
						],
						[
							-89.453392,
							37.189846
						],
						[
							-89.453194,
							37.191349
						],
						[
							-89.454887,
							37.192944
						],
						[
							-89.454796,
							37.194447
						],
						[
							-89.456688,
							37.194546
						],
						[
							-89.458397,
							37.196148
						],
						[
							-89.45829,
							37.197643
						],
						[
							-89.459999,
							37.199245
						],
						[
							-89.459793,
							37.200649
						],
						[
							-89.461594,
							37.202244
						],
						[
							-89.461395,
							37.203747
						],
						[
							-89.461304,
							37.205242
						],
						[
							-89.46299,
							37.206844
						],
						[
							-89.462906,
							37.208347
						],
						[
							-89.462799,
							37.209843
						],
						[
							-89.464493,
							37.211346
						],
						[
							-89.464294,
							37.212849
						],
						[
							-89.466095,
							37.214443
						],
						[
							-89.465897,
							37.215946
						],
						[
							-89.465805,
							37.217449
						],
						[
							-89.467499,
							37.219044
						],
						[
							-89.467392,
							37.220547
						],
						[
							-89.467194,
							37.222042
						],
						[
							-89.467102,
							37.223446
						],
						[
							-89.465103,
							37.224842
						],
						[
							-89.464996,
							37.226345
						],
						[
							-89.466705,
							37.227947
						],
						[
							-89.464706,
							37.229343
						],
						[
							-89.4646,
							37.230846
						],
						[
							-89.462601,
							37.232143
						],
						[
							-89.462494,
							37.233646
						],
						[
							-89.460495,
							37.235043
						],
						[
							-89.460403,
							37.236546
						],
						[
							-89.458405,
							37.237949
						],
						[
							-89.458206,
							37.239346
						],
						[
							-89.457993,
							37.242344
						],
						[
							-89.457794,
							37.243847
						],
						[
							-89.457596,
							37.246845
						],
						[
							-89.457397,
							37.248348
						],
						[
							-89.457306,
							37.249744
						],
						[
							-89.460693,
							37.252949
						],
						[
							-89.468201,
							37.253345
						],
						[
							-89.470001,
							37.253544
						],
						[
							-89.471893,
							37.253544
						],
						[
							-89.473694,
							37.253742
						],
						[
							-89.475601,
							37.253742
						],
						[
							-89.477402,
							37.253948
						],
						[
							-89.484894,
							37.254345
						],
						[
							-89.486893,
							37.252949
						],
						[
							-89.488693,
							37.253147
						],
						[
							-89.490601,
							37.253147
						],
						[
							-89.492599,
							37.251842
						],
						[
							-89.4944,
							37.251949
						],
						[
							-89.496399,
							37.250546
						],
						[
							-89.501999,
							37.250843
						],
						[
							-89.505402,
							37.254047
						],
						[
							-89.507202,
							37.25565
						],
						[
							-89.508896,
							37.257244
						],
						[
							-89.510605,
							37.258747
						],
						[
							-89.510498,
							37.260242
						],
						[
							-89.5103,
							37.261745
						],
						[
							-89.511993,
							37.263348
						],
						[
							-89.513794,
							37.264942
						],
						[
							-89.513596,
							37.266445
						],
						[
							-89.515396,
							37.268047
						],
						[
							-89.515198,
							37.269543
						],
						[
							-89.516998,
							37.271046
						],
						[
							-89.518692,
							37.272747
						],
						[
							-89.5186,
							37.274143
						],
						[
							-89.522003,
							37.277348
						],
						[
							-89.521805,
							37.280247
						],
						[
							-89.521606,
							37.281849
						],
						[
							-89.5233,
							37.283344
						],
						[
							-89.523102,
							37.286343
						],
						[
							-89.522903,
							37.287846
						],
						[
							-89.522705,
							37.290844
						],
						[
							-89.520706,
							37.292248
						],
						[
							-89.520493,
							37.293743
						],
						[
							-89.5186,
							37.295048
						],
						[
							-89.518402,
							37.296543
						],
						[
							-89.520096,
							37.298145
						],
						[
							-89.518204,
							37.299549
						],
						[
							-89.518005,
							37.301044
						],
						[
							-89.517899,
							37.302448
						],
						[
							-89.5159,
							37.303844
						],
						[
							-89.515793,
							37.305347
						],
						[
							-89.515594,
							37.306843
						],
						[
							-89.513596,
							37.308247
						],
						[
							-89.513397,
							37.311245
						],
						[
							-89.513199,
							37.312649
						],
						[
							-89.513092,
							37.314144
						],
						[
							-89.509094,
							37.316944
						],
						[
							-89.509003,
							37.318348
						],
						[
							-89.507095,
							37.318249
						],
						[
							-89.505096,
							37.319645
						],
						[
							-89.503204,
							37.321049
						],
						[
							-89.501205,
							37.322445
						],
						[
							-89.500992,
							37.323948
						],
						[
							-89.498993,
							37.325245
						],
						[
							-89.496994,
							37.326649
						],
						[
							-89.496704,
							37.331142
						],
						[
							-89.494705,
							37.332447
						],
						[
							-89.488693,
							37.336643
						],
						[
							-89.486801,
							37.336544
						],
						[
							-89.484802,
							37.337849
						],
						[
							-89.483002,
							37.337849
						],
						[
							-89.481003,
							37.339146
						],
						[
							-89.479095,
							37.339046
						],
						[
							-89.475098,
							37.341846
						],
						[
							-89.473297,
							37.341648
						],
						[
							-89.467697,
							37.341343
						],
						[
							-89.465698,
							37.342846
						],
						[
							-89.463806,
							37.342648
						],
						[
							-89.460098,
							37.342449
						],
						[
							-89.458298,
							37.342342
						],
						[
							-89.458099,
							37.343845
						],
						[
							-89.4561,
							37.345142
						],
						[
							-89.454193,
							37.346546
						],
						[
							-89.452301,
							37.346447
						],
						[
							-89.452194,
							37.347942
						],
						[
							-89.450195,
							37.349346
						],
						[
							-89.448196,
							37.350643
						],
						[
							-89.446198,
							37.352047
						],
						[
							-89.446106,
							37.353542
						],
						[
							-89.445892,
							37.355045
						],
						[
							-89.445801,
							37.356548
						],
						[
							-89.443802,
							37.357944
						],
						[
							-89.441803,
							37.359249
						],
						[
							-89.441605,
							37.360744
						],
						[
							-89.439697,
							37.362148
						],
						[
							-89.437698,
							37.363544
						],
						[
							-89.4375,
							37.365047
						],
						[
							-89.435501,
							37.366344
						],
						[
							-89.433502,
							37.367748
						],
						[
							-89.433304,
							37.370747
						],
						[
							-89.431305,
							37.372143
						],
						[
							-89.429398,
							37.372044
						],
						[
							-89.427399,
							37.373447
						],
						[
							-89.427292,
							37.374844
						],
						[
							-89.427094,
							37.376347
						],
						[
							-89.427002,
							37.37785
						],
						[
							-89.425003,
							37.379246
						],
						[
							-89.424896,
							37.38065
						],
						[
							-89.424698,
							37.382145
						],
						[
							-89.424606,
							37.383648
						],
						[
							-89.426392,
							37.385242
						],
						[
							-89.426193,
							37.386745
						],
						[
							-89.426102,
							37.388149
						],
						[
							-89.425903,
							37.389645
						],
						[
							-89.425705,
							37.392643
						],
						[
							-89.425507,
							37.394146
						],
						[
							-89.427292,
							37.395748
						],
						[
							-89.427094,
							37.39724
						],
						[
							-89.427002,
							37.398746
						],
						[
							-89.430496,
							37.401844
						],
						[
							-89.430298,
							37.403347
						],
						[
							-89.430206,
							37.404842
						],
						[
							-89.429993,
							37.406345
						],
						[
							-89.429901,
							37.407848
						],
						[
							-89.431595,
							37.409443
						],
						[
							-89.431396,
							37.412342
						],
						[
							-89.431198,
							37.413845
						],
						[
							-89.432892,
							37.415443
						],
						[
							-89.434692,
							37.417049
						],
						[
							-89.434494,
							37.418545
						],
						[
							-89.436295,
							37.420147
						],
						[
							-89.441406,
							37.424946
						],
						[
							-89.443207,
							37.426548
						],
						[
							-89.442993,
							37.427944
						],
						[
							-89.444794,
							37.429543
						],
						[
							-89.444595,
							37.431046
						],
						[
							-89.444397,
							37.434048
						],
						[
							-89.446198,
							37.434147
						],
						[
							-89.447906,
							37.435749
						],
						[
							-89.4478,
							37.437241
						],
						[
							-89.449493,
							37.438847
						],
						[
							-89.449402,
							37.440346
						],
						[
							-89.451096,
							37.441845
						],
						[
							-89.451004,
							37.443348
						],
						[
							-89.452698,
							37.444942
						],
						[
							-89.452606,
							37.446445
						],
						[
							-89.455994,
							37.449642
						],
						[
							-89.457901,
							37.449749
						],
						[
							-89.459595,
							37.451344
						],
						[
							-89.461395,
							37.452946
						],
						[
							-89.463104,
							37.454544
						],
						[
							-89.466492,
							37.457741
						],
						[
							-89.4683,
							37.459248
						],
						[
							-89.470001,
							37.460842
						],
						[
							-89.469902,
							37.462345
						],
						[
							-89.473297,
							37.465549
						],
						[
							-89.475006,
							37.467144
						],
						[
							-89.474899,
							37.468647
						],
						[
							-89.476814,
							37.468746
						],
						[
							-89.480202,
							37.471939
						],
						[
							-89.482002,
							37.473442
						],
						[
							-89.485405,
							37.476643
						],
						[
							-89.485313,
							37.478146
						],
						[
							-89.487007,
							37.479744
						],
						[
							-89.488808,
							37.481339
						],
						[
							-89.488609,
							37.482841
						],
						[
							-89.490303,
							37.484447
						],
						[
							-89.492104,
							37.486042
						],
						[
							-89.493813,
							37.487644
						],
						[
							-89.495705,
							37.487743
						],
						[
							-89.497414,
							37.489246
						],
						[
							-89.497307,
							37.490749
						],
						[
							-89.499001,
							37.492344
						],
						[
							-89.498909,
							37.493843
						],
						[
							-89.498711,
							37.495342
						],
						[
							-89.500511,
							37.496941
						],
						[
							-89.500313,
							37.498444
						],
						[
							-89.502113,
							37.50005
						],
						[
							-89.5019,
							37.501442
						],
						[
							-89.501808,
							37.502949
						],
						[
							-89.503502,
							37.504539
						],
						[
							-89.50341,
							37.506046
						],
						[
							-89.505104,
							37.507648
						],
						[
							-89.505013,
							37.509144
						],
						[
							-89.504814,
							37.510643
						],
						[
							-89.504601,
							37.513546
						],
						[
							-89.50631,
							37.515148
						],
						[
							-89.506111,
							37.518147
						],
						[
							-89.505913,
							37.519646
						],
						[
							-89.505806,
							37.521042
						],
						[
							-89.505608,
							37.522545
						],
						[
							-89.505409,
							37.525642
						],
						[
							-89.505211,
							37.527042
						],
						[
							-89.505104,
							37.528545
						],
						[
							-89.506813,
							37.530148
						],
						[
							-89.508614,
							37.531742
						],
						[
							-89.5084,
							37.533241
						],
						[
							-89.510201,
							37.534847
						],
						[
							-89.510002,
							37.536243
						],
						[
							-89.511803,
							37.537842
						],
						[
							-89.515205,
							37.541042
						],
						[
							-89.515114,
							37.542545
						],
						[
							-89.5149,
							37.544048
						],
						[
							-89.514702,
							37.546947
						],
						[
							-89.516411,
							37.548649
						],
						[
							-89.518211,
							37.550144
						],
						[
							-89.521614,
							37.553349
						],
						[
							-89.521507,
							37.554844
						],
						[
							-89.523201,
							37.556446
						],
						[
							-89.523109,
							37.557949
						],
						[
							-89.522911,
							37.559345
						],
						[
							-89.522713,
							37.56234
						],
						[
							-89.522514,
							37.563843
						],
						[
							-89.522301,
							37.566841
						],
						[
							-89.522102,
							37.568348
						],
						[
							-89.521812,
							37.572742
						],
						[
							-89.521614,
							37.574245
						],
						[
							-89.521507,
							37.575748
						],
						[
							-89.521309,
							37.577244
						],
						[
							-89.521202,
							37.578648
						],
						[
							-89.521004,
							37.581646
						],
						[
							-89.520805,
							37.583149
						],
						[
							-89.520714,
							37.584644
						],
						[
							-89.5205,
							37.586147
						],
						[
							-89.520302,
							37.589046
						],
						[
							-89.520103,
							37.590549
						],
						[
							-89.519814,
							37.595043
						],
						[
							-89.517708,
							37.596348
						],
						[
							-89.517403,
							37.600849
						],
						[
							-89.517204,
							37.602345
						],
						[
							-89.517113,
							37.603848
						],
						[
							-89.516914,
							37.605244
						],
						[
							-89.5149,
							37.606647
						],
						[
							-89.514702,
							37.609646
						],
						[
							-89.512703,
							37.611042
						],
						[
							-89.512505,
							37.612545
						],
						[
							-89.512413,
							37.614048
						],
						[
							-89.512199,
							37.616947
						],
						[
							-89.512001,
							37.618443
						],
						[
							-89.511803,
							37.621449
						],
						[
							-89.511604,
							37.622944
						],
						[
							-89.513405,
							37.624546
						],
						[
							-89.515114,
							37.626148
						],
						[
							-89.5149,
							37.627544
						],
						[
							-89.516701,
							37.629147
						],
						[
							-89.516502,
							37.63065
						],
						[
							-89.516411,
							37.632145
						],
						[
							-89.518211,
							37.633747
						],
						[
							-89.518013,
							37.635242
						],
						[
							-89.519814,
							37.636845
						],
						[
							-89.521507,
							37.638447
						],
						[
							-89.521309,
							37.639843
						],
						[
							-89.521004,
							37.644344
						],
						[
							-89.520805,
							37.645748
						],
						[
							-89.520714,
							37.647243
						],
						[
							-89.5205,
							37.648746
						],
						[
							-89.520302,
							37.651745
						],
						[
							-89.520103,
							37.653248
						],
						[
							-89.521904,
							37.654842
						],
						[
							-89.521812,
							37.656345
						],
						[
							-89.521614,
							37.657848
						],
						[
							-89.521507,
							37.659245
						],
						[
							-89.521309,
							37.660748
						],
						[
							-89.521004,
							37.665249
						],
						[
							-89.520805,
							37.666645
						],
						[
							-89.520714,
							37.668247
						],
						[
							-89.5205,
							37.669643
						],
						[
							-89.522301,
							37.671246
						],
						[
							-89.520302,
							37.672649
						],
						[
							-89.520103,
							37.674145
						],
						[
							-89.519814,
							37.678547
						],
						[
							-89.5196,
							37.680042
						],
						[
							-89.519402,
							37.683048
						],
						[
							-89.519203,
							37.684444
						],
						[
							-89.521004,
							37.686047
						],
						[
							-89.522713,
							37.687748
						],
						[
							-89.522514,
							37.689144
						],
						[
							-89.5243,
							37.690746
						],
						[
							-89.524101,
							37.692249
						],
						[
							-89.526009,
							37.692348
						],
						[
							-89.527702,
							37.693943
						],
						[
							-89.529503,
							37.695545
						],
						[
							-89.531212,
							37.697147
						],
						[
							-89.533012,
							37.69875
						],
						[
							-89.534706,
							37.700344
						],
						[
							-89.540306,
							37.700649
						],
						[
							-89.542,
							37.702244
						],
						[
							-89.543907,
							37.702343
						],
						[
							-89.545601,
							37.703846
						],
						[
							-89.547508,
							37.704044
						],
						[
							-89.551201,
							37.704243
						],
						[
							-89.553001,
							37.705746
						],
						[
							-89.554802,
							37.705944
						],
						[
							-89.556801,
							37.704548
						],
						[
							-89.558708,
							37.704647
						],
						[
							-89.560402,
							37.706249
						],
						[
							-89.562401,
							37.704845
						],
						[
							-89.5662,
							37.705044
						],
						[
							-89.567909,
							37.706646
						],
						[
							-89.571709,
							37.706844
						],
						[
							-89.573402,
							37.708447
						],
						[
							-89.57711,
							37.708645
						],
						[
							-89.579109,
							37.707249
						],
						[
							-89.581001,
							37.707447
						],
						[
							-89.582802,
							37.708942
						],
						[
							-89.584602,
							37.709148
						],
						[
							-89.58651,
							37.709148
						],
						[
							-89.58831,
							37.709347
						],
						[
							-89.590111,
							37.710842
						],
						[
							-89.592003,
							37.711048
						],
						[
							-89.593712,
							37.712543
						],
						[
							-89.595406,
							37.714146
						],
						[
							-89.597404,
							37.712849
						],
						[
							-89.599205,
							37.714344
						],
						[
							-89.601006,
							37.714542
						],
						[
							-89.602806,
							37.716045
						],
						[
							-89.604607,
							37.716145
						],
						[
							-89.606407,
							37.717747
						],
						[
							-89.608208,
							37.717846
						],
						[
							-89.6101,
							37.718044
						],
						[
							-89.611809,
							37.719547
						],
						[
							-89.613701,
							37.719646
						],
						[
							-89.615501,
							37.721249
						],
						[
							-89.619209,
							37.721447
						],
						[
							-89.620903,
							37.723049
						],
						[
							-89.622704,
							37.724644
						],
						[
							-89.624413,
							37.726246
						],
						[
							-89.626213,
							37.727848
						],
						[
							-89.628014,
							37.727947
						],
						[
							-89.629814,
							37.729553
						],
						[
							-89.633202,
							37.732746
						],
						[
							-89.635109,
							37.73275
						],
						[
							-89.637001,
							37.732944
						],
						[
							-89.63871,
							37.734547
						],
						[
							-89.640511,
							37.736042
						],
						[
							-89.642311,
							37.736248
						],
						[
							-89.644112,
							37.737843
						],
						[
							-89.645912,
							37.737843
						],
						[
							-89.64772,
							37.739449
						],
						[
							-89.649414,
							37.741047
						],
						[
							-89.651314,
							37.74115
						],
						[
							-89.653122,
							37.741344
						],
						[
							-89.654907,
							37.742847
						],
						[
							-89.6567,
							37.74295
						],
						[
							-89.658501,
							37.744549
						],
						[
							-89.66021,
							37.746143
						],
						[
							-89.662109,
							37.746243
						],
						[
							-89.663818,
							37.747845
						],
						[
							-89.66571,
							37.747944
						],
						[
							-89.667419,
							37.749546
						],
						[
							-89.667221,
							37.752449
						],
						[
							-89.667007,
							37.753948
						],
						[
							-89.666916,
							37.755444
						],
						[
							-89.664917,
							37.756847
						],
						[
							-89.66481,
							37.758347
						],
						[
							-89.662804,
							37.759747
						],
						[
							-89.66272,
							37.761143
						],
						[
							-89.662521,
							37.76265
						],
						[
							-89.662308,
							37.765644
						],
						[
							-89.662109,
							37.767147
						],
						[
							-89.66011,
							37.768543
						],
						[
							-89.659821,
							37.772949
						],
						[
							-89.659599,
							37.774448
						],
						[
							-89.659515,
							37.775944
						],
						[
							-89.659309,
							37.777447
						],
						[
							-89.65921,
							37.778843
						],
						[
							-89.661011,
							37.780544
						],
						[
							-89.660812,
							37.781948
						],
						[
							-89.660614,
							37.784946
						],
						[
							-89.660416,
							37.786449
						],
						[
							-89.662216,
							37.788048
						],
						[
							-89.66201,
							37.789547
						],
						[
							-89.661903,
							37.791042
						],
						[
							-89.66362,
							37.792545
						],
						[
							-89.663513,
							37.794048
						],
						[
							-89.665413,
							37.794147
						],
						[
							-89.667114,
							37.795742
						],
						[
							-89.667,
							37.797245
						],
						[
							-89.668716,
							37.798847
						],
						[
							-89.670517,
							37.800449
						],
						[
							-89.67041,
							37.801945
						],
						[
							-89.672119,
							37.803547
						],
						[
							-89.674004,
							37.803547
						],
						[
							-89.67572,
							37.805149
						],
						[
							-89.677612,
							37.805347
						],
						[
							-89.679321,
							37.806843
						],
						[
							-89.681213,
							37.807053
						],
						[
							-89.683212,
							37.805546
						],
						[
							-89.684921,
							37.807247
						],
						[
							-89.686813,
							37.807251
						],
						[
							-89.688507,
							37.808849
						],
						[
							-89.690308,
							37.810448
						],
						[
							-89.692017,
							37.812046
						],
						[
							-89.693817,
							37.813648
						],
						[
							-89.695511,
							37.815243
						],
						[
							-89.697418,
							37.815353
						],
						[
							-89.699112,
							37.816944
						],
						[
							-89.701019,
							37.817043
						],
						[
							-89.703018,
							37.815647
						],
						[
							-89.704712,
							37.817249
						],
						[
							-89.706619,
							37.817348
						],
						[
							-89.70842,
							37.818943
						],
						[
							-89.710114,
							37.820549
						],
						[
							-89.711807,
							37.822048
						],
						[
							-89.713715,
							37.82225
						],
						[
							-89.715408,
							37.82375
						],
						[
							-89.719208,
							37.823948
						],
						[
							-89.721115,
							37.824146
						],
						[
							-89.720917,
							37.825542
						],
						[
							-89.722717,
							37.827145
						],
						[
							-89.724411,
							37.828747
						],
						[
							-89.726212,
							37.830349
						],
						[
							-89.726013,
							37.831848
						],
						[
							-89.727814,
							37.833447
						],
						[
							-89.729507,
							37.835049
						],
						[
							-89.731308,
							37.836647
						],
						[
							-89.73111,
							37.838047
						],
						[
							-89.73291,
							37.839649
						],
						[
							-89.732712,
							37.841145
						],
						[
							-89.734512,
							37.842747
						],
						[
							-89.734421,
							37.844242
						],
						[
							-89.734207,
							37.845749
						],
						[
							-89.736008,
							37.847252
						],
						[
							-89.737808,
							37.847351
						],
						[
							-89.739609,
							37.848949
						],
						[
							-89.741318,
							37.850544
						],
						[
							-89.743118,
							37.852146
						],
						[
							-89.744812,
							37.853748
						],
						[
							-89.746719,
							37.853848
						],
						[
							-89.748413,
							37.855442
						],
						[
							-89.75032,
							37.855549
						],
						[
							-89.753815,
							37.858646
						],
						[
							-89.755722,
							37.858845
						],
						[
							-89.757416,
							37.860447
						],
						[
							-89.76091,
							37.863544
						],
						[
							-89.762619,
							37.865147
						],
						[
							-89.76442,
							37.866749
						],
						[
							-89.766113,
							37.868343
						],
						[
							-89.767914,
							37.869946
						],
						[
							-89.769608,
							37.871548
						],
						[
							-89.771408,
							37.873043
						],
						[
							-89.773209,
							37.873142
						],
						[
							-89.775116,
							37.873348
						],
						[
							-89.777008,
							37.873348
						],
						[
							-89.778717,
							37.87505
						],
						[
							-89.780609,
							37.87505
						],
						[
							-89.782318,
							37.876644
						],
						[
							-89.78421,
							37.876842
						],
						[
							-89.786118,
							37.876842
						],
						[
							-89.787811,
							37.878448
						],
						[
							-89.793518,
							37.878742
						],
						[
							-89.795319,
							37.878849
						],
						[
							-89.797119,
							37.880444
						],
						[
							-89.798813,
							37.882046
						],
						[
							-89.802307,
							37.885143
						],
						[
							-89.804108,
							37.886749
						],
						[
							-89.805817,
							37.888351
						],
						[
							-89.80751,
							37.890049
						],
						[
							-89.809418,
							37.890049
						],
						[
							-89.81131,
							37.890148
						],
						[
							-89.813019,
							37.891743
						],
						[
							-89.814911,
							37.89185
						],
						[
							-89.81662,
							37.893444
						],
						[
							-89.818512,
							37.893543
						],
						[
							-89.822021,
							37.896652
						],
						[
							-89.823914,
							37.896851
						],
						[
							-89.825607,
							37.898449
						],
						[
							-89.827408,
							37.900047
						],
						[
							-89.829315,
							37.900047
						],
						[
							-89.831116,
							37.900143
						],
						[
							-89.833008,
							37.900352
						],
						[
							-89.834808,
							37.901844
						],
						[
							-89.836609,
							37.901947
						],
						[
							-89.838409,
							37.903545
						],
						[
							-89.840118,
							37.905148
						],
						[
							-89.84201,
							37.905251
						],
						[
							-89.843719,
							37.906849
						],
						[
							-89.84552,
							37.908447
						],
						[
							-89.847412,
							37.908543
						],
						[
							-89.85112,
							37.908749
						],
						[
							-89.852921,
							37.910244
						],
						[
							-89.854721,
							37.910446
						],
						[
							-89.856522,
							37.911945
						],
						[
							-89.858215,
							37.913647
						],
						[
							-89.860107,
							37.913746
						],
						[
							-89.861908,
							37.915249
						],
						[
							-89.863708,
							37.915348
						],
						[
							-89.865509,
							37.916943
						],
						[
							-89.869217,
							37.917149
						],
						[
							-89.871017,
							37.918743
						],
						[
							-89.872711,
							37.920349
						],
						[
							-89.87262,
							37.921848
						],
						[
							-89.876114,
							37.924946
						],
						[
							-89.877808,
							37.926548
						],
						[
							-89.877716,
							37.928043
						],
						[
							-89.879517,
							37.929649
						],
						[
							-89.88121,
							37.931252
						],
						[
							-89.881119,
							37.932747
						],
						[
							-89.882812,
							37.934246
						],
						[
							-89.88472,
							37.934345
						],
						[
							-89.88652,
							37.935947
						],
						[
							-89.886322,
							37.937447
						],
						[
							-89.888107,
							37.939049
						],
						[
							-89.889816,
							37.940647
						],
						[
							-89.891617,
							37.942253
						],
						[
							-89.893311,
							37.943844
						],
						[
							-89.895111,
							37.94545
						],
						[
							-89.894913,
							37.946846
						],
						[
							-89.896713,
							37.948444
						],
						[
							-89.898407,
							37.950047
						],
						[
							-89.900208,
							37.951649
						],
						[
							-89.902008,
							37.951748
						],
						[
							-89.903809,
							37.953342
						],
						[
							-89.905609,
							37.954845
						],
						[
							-89.905411,
							37.956348
						],
						[
							-89.907211,
							37.957947
						],
						[
							-89.90892,
							37.959545
						],
						[
							-89.908813,
							37.961048
						],
						[
							-89.912308,
							37.964146
						],
						[
							-89.914108,
							37.965847
						],
						[
							-89.915817,
							37.967342
						],
						[
							-89.91571,
							37.968845
						],
						[
							-89.917511,
							37.968945
						],
						[
							-89.919312,
							37.970547
						],
						[
							-89.92131,
							37.969143
						],
						[
							-89.923111,
							37.970745
						],
						[
							-89.926819,
							37.970943
						],
						[
							-89.928619,
							37.972546
						],
						[
							-89.93042,
							37.972649
						],
						[
							-89.936111,
							37.972942
						],
						[
							-89.93811,
							37.971546
						],
						[
							-89.939911,
							37.971649
						],
						[
							-89.943909,
							37.968845
						],
						[
							-89.951508,
							37.969242
						],
						[
							-89.953308,
							37.969349
						],
						[
							-89.955315,
							37.967945
						],
						[
							-89.960907,
							37.968243
						],
						[
							-89.963013,
							37.966946
						],
						[
							-89.965019,
							37.965446
						],
						[
							-89.966927,
							37.965553
						],
						[
							-89.968719,
							37.965752
						],
						[
							-89.972519,
							37.965946
						],
						[
							-89.974518,
							37.964542
						],
						[
							-89.976318,
							37.964546
						],
						[
							-89.978218,
							37.964748
						],
						[
							-89.980011,
							37.966347
						],
						[
							-89.981926,
							37.966347
						],
						[
							-89.985329,
							37.969547
						],
						[
							-89.985214,
							37.971046
						],
						[
							-89.987022,
							37.972645
						],
						[
							-89.986916,
							37.974152
						],
						[
							-89.988625,
							37.975746
						],
						[
							-89.992119,
							37.978848
						],
						[
							-89.993828,
							37.980442
						],
						[
							-89.997429,
							37.98365
						],
						[
							-89.999123,
							37.985249
						],
						[
							-90.001015,
							37.985252
						],
						[
							-90.002922,
							37.985451
						],
						[
							-90.004723,
							37.985447
						],
						[
							-90.008522,
							37.985649
						],
						[
							-90.010216,
							37.987247
						],
						[
							-90.012123,
							37.98735
						],
						[
							-90.013924,
							37.988949
						],
						[
							-90.015617,
							37.990547
						],
						[
							-90.017418,
							37.992146
						],
						[
							-90.021126,
							37.992348
						],
						[
							-90.026421,
							37.997047
						],
						[
							-90.028328,
							37.997143
						],
						[
							-90.030022,
							37.998745
						],
						[
							-90.031822,
							38.000351
						],
						[
							-90.033516,
							38.001953
						],
						[
							-90.035316,
							38.003445
						],
						[
							-90.037025,
							38.005047
						],
						[
							-90.040825,
							38.005249
						],
						[
							-90.042519,
							38.006851
						],
						[
							-90.044426,
							38.00695
						],
						[
							-90.046227,
							38.008549
						],
						[
							-90.04792,
							38.010147
						],
						[
							-90.049828,
							38.010143
						],
						[
							-90.051628,
							38.011845
						],
						[
							-90.053429,
							38.011948
						],
						[
							-90.055321,
							38.011948
						],
						[
							-90.057121,
							38.013546
						],
						[
							-90.062721,
							38.013847
						],
						[
							-90.064415,
							38.01545
						],
						[
							-90.066322,
							38.015549
						],
						[
							-90.068123,
							38.017151
						],
						[
							-90.071815,
							38.017345
						],
						[
							-90.073616,
							38.018948
						],
						[
							-90.075523,
							38.018951
						],
						[
							-90.077415,
							38.019047
						],
						[
							-90.079323,
							38.017742
						],
						[
							-90.081215,
							38.017853
						],
						[
							-90.083015,
							38.019348
						],
						[
							-90.086723,
							38.019547
						],
						[
							-90.088524,
							38.021149
						],
						[
							-90.090416,
							38.021248
						],
						[
							-90.092125,
							38.02285
						],
						[
							-90.093925,
							38.024452
						],
						[
							-90.095619,
							38.026047
						],
						[
							-90.097527,
							38.026146
						],
						[
							-90.099327,
							38.027649
						],
						[
							-90.101219,
							38.027744
						],
						[
							-90.102928,
							38.029346
						],
						[
							-90.104729,
							38.030949
						],
						[
							-90.106422,
							38.032543
						],
						[
							-90.106316,
							38.034046
						],
						[
							-90.108116,
							38.035648
						],
						[
							-90.107918,
							38.037045
						],
						[
							-90.109825,
							38.037148
						],
						[
							-90.111626,
							38.03875
						],
						[
							-90.113319,
							38.040348
						],
						[
							-90.11512,
							38.041946
						],
						[
							-90.116829,
							38.043549
						],
						[
							-90.116615,
							38.046448
						],
						[
							-90.118324,
							38.04805
						],
						[
							-90.118217,
							38.049442
						],
						[
							-90.118126,
							38.051048
						],
						[
							-90.11982,
							38.05265
						],
						[
							-90.12162,
							38.054146
						],
						[
							-90.121529,
							38.055645
						],
						[
							-90.123222,
							38.057251
						],
						[
							-90.126823,
							38.060448
						],
						[
							-90.128517,
							38.06205
						],
						[
							-90.130318,
							38.063553
						],
						[
							-90.132118,
							38.063648
						],
						[
							-90.133919,
							38.065243
						],
						[
							-90.135826,
							38.065353
						],
						[
							-90.13752,
							38.066944
						],
						[
							-90.139427,
							38.067047
						],
						[
							-90.141319,
							38.067043
						],
						[
							-90.14312,
							38.068748
						],
						[
							-90.14492,
							38.068848
						],
						[
							-90.146828,
							38.068848
						],
						[
							-90.14872,
							38.069042
						],
						[
							-90.152428,
							38.069252
						],
						[
							-90.15432,
							38.069252
						],
						[
							-90.156227,
							38.069347
						],
						[
							-90.158226,
							38.068047
						],
						[
							-90.160118,
							38.06815
						],
						[
							-90.162025,
							38.068153
						],
						[
							-90.165718,
							38.068352
						],
						[
							-90.167519,
							38.069946
						],
						[
							-90.173119,
							38.070251
						],
						[
							-90.174919,
							38.071846
						],
						[
							-90.176826,
							38.071953
						],
						[
							-90.17852,
							38.073547
						],
						[
							-90.180321,
							38.07505
						],
						[
							-90.182121,
							38.07515
						],
						[
							-90.185722,
							38.078346
						],
						[
							-90.187416,
							38.079948
						],
						[
							-90.189217,
							38.081551
						],
						[
							-90.190926,
							38.083046
						],
						[
							-90.192818,
							38.083153
						],
						[
							-90.194618,
							38.084747
						],
						[
							-90.196327,
							38.086349
						],
						[
							-90.198128,
							38.087852
						],
						[
							-90.199928,
							38.089447
						],
						[
							-90.201729,
							38.089546
						],
						[
							-90.205315,
							38.092751
						],
						[
							-90.207115,
							38.092846
						],
						[
							-90.210716,
							38.096046
						],
						[
							-90.212517,
							38.096153
						],
						[
							-90.214424,
							38.096153
						],
						[
							-90.216225,
							38.097748
						],
						[
							-90.218117,
							38.097847
						],
						[
							-90.219826,
							38.099449
						],
						[
							-90.225121,
							38.104149
						],
						[
							-90.22683,
							38.105751
						],
						[
							-90.228615,
							38.107353
						],
						[
							-90.230415,
							38.108948
						],
						[
							-90.232124,
							38.11055
						],
						[
							-90.233925,
							38.112053
						],
						[
							-90.235626,
							38.113647
						],
						[
							-90.239227,
							38.116852
						],
						[
							-90.240936,
							38.118446
						],
						[
							-90.242737,
							38.119949
						],
						[
							-90.244514,
							38.121552
						],
						[
							-90.246231,
							38.123146
						],
						[
							-90.248032,
							38.124748
						],
						[
							-90.247925,
							38.126251
						],
						[
							-90.249634,
							38.127747
						],
						[
							-90.251427,
							38.129349
						],
						[
							-90.251328,
							38.130852
						],
						[
							-90.253036,
							38.132446
						],
						[
							-90.254837,
							38.133949
						],
						[
							-90.256531,
							38.135551
						],
						[
							-90.260132,
							38.138748
						],
						[
							-90.259933,
							38.140251
						],
						[
							-90.265228,
							38.144951
						],
						[
							-90.265137,
							38.146446
						],
						[
							-90.266937,
							38.148048
						],
						[
							-90.268631,
							38.149651
						],
						[
							-90.270432,
							38.151146
						],
						[
							-90.272232,
							38.152748
						],
						[
							-90.273926,
							38.15435
						],
						[
							-90.275726,
							38.155952
						],
						[
							-90.277435,
							38.157547
						],
						[
							-90.279236,
							38.15905
						],
						[
							-90.281036,
							38.160652
						],
						[
							-90.28273,
							38.162247
						],
						[
							-90.284531,
							38.163849
						],
						[
							-90.286331,
							38.165352
						],
						[
							-90.288223,
							38.16555
						],
						[
							-90.291733,
							38.168648
						],
						[
							-90.293427,
							38.17025
						],
						[
							-90.295227,
							38.171852
						],
						[
							-90.297028,
							38.173347
						],
						[
							-90.298737,
							38.17495
						],
						[
							-90.300537,
							38.176552
						],
						[
							-90.302429,
							38.176651
						],
						[
							-90.304123,
							38.178146
						],
						[
							-90.307922,
							38.178352
						],
						[
							-90.309723,
							38.179947
						],
						[
							-90.311523,
							38.180153
						],
						[
							-90.313324,
							38.181648
						],
						[
							-90.315125,
							38.18325
						],
						[
							-90.317032,
							38.18335
						],
						[
							-90.318726,
							38.184952
						],
						[
							-90.320526,
							38.186447
						],
						[
							-90.322235,
							38.188049
						],
						[
							-90.324036,
							38.189651
						],
						[
							-90.325928,
							38.189751
						],
						[
							-90.327728,
							38.191353
						],
						[
							-90.329437,
							38.192947
						],
						[
							-90.331223,
							38.19445
						],
						[
							-90.333023,
							38.196053
						],
						[
							-90.334824,
							38.196152
						],
						[
							-90.336624,
							38.197647
						],
						[
							-90.338425,
							38.199348
						],
						[
							-90.340134,
							38.200851
						],
						[
							-90.340027,
							38.202347
						],
						[
							-90.341827,
							38.203949
						],
						[
							-90.341736,
							38.205452
						],
						[
							-90.34343,
							38.207047
						],
						[
							-90.34523,
							38.208549
						],
						[
							-90.347031,
							38.210152
						],
						[
							-90.346832,
							38.211647
						],
						[
							-90.350433,
							38.214851
						],
						[
							-90.350327,
							38.216248
						],
						[
							-90.350128,
							38.21785
						],
						[
							-90.350037,
							38.219246
						],
						[
							-90.351837,
							38.220848
						],
						[
							-90.35173,
							38.222351
						],
						[
							-90.353424,
							38.223953
						],
						[
							-90.353027,
							38.229851
						],
						[
							-90.354736,
							38.231453
						],
						[
							-90.354324,
							38.23735
						],
						[
							-90.356033,
							38.238953
						],
						[
							-90.357834,
							38.240547
						],
						[
							-90.357635,
							38.243446
						],
						[
							-90.357437,
							38.244949
						],
						[
							-90.357224,
							38.247948
						],
						[
							-90.359024,
							38.24955
						],
						[
							-90.358932,
							38.251053
						],
						[
							-90.358734,
							38.252449
						],
						[
							-90.358429,
							38.25695
						],
						[
							-90.361923,
							38.260048
						],
						[
							-90.361633,
							38.264549
						],
						[
							-90.361435,
							38.266052
						],
						[
							-90.361237,
							38.269051
						],
						[
							-90.363037,
							38.270653
						],
						[
							-90.36293,
							38.272049
						],
						[
							-90.364624,
							38.273651
						],
						[
							-90.364334,
							38.278152
						],
						[
							-90.364136,
							38.281052
						],
						[
							-90.363922,
							38.282547
						],
						[
							-90.363831,
							38.28405
						],
						[
							-90.363525,
							38.288551
						],
						[
							-90.365234,
							38.290047
						],
						[
							-90.367035,
							38.291649
						],
						[
							-90.36673,
							38.29615
						],
						[
							-90.366531,
							38.297653
						],
						[
							-90.366226,
							38.302048
						],
						[
							-90.366135,
							38.30365
						],
						[
							-90.366028,
							38.305046
						],
						[
							-90.367737,
							38.306648
						],
						[
							-90.367523,
							38.309547
						],
						[
							-90.367325,
							38.312553
						],
						[
							-90.367126,
							38.314049
						],
						[
							-90.366928,
							38.317047
						],
						[
							-90.364929,
							38.318451
						],
						[
							-90.364731,
							38.32135
						],
						[
							-90.364532,
							38.322853
						],
						[
							-90.364426,
							38.324348
						],
						[
							-90.364029,
							38.330353
						],
						[
							-90.363831,
							38.331749
						],
						[
							-90.363724,
							38.333252
						],
						[
							-90.361725,
							38.334648
						],
						[
							-90.361435,
							38.339149
						],
						[
							-90.361328,
							38.340553
						],
						[
							-90.359329,
							38.342049
						],
						[
							-90.359131,
							38.343552
						],
						[
							-90.359024,
							38.344948
						],
						[
							-90.357025,
							38.346352
						],
						[
							-90.356934,
							38.347847
						],
						[
							-90.354935,
							38.349251
						],
						[
							-90.354736,
							38.352249
						],
						[
							-90.354523,
							38.353752
						],
						[
							-90.354233,
							38.358147
						],
						[
							-90.352234,
							38.35955
						],
						[
							-90.352036,
							38.362549
						],
						[
							-90.350037,
							38.363953
						],
						[
							-90.349823,
							38.365448
						],
						[
							-90.347824,
							38.366852
						],
						[
							-90.347733,
							38.368248
						],
						[
							-90.349533,
							38.36985
						],
						[
							-90.347534,
							38.371246
						],
						[
							-90.347336,
							38.372749
						],
						[
							-90.345337,
							38.374153
						],
						[
							-90.34523,
							38.375648
						],
						[
							-90.341232,
							38.378448
						],
						[
							-90.339226,
							38.379753
						],
						[
							-90.339127,
							38.381248
						],
						[
							-90.33712,
							38.382652
						],
						[
							-90.337036,
							38.384148
						],
						[
							-90.333023,
							38.386948
						],
						[
							-90.332817,
							38.388451
						],
						[
							-90.324821,
							38.394051
						],
						[
							-90.322823,
							38.395348
						],
						[
							-90.320824,
							38.396851
						],
						[
							-90.318825,
							38.398247
						],
						[
							-90.320625,
							38.39975
						],
						[
							-90.320518,
							38.401253
						],
						[
							-90.31852,
							38.402649
						],
						[
							-90.316521,
							38.403946
						],
						[
							-90.314415,
							38.40535
						],
						[
							-90.314323,
							38.406853
						],
						[
							-90.310326,
							38.409653
						],
						[
							-90.308327,
							38.411148
						],
						[
							-90.306328,
							38.412453
						],
						[
							-90.306221,
							38.413948
						],
						[
							-90.302223,
							38.416748
						],
						[
							-90.300316,
							38.416649
						],
						[
							-90.298317,
							38.418053
						],
						[
							-90.298119,
							38.419548
						],
						[
							-90.296227,
							38.420952
						],
						[
							-90.294121,
							38.422348
						],
						[
							-90.290123,
							38.425148
						],
						[
							-90.288124,
							38.426453
						],
						[
							-90.287926,
							38.429451
						],
						[
							-90.285927,
							38.430847
						],
						[
							-90.28582,
							38.43235
						],
						[
							-90.285622,
							38.433853
						],
						[
							-90.283623,
							38.435249
						],
						[
							-90.283516,
							38.436649
						],
						[
							-90.283226,
							38.441147
						],
						[
							-90.283028,
							38.442646
						],
						[
							-90.282829,
							38.445644
						],
						[
							-90.282616,
							38.448547
						],
						[
							-90.280617,
							38.450047
						],
						[
							-90.280418,
							38.451443
						],
						[
							-90.28022,
							38.454453
						],
						[
							-90.278221,
							38.45575
						],
						[
							-90.27813,
							38.457352
						],
						[
							-90.277916,
							38.458748
						],
						[
							-90.279716,
							38.460346
						],
						[
							-90.277718,
							38.461746
						],
						[
							-90.277519,
							38.464748
						],
						[
							-90.27552,
							38.466148
						],
						[
							-90.275322,
							38.467648
						],
						[
							-90.275215,
							38.469048
						],
						[
							-90.275124,
							38.470646
						],
						[
							-90.273125,
							38.471943
						],
						[
							-90.273018,
							38.473446
						],
						[
							-90.274727,
							38.475052
						],
						[
							-90.272728,
							38.476448
						],
						[
							-90.27253,
							38.479446
						],
						[
							-90.272316,
							38.482349
						],
						[
							-90.272118,
							38.483849
						],
						[
							-90.271919,
							38.486847
						],
						[
							-90.26992,
							38.488251
						],
						[
							-90.269829,
							38.489746
						],
						[
							-90.271523,
							38.491249
						],
						[
							-90.271416,
							38.492752
						],
						[
							-90.269417,
							38.494144
						],
						[
							-90.269325,
							38.495651
						],
						[
							-90.265327,
							38.498447
						],
						[
							-90.265129,
							38.499947
						],
						[
							-90.263115,
							38.50135
						],
						[
							-90.262825,
							38.505753
						],
						[
							-90.260826,
							38.507145
						],
						[
							-90.260719,
							38.508648
						],
						[
							-90.260521,
							38.510147
						],
						[
							-90.258522,
							38.511551
						],
						[
							-90.258324,
							38.514549
						],
						[
							-90.258217,
							38.515953
						],
						[
							-90.256218,
							38.517349
						],
						[
							-90.25602,
							38.518848
						],
						[
							-90.255623,
							38.524845
						],
						[
							-90.255424,
							38.526253
						],
						[
							-90.255226,
							38.529251
						],
						[
							-90.253227,
							38.530643
						],
						[
							-90.25312,
							38.53215
						],
						[
							-90.251122,
							38.533543
						],
						[
							-90.250923,
							38.535046
						],
						[
							-90.248924,
							38.536343
						],
						[
							-90.248726,
							38.539352
						],
						[
							-90.246727,
							38.540745
						],
						[
							-90.24662,
							38.542248
						],
						[
							-90.244514,
							38.543644
						],
						[
							-90.244423,
							38.545151
						],
						[
							-90.242424,
							38.546543
						],
						[
							-90.238426,
							38.549347
						],
						[
							-90.236427,
							38.550648
						],
						[
							-90.23632,
							38.552143
						],
						[
							-90.234322,
							38.553547
						],
						[
							-90.234123,
							38.555042
						],
						[
							-90.232124,
							38.556446
						],
						[
							-90.231926,
							38.559444
						],
						[
							-90.229927,
							38.560749
						],
						[
							-90.229729,
							38.562344
						],
						[
							-90.227715,
							38.563648
						],
						[
							-90.227425,
							38.56815
						],
						[
							-90.223427,
							38.57095
						],
						[
							-90.221321,
							38.572346
						],
						[
							-90.219322,
							38.573643
						],
						[
							-90.209328,
							38.580647
						],
						[
							-90.209221,
							38.58215
						],
						[
							-90.207115,
							38.583549
						],
						[
							-90.205116,
							38.584843
						],
						[
							-90.203117,
							38.586346
						],
						[
							-90.19912,
							38.589146
						],
						[
							-90.197227,
							38.588947
						],
						[
							-90.195229,
							38.590343
						],
						[
							-90.195015,
							38.591846
						],
						[
							-90.191017,
							38.594646
						],
						[
							-90.190819,
							38.597645
						],
						[
							-90.18882,
							38.599049
						],
						[
							-90.188622,
							38.600445
						],
						[
							-90.186623,
							38.601849
						],
						[
							-90.186516,
							38.603344
						],
						[
							-90.182518,
							38.606144
						],
						[
							-90.182426,
							38.607647
						],
						[
							-90.182228,
							38.609142
						],
						[
							-90.181816,
							38.615047
						],
						[
							-90.181618,
							38.616543
						],
						[
							-90.179619,
							38.617947
						],
						[
							-90.179329,
							38.622448
						],
						[
							-90.177216,
							38.623745
						],
						[
							-90.177017,
							38.626743
						],
						[
							-90.178825,
							38.628345
						],
						[
							-90.176819,
							38.629749
						],
						[
							-90.17662,
							38.631245
						],
						[
							-90.176414,
							38.634144
						],
						[
							-90.176323,
							38.635647
						],
						[
							-90.17421,
							38.637043
						],
						[
							-90.174011,
							38.640049
						],
						[
							-90.177528,
							38.643147
						],
						[
							-90.177307,
							38.646145
						],
						[
							-90.177109,
							38.649143
						],
						[
							-90.178818,
							38.650745
						],
						[
							-90.180618,
							38.652348
						],
						[
							-90.18042,
							38.655247
						],
						[
							-90.182121,
							38.656849
						],
						[
							-90.182007,
							38.658344
						],
						[
							-90.183815,
							38.659946
						],
						[
							-90.183723,
							38.661449
						],
						[
							-90.18541,
							38.662945
						],
						[
							-90.185326,
							38.664448
						],
						[
							-90.185127,
							38.667446
						],
						[
							-90.186928,
							38.669048
						],
						[
							-90.186729,
							38.670444
						],
						[
							-90.186417,
							38.674946
						],
						[
							-90.18811,
							38.676548
						],
						[
							-90.188026,
							38.678043
						],
						[
							-90.187828,
							38.681049
						],
						[
							-90.189629,
							38.682545
						],
						[
							-90.189407,
							38.684048
						],
						[
							-90.189316,
							38.685543
						],
						[
							-90.191124,
							38.687145
						],
						[
							-90.192818,
							38.688747
						],
						[
							-90.192726,
							38.690144
						],
						[
							-90.194527,
							38.691746
						],
						[
							-90.194221,
							38.696247
						],
						[
							-90.194023,
							38.697643
						],
						[
							-90.193825,
							38.700649
						],
						[
							-90.193626,
							38.702145
						],
						[
							-90.193321,
							38.706646
						],
						[
							-90.19323,
							38.708149
						],
						[
							-90.193016,
							38.709644
						],
						[
							-90.19281,
							38.712543
						],
						[
							-90.192726,
							38.714046
						],
						[
							-90.19252,
							38.717045
						],
						[
							-90.190422,
							38.718449
						],
						[
							-90.190109,
							38.722843
						],
						[
							-90.189911,
							38.724346
						],
						[
							-90.189827,
							38.725849
						],
						[
							-90.189713,
							38.727345
						],
						[
							-90.189629,
							38.728848
						],
						[
							-90.189415,
							38.730343
						],
						[
							-90.187408,
							38.731647
						],
						[
							-90.187317,
							38.733242
						],
						[
							-90.18721,
							38.734646
						],
						[
							-90.185211,
							38.736042
						],
						[
							-90.185013,
							38.737545
						],
						[
							-90.184921,
							38.739048
						],
						[
							-90.184708,
							38.741947
						],
						[
							-90.18071,
							38.744747
						],
						[
							-90.180511,
							38.746243
						],
						[
							-90.18042,
							38.747746
						],
						[
							-90.178421,
							38.749149
						],
						[
							-90.178314,
							38.750645
						],
						[
							-90.178116,
							38.752148
						],
						[
							-90.177917,
							38.755047
						],
						[
							-90.175919,
							38.756443
						],
						[
							-90.17572,
							38.759449
						],
						[
							-90.173615,
							38.760845
						],
						[
							-90.171616,
							38.762249
						],
						[
							-90.171509,
							38.763744
						],
						[
							-90.16951,
							38.765049
						],
						[
							-90.169418,
							38.766544
						],
						[
							-90.167313,
							38.767948
						],
						[
							-90.161316,
							38.772144
						],
						[
							-90.15921,
							38.773548
						],
						[
							-90.157318,
							38.773449
						],
						[
							-90.155319,
							38.774845
						],
						[
							-90.153412,
							38.774746
						],
						[
							-90.15332,
							38.776249
						],
						[
							-90.151321,
							38.777546
						],
						[
							-90.149307,
							38.778942
						],
						[
							-90.147308,
							38.780346
						],
						[
							-90.145309,
							38.780247
						],
						[
							-90.141312,
							38.783043
						],
						[
							-90.14122,
							38.784538
						],
						[
							-90.139221,
							38.785946
						],
						[
							-90.137207,
							38.787342
						],
						[
							-90.135117,
							38.788742
						],
						[
							-90.133209,
							38.788643
						],
						[
							-90.127213,
							38.792839
						],
						[
							-90.127121,
							38.794243
						],
						[
							-90.125015,
							38.795643
						]
					],
					[
						[
							-89.250954,
							29.157024
						],
						[
							-89.251167,
							29.154119
						],
						[
							-89.251259,
							29.152721
						],
						[
							-89.253059,
							29.151321
						],
						[
							-89.253258,
							29.14982
						],
						[
							-89.253365,
							29.148422
						],
						[
							-89.253563,
							29.145422
						],
						[
							-89.253761,
							29.144024
						],
						[
							-89.255455,
							29.142624
						],
						[
							-89.255669,
							29.141125
						],
						[
							-89.25576,
							29.139725
						],
						[
							-89.257561,
							29.138325
						],
						[
							-89.257668,
							29.136822
						],
						[
							-89.259468,
							29.135525
						],
						[
							-89.25956,
							29.134125
						],
						[
							-89.26136,
							29.132725
						],
						[
							-89.261467,
							29.131222
						],
						[
							-89.263268,
							29.129822
						],
						[
							-89.263466,
							29.128424
						],
						[
							-89.263557,
							29.126923
						],
						[
							-89.263664,
							29.125525
						],
						[
							-89.265465,
							29.124123
						],
						[
							-89.265556,
							29.122623
						],
						[
							-89.265663,
							29.121223
						],
						[
							-89.265862,
							29.119724
						],
						[
							-89.267555,
							29.118326
						],
						[
							-89.267754,
							29.116926
						],
						[
							-89.267967,
							29.114023
						],
						[
							-89.269768,
							29.112623
						],
						[
							-89.269966,
							29.111223
						],
						[
							-89.271767,
							29.109823
						],
						[
							-89.271858,
							29.108324
						],
						[
							-89.273567,
							29.107023
						],
						[
							-89.273766,
							29.105524
						],
						[
							-89.275566,
							29.104124
						],
						[
							-89.275764,
							29.101225
						],
						[
							-89.277565,
							29.099924
						],
						[
							-89.277657,
							29.098425
						],
						[
							-89.277855,
							29.096926
						],
						[
							-89.277962,
							29.095526
						],
						[
							-89.279762,
							29.094126
						],
						[
							-89.279854,
							29.092627
						],
						[
							-89.280067,
							29.089724
						],
						[
							-89.281868,
							29.088324
						],
						[
							-89.282066,
							29.086924
						],
						[
							-89.282158,
							29.085424
						],
						[
							-89.283958,
							29.084024
						],
						[
							-89.284065,
							29.082624
						],
						[
							-89.285866,
							29.081226
						],
						[
							-89.287666,
							29.079924
						],
						[
							-89.289467,
							29.078524
						],
						[
							-89.291267,
							29.077229
						],
						[
							-89.294868,
							29.074429
						],
						[
							-89.296562,
							29.073128
						],
						[
							-89.296654,
							29.071629
						],
						[
							-89.298454,
							29.070328
						],
						[
							-89.300255,
							29.068928
						],
						[
							-89.302055,
							29.067627
						],
						[
							-89.303856,
							29.066227
						],
						[
							-89.304054,
							29.064728
						],
						[
							-89.305763,
							29.063427
						],
						[
							-89.305962,
							29.061928
						],
						[
							-89.306068,
							29.060429
						],
						[
							-89.307854,
							29.059128
						],
						[
							-89.309654,
							29.057728
						],
						[
							-89.311455,
							29.056427
						],
						[
							-89.311562,
							29.05493
						],
						[
							-89.313362,
							29.053629
						],
						[
							-89.313454,
							29.052128
						],
						[
							-89.315254,
							29.050728
						],
						[
							-89.315468,
							29.047831
						],
						[
							-89.317268,
							29.046429
						],
						[
							-89.31736,
							29.045031
						],
						[
							-89.31916,
							29.043631
						],
						[
							-89.320961,
							29.04233
						],
						[
							-89.322762,
							29.04093
						],
						[
							-89.322868,
							29.039431
						],
						[
							-89.324654,
							29.03813
						],
						[
							-89.326454,
							29.03673
						],
						[
							-89.328255,
							29.035429
						],
						[
							-89.330055,
							29.034029
						],
						[
							-89.331856,
							29.032728
						],
						[
							-89.332054,
							29.02973
						],
						[
							-89.333855,
							29.028429
						],
						[
							-89.334068,
							29.025431
						],
						[
							-89.335854,
							29.02413
						],
						[
							-89.337654,
							29.022732
						],
						[
							-89.339455,
							29.021429
						],
						[
							-89.341255,
							29.020031
						],
						[
							-89.341362,
							29.018629
						],
						[
							-89.341454,
							29.017132
						],
						[
							-89.341667,
							29.015633
						],
						[
							-89.343468,
							29.014332
						],
						[
							-89.343666,
							29.01133
						],
						[
							-89.345467,
							29.010033
						],
						[
							-89.349068,
							29.007233
						],
						[
							-89.350868,
							29.005932
						],
						[
							-89.35096,
							29.004433
						],
						[
							-89.35276,
							29.003132
						],
						[
							-89.354561,
							29.001734
						],
						[
							-89.354668,
							29.000332
						],
						[
							-89.356468,
							28.998934
						],
						[
							-89.35656,
							28.997429
						],
						[
							-89.35836,
							28.996134
						],
						[
							-89.360153,
							28.994734
						],
						[
							-89.361961,
							28.993433
						],
						[
							-89.362068,
							28.991932
						],
						[
							-89.363853,
							28.990534
						],
						[
							-89.36396,
							28.989031
						],
						[
							-89.365761,
							28.987734
						],
						[
							-89.367554,
							28.986334
						],
						[
							-89.369255,
							28.985033
						],
						[
							-89.369453,
							28.983534
						],
						[
							-89.371246,
							28.982233
						],
						[
							-89.371468,
							28.979334
						],
						[
							-89.373268,
							28.977934
						],
						[
							-89.373352,
							28.976431
						],
						[
							-89.37516,
							28.975031
						],
						[
							-89.378754,
							28.972433
						],
						[
							-89.380562,
							28.970934
						],
						[
							-89.382355,
							28.969633
						],
						[
							-89.382454,
							28.968134
						],
						[
							-89.384247,
							28.966833
						],
						[
							-89.385963,
							28.965435
						],
						[
							-89.386154,
							28.964033
						],
						[
							-89.386261,
							28.962534
						],
						[
							-89.388046,
							28.961235
						],
						[
							-89.389854,
							28.959833
						],
						[
							-89.389961,
							28.958334
						],
						[
							-89.391754,
							28.957033
						],
						[
							-89.391953,
							28.954031
						],
						[
							-89.393761,
							28.952736
						],
						[
							-89.39386,
							28.951231
						],
						[
							-89.39566,
							28.949936
						],
						[
							-89.395752,
							28.948433
						],
						[
							-89.397552,
							28.947136
						],
						[
							-89.399361,
							28.945736
						],
						[
							-89.39946,
							28.944233
						],
						[
							-89.40126,
							28.942833
						],
						[
							-89.401352,
							28.941433
						],
						[
							-89.403152,
							28.940033
						],
						[
							-89.403351,
							28.938633
						],
						[
							-89.40506,
							28.937233
						],
						[
							-89.40686,
							28.935936
						],
						[
							-89.406952,
							28.934433
						],
						[
							-89.408752,
							28.933033
						],
						[
							-89.408859,
							28.931633
						],
						[
							-89.41066,
							28.930233
						],
						[
							-89.41246,
							28.928936
						],
						[
							-89.416046,
							28.926138
						],
						[
							-89.416153,
							28.924633
						]
					],
					[
						[
							-89.345161,
							29.275219
						],
						[
							-89.346855,
							29.273817
						],
						[
							-89.348656,
							29.272516
						],
						[
							-89.348854,
							29.271019
						],
						[
							-89.349068,
							29.268019
						],
						[
							-89.349266,
							29.266621
						],
						[
							-89.349358,
							29.265116
						],
						[
							-89.349556,
							29.262217
						],
						[
							-89.348061,
							29.26062
						],
						[
							-89.346458,
							29.259018
						],
						[
							-89.346565,
							29.257618
						],
						[
							-89.346764,
							29.256119
						],
						[
							-89.345161,
							29.25452
						],
						[
							-89.345268,
							29.253021
						],
						[
							-89.343758,
							29.251518
						],
						[
							-89.342064,
							29.251419
						],
						[
							-89.342155,
							29.24992
						],
						[
							-89.342354,
							29.248421
						],
						[
							-89.342461,
							29.247021
						],
						[
							-89.340858,
							29.245419
						],
						[
							-89.340965,
							29.243919
						],
						[
							-89.341164,
							29.242519
						],
						[
							-89.341255,
							29.24102
						],
						[
							-89.339668,
							29.239418
						],
						[
							-89.339867,
							29.238018
						],
						[
							-89.340065,
							29.23502
						],
						[
							-89.338554,
							29.233418
						],
						[
							-89.338768,
							29.23052
						],
						[
							-89.33886,
							29.229019
						],
						[
							-89.339058,
							29.227619
						],
						[
							-89.339256,
							29.224623
						],
						[
							-89.339363,
							29.223221
						],
						[
							-89.339455,
							29.22172
						],
						[
							-89.339668,
							29.22032
						],
						[
							-89.339867,
							29.217321
						],
						[
							-89.338356,
							29.215822
						],
						[
							-89.338554,
							29.21282
						],
						[
							-89.337059,
							29.211222
						],
						[
							-89.337166,
							29.209822
						],
						[
							-89.337257,
							29.208323
						],
						[
							-89.337364,
							29.206923
						],
						[
							-89.337456,
							29.20542
						],
						[
							-89.337654,
							29.20392
						],
						[
							-89.337868,
							29.201021
						],
						[
							-89.338066,
							29.199522
						],
						[
							-89.338264,
							29.196623
						],
						[
							-89.338356,
							29.19512
						],
						[
							-89.338463,
							29.19372
						],
						[
							-89.340263,
							29.192322
						],
						[
							-89.340355,
							29.190821
						],
						[
							-89.340569,
							29.189421
						],
						[
							-89.342354,
							29.188023
						],
						[
							-89.342567,
							29.185122
						],
						[
							-89.342659,
							29.183622
						],
						[
							-89.342857,
							29.182224
						],
						[
							-89.341255,
							29.18062
						],
						[
							-89.339668,
							29.180521
						],
						[
							-89.33976,
							29.179024
						],
						[
							-89.340065,
							29.174622
						],
						[
							-89.340157,
							29.173122
						],
						[
							-89.340355,
							29.171722
						],
						[
							-89.342155,
							29.170322
						],
						[
							-89.342262,
							29.168922
						],
						[
							-89.342354,
							29.167423
						],
						[
							-89.340858,
							29.165825
						],
						[
							-89.342659,
							29.164524
						],
						[
							-89.342857,
							29.161522
						],
						[
							-89.341362,
							29.160023
						],
						[
							-89.34156,
							29.157024
						],
						[
							-89.343361,
							29.155724
						],
						[
							-89.345161,
							29.154324
						],
						[
							-89.345268,
							29.152925
						],
						[
							-89.34536,
							29.151426
						],
						[
							-89.345558,
							29.149921
						],
						[
							-89.345757,
							29.147022
						],
						[
							-89.345863,
							29.145622
						],
						[
							-89.345955,
							29.144026
						],
						[
							-89.346169,
							29.142626
						],
						[
							-89.34626,
							29.141127
						],
						[
							-89.346458,
							29.138224
						],
						[
							-89.346657,
							29.136724
						],
						[
							-89.346764,
							29.135324
						],
						[
							-89.346855,
							29.133825
						],
						[
							-89.34536,
							29.132227
						],
						[
							-89.345467,
							29.130827
						],
						[
							-89.345558,
							29.129324
						],
						[
							-89.347359,
							29.128027
						],
						[
							-89.347557,
							29.125025
						],
						[
							-89.347755,
							29.123625
						],
						[
							-89.348061,
							29.119123
						],
						[
							-89.348259,
							29.117723
						],
						[
							-89.348366,
							29.116224
						],
						[
							-89.346764,
							29.114626
						],
						[
							-89.346855,
							29.113226
						],
						[
							-89.343864,
							29.110027
						],
						[
							-89.342262,
							29.108526
						],
						[
							-89.342354,
							29.107025
						],
						[
							-89.340858,
							29.105427
						],
						[
							-89.340965,
							29.104027
						],
						[
							-89.341164,
							29.101028
						],
						[
							-89.341362,
							29.099524
						],
						[
							-89.341454,
							29.098125
						],
						[
							-89.341667,
							29.095226
						],
						[
							-89.341866,
							29.093727
						],
						[
							-89.341957,
							29.092228
						],
						[
							-89.342064,
							29.090828
						],
						[
							-89.342155,
							29.089329
						]
					],
					[
						[
							-89.268059,
							29.192122
						],
						[
							-89.271156,
							29.195223
						],
						[
							-89.272758,
							29.196722
						],
						[
							-89.274254,
							29.198418
						],
						[
							-89.274162,
							29.19982
						],
						[
							-89.275764,
							29.201422
						],
						[
							-89.278755,
							29.204622
						],
						[
							-89.280357,
							29.206121
						],
						[
							-89.280266,
							29.207619
						],
						[
							-89.281761,
							29.209223
						],
						[
							-89.281654,
							29.210621
						],
						[
							-89.283165,
							29.212219
						],
						[
							-89.282967,
							29.21512
						],
						[
							-89.284554,
							29.216722
						],
						[
							-89.284355,
							29.218222
						],
						[
							-89.285957,
							29.219721
						],
						[
							-89.285759,
							29.221218
						],
						[
							-89.287361,
							29.22282
						],
						[
							-89.288857,
							29.224419
						],
						[
							-89.290459,
							29.225918
						],
						[
							-89.291954,
							29.22752
						],
						[
							-89.291862,
							29.229019
						],
						[
							-89.296562,
							29.233719
						],
						[
							-89.296364,
							29.235218
						],
						[
							-89.301064,
							29.239918
						],
						[
							-89.302559,
							29.241421
						],
						[
							-89.304054,
							29.243019
						],
						[
							-89.307259,
							29.24622
						],
						[
							-89.308754,
							29.247818
						],
						[
							-89.310463,
							29.247921
						],
						[
							-89.311958,
							29.24942
						],
						[
							-89.313667,
							29.249519
						],
						[
							-89.315163,
							29.251118
						],
						[
							-89.319862,
							29.255821
						],
						[
							-89.321465,
							29.257418
						],
						[
							-89.323067,
							29.257519
						],
						[
							-89.324654,
							29.259119
						],
						[
							-89.326164,
							29.260719
						],
						[
							-89.327858,
							29.260818
						],
						[
							-89.329369,
							29.262421
						],
						[
							-89.330956,
							29.264017
						],
						[
							-89.332466,
							29.265516
						],
						[
							-89.337166,
							29.270216
						],
						[
							-89.338661,
							29.271818
						],
						[
							-89.340355,
							29.271917
						],
						[
							-89.341866,
							29.273516
						],
						[
							-89.343559,
							29.273619
						],
						[
							-89.345161,
							29.275219
						]
					],
					[
						[
							-89.17276,
							29.324417
						],
						[
							-89.174561,
							29.323116
						],
						[
							-89.174759,
							29.321617
						],
						[
							-89.178253,
							29.318916
						],
						[
							-89.181854,
							29.316116
						],
						[
							-89.183655,
							29.314816
						],
						[
							-89.183861,
							29.313316
						],
						[
							-89.184052,
							29.310417
						],
						[
							-89.184166,
							29.308914
						],
						[
							-89.184364,
							29.307514
						],
						[
							-89.184448,
							29.306015
						],
						[
							-89.184555,
							29.304518
						],
						[
							-89.186363,
							29.303215
						],
						[
							-89.186455,
							29.301716
						],
						[
							-89.188248,
							29.300316
						],
						[
							-89.188446,
							29.298916
						],
						[
							-89.190254,
							29.297516
						],
						[
							-89.192055,
							29.296215
						],
						[
							-89.192162,
							29.294718
						],
						[
							-89.193962,
							29.293316
						],
						[
							-89.195763,
							29.292017
						],
						[
							-89.197563,
							29.290615
						],
						[
							-89.195961,
							29.289017
						],
						[
							-89.197762,
							29.287716
						],
						[
							-89.199562,
							29.286318
						],
						[
							-89.201363,
							29.285017
						],
						[
							-89.203163,
							29.283617
						],
						[
							-89.204964,
							29.282316
						],
						[
							-89.208565,
							29.279516
						],
						[
							-89.208656,
							29.278116
						],
						[
							-89.212257,
							29.275316
						],
						[
							-89.214165,
							29.274019
						],
						[
							-89.215858,
							29.272718
						],
						[
							-89.215965,
							29.271219
						],
						[
							-89.216164,
							29.269716
						],
						[
							-89.217964,
							29.268419
						],
						[
							-89.218056,
							29.266916
						],
						[
							-89.219856,
							29.265619
						],
						[
							-89.219963,
							29.264116
						],
						[
							-89.221764,
							29.262819
						],
						[
							-89.225365,
							29.260019
						],
						[
							-89.227165,
							29.258718
						],
						[
							-89.227257,
							29.257219
						],
						[
							-89.229057,
							29.255821
						],
						[
							-89.229256,
							29.254419
						],
						[
							-89.229362,
							29.252918
						],
						[
							-89.231163,
							29.251621
						],
						[
							-89.231255,
							29.250118
						],
						[
							-89.233055,
							29.248718
						],
						[
							-89.234856,
							29.247416
						],
						[
							-89.234962,
							29.246017
						],
						[
							-89.236763,
							29.244518
						],
						[
							-89.238564,
							29.243217
						],
						[
							-89.238655,
							29.241718
						],
						[
							-89.240456,
							29.240417
						],
						[
							-89.240562,
							29.238918
						],
						[
							-89.240761,
							29.237419
						],
						[
							-89.240868,
							29.236019
						],
						[
							-89.241066,
							29.233021
						],
						[
							-89.241264,
							29.231621
						],
						[
							-89.243065,
							29.230221
						],
						[
							-89.243156,
							29.228821
						],
						[
							-89.244957,
							29.227421
						],
						[
							-89.245155,
							29.224518
						],
						[
							-89.246956,
							29.223118
						],
						[
							-89.247154,
							29.221718
						],
						[
							-89.248955,
							29.220318
						],
						[
							-89.24926,
							29.215919
						],
						[
							-89.25106,
							29.21452
						],
						[
							-89.251167,
							29.21312
						],
						[
							-89.251366,
							29.21162
						],
						[
							-89.253166,
							29.21022
						],
						[
							-89.253365,
							29.207323
						],
						[
							-89.255165,
							29.205923
						],
						[
							-89.258766,
							29.203321
						],
						[
							-89.262367,
							29.200521
						],
						[
							-89.264168,
							29.199221
						],
						[
							-89.265968,
							29.197821
						],
						[
							-89.267754,
							29.19652
						],
						[
							-89.268059,
							29.192122
						]
					],
					[
						[
							-89.250954,
							29.157024
						],
						[
							-89.250755,
							29.158522
						],
						[
							-89.253868,
							29.161623
						],
						[
							-89.253761,
							29.163122
						],
						[
							-89.255257,
							29.164721
						],
						[
							-89.255165,
							29.16622
						],
						[
							-89.256767,
							29.167723
						],
						[
							-89.258263,
							29.169321
						],
						[
							-89.258156,
							29.17082
						],
						[
							-89.259666,
							29.172422
						],
						[
							-89.25956,
							29.173822
						],
						[
							-89.261162,
							29.175421
						],
						[
							-89.262657,
							29.177023
						],
						[
							-89.262566,
							29.178423
						],
						[
							-89.264061,
							29.180021
						],
						[
							-89.263954,
							29.18152
						],
						[
							-89.265556,
							29.183123
						],
						[
							-89.265358,
							29.184523
						],
						[
							-89.26696,
							29.186121
						],
						[
							-89.266762,
							29.187521
						],
						[
							-89.266655,
							29.18902
						],
						[
							-89.268257,
							29.190622
						],
						[
							-89.268059,
							29.192122
						]
					],
					[
						[
							-89.247963,
							29.152422
						],
						[
							-89.249458,
							29.154022
						],
						[
							-89.249367,
							29.15542
						],
						[
							-89.250954,
							29.157024
						]
					],
					[
						[
							-89.247963,
							29.152422
						],
						[
							-89.244865,
							29.149323
						],
						[
							-89.244957,
							29.147823
						],
						[
							-89.245155,
							29.146324
						],
						[
							-89.243568,
							29.144825
						],
						[
							-89.24366,
							29.143322
						],
						[
							-89.242165,
							29.141823
						],
						[
							-89.242256,
							29.140324
						],
						[
							-89.240761,
							29.138721
						],
						[
							-89.240868,
							29.137321
						],
						[
							-89.240959,
							29.135822
						],
						[
							-89.239464,
							29.134224
						],
						[
							-89.237862,
							29.132622
						],
						[
							-89.237968,
							29.131123
						],
						[
							-89.238167,
							29.129723
						],
						[
							-89.238258,
							29.128223
						],
						[
							-89.238365,
							29.126823
						],
						[
							-89.238457,
							29.125324
						],
						[
							-89.238655,
							29.123821
						],
						[
							-89.238762,
							29.122421
						],
						[
							-89.238853,
							29.120922
						],
						[
							-89.237358,
							29.119324
						],
						[
							-89.235756,
							29.117825
						],
						[
							-89.234261,
							29.116224
						],
						[
							-89.232658,
							29.114624
						],
						[
							-89.229668,
							29.111425
						],
						[
							-89.229759,
							29.110025
						],
						[
							-89.228157,
							29.108423
						],
						[
							-89.228355,
							29.107023
						],
						[
							-89.228554,
							29.104023
						],
						[
							-89.228661,
							29.102623
						],
						[
							-89.227165,
							29.101027
						],
						[
							-89.225563,
							29.099424
						],
						[
							-89.224068,
							29.097826
						],
						[
							-89.224159,
							29.096426
						],
						[
							-89.224358,
							29.094927
						],
						[
							-89.222755,
							29.093325
						],
						[
							-89.22126,
							29.091726
						],
						[
							-89.219658,
							29.090223
						],
						[
							-89.218163,
							29.088625
						],
						[
							-89.218246,
							29.087126
						],
						[
							-89.216759,
							29.085524
						],
						[
							-89.216866,
							29.084124
						],
						[
							-89.215263,
							29.082525
						],
						[
							-89.215462,
							29.081026
						],
						[
							-89.215569,
							29.079626
						],
						[
							-89.213966,
							29.078024
						],
						[
							-89.21096,
							29.074823
						],
						[
							-89.209358,
							29.073324
						],
						[
							-89.207863,
							29.071726
						],
						[
							-89.206261,
							29.070227
						],
						[
							-89.206367,
							29.068724
						],
						[
							-89.204857,
							29.067125
						],
						[
							-89.204956,
							29.065626
						],
						[
							-89.203461,
							29.064127
						],
						[
							-89.201958,
							29.062525
						],
						[
							-89.202065,
							29.061026
						],
						[
							-89.200462,
							29.059526
						],
						[
							-89.198967,
							29.057825
						],
						[
							-89.199051,
							29.056425
						],
						[
							-89.197556,
							29.054829
						],
						[
							-89.195953,
							29.053225
						],
						[
							-89.196159,
							29.051825
						],
						[
							-89.19455,
							29.050228
						],
						[
							-89.193054,
							29.048723
						],
						[
							-89.191559,
							29.047028
						],
						[
							-89.189957,
							29.045528
						],
						[
							-89.188446,
							29.043926
						],
						[
							-89.186859,
							29.042427
						],
						[
							-89.186951,
							29.040926
						],
						[
							-89.18396,
							29.037727
						],
						[
							-89.182358,
							29.036228
						],
						[
							-89.180649,
							29.036125
						],
						[
							-89.180847,
							29.034626
						],
						[
							-89.17926,
							29.033028
						],
						[
							-89.17775,
							29.031425
						],
						[
							-89.176056,
							29.031326
						],
						[
							-89.174561,
							29.029728
						],
						[
							-89.171448,
							29.026627
						],
						[
							-89.171646,
							29.023628
						],
						[
							-89.170151,
							29.022125
						],
						[
							-89.168655,
							29.020527
						],
						[
							-89.167053,
							29.018929
						],
						[
							-89.165451,
							29.018826
						],
						[
							-89.162048,
							29.018627
						],
						[
							-89.160553,
							29.017029
						],
						[
							-89.157455,
							29.013927
						],
						[
							-89.155746,
							29.013828
						],
						[
							-89.152756,
							29.010628
						],
						[
							-89.151154,
							29.009129
						],
						[
							-89.149658,
							29.007526
						],
						[
							-89.14975,
							29.006027
						]
					],
					[
						[
							-88.997849,
							29.171221
						],
						[
							-88.999359,
							29.172823
						],
						[
							-89.000946,
							29.17432
						],
						[
							-89.002457,
							29.175919
						],
						[
							-89.005554,
							29.17902
						],
						[
							-89.007248,
							29.17922
						],
						[
							-89.00885,
							29.17922
						],
						[
							-89.010452,
							29.180822
						],
						[
							-89.011948,
							29.182421
						],
						[
							-89.013657,
							29.18252
						],
						[
							-89.01355,
							29.184021
						],
						[
							-89.01506,
							29.185619
						],
						[
							-89.018356,
							29.18582
						],
						[
							-89.02005,
							29.186022
						],
						[
							-89.021759,
							29.186121
						],
						[
							-89.023254,
							29.187618
						],
						[
							-89.02475,
							29.18922
						],
						[
							-89.026459,
							29.18932
						],
						[
							-89.028259,
							29.187922
						],
						[
							-89.029953,
							29.188118
						],
						[
							-89.031448,
							29.189722
						],
						[
							-89.033157,
							29.18972
						],
						[
							-89.034851,
							29.189919
						],
						[
							-89.039856,
							29.19022
						],
						[
							-89.041351,
							29.191818
						],
						[
							-89.046356,
							29.192122
						],
						[
							-89.049759,
							29.192318
						],
						[
							-89.051346,
							29.192522
						],
						[
							-89.056458,
							29.192818
						],
						[
							-89.05806,
							29.192921
						],
						[
							-89.05986,
							29.191521
						],
						[
							-89.061554,
							29.191719
						],
						[
							-89.06485,
							29.191921
						],
						[
							-89.06665,
							29.190523
						],
						[
							-89.070053,
							29.190722
						],
						[
							-89.071655,
							29.190918
						],
						[
							-89.073456,
							29.18952
						],
						[
							-89.076859,
							29.189722
						],
						[
							-89.078659,
							29.188419
						],
						[
							-89.081955,
							29.18862
						],
						[
							-89.083755,
							29.187323
						],
						[
							-89.085449,
							29.18742
						],
						[
							-89.08725,
							29.18602
						],
						[
							-89.08905,
							29.184721
						],
						[
							-89.092346,
							29.184919
						],
						[
							-89.094147,
							29.183519
						],
						[
							-89.095856,
							29.183622
						],
						[
							-89.097549,
							29.183821
						],
						[
							-89.099152,
							29.18392
						],
						[
							-89.100952,
							29.18252
						],
						[
							-89.102646,
							29.182621
						],
						[
							-89.104248,
							29.182821
						],
						[
							-89.106049,
							29.181421
						],
						[
							-89.107849,
							29.18012
						],
						[
							-89.109558,
							29.18012
						],
						[
							-89.111359,
							29.17882
						],
						[
							-89.113052,
							29.178923
						],
						[
							-89.114853,
							29.177523
						],
						[
							-89.116547,
							29.177622
						],
						[
							-89.118149,
							29.17782
						],
						[
							-89.119949,
							29.17642
						],
						[
							-89.123352,
							29.176622
						],
						[
							-89.125046,
							29.175322
						],
						[
							-89.126755,
							29.175421
						],
						[
							-89.128555,
							29.17412
						],
						[
							-89.130356,
							29.17272
						],
						[
							-89.13205,
							29.172823
						],
						[
							-89.13385,
							29.171423
						],
						[
							-89.135559,
							29.171621
						],
						[
							-89.137253,
							29.170221
						],
						[
							-89.140656,
							29.17042
						],
						[
							-89.142456,
							29.169123
						],
						[
							-89.146057,
							29.166323
						],
						[
							-89.147858,
							29.165022
						],
						[
							-89.14946,
							29.165121
						],
						[
							-89.15126,
							29.16382
						],
						[
							-89.152954,
							29.163919
						],
						[
							-89.154755,
							29.162519
						],
						[
							-89.156448,
							29.162622
						],
						[
							-89.158249,
							29.161322
						],
						[
							-89.160049,
							29.159924
						],
						[
							-89.16185,
							29.158621
						],
						[
							-89.163452,
							29.158621
						],
						[
							-89.165253,
							29.15732
						],
						[
							-89.171951,
							29.157721
						],
						[
							-89.17366,
							29.157923
						],
						[
							-89.175461,
							29.156525
						],
						[
							-89.177048,
							29.156721
						],
						[
							-89.178757,
							29.156723
						],
						[
							-89.180458,
							29.156919
						],
						[
							-89.182259,
							29.155521
						],
						[
							-89.183853,
							29.155622
						],
						[
							-89.185654,
							29.154322
						],
						[
							-89.187355,
							29.154421
						],
						[
							-89.189156,
							29.153023
						],
						[
							-89.190865,
							29.15312
						],
						[
							-89.192665,
							29.151823
						],
						[
							-89.194359,
							29.150425
						],
						[
							-89.196068,
							29.150522
						],
						[
							-89.197861,
							29.149124
						],
						[
							-89.19796,
							29.147722
						],
						[
							-89.19976,
							29.146324
						],
						[
							-89.201454,
							29.146421
						],
						[
							-89.203247,
							29.145123
						],
						[
							-89.205055,
							29.143723
						],
						[
							-89.206856,
							29.14242
						],
						[
							-89.208565,
							29.142523
						],
						[
							-89.210365,
							29.141125
						],
						[
							-89.213661,
							29.141323
						],
						[
							-89.215263,
							29.141521
						],
						[
							-89.218666,
							29.141724
						],
						[
							-89.220161,
							29.143322
						],
						[
							-89.228554,
							29.143822
						],
						[
							-89.230156,
							29.143925
						],
						[
							-89.231758,
							29.145523
						],
						[
							-89.233467,
							29.145622
						],
						[
							-89.234962,
							29.147224
						],
						[
							-89.236656,
							29.147324
						],
						[
							-89.238167,
							29.148922
						],
						[
							-89.239861,
							29.149025
						],
						[
							-89.241356,
							29.150623
						],
						[
							-89.243065,
							29.150723
						],
						[
							-89.244667,
							29.152222
						],
						[
							-89.247963,
							29.152422
						]
					],
					[
						[
							-89.059158,
							29.083923
						],
						[
							-89.06076,
							29.085522
						],
						[
							-89.062256,
							29.087126
						],
						[
							-89.063858,
							29.088724
						],
						[
							-89.065353,
							29.090324
						],
						[
							-89.066849,
							29.091824
						],
						[
							-89.066757,
							29.093323
						],
						[
							-89.06665,
							29.094723
						],
						[
							-89.066559,
							29.096222
						],
						[
							-89.06636,
							29.097725
						],
						[
							-89.066147,
							29.100624
						],
						[
							-89.065948,
							29.102123
						],
						[
							-89.067551,
							29.103622
						],
						[
							-89.067352,
							29.105122
						],
						[
							-89.067261,
							29.106625
						],
						[
							-89.067047,
							29.109524
						],
						[
							-89.066849,
							29.111023
						],
						[
							-89.06665,
							29.113922
						],
						[
							-89.066559,
							29.115421
						],
						[
							-89.06636,
							29.116924
						],
						[
							-89.06456,
							29.118221
						],
						[
							-89.064453,
							29.119621
						],
						[
							-89.062653,
							29.121021
						],
						[
							-89.060852,
							29.122322
						],
						[
							-89.057251,
							29.12512
						],
						[
							-89.05545,
							29.126423
						],
						[
							-89.05365,
							29.127823
						],
						[
							-89.051849,
							29.129122
						],
						[
							-89.050049,
							29.130524
						],
						[
							-89.046555,
							29.133223
						],
						[
							-89.044861,
							29.133121
						],
						[
							-89.04306,
							29.134422
						],
						[
							-89.04126,
							29.13582
						],
						[
							-89.039459,
							29.137121
						],
						[
							-89.03775,
							29.137022
						],
						[
							-89.03595,
							29.138323
						]
					]
				]
			}
		}
	]
}