{
	"type": "Feature",
	"geometry": {
		"type": "MultiPolygon",
		"coordinates": [
			[
				[
					[
						118.92157001357093,
						37.31761899971516
					],
					[
						118.83937101257436,
						37.32680899973883
					],
					[
						118.8427890125618,
						37.39386399974362
					],
					[
						118.93071701358068,
						37.440295999723894
					],
					[
						118.92050201338276,
						37.52416999973433
					],
					[
						118.95731401377327,
						37.600154999731416
					],
					[
						118.94038401352445,
						37.64281099973989
					],
					[
						118.97597501395843,
						37.656104999731646
					],
					[
						119.00302901425252,
						37.71279099972982
					],
					[
						119.06564301505503,
						37.739959999715275
					],
					[
						118.93983401341208,
						37.7617529997509
					],
					[
						118.89580501283261,
						37.819297999766704
					],
					[
						118.90353401289866,
						37.848403999767406
					],
					[
						118.9599300135841,
						37.845389999753536
					],
					[
						118.9840470137999,
						37.93636699975605
					],
					[
						118.9353410131507,
						37.991836999772566
					],
					[
						118.95115601328777,
						38.05050699977418
					],
					[
						118.90090201268308,
						38.05928399978605
					],
					[
						118.84413901209535,
						37.989757999792424
					],
					[
						118.79518901154249,
						38.01062399980413
					],
					[
						118.82152501179152,
						38.055217999802245
					],
					[
						118.81926001170011,
						38.13663099980907
					],
					[
						118.68319701035975,
						38.05902499982876
					],
					[
						118.60602600963959,
						38.0447729998411
					],
					[
						118.53247800902871,
						37.974921999848895
					],
					[
						118.50099900874302,
						38.00248699985537
					],
					[
						118.43781300821499,
						38.0196149998657
					],
					[
						118.47772200848988,
						38.10310399986433
					],
					[
						118.40599800794156,
						38.061793999872336
					],
					[
						118.29430400712148,
						38.05149499988643
					],
					[
						118.28282900705716,
						38.01817699988638
					],
					[
						118.1900100064029,
						38.087863999900115
					],
					[
						118.1501540061814,
						38.01662399990182
					],
					[
						118.1575320062462,
						37.97234699989938
					],
					[
						118.13328500610183,
						37.956450999901485
					],
					[
						118.12368800603699,
						37.97072599990304
					],
					[
						118.07685900575805,
						37.967303999907905
					],
					[
						118.01074200536745,
						38.00658399991576
					],
					[
						118.02996100544934,
						38.07390199991608
					],
					[
						117.99719200526907,
						38.073859999919144
					],
					[
						117.93497500492741,
						38.11407099992585
					],
					[
						117.88887000470051,
						38.101893999929395
					],
					[
						117.87038400460796,
						38.10982899993108
					],
					[
						117.90068800474693,
						38.138232999929436
					],
					[
						117.85118900448546,
						38.20902999993517
					],
					[
						117.82494400436232,
						38.21248199993726
					],
					[
						117.79444900422727,
						38.20167199993914
					],
					[
						117.79093200420515,
						38.223804999939915
					],
					[
						117.71974200389852,
						38.22348799994475
					],
					[
						117.80516800424694,
						38.29770699994074
					],
					[
						117.70388000379081,
						38.38059999994918
					],
					[
						117.65345000356778,
						38.470515999953896
					],
					[
						117.55870100318612,
						38.61150699996136
					],
					[
						117.55362000314787,
						38.69993999996308
					],
					[
						117.59855700327608,
						38.82126199996323
					],
					[
						117.7178190036822,
						38.973224999960784
					],
					[
						117.76313800385388,
						39.00745799995937
					],
					[
						117.72476200367133,
						39.10559799996315
					],
					[
						117.76068100381173,
						39.114448999961766
					],
					[
						117.82661400406627,
						39.17729999996021
					],
					[
						117.91639700445401,
						39.21121999995676
					],
					[
						118.00044300485007,
						39.23057599995306
					],
					[
						118.07232700521962,
						39.23072099994922
					],
					[
						118.18332300585816,
						39.188539999941206
					],
					[
						118.36239800701006,
						39.16095799992764
					],
					[
						118.53718600830068,
						39.16244499991326
					],
					[
						118.6200260089595,
						39.193007999907344
					],
					[
						118.70055400967351,
						39.18325399989885
					],
					[
						118.72815700995453,
						39.14897899989385
					],
					[
						118.7752530104022,
						39.147792999888644
					],
					[
						118.83081801092916,
						39.1727179998841
					],
					[
						119.0119780128523,
						39.21291699986517
					],
					[
						119.05123101329272,
						39.23305499986178
					],
					[
						119.07659901353759,
						39.28716999986334
					],
					[
						119.20666501507382,
						39.38390399985547
					],
					[
						119.30297901636159,
						39.41382599984546
					],
					[
						119.25397501562755,
						39.44881799985601
					],
					[
						119.25721701562011,
						39.48723999985966
					],
					[
						119.34938101657853,
						39.72373999987473
					],
					[
						119.37736501693797,
						39.754695999875175
					],
					[
						119.46610301818863,
						39.81119499987239
					],
					[
						119.52637501914667,
						39.81225999986581
					],
					[
						119.54357101928014,
						39.8957099998752
					],
					[
						119.6549680211048,
						39.93382999986889
					],
					[
						119.78196702341481,
						39.95379299985818
					],
					[
						119.81321002395809,
						39.98418399985987
					],
					[
						119.88912202546976,
						39.99603299985361
					],
					[
						119.92864202619091,
						40.04153799985785
					],
					[
						119.97861502721027,
						40.06656299985742
					],
					[
						120.15216103115412,
						40.10705199984775
					],
					[
						120.29290003463153,
						40.16143799984651
					],
					[
						120.30316203484227,
						40.181594999850894
					],
					[
						120.45596303918508,
						40.194373999839385
					],
					[
						120.50181604040446,
						40.24114999984961
					],
					[
						120.50170104007165,
						40.323081999875406
					],
					[
						120.56529204192914,
						40.3561129998821
					],
					[
						120.53851304087367,
						40.40595999989964
					],
					[
						120.58515204232638,
						40.41224699989974
					],
					[
						120.58983604225065,
						40.46461099991704
					],
					[
						120.6586920444357,
						40.48165099992142
					],
					[
						120.68286904495037,
						40.54656599994427
					],
					[
						120.75525604734881,
						40.56912199995323
					],
					[
						120.8302380496859,
						40.64233799998402
					],
					[
						120.83409904962626,
						40.680694999999595
					],
					[
						120.95405605414408,
						40.693703000013144
					],
					[
						120.92889405275132,
						40.76430500004171
					],
					[
						120.97487605417136,
						40.830467000075856
					],
					[
						121.08104005840279,
						40.84973500010001
					],
					[
						121.20211806305979,
						40.945015000170926
					],
					[
						121.25840806580247,
						40.92388900017211
					],
					[
						121.30240606774579,
						40.94358100019363
					],
					[
						121.37068207114298,
						40.93816400020777
					],
					[
						121.44074307498543,
						40.908432000207746
					],
					[
						121.48202507700331,
						40.929390000232935
					],
					[
						121.54140508039175,
						40.91435600024018
					],
					[
						121.59999108406346,
						40.87819300023176
					],
					[
						121.70630609004691,
						40.91772800029669
					],
					[
						121.71261608993942,
						40.96661800033788
					],
					[
						121.7721410930693,
						41.02320100040871
					],
					[
						121.8259050965913,
						41.01780700042893
					],
					[
						121.9155811030538,
						40.981022000438756
					],
					[
						121.96558410699784,
						40.9460530004297
					],
					[
						121.97445710864929,
						40.86316700035249
					],
					[
						122.03822311264506,
						40.92050200043965
					],
					[
						122.10328911716094,
						40.95487100051009
					],
					[
						122.12915812018421,
						40.88140300044347
					],
					[
						122.16519012355566,
						40.84711800042292
					],
					[
						122.26364213234757,
						40.81091700042933
					],
					[
						122.41002214599382,
						40.78484500047366
					],
					[
						122.43034814868108,
						40.73936500042088
					],
					[
						122.42482714887565,
						40.69570200035607
					],
					[
						122.45369715270861,
						40.63447600028085
					],
					[
						122.43541715173593,
						40.585350000202055
					],
					[
						122.28563713864808,
						40.5198940000668
					],
					[
						122.28719313913913,
						40.496597000036594
					],
					[
						122.24491113651344,
						40.415954999924516
					],
					[
						122.20037113259784,
						40.41421099991693
					],
					[
						122.19835713322576,
						40.357139999845664
					],
					[
						122.10424812589065,
						40.303500999778116
					],
					[
						122.11094712714768,
						40.25085099971601
					],
					[
						122.09243012593488,
						40.22457899968623
					],
					[
						122.00613411958476,
						40.16748399963034
					],
					[
						122.01134512035406,
						40.13888899959793
					],
					[
						121.92421711408399,
						40.08882499955939
					],
					[
						121.8687291105339,
						40.02984999951117
					],
					[
						121.8505941096385,
						39.987994999473905
					],
					[
						121.78451610514482,
						39.95598199946148
					],
					[
						121.75338710338188,
						39.91139999942912
					],
					[
						121.68249509836686,
						39.921576999460704
					],
					[
						121.62397009485626,
						39.87951999944311
					],
					[
						121.54235808972297,
						39.867946999460386
					],
					[
						121.49636108729682,
						39.81870599943754
					],
					[
						121.49113508737621,
						39.771037999402786
					],
					[
						121.45864908564631,
						39.741443999392835
					],
					[
						121.54637209165313,
						39.67493799930399
					],
					[
						121.52466609045358,
						39.65376999929683
					],
					[
						121.53355409119676,
						39.632865999275836
					],
					[
						121.56560509345232,
						39.61095799924231
					],
					[
						121.57641609420192,
						39.60609799923284
					],
					[
						121.57270809400765,
						39.600551999230085
					],
					[
						121.53809309189239,
						39.585582999235285
					],
					[
						121.49256108959035,
						39.5152859992027
					],
					[
						121.44192508646931,
						39.513522999228336
					],
					[
						121.44722008711726,
						39.47288499919449
					],
					[
						121.38794708337993,
						39.49429299924227
					],
					[
						121.32734707990464,
						39.4891009992698
					],
					[
						121.29864507857407,
						39.44877199925688
					],
					[
						121.24844407596439,
						39.424964999267075
					],
					[
						121.25978907693947,
						39.37378299922725
					],
					[
						121.3316580809168,
						39.38437999919431
					],
					[
						121.4199370862562,
						39.370368999132154
					],
					[
						121.46841408864489,
						39.446013999161686
					],
					[
						121.50232709143462,
						39.367236999078415
					],
					[
						121.66935710270583,
						39.36844299896768
					],
					[
						121.70269010471856,
						39.40806599898169
					],
					[
						121.75124410852749,
						39.38268999892297
					],
					[
						121.82396711403995,
						39.38531899887213
					],
					[
						121.8498921163003,
						39.36393699882981
					],
					[
						121.7541501088437,
						39.372664998910984
					],
					[
						121.73905910783984,
						39.360549998910116
					],
					[
						121.72793610753725,
						39.307074998866234
					],
					[
						121.64173110167363,
						39.26825699889569
					],
					[
						121.6033400996038,
						39.19969899886359
					],
					[
						121.68504310606063,
						39.13001299873038
					],
					[
						121.69223810683519,
						39.10373299869852
					],
					[
						121.64153310337461,
						39.07877699872076
					],
					[
						121.45651209132326,
						39.01536599882752
					],
					[
						121.40601308807886,
						39.02090799887405
					],
					[
						121.37688408605588,
						39.05083799892032
					],
					[
						121.31463608257981,
						39.01470899894226
					],
					[
						121.34206408443869,
						38.98316199889747
					],
					[
						121.22694407799196,
						38.9473989989633
					],
					[
						121.11866007210655,
						38.948733999044954
					],
					[
						121.08575407061736,
						38.91191499904629
					],
					[
						121.11013807242085,
						38.82244099897313
					],
					[
						121.14273107432594,
						38.79493299892987
					],
					[
						121.13302607418764,
						38.73179199889752
					],
					[
						121.204338078128,
						38.730540998835295
					],
					[
						121.2380680795539,
						38.806151998857665
					],
					[
						121.30099508332152,
						38.792670998792715
					],
					[
						121.32355508446902,
						38.82216299879409
					],
					[
						121.45633709286993,
						38.81555199866433
					],
					[
						121.57486710038408,
						38.87999699860212
					],
					[
						121.64626310569011,
						38.85871099850811
					],
					[
						121.70605511001257,
						38.87424099845851
					],
					[
						121.71045711000828,
						38.91046499849004
					],
					[
						121.62907410358285,
						38.9552309986171
					],
					[
						121.65969110560403,
						38.97767299860809
					],
					[
						121.65838610503731,
						39.02960199865889
					],
					[
						121.70130910829323,
						39.019950998608174
					],
					[
						121.76064311264365,
						39.03701399856654
					],
					[
						121.80263511651516,
						38.97930899846237
					],
					[
						121.86888912221262,
						38.9502449983569
					],
					[
						121.88265212290814,
						38.99299599838987
					],
					[
						121.82486711784834,
						39.02355999848639
					],
					[
						121.83902711873814,
						39.048240998498486
					],
					[
						121.9172291251582,
						39.054324998422395
					],
					[
						121.96633912966671,
						39.02955599833857
					],
					[
						121.98289513067007,
						39.06912599836802
					],
					[
						122.04297613587926,
						39.08404899831926
					],
					[
						122.10898614124017,
						39.145690998325485
					],
					[
						122.11316714068565,
						39.22079099842099
					],
					[
						122.13287414229184,
						39.24046299842685
					],
					[
						122.23752615190254,
						39.2843779983797
					],
					[
						122.3022161571849,
						39.375632998449426
					],
					[
						122.38419316529054,
						39.41141099842514
					],
					[
						122.45452117289521,
						39.41912799836853
					],
					[
						122.56535318468309,
						39.47812599836239
					],
					[
						122.51084117734969,
						39.535533998514595
					],
					[
						122.60013618600198,
						39.63706199862186
					],
					[
						122.55272717912457,
						39.71205099879017
					],
					[
						122.54905717808819,
						39.7472879988541
					],
					[
						122.60365318376937,
						39.78377899888631
					],
					[
						122.58664018107044,
						39.823314998966474
					],
					[
						122.5046841713129,
						39.85108899905517
					],
					[
						122.52242317262179,
						39.88933599911117
					],
					[
						122.51209217061441,
						39.93970499919942
					],
					[
						122.54856917448897,
						39.94955099920273
					],
					[
						122.5325551708701,
						40.05472199938433
					],
					[
						122.70716919062332,
						40.07418799938228
					],
					[
						122.76402319688137,
						40.10938999944063
					],
					[
						122.83624320579652,
						40.12030399945364
					],
					[
						122.86864520842926,
						40.19280599960243
					],
					[
						122.93354821748048,
						40.173587999561114
					],
					[
						122.93980421905275,
						40.14199799949126
					],
					[
						122.9885252272328,
						40.08054299934733
					],
					[
						123.06299623892404,
						40.040744999239664
					],
					[
						123.12564124728252,
						40.080691999328884
					],
					[
						123.3577652870788,
						40.003852999074546
					],
					[
						123.38800129197656,
						40.01642199910627
					],
					[
						123.46708330658974,
						40.003286999048214
					],
					[
						123.54355432202547,
						39.969874998917426
					],
					[
						123.6278233390104,
						39.956561998846006
					],
					[
						123.66641235027917,
						39.86067199847291
					],
					[
						123.72197736329127,
						39.82421099829934
					],
					[
						123.8080983811593,
						39.84847599834679
					],
					[
						123.8646013944213,
						39.836413998262834
					],
					[
						123.93697441110277,
						39.84233499824724
					],
					[
						124.01350443132256,
						39.80542799802659
					],
					[
						124.08399244769721,
						39.83711199813855
					],
					[
						124.26619049761595,
						39.818961997934416
					],
					[
						124.28019749549247,
						39.935924998591936
					],
					[
						124.30476450237735,
						39.9367139985924
					],
					[
						124.37007251772229,
						40.00000799896113
					],
					[
						124.36675351164335,
						40.09288399950944
					],
					[
						124.40053552005692,
						40.117389999672746
					],
					[
						124.44894453467118,
						40.11162199966682
					],
					[
						124.51406154864547,
						40.20778700032513
					],
					[
						124.5800025674295,
						40.234249000573946
					],
					[
						124.62155957712905,
						40.288464000995305
					],
					[
						124.72843260976371,
						40.3220560014126
					],
					[
						124.73622160906008,
						40.37015500177458
					],
					[
						124.85941364694077,
						40.430153002513435
					],
					[
						124.97745568699045,
						40.46300100311254
					],
					[
						125.02233970510355,
						40.446690003113865
					],
					[
						125.05500071528166,
						40.47436900345687
					],
					[
						125.00928569428912,
						40.51965700368831
					],
					[
						125.1068807285056,
						40.55543900435564
					],
					[
						125.15631174501114,
						40.58904300485923
					],
					[
						125.24894778106928,
						40.60506100542073
					],
					[
						125.28811779336203,
						40.64782300602529
					],
					[
						125.35765882332278,
						40.64400500634516
					],
					[
						125.39945284391943,
						40.62069700632388
					],
					[
						125.41684084667791,
						40.669582006934164
					],
					[
						125.49182987544512,
						40.717201007894495
					],
					[
						125.52765789232627,
						40.713390008079536
					],
					[
						125.59234691846217,
						40.751884008951926
					],
					[
						125.6836859616721,
						40.76137200972517
					],
					[
						125.64457793657351,
						40.81272101004878
					],
					[
						125.77282798936997,
						40.90148201220625
					],
					[
						125.8011790075936,
						40.871315012074184
					],
					[
						125.87651904178038,
						40.91134601330554
					],
					[
						125.9163520668955,
						40.882595013300495
					],
					[
						126.018357119688,
						40.908539014707365
					],
					[
						126.12104916004898,
						41.03545001778941
					],
					[
						126.11622714932311,
						41.08873401853827
					],
					[
						126.1628121757892,
						41.092667019209046
					],
					[
						126.23262920895915,
						41.145889021016195
					],
					[
						126.27510923324013,
						41.15496102178464
					],
					[
						126.28296023239884,
						41.18969002247332
					],
					[
						126.34893126392436,
						41.24502202444027
					],
					[
						126.36078826530881,
						41.280567025239975
					],
					[
						126.43347329906628,
						41.35025402771951
					],
					[
						126.48169032587863,
						41.37362702903538
					],
					[
						126.49768232377414,
						41.44230303057912
					],
					[
						126.54132234342451,
						41.489628032328376
					],
					[
						126.5381633336777,
						41.53092203301232
					],
					[
						126.57441835215445,
						41.558567034304936
					],
					[
						126.55116432680117,
						41.61279703477628
					],
					[
						126.5849623468733,
						41.622669035720634
					],
					[
						126.61081835455421,
						41.670830037211005
					],
					[
						126.6714033958049,
						41.66581703857896
					],
					[
						126.71803141161719,
						41.74375504126122
					],
					[
						126.78028246461497,
						41.69545704193626
					],
					[
						126.79450346741268,
						41.729485043006896
					],
					[
						126.8447055032477,
						41.72866804436643
					],
					[
						126.86464850699386,
						41.777042045942515
					],
					[
						127.00293861235738,
						41.764107049773266
					],
					[
						127.04312264848112,
						41.74244705052269
					],
					[
						127.03331965527086,
						41.68219804881673
					],
					[
						127.1404817661083,
						41.58269504968206
					],
					[
						127.10427274696518,
						41.53944804750917
					],
					[
						127.26378788956345,
						41.51407205176267
					],
					[
						127.2893469213573,
						41.48049905166064
					],
					[
						127.34362197588455,
						41.461468052878715
					],
					[
						127.38831501212363,
						41.479908054893706
					],
					[
						127.43665506506264,
						41.454761055792794
					],
					[
						127.51742013953428,
						41.46818505904145
					],
					[
						127.54982218228177,
						41.433853059123145
					],
					[
						127.68383232579536,
						41.41822406360234
					],
					[
						127.79862444867761,
						41.42413706838259
					],
					[
						127.86964653465013,
						41.40794807074449
					],
					[
						127.9452536064034,
						41.45185907574871
					],
					[
						128.03547973873938,
						41.38903807731218
					],
					[
						128.19912993761636,
						41.41046508613269
					],
					[
						128.2320129645408,
						41.44884908956809
					],
					[
						128.2319209448928,
						41.4946940916497
					],
					[
						128.29387200708874,
						41.5398560971232
					],
					[
						128.31186201115906,
						41.58496510025207
					],
					[
						128.2650179166945,
						41.66052210099515
					],
					[
						128.15730575941754,
						41.71177309706744
					],
					[
						128.13298270096664,
						41.78237109864229
					],
					[
						128.09062463159876,
						41.82961709815701
					],
					[
						128.09500359006796,
						41.94639610306477
					],
					[
						128.06163254249603,
						41.97007010202085
					],
					[
						128.13131960149286,
						42.022129108273255
					],
					[
						128.27151776683112,
						42.02508911741461
					],
					[
						128.46257301529565,
						42.011673130165896
					],
					[
						128.5082270849143,
						41.993229132652345
					],
					[
						128.58168318189817,
						41.99968313854819
					],
					[
						128.60599019968643,
						42.031204142043315
					],
					[
						128.65329327454145,
						42.01457214496873
					],
					[
						128.74422038755142,
						42.048141154294505
					],
					[
						128.9143106657317,
						42.01065816721483
					],
					[
						128.9466897092824,
						42.02328517096849
					],
					[
						128.96348969391414,
						42.09384517680616
					],
					[
						129.00079675495098,
						42.090645180241374
					],
					[
						129.06396882350145,
						42.144402189916136
					],
					[
						129.09488287625817,
						42.14059819287846
					],
					[
						129.15849694895383,
						42.19115420292211
					],
					[
						129.21542802845283,
						42.2155572108564
					],
					[
						129.19864293003056,
						42.32164421592348
					],
					[
						129.23791895816805,
						42.37697222415622
					],
					[
						129.2836190307289,
						42.382637230060155
					],
					[
						129.33737607559223,
						42.44909324127807
					],
					[
						129.3668711229316,
						42.45335424536821
					],
					[
						129.48463835987468,
						42.41265125809587
					],
					[
						129.53372648484802,
						42.36614626131826
					],
					[
						129.56848553767665,
						42.381577267318946
					],
					[
						129.6051075613033,
						42.43906427698169
					],
					[
						129.7146047744329,
						42.43485329289462
					],
					[
						129.74293979449882,
						42.47736030075261
					],
					[
						129.72926774700576,
						42.50232330066956
					],
					[
						129.73607369447544,
						42.58115430814282
					],
					[
						129.77286273977344,
						42.61148831654529
					],
					[
						129.75829062811397,
						42.71090332218089
					],
					[
						129.78110161862168,
						42.77300333097612
					],
					[
						129.8070416517264,
						42.79147733690927
					],
					[
						129.80939160721834,
						42.84856034189974
					],
					[
						129.8396956012408,
						42.92107435309076
					],
					[
						129.90424064525575,
						43.008167372051645
					],
					[
						129.9483537256347,
						43.01134138075464
					],
					[
						130.0219619077646,
						42.96825039151884
					],
					[
						130.10451304903077,
						42.99261541038258
					],
					[
						130.11833713713946,
						42.9309924076681
					],
					[
						130.16473925220066,
						42.911877415524955
					],
					[
						130.26675947966447,
						42.90234043642259
					],
					[
						130.241445507639,
						42.8219914230732
					],
					[
						130.23859157951023,
						42.74618141496998
					],
					[
						130.32945889063186,
						42.64732042396821
					],
					[
						130.36940599959013,
						42.633671431066446
					],
					[
						130.42125518743757,
						42.57680943607269
					],
					[
						130.4970763148567,
						42.629463458936954
					],
					[
						130.5685495916218,
						42.5479934658102
					],
					[
						130.61174670204184,
						42.549938476133725
					],
					[
						130.62021563760243,
						42.62146048686463
					],
					[
						130.5748504459394,
						42.684197483467806
					],
					[
						130.53240031919427,
						42.7014694753924
					],
					[
						130.45717515121024,
						42.68693945633833
					],
					[
						130.41676902913605,
						42.70916444966437
					],
					[
						130.4266260137644,
						42.7440034556769
					],
					[
						130.6819825134059,
						42.85232253018565
					],
					[
						130.71901563455768,
						42.83123453732995
					],
					[
						130.7735967668026,
						42.83902455286153
					],
					[
						130.78800076042285,
						42.87326056107291
					],
					[
						130.83881288625142,
						42.87973857598296
					],
					[
						130.88341503964895,
						42.854736585343595
					],
					[
						130.9417491723055,
						42.87472560485156
					],
					[
						130.9861213190625,
						42.85816661571467
					],
					[
						131.03803244417722,
						42.873699633538436
					],
					[
						131.03565136511682,
						42.92418363985742
					],
					[
						131.09041553381797,
						42.91555065572662
					],
					[
						131.14406565543172,
						42.938553676200286
					],
					[
						131.09511539015338,
						43.02290367240747
					],
					[
						131.20862554812297,
						43.133099726059086
					],
					[
						131.2161944978402,
						43.18008873546909
					],
					[
						131.19701338417912,
						43.2191437343224
					],
					[
						131.25043446967337,
						43.26135675932834
					],
					[
						131.2721933609889,
						43.3704837828937
					],
					[
						131.3144144407095,
						43.39466580220144
					],
					[
						131.31227832695848,
						43.46278881113961
					],
					[
						131.1898868876101,
						43.53525977510192
					],
					[
						131.21485081142325,
						43.628597796753766
					],
					[
						131.20831966989303,
						43.711407805076114
					],
					[
						131.22592864656093,
						43.75606981760551
					],
					[
						131.200385469692,
						43.83181481736068
					],
					[
						131.257391477387,
						43.91834685073268
					],
					[
						131.22931530905134,
						43.98513484781123
					],
					[
						131.26018330737975,
						44.03434486635899
					],
					[
						131.2962553749889,
						44.04590288264966
					],
					[
						131.2243708322324,
						44.29658988281992
					],
					[
						131.11012805767652,
						44.67408887583155
					],
					[
						131.05487580827858,
						44.781811863581986
					],
					[
						131.015064736094,
						44.783100847568335
					],
					[
						130.96654160793722,
						44.81633083128184
					],
					[
						130.95764654659348,
						44.85172383094363
					],
					[
						130.91071041943493,
						44.889717815894365
					],
					[
						130.8976483304621,
						44.94302781538308
					],
					[
						130.79175209387316,
						45.000164779762905
					],
					[
						130.78149296666004,
						45.09307578321694
					],
					[
						130.7160297995459,
						45.154546763605104
					],
					[
						130.4767643677825,
						45.25573368695736
					],
					[
						130.4296453557295,
						45.21005366852158
					],
					[
						130.4530984351501,
						45.162361673085925
					],
					[
						130.38228239726354,
						45.11040564697617
					],
					[
						130.23006022718826,
						45.088581599225385
					],
					[
						130.18217820509932,
						45.04967158297885
					],
					[
						130.17836325536294,
						44.990967578373606
					],
					[
						130.20024430793916,
						44.964386583015525
					],
					[
						130.11709933412814,
						44.822479551066166
					],
					[
						130.12916941200564,
						44.75523055019584
					],
					[
						130.17424350323228,
						44.72217656046726
					],
					[
						130.14133048864994,
						44.69037654940401
					],
					[
						130.06082541601342,
						44.65207352555145
					],
					[
						129.90251520676551,
						44.65732648597077
					],
					[
						129.8374661761933,
						44.596294466947626
					],
					[
						129.75679310157727,
						44.565090446660946
					],
					[
						129.91817042066373,
						44.43040147626652
					],
					[
						129.88530345299986,
						44.340473463008415
					],
					[
						129.85026943028723,
						44.31090245313373
					],
					[
						129.85498349192807,
						44.245255450172294
					],
					[
						129.87752155243277,
						44.210960453148395
					],
					[
						129.94902368374096,
						44.177490467513536
					],
					[
						130.00328484414405,
						44.08795547428615
					],
					[
						129.94853581816471,
						44.02413945714979
					],
					[
						129.83882467816747,
						43.99704443084243
					],
					[
						129.77116764290793,
						43.92057841151043
					],
					[
						129.77473867059226,
						43.89327641050407
					],
					[
						129.65707752140284,
						43.86746638509815
					],
					[
						129.6709265584312,
						43.84547838646954
					],
					[
						129.6709266310184,
						43.75355338072967
					],
					[
						129.62880268016062,
						43.611675363735216
					],
					[
						129.6645698270371,
						43.49411436276166
					],
					[
						129.62158578632722,
						43.46152135273984
					],
					[
						129.64471888385805,
						43.38315235174063
					],
					[
						129.55938276423902,
						43.36615333554682
					],
					[
						129.37947350420202,
						43.35564730508132
					],
					[
						129.29881640119487,
						43.33857029154593
					],
					[
						129.29991544277732,
						43.279701288328205
					],
					[
						129.3818246207608,
						43.19526729579685
					],
					[
						129.49486180217772,
						43.18293431289973
					],
					[
						129.54707787799293,
						43.191330322029806
					],
					[
						129.5963940124925,
						43.1198163254505
					],
					[
						129.70959924469048,
						43.0674093411548
					],
					[
						129.7561994004405,
						42.977997342656096
					],
					[
						129.70149637288614,
						42.893223326823296
					],
					[
						129.70628842880856,
						42.835415323246
					],
					[
						129.67760141178465,
						42.792812315280386
					],
					[
						129.605955300007,
						42.77285130233628
					],
					[
						129.5245791897432,
						42.73186028690502
					],
					[
						129.430354051384,
						42.70243127111138
					],
					[
						129.37500399553429,
						42.651814259965036
					],
					[
						129.22334378505985,
						42.600478236732926
					],
					[
						129.17586171485146,
						42.5938422304233
					],
					[
						129.02543947995784,
						42.60528921327301
					],
					[
						128.9777574007972,
						42.621529208781546
					],
					[
						128.8942902862645,
						42.614956199247644
					],
					[
						128.81206816560203,
						42.628595191269646
					],
					[
						128.73662106846936,
						42.6223031832751
					],
					[
						128.6272159186828,
						42.6397861734547
					],
					[
						128.50076572873368,
						42.71219316494431
					],
					[
						128.43655665654433,
						42.706226158955666
					],
					[
						128.3550285588152,
						42.71750615238802
					],
					[
						128.42546161426986,
						42.76989716060917
					],
					[
						128.53193966323272,
						42.923290176860405
					],
					[
						128.57955870541096,
						42.94959318265888
					],
					[
						128.5990016662702,
						43.073444189922164
					],
					[
						128.6718167239419,
						43.12546919986258
					],
					[
						128.66510268683632,
						43.18254120160484
					],
					[
						128.6389186289857,
						43.23768620109479
					],
					[
						128.6784236503775,
						43.28297020737181
					],
					[
						128.75679274119037,
						43.281220216241095
					],
					[
						128.80104277077376,
						43.32230022329323
					],
					[
						128.83647481330587,
						43.32107922751705
					],
					[
						128.93432889362404,
						43.387276242874215
					],
					[
						128.98329494536787,
						43.40145524996379
					],
					[
						129.04884604022658,
						43.38017325773037
					],
					[
						129.1077151119733,
						43.386406266191386
					],
					[
						129.14450417740332,
						43.35897426995608
					],
					[
						129.21725724173396,
						43.40964928323623
					],
					[
						129.16174615551708,
						43.429073276124456
					],
					[
						129.1496000996143,
						43.492184277643005
					],
					[
						129.0903199905403,
						43.5466502718302
					],
					[
						129.00317689995165,
						43.519402258310734
					],
					[
						128.9294917923435,
						43.55332624996888
					],
					[
						128.84961269670382,
						43.55955123983869
					],
					[
						128.73379744398102,
						43.79654323502648
					],
					[
						128.65280331736292,
						43.884819228358964
					],
					[
						128.63101427068693,
						43.936012227579454
					],
					[
						128.57522818672325,
						44.000008223106306
					],
					[
						128.56762916295804,
						44.034836223404945
					],
					[
						128.51533707602985,
						44.119087220008886
					],
					[
						128.46277101279378,
						44.15715421507169
					],
					[
						128.44990695334727,
						44.26430921694423
					],
					[
						128.46949995237975,
						44.30228822043795
					],
					[
						128.46698191763056,
						44.37427522235447
					],
					[
						128.4298728485913,
						44.462185220550644
					],
					[
						128.35960577432564,
						44.50861721362986
					],
					[
						128.28402873095928,
						44.477737204202576
					],
					[
						128.21028269642545,
						44.42990119489355
					],
					[
						128.18281770500627,
						44.358242190102324
					],
					[
						128.1571516938711,
						44.3389211869395
					],
					[
						128.04860061211963,
						44.350002176374794
					],
					[
						128.06204365549812,
						44.25980417541331
					],
					[
						128.0979016997638,
						44.21200617766934
					],
					[
						128.05513168566856,
						44.16651517235366
					],
					[
						128.09619272951687,
						44.13132517537018
					],
					[
						128.04721270172453,
						44.10842117009311
					],
					[
						127.8614215845809,
						44.06307215232057
					],
					[
						127.8287215545619,
						44.08475915006836
					],
					[
						127.77878752546178,
						44.07041514559736
					],
					[
						127.73556648934266,
						44.09267414259927
					],
					[
						127.71589745296102,
						44.16563414262474
					],
					[
						127.62081238745826,
						44.18349513554041
					],
					[
						127.58713635250795,
						44.23093013393321
					],
					[
						127.6143273557034,
						44.27439513688819
					],
					[
						127.4742752370605,
						44.40299612879061
					],
					[
						127.49326423660492,
						44.44137613088908
					],
					[
						127.46625621536403,
						44.46416912930023
					],
					[
						127.46763720083383,
						44.51835613036105
					],
					[
						127.52333923139561,
						44.51689913452483
					],
					[
						127.54007122528363,
						44.56938913676088
					],
					[
						127.44867116579539,
						44.60780013050303
					],
					[
						127.17015202008591,
						44.6436081117619
					],
					[
						127.14533301779464,
						44.605663109621865
					],
					[
						127.0877919901756,
						44.61158810610857
					],
					[
						127.02431596672268,
						44.59053810197603
					],
					[
						127.03566794544551,
						44.706387104219395
					],
					[
						126.98287290782905,
						44.77508910194468
					],
					[
						126.99614789034844,
						44.87908610405577
					],
					[
						127.07190791189797,
						44.920902109282665
					],
					[
						127.08002590842915,
						44.95063811018239
					],
					[
						126.96325783536675,
						45.07230010439978
					],
					[
						126.95562081980641,
						45.13147710462153
					],
					[
						126.83163577494201,
						45.13120709730155
					],
					[
						126.75888174174297,
						45.17172209364199
					],
					[
						126.68315171462845,
						45.181328089641006
					],
					[
						126.60437067980233,
						45.233635086034795
					],
					[
						126.4854366433505,
						45.2338520801468
					],
					[
						126.39496661956512,
						45.21662507577122
					],
					[
						126.3522196130167,
						45.1802480735513
					],
					[
						126.29614259752475,
						45.17732207107777
					],
					[
						126.23775558721671,
						45.13749706830087
					],
					[
						126.18218257076376,
						45.14579406609143
					],
					[
						126.16919757262535,
						45.10841406529301
					],
					[
						126.1784525861073,
						45.03264606508968
					],
					[
						126.14273858492876,
						44.97151206322441
					],
					[
						126.17503360146866,
						44.92010106408432
					],
					[
						126.09514658103318,
						44.90501006091219
					],
					[
						126.04280157087553,
						44.87359605875343
					],
					[
						126.02702357948145,
						44.777855057480004
					],
					[
						125.92025755292816,
						44.75714905365909
					],
					[
						125.86626452996501,
						44.82648805235567
					],
					[
						125.79621951183374,
						44.82912105013333
					],
					[
						125.76982150003506,
						44.87348204959139
					],
					[
						125.70419347757004,
						44.93179304793996
					],
					[
						125.64517246390747,
						44.93172504619099
					],
					[
						125.59058445600508,
						44.890175044393054
					],
					[
						125.46629343060305,
						44.87096004092114
					],
					[
						125.42427842035585,
						44.88421203990497
					],
					[
						125.22885938586947,
						44.82820103493363
					],
					[
						125.24093639177356,
						44.78837203502291
					],
					[
						125.003731349518,
						44.75611102987012
					],
					[
						124.92984033995282,
						44.708820028265194
					],
					[
						124.90491533419105,
						44.72763102787552
					],
					[
						124.7835623186862,
						44.65522802545464
					],
					[
						124.70494130657066,
						44.643215024107946
					],
					[
						124.6253892956842,
						44.61561202275985
					],
					[
						124.56000528905142,
						44.558712021592825
					],
					[
						124.53985628885916,
						44.5107190211458
					],
					[
						124.47384727951494,
						44.49877902017947
					],
					[
						124.32375326085526,
						44.440708018040745
					],
					[
						124.23883324719414,
						44.47732201710971
					],
					[
						123.97588721282703,
						44.50019901428523
					],
					[
						123.84975919771871,
						44.515451013094385
					],
					[
						123.71007518128883,
						44.55424901192098
					],
					[
						123.58088716560893,
						44.63654001099771
					],
					[
						123.50546315457053,
						44.76035701060462
					],
					[
						123.45361314934014,
						44.782230010243524
					],
					[
						123.42017414453787,
						44.84563401008713
					],
					[
						123.45130214546653,
						44.89965801039744
					],
					[
						123.5213161498133,
						44.949284011015536
					],
					[
						123.57296015387287,
						44.96184501145491
					],
					[
						123.64559915844002,
						45.01641501215872
					],
					[
						123.67840616110962,
						45.02468501246211
					],
					[
						123.76960016738207,
						45.083206013402425
					],
					[
						123.90750917588788,
						45.2022740149985
					],
					[
						123.93973517843183,
						45.21709101537018
					],
					[
						124.07140419084097,
						45.238575016897684
					],
					[
						124.05613718749463,
						45.278263016797055
					],
					[
						124.11211419076034,
						45.33381301757679
					],
					[
						124.19239819738942,
						45.372456018663065
					],
					[
						124.12456418801719,
						45.42163401790497
					],
					[
						123.99672117498449,
						45.4308380163963
					],
					[
						123.95293917022755,
						45.445564015926905
					],
					[
						123.91616216473776,
						45.49710401560843
					],
					[
						123.89252015968034,
						45.57073301547229
					],
					[
						123.85661815545986,
						45.598957015130466
					],
					[
						123.79007014955404,
						45.60693301444694
					],
					[
						123.66660513810409,
						45.65111101329247
					],
					[
						123.66770213622739,
						45.70792801338034
					],
					[
						123.62982813126409,
						45.77075801310481
					],
					[
						123.66135113298265,
						45.788552013427136
					],
					[
						123.6000561235754,
						45.93887701303657
					],
					[
						123.5139761142406,
						46.05284501238207
					],
					[
						123.45032010854979,
						46.10965901188511
					],
					[
						123.3218360989198,
						46.18431201089511
					],
					[
						123.21662309225853,
						46.2202640101173
					],
					[
						123.16702308896679,
						46.24914900977785
					],
					[
						123.09906008342246,
						46.3400340093682
					],
					[
						123.01202407759031,
						46.41894900883642
					],
					[
						122.99927507636238,
						46.448975008773374
					],
					[
						122.884026071316,
						46.45421500805014
					],
					[
						122.74293306573384,
						46.44977800723189
					],
					[
						122.65573906265067,
						46.43689000675904
					],
					[
						122.5776820604628,
						46.39715600634506
					],
					[
						122.51203205836104,
						46.382271006023736
					],
					[
						122.31114205129933,
						46.40679200515921
					],
					[
						122.26182604987913,
						46.39848700495896
					],
					[
						122.10422504450294,
						46.45803500439615
					],
					[
						121.96340204089589,
						46.44324100392043
					],
					[
						121.74289903509869,
						46.48739600328622
					],
					[
						121.63438503257021,
						46.50363100300791
					],
					[
						121.50734302969205,
						46.53790400271241
					],
					[
						121.4255380278852,
						46.56999200253822
					],
					[
						121.20789302374386,
						46.62461500211695
					],
					[
						121.16655002311855,
						46.61943100204188
					],
					[
						121.06800102151102,
						46.636795001876926
					],
					[
						120.91545901901137,
						46.703510001650194
					],
					[
						120.86852301848111,
						46.686707001580906
					],
					[
						120.73226901672027,
						46.701576001401314
					],
					[
						120.67446901591276,
						46.73267700133344
					],
					[
						120.52580301445161,
						46.69202800116096
					],
					[
						120.45661201365854,
						46.71478700109138
					],
					[
						120.40411401299669,
						46.75705300104311
					],
					[
						120.36228201263494,
						46.747234001002596
					],
					[
						120.10062501028122,
						46.785697000785845
					],
					[
						119.95505600910973,
						46.82184800068517
					],
					[
						119.90049700862421,
						46.869530000652226
					],
					[
						119.91278800862959,
						46.90316400066176
					],
					[
						119.85390500821758,
						46.915028000625405
					],
					[
						119.86264800819308,
						46.951725000632486
					],
					[
						119.78332500755539,
						47.02242300058818
					],
					[
						119.79933900757744,
						47.05781600059902
					],
					[
						119.75345600716274,
						47.13165700057552
					],
					[
						119.6247330062586,
						47.25032000051046
					],
					[
						119.57196800600788,
						47.24587300048406
					],
					[
						119.55435200583632,
						47.29850400047714
					],
					[
						119.45580300532734,
						47.339863000432985
					],
					[
						119.4204860051164,
						47.38082900041878
					],
					[
						119.32241800465013,
						47.43398700037993
					],
					[
						119.35763500472349,
						47.47959500039505
					],
					[
						119.19765500409285,
						47.51749800033543
					],
					[
						119.14280700388369,
						47.539852000317104
					],
					[
						119.12168100367735,
						47.66404000031233
					],
					[
						118.75482200259668,
						47.772079000211725
					],
					[
						118.55493200203016,
						47.993462000171476
					],
					[
						118.46014400186212,
						47.99491500015403
					],
					[
						118.40926400176524,
						48.01678800014552
					],
					[
						118.27121000155717,
						48.00831200012401
					],
					[
						118.22778300147961,
						48.04126700011809
					],
					[
						118.11418900132674,
						48.04458200010329
					],
					[
						118.03143300123713,
						48.01265700009343
					],
					[
						117.81327100099506,
						48.02047700007163
					],
					[
						117.51548000078579,
						47.7787900000486
					],
					[
						117.48249800076361,
						47.756645000046504
					],
					[
						117.37518300070295,
						47.640041000040156
					],
					[
						117.08690700048629,
						47.82030100002754
					],
					[
						116.87078800037169,
						47.89093800002049
					],
					[
						116.67637600029474,
						47.889198000015526
					],
					[
						116.4317860002206,
						47.837574000010754
					],
					[
						116.2572330001743,
						47.87304700000819
					],
					[
						116.1078420001449,
						47.81675300000647
					],
					[
						115.95372000012138,
						47.68438300000498
					],
					[
						115.93058000011764,
						47.68014900000479
					],
					[
						115.57346300006559,
						47.92113100000267
					],
					[
						115.53010600005781,
						48.1430090000025
					],
					[
						115.81340800008518,
						48.2588650000041
					],
					[
						115.79420500007657,
						48.52241500000403
					],
					[
						116.07136500010242,
						48.81937800000637
					],
					[
						116.03633900009622,
						48.86738200000608
					],
					[
						116.71927600015336,
						49.8471450000176
					],
					[
						116.67358000014366,
						49.872639000016456
					],
					[
						116.60670000012847,
						49.94032700001499
					],
					[
						116.44765000010501,
						49.96303200001179
					],
					[
						116.26412000008109,
						50.02503600000892
					],
					[
						116.20515000007507,
						50.03172300000813
					],
					[
						116.02599000006036,
						49.9983330000061
					],
					[
						115.85532000004932,
						49.93275800000459
					],
					[
						115.76672000004453,
						49.88905300000396
					],
					[
						115.72095000004175,
						49.88457900000364
					],
					[
						115.55286000003231,
						49.90726500000274
					],
					[
						115.37463000002467,
						49.90783300000198
					],
					[
						115.23792000001926,
						49.979393000001586
					],
					[
						115.06791000001378,
						50.11205300000113
					],
					[
						115.00405000001196,
						50.177376000001
					],
					[
						114.85542000000912,
						50.22200800000078
					],
					[
						114.67224000000648,
						50.25624100000052
					],
					[
						114.5072600000048,
						50.23710300000038
					],
					[
						114.34904000000341,
						50.282909000000316
					],
					[
						114.19559000000253,
						50.2470820000002
					],
					[
						114.07568000000201,
						50.18461200000019
					],
					[
						114.03442000000187,
						50.18563500000016
					],
					[
						113.86881000000135,
						50.084602000000146
					],
					[
						113.79556000000106,
						50.09408200000013
					],
					[
						113.60049000000069,
						50.02268600000013
					],
					[
						113.53646000000059,
						49.979229
					],
					[
						113.2302600000003,
						49.834946
					],
					[
						113.18633000000031,
						49.800865
					],
					[
						113.09591000000029,
						49.655563
					],
					[
						113.0874300000002,
						49.60812800000011
					],
					[
						112.9661500000002,
						49.586533
					],
					[
						112.84081000000012,
						49.52221300000011
					],
					[
						112.71631,
						49.4918400000001
					],
					[
						112.6469,
						49.528286
					],
					[
						112.59298,
						49.525375
					],
					[
						112.51317,
						49.546482
					],
					[
						112.33717,
						49.493992
					],
					[
						112.28615,
						49.49007
					],
					[
						112.1109,
						49.431286
					],
					[
						112.01945,
						49.425037
					],
					[
						111.9345,
						49.395523
					],
					[
						111.81889,
						49.39109
					],
					[
						111.72844,
						49.405899
					],
					[
						111.66248,
						49.396301
					],
					[
						111.50189,
						49.343754
					],
					[
						111.3923,
						49.373123
					],
					[
						111.33331,
						49.338573
					],
					[
						111.16983,
						49.300331
					],
					[
						111.10601,
						49.273521
					],
					[
						110.99225,
						49.199852
					],
					[
						110.92473,
						49.174423
					],
					[
						110.76628,
						49.145103
					],
					[
						110.5962600000001,
						49.162079
					],
					[
						110.5405,
						49.195866
					],
					[
						110.48268,
						49.203232
					],
					[
						110.39948,
						49.258419
					],
					[
						110.35147,
						49.207462000000106
					],
					[
						110.30241,
						49.181629
					],
					[
						110.18474,
						49.167385
					],
					[
						110.05741,
						49.194313
					],
					[
						109.80598,
						49.213753
					],
					[
						109.70153,
						49.231609
					],
					[
						109.57109,
						49.222584
					],
					[
						109.50102,
						49.254803
					],
					[
						109.48948,
						49.284992
					],
					[
						109.32912,
						49.341507
					],
					[
						109.18446,
						49.360271
					],
					[
						109.04247,
						49.336113
					],
					[
						108.96549,
						49.359436
					],
					[
						108.87880999999987,
						49.342335
					],
					[
						108.78624999999975,
						49.35146300000011
					],
					[
						108.71319999999974,
						49.338127
					],
					[
						108.55558999999951,
						49.33432
					],
					[
						108.45674999999935,
						49.400879
					],
					[
						108.36814999999919,
						49.44291700000012
					],
					[
						108.28422999999896,
						49.52874
					],
					[
						108.15152999999853,
						49.554901
					],
					[
						108.02527999999809,
						49.61524600000016
					],
					[
						108.01978999999808,
						49.665886000000164
					],
					[
						107.95888999999781,
						49.66699200000016
					],
					[
						107.9389699999977,
						49.70119500000016
					],
					[
						107.97738999999798,
						49.73025900000015
					],
					[
						107.94699999999794,
						49.855465000000166
					],
					[
						107.9770499999981,
						49.90240900000014
					],
					[
						107.93796999999797,
						49.925655000000184
					],
					[
						107.85506999999753,
						49.92155500000022
					],
					[
						107.75321999999692,
						49.98057200000023
					],
					[
						107.70445999999653,
						49.95609700000026
					],
					[
						107.57998999999558,
						49.95873300000032
					],
					[
						107.4751399999946,
						49.9821970000004
					],
					[
						107.38137999999347,
						49.980988000000494
					],
					[
						107.32645999999295,
						50.02143900000052
					],
					[
						107.25467999999184,
						49.99255400000059
					],
					[
						107.13073999998993,
						50.026913000000754
					],
					[
						107.03693999998859,
						50.11047000000096
					],
					[
						106.99948999998824,
						50.18847700000098
					],
					[
						106.92449999998706,
						50.24746300000113
					],
					[
						106.75789999998361,
						50.321426000001544
					],
					[
						106.59753999997919,
						50.3445430000021
					],
					[
						106.50776999997615,
						50.34247200000247
					],
					[
						106.27919999996593,
						50.2956960000037
					],
					[
						106.09212999995715,
						50.35101700000506
					],
					[
						106.08004999995754,
						50.39382900000513
					],
					[
						105.90278999994688,
						50.412987000006865
					],
					[
						105.84294999994326,
						50.43052300000755
					],
					[
						105.61184999992446,
						50.432362000010826
					],
					[
						105.45800999991076,
						50.458668000013624
					],
					[
						105.38768999990451,
						50.4792060000151
					],
					[
						105.28679999989214,
						50.46802500001754
					],
					[
						105.15184999986914,
						50.40002100002122
					],
					[
						105.09823999986038,
						50.3907660000229
					],
					[
						104.99718999984528,
						50.399105000026395
					],
					[
						104.91178999982957,
						50.38842000002966
					],
					[
						104.81711999980791,
						50.35485100003372
					],
					[
						104.71736999978745,
						50.35482800003853
					],
					[
						104.58914999975197,
						50.31357600004561
					],
					[
						104.50679999973221,
						50.31893900005072
					],
					[
						104.40510999970203,
						50.30499300005776
					],
					[
						104.3317399996704,
						50.25621400006334
					],
					[
						104.28473999965482,
						50.25285300006718
					],
					[
						104.25094999963186,
						50.20187800007007
					],
					[
						104.06099999954857,
						50.15435800008838
					],
					[
						104.01873999953162,
						50.15589100009302
					],
					[
						103.83886999946995,
						50.20649700011525
					],
					[
						103.75755999942719,
						50.19406500012674
					],
					[
						103.69045999937026,
						50.13723800013697
					],
					[
						103.58714999932448,
						50.160282000154176
					],
					[
						103.47510999928345,
						50.20523500017507
					],
					[
						103.39673999924322,
						50.21531300019109
					],
					[
						103.33787999919947,
						50.20140800020401
					],
					[
						103.2872099991785,
						50.21913900021569
					],
					[
						103.24911999919964,
						50.29052000022497
					],
					[
						103.20459999918722,
						50.31270600023614
					],
					[
						102.98071999903785,
						50.304287000300356
					],
					[
						102.8907499989931,
						50.324413000330274
					],
					[
						102.82459999899673,
						50.37862400035394
					],
					[
						102.64210999892498,
						50.42940900042726
					],
					[
						102.50517999896539,
						50.5408670004907
					],
					[
						102.40382999891845,
						50.551003000543034
					],
					[
						102.32061999891539,
						50.58409100058966
					],
					[
						102.29320999899431,
						50.65027200060556
					],
					[
						102.35404999912622,
						50.726700000570034
					],
					[
						102.35504999915801,
						50.75024000056941
					],
					[
						102.24068999921616,
						50.818462000636885
					],
					[
						102.22189999927967,
						50.86502800064841
					],
					[
						102.266879999431,
						50.96551900061987
					],
					[
						102.2016499995626,
						51.05933000065999
					],
					[
						102.17097999969627,
						51.14827000067926
					],
					[
						102.1785499998002,
						51.21985600067358
					],
					[
						102.15125999987254,
						51.26400400069121
					],
					[
						102.21052999991336,
						51.3048780006521
					],
					[
						102.20863999994855,
						51.329456000653096
					],
					[
						102.06878000010967,
						51.39709900074682
					],
					[
						101.9958300001483,
						51.39582800080085
					],
					[
						101.94703000022145,
						51.42105900083855
					],
					[
						101.85555000028724,
						51.42155100091419
					],
					[
						101.74461000045741,
						51.46114000101333
					],
					[
						101.64199000055015,
						51.45660400111432
					],
					[
						101.59948000067949,
						51.49358400115791
					],
					[
						101.54129000077292,
						51.50317000122098
					],
					[
						101.44656000086401,
						51.48857500133092
					],
					[
						101.39209000085495,
						51.45540200139878
					],
					[
						101.34792000096014,
						51.4703750014549
					],
					[
						101.25864000130409,
						51.53941700157334
					],
					[
						101.1609200015019,
						51.542301001715146
					],
					[
						101.03322000191034,
						51.58033400191631
					],
					[
						100.94338000230456,
						51.62625500206938
					],
					[
						100.86573000258035,
						51.63995700221152
					],
					[
						100.73628000316907,
						51.68112900246705
					],
					[
						100.6764000035322,
						51.71456100259304
					],
					[
						100.5845000039353,
						51.72205400280042
					],
					[
						100.51564000437075,
						51.75037800296382
					],
					[
						100.44759000464049,
						51.74045200313643
					],
					[
						100.27882000554072,
						51.74504100360167
					],
					[
						100.124630006558,
						51.76049000407871
					],
					[
						99.99346200739869,
						51.7533000045306
					],
					[
						99.89614900837437,
						51.78779600488952
					],
					[
						99.8330760091595,
						51.82381400513362
					],
					[
						99.77059901016,
						51.8817370053829
					],
					[
						99.66719801142163,
						51.91386400582878
					],
					[
						99.57202101246048,
						51.91786600627242
					],
					[
						99.45943501403487,
						51.94791400683137
					],
					[
						99.36169401533242,
						51.954758007356304
					],
					[
						99.29478501644527,
						51.975227007732805
					],
					[
						99.27316301722601,
						52.020123007849435
					],
					[
						99.04853802136904,
						52.071968009265035
					],
					[
						98.95370502403905,
						52.147900009911865
					],
					[
						98.89358502523463,
						52.14954001035714
					],
					[
						98.85977202938221,
						52.412328010524305
					],
					[
						98.75187003320562,
						52.50739901134277
					],
					[
						98.80740403227398,
						52.54049301088291
					],
					[
						98.74362203447865,
						52.58608601137787
					],
					[
						98.61970503850914,
						52.634369012414886
					],
					[
						98.5302890421716,
						52.703671013197095
					],
					[
						98.48374204504029,
						52.796276013590656
					],
					[
						98.38727604931994,
						52.86164101450984
					],
					[
						98.21509605565556,
						52.857773016368135
					],
					[
						98.0688480604949,
						52.79725601815404
					],
					[
						97.84988406961791,
						52.761593021111516
					],
					[
						97.8095930707279,
						52.72426202172739
					],
					[
						97.62935607983984,
						52.71844502452966
					],
					[
						97.39692709469196,
						52.7661250285592
					],
					[
						97.26618210423925,
						52.79904603106976
					],
					[
						97.2182081086297,
						52.833302032009925
					],
					[
						97.07579011843274,
						52.811363035131016
					],
					[
						96.88619213376192,
						52.81081003966487
					],
					[
						96.88097413526506,
						52.839367039749284
					],
					[
						96.80953214201988,
						52.851650041571325
					],
					[
						96.78311214553383,
						52.880569042220166
					],
					[
						96.67173015511995,
						52.85668904533453
					],
					[
						96.62360416038406,
						52.86898804669838
					],
					[
						96.52991516931837,
						52.85308104954331
					],
					[
						96.47557817342093,
						52.8158950513247
					],
					[
						96.37210118523663,
						52.82357005469752
					],
					[
						96.28669719322883,
						52.78467605773982
					],
					[
						96.18384620422378,
						52.75629406155879
					],
					[
						96.00535622605935,
						52.73155206866207
					],
					[
						95.89165524355111,
						52.75611107344139
					],
					[
						95.81789425231757,
						52.72272907685725
					],
					[
						95.79311425386044,
						52.68948007810746
					],
					[
						95.6445772779011,
						52.69960008526117
					],
					[
						95.59974728338243,
						52.673115087639815
					],
					[
						95.48648830096162,
						52.64946409375293
					],
					[
						95.42158531040525,
						52.62280309747908
					],
					[
						95.41586330862962,
						52.58819209794132
					],
					[
						95.35838331379212,
						52.52504710152567
					],
					[
						95.24894733300319,
						52.51014710822912
					],
					[
						95.17260734925648,
						52.523884113031805
					],
					[
						95.05309337396224,
						52.52371612103953
					],
					[
						94.99658238250434,
						52.48739212518001
					],
					[
						94.7669604312979,
						52.450863142736445
					],
					[
						94.75168642900451,
						52.398823144255836
					],
					[
						94.70771843873936,
						52.39053714790313
					],
					[
						94.71388243164671,
						52.34354014765659
					],
					[
						94.64717144336794,
						52.30521015348923
					],
					[
						94.59740445699131,
						52.31391115775582
					],
					[
						94.50932346379263,
						52.192623166403216
					],
					[
						94.36069549449125,
						52.12901718103794
					],
					[
						94.29129151748927,
						52.15314618790434
					],
					[
						94.09058958033866,
						52.16941520949006
					],
					[
						93.57615776638241,
						52.17911527569688
					],
					[
						93.16305394285682,
						52.15001334238631
					],
					[
						92.76554211481707,
						52.019047421521826
					],
					[
						92.70562219554954,
						52.17128443210969
					],
					[
						92.22237454233628,
						52.23956454847233
					],
					[
						91.79367888149011,
						52.210302676821804
					],
					[
						91.47411127463306,
						52.39075878327061
					],
					[
						90.93630409851662,
						52.72240699418349
					],
					[
						90.46084899529298,
						52.9906512211739
					],
					[
						90.2659853655098,
						53.01991533170562
					],
					[
						89.93862597394053,
						52.961389545856214
					],
					[
						89.41639903375706,
						52.800441958834234
					],
					[
						88.98771219187549,
						52.80044235534652
					],
					[
						88.18489044706179,
						52.507813341795845
					],
					[
						87.95106096149014,
						52.28833971289611
					],
					[
						87.86532218906103,
						51.72746392703997
					],
					[
						88.0367939654424,
						51.4209376972387
					],
					[
						88.1381215098851,
						51.35283355345986
					],
					[
						88.34077684295917,
						51.313915271215365
					],
					[
						88.48887251868807,
						51.357697071487195
					],
					[
						88.69931999221278,
						51.36742681089412
					],
					[
						88.82402378130274,
						51.42580066194025
					],
					[
						88.91804550699588,
						51.39192456028631
					],
					[
						89.08172696800972,
						51.27354739547976
					],
					[
						89.05834274112635,
						51.08994343138279
					],
					[
						89.1206984043841,
						50.949823375303616
					],
					[
						89.21813014001698,
						50.894259280674824
					],
					[
						89.29607398399574,
						50.8821792057634
					],
					[
						89.35842590381539,
						50.901506146042344
					],
					[
						89.45195754657942,
						50.756555066990956
					],
					[
						89.69748191804054,
						50.556038863387755
					],
					[
						89.77932169605079,
						50.466652800052245
					],
					[
						89.80270560195264,
						50.41591978298535
					],
					[
						89.95859339503154,
						50.39659266426209
					],
					[
						90.26647090175963,
						50.244394452726944
					],
					[
						90.36822670212511,
						50.144422389025024
					],
					[
						90.29683068742419,
						50.07560843577433
					],
					[
						90.28755364668216,
						50.03231544244925
					],
					[
						90.0867328278205,
						50.037625578850076
					],
					[
						89.97165088149889,
						49.99553466290101
					],
					[
						89.90076593435735,
						49.98456371640669
					],
					[
						89.8365350149606,
						49.99811376582956
					],
					[
						89.74443310336642,
						49.99477983933912
					],
					[
						89.71920210498565,
						49.97741486024717
					],
					[
						89.62073020347732,
						49.9739929427197
					],
					[
						89.60299116331784,
						49.9339159586354
					],
					[
						89.63857508322215,
						49.904710928746724
					],
					[
						89.63673597743643,
						49.8317509314278
					],
					[
						89.73851982604148,
						49.79451984720631
					],
					[
						89.6818327541078,
						49.70971089497378
					],
					[
						89.44473489574048,
						49.65884610309941
					],
					[
						89.36969986335635,
						49.595949173578894
					],
					[
						89.31270798482964,
						49.63452022766892
					],
					[
						89.2235430968913,
						49.64632231520862
					],
					[
						89.18994304638414,
						49.59853634956033
					],
					[
						89.22664093858499,
						49.559206312975746
					],
					[
						89.09950495605523,
						49.49979244374429
					],
					[
						88.96387706597866,
						49.484625590158736
					],
					[
						88.89110028856251,
						49.555815671263446
					],
					[
						88.81514918856867,
						49.46619275978337
					],
					[
						88.6790033628461,
						49.47500892358159
					],
					[
						88.64998149763751,
						49.520090959214954
					],
					[
						88.57548057263281,
						49.51229005364675
					],
					[
						88.44528466368448,
						49.48011722540383
					],
					[
						88.33982387329405,
						49.508063370291055
					],
					[
						88.22323099080326,
						49.48986453784162
					],
					[
						88.1771959597744,
						49.45307860634946
					],
					[
						88.10296182689754,
						49.36552771937594
					],
					[
						88.14659371099111,
						49.34481765303818
					],
					[
						88.19677949057576,
						49.2873495780728
					],
					[
						88.12120346823217,
						49.24458269168448
					],
					[
						88.0552696136747,
						49.26636479349173
					],
					[
						88.0086465871101,
						49.23588586695222
					],
					[
						87.99432646127562,
						49.18636288961095
					],
					[
						87.89992052343344,
						49.16693504308765
					],
					[
						87.79542069397397,
						49.177498219514995
					],
					[
						87.70429479904088,
						49.171139378904236
					],
					[
						87.66873478067613,
						49.150349442439754
					],
					[
						87.48617098954202,
						49.13461778254373
					],
					[
						87.51745082340072,
						49.100186722298304
					],
					[
						87.43488583111552,
						49.06920688153718
					],
					[
						87.35763904915818,
						49.09778303561755
					],
					[
						87.26069926687175,
						49.115648234898124
					],
					[
						87.20843846429489,
						49.14484934540853
					],
					[
						87.11956362886187,
						49.1482825377424
					],
					[
						87.06999563404962,
						49.12820264752047
					],
					[
						87.01403378189852,
						49.14016577411298
					],
					[
						86.90224094710098,
						49.130938034393594
					],
					[
						86.85002491372862,
						49.10097315927826
					],
					[
						86.84022872683717,
						49.05458318237169
					],
					[
						86.74216870510602,
						49.010912423838874
					],
					[
						86.72889342815202,
						48.94614245570926
					],
					[
						86.75467215590818,
						48.89680338943084
					],
					[
						86.81383789508648,
						48.86022424170752
					],
					[
						86.81802676881418,
						48.83400623048714
					],
					[
						86.75249767459293,
						48.7931853909572
					],
					[
						86.77846742254097,
						48.74726332419027
					],
					[
						86.76552027711509,
						48.71272135465473
					],
					[
						86.70807817143377,
						48.67512049710942
					],
					[
						86.68359599543204,
						48.63272355707739
					],
					[
						86.63682800809805,
						48.62369467730164
					],
					[
						86.59248483439684,
						48.578608790673236
					],
					[
						86.59685667269443,
						48.54783877695283
					],
					[
						86.40819649429913,
						48.47459428567865
					],
					[
						86.37595566887885,
						48.499809379160666
					],
					[
						86.30409366202525,
						48.4837605851251
					],
					[
						86.26783950291315,
						48.44867668850807
					],
					[
						86.20457646879738,
						48.43077487592245
					],
					[
						85.96188577925149,
						48.43500264134377
					],
					[
						85.86183386985503,
						48.429474975157575
					],
					[
						85.75539579606318,
						48.3981763400385
					],
					[
						85.69532141307677,
						48.33239954564071
					],
					[
						85.66391883237193,
						48.24584364702412
					],
					[
						85.59212555920077,
						48.19898090349093
					],
					[
						85.56208118739222,
						48.14551000689983
					],
					[
						85.53412535120222,
						48.032504091869335
					],
					[
						85.54942991124105,
						47.97581702318714
					],
					[
						85.61553453565304,
						47.53719867578718
					],
					[
						85.60510535873398,
						47.51559670787885
					],
					[
						85.67374682571722,
						47.439256439339836
					],
					[
						85.69651240790118,
						47.38196734236769
					],
					[
						85.67042688031822,
						47.31801741562643
					],
					[
						85.69669470154189,
						47.29060131452649
					],
					[
						85.68608927884648,
						47.23831333557453
					],
					[
						85.54141988192248,
						47.09551080819545
					],
					[
						85.52315451976506,
						47.05640286133396
					],
					[
						85.42117936630311,
						47.0627122473824
					],
					[
						85.32052500352174,
						47.04537163239471
					],
					[
						85.28906113596555,
						47.067461766414866
					],
					[
						85.21748984672428,
						47.05239105013821
					],
					[
						85.18533134815347,
						47.0065841633028
					],
					[
						85.10833483702335,
						46.97207647052601
					],
					[
						85.07890043922454,
						46.93868658068625
					],
					[
						84.98450097992564,
						46.91733198029643
					],
					[
						84.96017841488207,
						46.86825206394158
					],
					[
						84.88602819009567,
						46.867131396131164
					],
					[
						84.79517653196194,
						46.83070079586182
					],
					[
						84.67347417680688,
						46.8328583774283
					],
					[
						84.6433258634902,
						46.81359251398464
					],
					[
						84.68541859269135,
						46.77728828834621
					],
					[
						84.56579198424586,
						46.67427981596529
					],
					[
						84.51195179611337,
						46.675762088845765
					],
					[
						84.42365492555402,
						46.63278351713914
					],
					[
						84.30305223752553,
						46.61796315069914
					],
					[
						84.27074765858168,
						46.583876303244445
					],
					[
						84.25351628340007,
						46.48457832540437
					],
					[
						84.31166423752639,
						46.459383990346204
					],
					[
						84.15767982942417,
						46.41191780323109
					],
					[
						84.18136947187388,
						46.37630264164572
					],
					[
						84.29550996987773,
						46.36814000837576
					],
					[
						84.36873257284807,
						46.30729757194392
					],
					[
						84.40632071387222,
						46.223838311274065
					],
					[
						84.52179117042499,
						46.20815471438065
					],
					[
						84.59116561550763,
						46.21305237727217
					],
					[
						84.64203843756157,
						46.17463810404015
					],
					[
						84.75774710743745,
						46.177533564805344
					],
					[
						84.93690077451829,
						46.1514357487937
					],
					[
						85.07276550947272,
						46.15426217662254
					],
					[
						85.15282236191793,
						46.198618877681234
					],
					[
						85.23712760079482,
						46.181670532449495
					],
					[
						85.27862354904556,
						46.15586735581048
					],
					[
						85.37737072352847,
						46.12420096296598
					],
					[
						85.2874037074439,
						46.06489826716338
					],
					[
						85.27050429676773,
						46.03188631152263
					],
					[
						85.30117399204843,
						45.9841561646521
					],
					[
						85.23230931906825,
						45.85433834329734
					],
					[
						85.18885945002064,
						45.7944214703897
					],
					[
						85.1020052098195,
						45.72793476489781
					],
					[
						85.03041748433152,
						45.7042460358684
					],
					[
						84.99374329847464,
						45.7097771905706
					],
					[
						84.90231886813557,
						45.63840151658762
					],
					[
						84.78757855562768,
						45.59759997727026
					],
					[
						84.7310586944695,
						45.478600121740406
					],
					[
						84.59371039817982,
						45.30775157791044
					],
					[
						84.59435116148737,
						45.28874655591346
					],
					[
						84.66530383200778,
						45.13159207752126
					],
					[
						84.64977657130333,
						45.04394605461788
					],
					[
						84.64659286054523,
						44.91247592691252
					],
					[
						84.62765558351603,
						44.82906391651193
					],
					[
						84.71369964495341,
						44.760459471490314
					],
					[
						84.76491544863171,
						44.70005019131979
					],
					[
						84.87891503611702,
						44.646014673423025
					],
					[
						84.80144693042807,
						44.78790613753406
					],
					[
						84.867304715664,
						44.795779879109226
					],
					[
						85.0238755016273,
						44.72553919736789
					],
					[
						85.03509732506856,
						44.612887040195254
					],
					[
						85.19939810440765,
						44.61989345153805
					],
					[
						85.22680199690612,
						44.492132230174676
					],
					[
						85.19422413702077,
						44.445116295616565
					],
					[
						85.18136682215437,
						44.33886123028107
					],
					[
						85.11173309697348,
						44.34411047881369
					],
					[
						85.10310337192495,
						44.28907544964769
					],
					[
						85.1034515948292,
						44.04641117605796
					],
					[
						85.09687333427922,
						43.94450507942816
					],
					[
						85.02660411918667,
						43.834905185810776
					],
					[
						85.02185747106058,
						43.702310034796675
					],
					[
						85.00527753749675,
						43.644227015575844
					],
					[
						85.04884136283464,
						43.577328783950655
					],
					[
						84.9712789997899,
						43.476757905820165
					],
					[
						84.89802835233961,
						43.514471204403044
					],
					[
						84.87081473478457,
						43.577825386149314
					],
					[
						84.80978687322776,
						43.583326608516984
					],
					[
						84.77067796588825,
						43.636907824817314
					],
					[
						84.70035681241369,
						43.63194507575243
					],
					[
						84.597259585022,
						43.66154050949174
					],
					[
						84.59640552264547,
						43.73089861602592
					],
					[
						84.5027843547923,
						43.75321202017464
					],
					[
						84.38388606310957,
						43.728141468612115
					],
					[
						84.34644065220836,
						43.742458648905625
					],
					[
						84.27776634326338,
						43.73223592600612
					],
					[
						84.24131352070752,
						43.78453917149003
					],
					[
						84.18500737906432,
						43.77285440205422
					],
					[
						84.11513671334934,
						43.807393778179204
					],
					[
						84.07005500708821,
						43.87460510367834
					],
					[
						83.98092001661912,
						43.90879659006601
					],
					[
						83.92401095844586,
						43.9054438636593
					],
					[
						83.87806689243449,
						43.94975917358183
					],
					[
						83.75087548391828,
						43.943217817815714
					],
					[
						83.68059176146234,
						43.975296253868684
					],
					[
						83.6180983970489,
						43.964546573843535
					],
					[
						83.56883529786779,
						44.00933893644545
					],
					[
						83.52543144032776,
						44.007523178531386
					],
					[
						83.45909277990017,
						44.03947562615708
					],
					[
						83.40322823094155,
						44.01563790567607
					],
					[
						83.30709614678936,
						44.007074465909994
					],
					[
						83.23747812831607,
						44.074931045012264
					],
					[
						83.13125229706476,
						44.09066376004948
					],
					[
						82.97989714699128,
						44.09164877217699
					],
					[
						82.89117936901562,
						44.0538912940257
					],
					[
						82.77538642352701,
						44.081369188286274
					],
					[
						82.6911025233162,
						44.08220181113476
					],
					[
						82.62896815413168,
						44.1256783945906
					],
					[
						82.5597687636805,
						44.13439195262474
					],
					[
						82.42799879148568,
						44.178872127923796
					],
					[
						82.33678179213416,
						44.26108011794907
					],
					[
						82.27501998227106,
						44.248823611471906
					],
					[
						82.16024858225353,
						44.26359166356081
					],
					[
						82.06976312676771,
						44.291653570416706
					],
					[
						81.98745502627845,
						44.29111233750601
					],
					[
						81.89607527866482,
						44.31145727896469
					],
					[
						81.7278063949347,
						44.36115712697327
					],
					[
						81.78268032098859,
						44.408466721403535
					],
					[
						81.7788457899129,
						44.52315612863236
					],
					[
						81.78926324980124,
						44.59444524433354
					],
					[
						81.81377755300213,
						44.61776006312368
					],
					[
						81.74703735937469,
						44.66293689718777
					],
					[
						81.62373044180276,
						44.664694227080844
					],
					[
						81.44370635938746,
						44.67699429137125
					],
					[
						81.39147469970838,
						44.6966529667671
					],
					[
						81.33134586066647,
						44.6882916502811
					],
					[
						81.21363008086541,
						44.724895213668596
					],
					[
						81.19049018255991,
						44.744530572740594
					],
					[
						81.09880515639202,
						44.75555577656045
					],
					[
						81.02776545505651,
						44.73489262182075
					],
					[
						80.9220728693521,
						44.743794063982605
					],
					[
						80.81823221520207,
						44.701402317664495
					],
					[
						80.67884711290198,
						44.7021402960075
					],
					[
						80.60979217035518,
						44.72914542178627
					],
					[
						80.48045461035599,
						44.73858141205395
					],
					[
						80.30862350486858,
						44.81081245496123
					],
					[
						80.26327441267134,
						44.839476330205635
					],
					[
						80.16867286249322,
						44.807262753961666
					],
					[
						80.19880784766883,
						44.74460894333814
					],
					[
						80.30621571534306,
						44.70921101453401
					],
					[
						80.39801168924078,
						44.62118514265316
					],
					[
						80.34790094999859,
						44.468730176645494
					],
					[
						80.37416667776594,
						44.39952342247485
					],
					[
						80.40922444624604,
						44.236825056928076
					],
					[
						80.40363428778468,
						44.10875046215146
					],
					[
						80.44367335991065,
						44.076038701489566
					],
					[
						80.46085880574,
						43.98392795760236
					],
					[
						80.51894056150121,
						43.90481770894989
					],
					[
						80.52810694119259,
						43.81683510053652
					],
					[
						80.69859764493638,
						43.579633541440494
					],
					[
						80.75607473727956,
						43.45492913532161
					],
					[
						80.73975971906822,
						43.40217204011012
					],
					[
						80.68529630747123,
						43.335716327964846
					],
					[
						80.75676281204862,
						43.317519354119334
					],
					[
						80.80174183152846,
						43.17710701665709
					],
					[
						80.78014833189492,
						43.14298406914949
					],
					[
						80.72683133979231,
						43.133261635954945
					],
					[
						80.60901193443351,
						43.14187210213389
					],
					[
						80.4959889820061,
						43.07272406021947
					],
					[
						80.4271377517529,
						43.059838842656994
					],
					[
						80.37532151838464,
						43.02969930205206
					],
					[
						80.39302885871791,
						42.996354849964966
					],
					[
						80.48443136477614,
						42.94545736733066
					],
					[
						80.58470865234627,
						42.92269400786239
					],
					[
						80.60240126286315,
						42.89384661192098
					],
					[
						80.50129812453717,
						42.878733716325804
					],
					[
						80.4181852618937,
						42.85208154756363
					],
					[
						80.3991021913835,
						42.83149363955694
					],
					[
						80.27946657635553,
						42.83623317393752
					],
					[
						80.22458631792847,
						42.717698998688036
					],
					[
						80.17286150940248,
						42.666391266826835
					],
					[
						80.15982744565424,
						42.623129097650846
					],
					[
						80.22572840729377,
						42.52287749546335
					],
					[
						80.26670042783775,
						42.5119359129352
					],
					[
						80.20740597981074,
						42.45957622285747
					],
					[
						80.2333878945463,
						42.34752502172386
					],
					[
						80.28305650224299,
						42.31541218701535
					],
					[
						80.26887133216425,
						42.2909941567531
					],
					[
						80.28402132656485,
						42.231869510722305
					],
					[
						80.22946653183253,
						42.20954695182696
					],
					[
						80.15492938746252,
						42.20831180490253
					],
					[
						80.0357864332215,
						42.178061960058116
					],
					[
						79.97859722756262,
						42.12183415213817
					],
					[
						79.98653526439948,
						42.03955331624563
					],
					[
						79.91213568310492,
						42.039192201709554
					],
					[
						79.85033156120012,
						42.014290718907105
					],
					[
						79.77974691142907,
						41.8915823904924
					],
					[
						79.74612965677234,
						41.899193874942405
					],
					[
						79.64966286921297,
						41.88401191571811
					],
					[
						79.60801625381053,
						41.84889807419926
					],
					[
						79.49654617591901,
						41.82392022616262
					],
					[
						79.47112922077037,
						41.796531254508
					],
					[
						79.52692553899223,
						41.755960101582076
					],
					[
						79.57742066364189,
						41.62264203034661
					],
					[
						79.61554492055008,
						41.57207802932879
					],
					[
						79.61160467492473,
						41.39474611813545
					],
					[
						79.66820323438589,
						41.36850320723642
					],
					[
						79.64894878985963,
						41.30783773993902
					],
					[
						79.67694844835829,
						41.25959590511539
					],
					[
						79.75018513622385,
						41.19172740416862
					],
					[
						79.85752167275896,
						41.1360387513915
					],
					[
						79.93383796454549,
						41.12625393096868
					],
					[
						79.9820219711187,
						41.139592625868666
					],
					[
						80.01343259179176,
						41.10101794175289
					],
					[
						80.02240305432305,
						41.04059223688367
					],
					[
						79.98692789849262,
						40.98648897987161
					],
					[
						79.89569932556253,
						40.929028155879685
					],
					[
						79.7894618932982,
						40.88736862467705
					],
					[
						79.7933275209014,
						40.82339886107665
					],
					[
						79.72949008133024,
						40.769431784253584
					],
					[
						79.58670468809584,
						40.73717963940785
					],
					[
						79.48046271026321,
						40.738916613698684
					],
					[
						79.37943255371702,
						40.76404487576761
					],
					[
						79.31117469578783,
						40.802380038188765
					],
					[
						79.25655849311087,
						40.81384773230285
					],
					[
						79.22270607685807,
						40.86251673231226
					],
					[
						79.24768201969579,
						40.89505591165323
					],
					[
						79.06945866926836,
						40.94326947990755
					],
					[
						78.97014638104001,
						40.88844780304697
					],
					[
						78.90151316156816,
						40.899301736779684
					],
					[
						78.83269400450624,
						40.886138331425954
					],
					[
						78.76062118277373,
						40.8197811455726
					],
					[
						78.67241382336624,
						40.81485709487057
					],
					[
						78.59091115446651,
						40.78600759199363
					],
					[
						78.56283725842222,
						40.75803046292782
					],
					[
						78.59146770072631,
						40.68018183396585
					],
					[
						78.58047547262817,
						40.62089696450321
					],
					[
						78.52083760231037,
						40.54874939178779
					],
					[
						78.34498738718668,
						40.48064212117635
					],
					[
						78.31634829474307,
						40.45764301511876
					],
					[
						78.20203232762739,
						40.42109560190631
					],
					[
						78.16428959460713,
						40.38671735758958
					],
					[
						78.15628795266889,
						40.33743047740046
					],
					[
						78.12304373511934,
						40.28083471069967
					],
					[
						77.99936537085544,
						40.260155626280415
					],
					[
						77.89974383156336,
						40.22427896056101
					],
					[
						77.84218988929456,
						40.18906982763707
					],
					[
						77.70515414283045,
						40.144708343658245
					],
					[
						77.6569854421331,
						40.19087195475151
					],
					[
						77.63291278597187,
						40.33251751037986
					],
					[
						77.63484952379127,
						40.41427335058705
					],
					[
						77.6178117444261,
						40.434702039229734
					],
					[
						77.67160283099835,
						40.533042519477874
					],
					[
						77.63915400819504,
						40.57722194996876
					],
					[
						77.53728721306207,
						40.597971880316116
					],
					[
						77.42860831345102,
						40.575763970730435
					],
					[
						77.39549306569906,
						40.59855400819045
					],
					[
						77.33564355743464,
						40.58001547709113
					],
					[
						77.28783773562607,
						40.58577635496327
					],
					[
						77.24697117972359,
						40.61875580923373
					],
					[
						77.2313025709963,
						40.66426218407857
					],
					[
						77.15898220413212,
						40.695244153626746
					],
					[
						77.10503121909642,
						40.68485680540535
					],
					[
						77.07575929536955,
						40.747419905033546
					],
					[
						76.97414019300076,
						40.752003837969006
					],
					[
						76.87892072279622,
						40.73101201913589
					],
					[
						76.77613171955339,
						40.72127866690277
					],
					[
						76.70714904470664,
						40.727849163692255
					],
					[
						76.66388558427627,
						40.69835815447176
					],
					[
						76.65226086262301,
						40.6195820960806
					],
					[
						76.61160266210315,
						40.61283465901215
					],
					[
						76.5358515796231,
						40.51404010395218
					],
					[
						76.5281213489732,
						40.45815753342838
					],
					[
						76.49698209054559,
						40.42478905575868
					],
					[
						76.43219063432696,
						40.39376122995366
					],
					[
						76.3221028534143,
						40.385537945377436
					],
					[
						76.25636550267055,
						40.42442044969645
					],
					[
						76.17331817706112,
						40.38256560653928
					],
					[
						76.1243345942322,
						40.395475985261264
					],
					[
						75.97894995024785,
						40.37734618420424
					],
					[
						75.9205332724064,
						40.33072663590287
					],
					[
						75.92706018479609,
						40.30073440185644
					],
					[
						75.81283092039864,
						40.32300348712381
					],
					[
						75.77316669919895,
						40.29803232809357
					],
					[
						75.69683434029868,
						40.282927278863646
					],
					[
						75.66217226317619,
						40.366919307952095
					],
					[
						75.71941755922187,
						40.47837238461173
					],
					[
						75.64958026207569,
						40.5054410015146
					],
					[
						75.62375623000567,
						40.55036134535032
					],
					[
						75.62680341442405,
						40.61181765146562
					],
					[
						75.59378284347031,
						40.65763922764631
					],
					[
						75.47527547836789,
						40.61218839139293
					],
					[
						75.41287078140292,
						40.554550606339596
					],
					[
						75.31703688583383,
						40.52156261912724
					],
					[
						75.28886938422869,
						40.48474175227046
					],
					[
						75.20690639621378,
						40.44168191425328
					],
					[
						75.13269197100463,
						40.456535439106844
					],
					[
						75.08467758466296,
						40.433185606134835
					],
					[
						75.01406772382536,
						40.463324816294396
					],
					[
						74.97947961837117,
						40.45383028606754
					],
					[
						74.85106598693125,
						40.5180268192448
					],
					[
						74.81888128938542,
						40.50857826862606
					],
					[
						74.7875020950917,
						40.447553165816586
					],
					[
						74.8971933735427,
						40.3366088430918
					],
					[
						74.853880813254,
						40.325963429266224
					],
					[
						74.79860881044948,
						40.34686989209853
					],
					[
						74.69327357427159,
						40.34298548996956
					],
					[
						74.6707082336403,
						40.28123391332982
					],
					[
						74.58797025213349,
						40.27741389695397
					],
					[
						74.5272962459491,
						40.209872879207495
					],
					[
						74.35203024756727,
						40.08893263811665
					],
					[
						74.25868268895374,
						40.12822134877004
					],
					[
						74.12468686665751,
						40.10900980242354
					],
					[
						74.07567350562846,
						40.08027236670375
					],
					[
						74.03891367166636,
						40.10127867558243
					],
					[
						73.9977495174876,
						40.05497089339529
					],
					[
						73.93023984525261,
						40.021347569388865
					],
					[
						73.97418178690378,
						40.000105027972694
					],
					[
						73.90770919398868,
						39.930865261755876
					],
					[
						73.91113259796666,
						39.887199298438716
					],
					[
						73.85495509003731,
						39.84486586368655
					],
					[
						73.83406335226874,
						39.808971943119914
					],
					[
						73.83571324240502,
						39.75486421803745
					],
					[
						73.87944429260867,
						39.74263238892974
					],
					[
						73.90662637835071,
						39.6902252460986
					],
					[
						73.79248468285186,
						39.58558341465856
					],
					[
						73.7862209228256,
						39.50735000306269
					],
					[
						73.72787177782506,
						39.48963083183554
					],
					[
						73.65477262347427,
						39.49095931681637
					],
					[
						73.59831945754401,
						39.458254958363796
					],
					[
						73.5638935427694,
						39.39431675547072
					],
					[
						73.5023664079659,
						39.37767656605502
					],
					[
						73.49922667038314,
						39.34000369384231
					],
					[
						73.45816606282058,
						39.328456483642334
					],
					[
						73.44654425078683,
						39.28388214992258
					],
					[
						73.54963926029113,
						39.26916937961017
					],
					[
						73.64111159663301,
						39.2069802716682
					],
					[
						73.65245823440314,
						39.16632802233474
					],
					[
						73.70826763135632,
						39.125476226627214
					],
					[
						73.70903398290636,
						39.07891769574083
					],
					[
						73.73379212491025,
						39.034385059183464
					],
					[
						73.78232592205232,
						39.019399447615626
					],
					[
						73.81695544852623,
						39.04535303419046
					],
					[
						73.8434817305109,
						38.96162158535058
					],
					[
						73.8773799020423,
						38.94370498040725
					],
					[
						73.97583723051393,
						38.95834824286611
					],
					[
						74.02402979373636,
						39.016924985579095
					],
					[
						74.1664991784038,
						39.13895893489931
					],
					[
						74.2942844457062,
						39.182890401927565
					],
					[
						74.34159084900516,
						39.254913443563645
					],
					[
						74.36413133095328,
						39.261372571683324
					],
					[
						74.57545646676606,
						39.22089360597393
					],
					[
						74.68433526969092,
						39.16927640623119
					],
					[
						74.72418160673577,
						39.160940526736866
					],
					[
						74.73039805287897,
						39.10257608715317
					],
					[
						74.8172770823721,
						39.109742728927046
					],
					[
						74.85107116765609,
						38.9860744378669
					],
					[
						74.8697966934077,
						38.96835030452169
					],
					[
						74.98279149469985,
						38.96323028883157
					],
					[
						75.06663872963713,
						38.887488668258015
					],
					[
						75.15347590004228,
						38.87631463820421
					],
					[
						75.26135075411905,
						38.936887243980415
					],
					[
						75.29594512831642,
						38.973234899223726
					],
					[
						75.37502388913295,
						38.9900462681144
					],
					[
						75.49691635883329,
						39.10250490515525
					],
					[
						75.56677204803105,
						39.200050917001064
					],
					[
						75.57749419169497,
						39.24660696034632
					],
					[
						75.6138100681163,
						39.268343621743945
					],
					[
						75.66287885983785,
						39.248445292202966
					],
					[
						75.57253700287042,
						39.12306231512469
					],
					[
						75.57014428468935,
						39.00923802401755
					],
					[
						75.63799034020145,
						39.00552245268215
					],
					[
						75.66030367648835,
						39.037936805988934
					],
					[
						75.7139641153406,
						39.04827894305745
					],
					[
						75.81030522823266,
						39.134120097841716
					],
					[
						75.83840800946113,
						39.2001937384682
					],
					[
						75.9188007432334,
						39.304662473644186
					],
					[
						76.02187154275006,
						39.24788928829307
					],
					[
						76.13882928166244,
						39.22723056625672
					],
					[
						76.13300258422746,
						39.19928350672947
					],
					[
						76.05743910874777,
						39.17741716945809
					],
					[
						76.0466297926509,
						39.1556383617275
					],
					[
						76.14683976351392,
						39.04996248380517
					],
					[
						76.24539089275054,
						39.0324172649343
					],
					[
						76.33794735689985,
						39.0469363439541
					],
					[
						76.36831007953758,
						39.02136922349458
					],
					[
						76.51086638362776,
						38.97800096462418
					],
					[
						76.62249316038772,
						38.93628202025932
					],
					[
						76.82401409289378,
						38.877460315343946
					],
					[
						76.86328950306358,
						38.857874545900096
					],
					[
						76.73987332810512,
						38.646956510390496
					],
					[
						76.62271217383828,
						38.495901053045564
					],
					[
						76.60316478977589,
						38.41659407706991
					],
					[
						76.50550614959121,
						38.344363137626885
					],
					[
						76.33635192562114,
						38.27626596987509
					],
					[
						76.16497546481425,
						38.272773276721516
					],
					[
						76.09153431321212,
						38.31293278671554
					],
					[
						75.94239437539382,
						38.17324698771704
					],
					[
						75.85558539475585,
						38.13134060968235
					],
					[
						75.80217601578272,
						38.17499241228187
					],
					[
						75.51950971661395,
						38.187213661545016
					],
					[
						75.46832018473376,
						38.20467332048112
					],
					[
						75.40154123665542,
						38.176736527184985
					],
					[
						75.25632254543181,
						38.20810750160953
					],
					[
						75.22407997119092,
						38.18880727481779
					],
					[
						75.13320228107328,
						38.190031875220875
					],
					[
						75.11102883823808,
						38.268870257387874
					],
					[
						75.03592798308107,
						38.276359387204984
					],
					[
						74.83906005223565,
						38.37408953130315
					],
					[
						74.77921016014984,
						38.35070693928209
					],
					[
						74.79964028549891,
						38.3032190840045
					],
					[
						74.79010328836289,
						38.246212523549325
					],
					[
						74.67554692574873,
						38.229155895833145
					],
					[
						74.52419601186959,
						38.16285069771132
					],
					[
						74.4977825402903,
						38.2121058433185
					],
					[
						74.44253760881415,
						38.24809898489981
					],
					[
						74.25758380128437,
						38.32955783872408
					],
					[
						74.22395026406896,
						38.320085041420775
					],
					[
						74.21432623515916,
						38.24999197344714
					],
					[
						74.11102291556354,
						38.22915289852265
					],
					[
						74.06603240990539,
						38.17254539183894
					],
					[
						73.92243906250849,
						38.21951407273595
					],
					[
						73.77709947023065,
						38.23367233136764
					],
					[
						73.73146097256561,
						38.25726998639162
					],
					[
						73.72187369721453,
						38.344109999192135
					],
					[
						73.61858704068368,
						38.40829594472962
					],
					[
						73.54411284454267,
						38.41018292787575
					],
					[
						73.30148078244481,
						38.45737857438774
					],
					[
						73.19096247194041,
						38.442276038564444
					],
					[
						73.15140478319562,
						38.46861741363564
					],
					[
						72.90878425310123,
						38.24596501181636
					],
					[
						72.88250314483815,
						38.18204035747171
					],
					[
						72.60824447031779,
						38.01094726155544
					],
					[
						72.4738082038651,
						37.959615558787775
					],
					[
						72.37163822305074,
						37.92967445852806
					],
					[
						72.31785434357158,
						37.886900448764976
					],
					[
						72.32320445031785,
						37.80990729366218
					],
					[
						72.27281912167622,
						37.71636381347708
					],
					[
						72.17795085528171,
						37.596035371901856
					],
					[
						72.03272613856802,
						37.484818619640215
					],
					[
						71.95201228776772,
						37.33510562234763
					],
					[
						71.96261209882734,
						36.885975588532425
					],
					[
						71.97331418561195,
						36.78258553137057
					],
					[
						72.03783513511219,
						36.689216036293786
					],
					[
						72.10772923078066,
						36.64644617086811
					],
					[
						72.19378117779662,
						36.67639326088812
					],
					[
						72.3551532606607,
						36.83038822398747
					],
					[
						72.43582499754565,
						36.86888907946217
					],
					[
						72.54875099170523,
						36.88600452445835
					],
					[
						72.69931115098028,
						36.88601138013124
					],
					[
						72.80145923870573,
						36.8261330125867
					],
					[
						72.90631783534835,
						36.858473359477806
					],
					[
						72.90902782581061,
						36.93882145274633
					],
					[
						72.89830734057617,
						37.05722917834707
					],
					[
						72.93327179631582,
						37.110090297410714
					],
					[
						73.01124484053776,
						37.14603895878549
					],
					[
						73.18061171201482,
						37.14815895868692
					],
					[
						73.26126433006178,
						37.16507633114765
					],
					[
						73.3177284135373,
						37.203137909800496
					],
					[
						73.40645052264762,
						37.24119930582943
					],
					[
						73.48710079801951,
						37.26023146021305
					],
					[
						73.67257682135795,
						37.224291425469076
					],
					[
						73.89837949975121,
						37.23064118831514
					],
					[
						73.99784937067002,
						37.28350318410127
					],
					[
						74.11801800188296,
						37.26905599707474
					],
					[
						74.13758957004306,
						37.10590041389947
					],
					[
						74.05156651572847,
						37.08264007048745
					],
					[
						74.10262653981857,
						37.019210364176914
					],
					[
						74.23971189185171,
						37.002300074037485
					],
					[
						74.42250017820598,
						37.02344893317946
					],
					[
						74.51119889012334,
						37.01499375248386
					],
					[
						74.615692032171,
						37.046315824379136
					],
					[
						74.69735963048555,
						37.09178811917232
					],
					[
						74.73060421535139,
						37.02576336795666
					],
					[
						74.83936401935732,
						37.013925349020546
					],
					[
						74.87581474875505,
						36.94529066886219
					],
					[
						75.02026272239421,
						37.01056464432586
					],
					[
						75.11564812071526,
						37.005954664855466
					],
					[
						75.14144268247928,
						37.02581952213911
					],
					[
						75.18202438150676,
						36.97179313556282
					],
					[
						75.23334427431176,
						36.95806853302256
					],
					[
						75.29507963569914,
						36.97086878385585
					],
					[
						75.37370723579842,
						36.949152345502114
					],
					[
						75.42955260033358,
						36.83327589550271
					],
					[
						75.41796473445439,
						36.774186127874366
					],
					[
						75.45678348585497,
						36.71801284921013
					],
					[
						75.53170602868454,
						36.72785339518996
					],
					[
						75.53608493207123,
						36.76909686991341
					],
					[
						75.6251707117935,
						36.76662697173001
					],
					[
						75.73052642030085,
						36.74419034646337
					],
					[
						75.78526875407572,
						36.714710106311664
					],
					[
						75.93806023858,
						36.600735928972966
					],
					[
						75.92569221141007,
						36.56835892581039
					],
					[
						75.94817974485801,
						36.52987051010118
					],
					[
						76.01101576528255,
						36.468861031541564
					],
					[
						76.03037037104723,
						36.400597056659315
					],
					[
						75.98224842670082,
						36.34194166306386
					],
					[
						76.05917496554574,
						36.22281675165784
					],
					[
						76.00780978148026,
						36.227740460181515
					],
					[
						76.00510059576911,
						36.16311899686827
					],
					[
						75.97031156905234,
						36.159822732642986
					],
					[
						75.94311126661812,
						36.11585852530635
					],
					[
						75.9490042101111,
						36.05733858584513
					],
					[
						76.01715587107797,
						36.01488859038085
					],
					[
						76.08467330690696,
						36.0237522737252
					],
					[
						76.16108313362292,
						35.91807136473565
					],
					[
						76.14297796964509,
						35.840120752764
					],
					[
						76.16078984851468,
						35.822866484076236
					],
					[
						76.29311250063607,
						35.842124963444036
					],
					[
						76.36148105095253,
						35.82474238516351
					],
					[
						76.47785567194826,
						35.88971023400779
					],
					[
						76.52174013291933,
						35.88744949761665
					],
					[
						76.54490684740612,
						35.91995970946349
					],
					[
						76.5919408133825,
						35.89561102920746
					],
					[
						76.5623513912898,
						35.82012166243794
					],
					[
						76.59061523544717,
						35.770899303195016
					],
					[
						76.68909642700514,
						35.748326410657114
					],
					[
						76.75657098280017,
						35.66100168813056
					],
					[
						76.8486441843886,
						35.669576974843494
					],
					[
						76.9138832986731,
						35.60934645765859
					],
					[
						76.97535742189001,
						35.59585881682838
					],
					[
						77.00488656355073,
						35.61143237475122
					],
					[
						77.06045340045699,
						35.597955524757246
					],
					[
						77.08907011650776,
						35.57016127416687
					],
					[
						77.18141136209566,
						35.52245218881453
					],
					[
						77.30394954141371,
						35.54479571012964
					],
					[
						77.37689514004113,
						35.47678628805394
					],
					[
						77.44788329507139,
						35.461193789430645
					],
					[
						77.49296534608672,
						35.48113181615018
					],
					[
						77.57357099539263,
						35.48081308576699
					],
					[
						77.58268135937068,
						35.464481764347845
					],
					[
						77.68403538793004,
						35.449901077960575
					],
					[
						77.72435348111308,
						35.45875648399845
					],
					[
						77.75393675278028,
						35.49804160602543
					],
					[
						77.81363169416362,
						35.51661779627094
					],
					[
						77.90136667696085,
						35.462633318109795
					],
					[
						77.9307724807173,
						35.48856690833141
					],
					[
						78.03973431823536,
						35.487634626087804
					],
					[
						78.1066167758396,
						35.503078744611685
					],
					[
						78.1035364947655,
						35.43786468487586
					],
					[
						78.00983397260659,
						35.36665108844437
					],
					[
						78.01015236836233,
						35.226273667402154
					],
					[
						78.05496821717706,
						35.17996243904317
					],
					[
						78.05333866255971,
						35.11846446282127
					],
					[
						78.1253020605306,
						35.107548128693324
					],
					[
						78.14251655338047,
						35.076209641778604
					],
					[
						78.13337856267665,
						35.02086767990632
					],
					[
						78.19270175135036,
						34.982954198225904
					],
					[
						78.17510879956147,
						34.93018308350461
					],
					[
						78.23328023903989,
						34.885056388702594
					],
					[
						78.22787825132919,
						34.777805978300975
					],
					[
						78.20617127029278,
						34.724336690336386
					],
					[
						78.24644146996326,
						34.71725769575569
					],
					[
						78.2732335424349,
						34.68454651654562
					],
					[
						78.27285619407164,
						34.62955984453489
					],
					[
						78.33299761306415,
						34.607741032027015
					],
					[
						78.4243903739838,
						34.595490430865674
					],
					[
						78.42746388286466,
						34.55496234777662
					],
					[
						78.49725293527969,
						34.580985176273565
					],
					[
						78.5394461904032,
						34.5764502849622
					],
					[
						78.60669065469956,
						34.53765616113151
					],
					[
						78.6902835405338,
						34.530761372391666
					],
					[
						78.75559667951377,
						34.48327995780404
					],
					[
						78.74848229595284,
						34.449785867377244
					],
					[
						78.8064412422781,
						34.43475712134925
					],
					[
						78.87791999179657,
						34.39559312339985
					],
					[
						78.88933489153736,
						34.35941751868627
					],
					[
						78.96372423430181,
						34.38656928100557
					],
					[
						78.97904460534343,
						34.320246048756864
					],
					[
						78.96282424812586,
						34.24122961000341
					],
					[
						78.92526062990329,
						34.15509833474664
					],
					[
						78.86868292001185,
						34.16587693120372
					],
					[
						78.83089118989804,
						34.12729278298246
					],
					[
						78.79941328070393,
						34.13984715248881
					],
					[
						78.74831283828598,
						34.09476536274264
					],
					[
						78.68018764105584,
						34.083440893654405
					],
					[
						78.65458268042066,
						34.049836138610644
					],
					[
						78.7442171327133,
						33.99497853592222
					],
					[
						78.73157685770038,
						33.92668126847064
					],
					[
						78.75656843553837,
						33.91493976922109
					],
					[
						78.75893624897425,
						33.78791840148732
					],
					[
						78.77636418451472,
						33.735282562841476
					],
					[
						78.69783545925779,
						33.68429145104782
					],
					[
						78.702908334533,
						33.63030012997687
					],
					[
						78.75906605816469,
						33.624190941654966
					],
					[
						78.735612645823,
						33.56449647238179
					],
					[
						78.81756154439859,
						33.48412920095584
					],
					[
						78.84279628091173,
						33.424333491608515
					],
					[
						78.8995566035242,
						33.411990184714845
					],
					[
						78.95004337285016,
						33.37698404846617
					],
					[
						78.95994745793145,
						33.34394453732631
					],
					[
						79.01512089955513,
						33.3261810201052
					],
					[
						79.03563883556983,
						33.27553244537753
					],
					[
						79.0781508682777,
						33.24994828853618
					],
					[
						79.09528958488984,
						33.21474900349872
					],
					[
						79.16335797180095,
						33.17644742816477
					],
					[
						79.14381960273018,
						33.0947457198627
					],
					[
						79.16008653284678,
						33.01210625081288
					],
					[
						79.25199328506773,
						32.941928823993955
					],
					[
						79.22712188095767,
						32.888471632474385
					],
					[
						79.22367737155606,
						32.803241424880476
					],
					[
						79.26965423913373,
						32.78238360742303
					],
					[
						79.29800992246112,
						32.72498726598618
					],
					[
						79.27281896015793,
						32.6841683508771
					],
					[
						79.30649216715463,
						32.601067608484236
					],
					[
						79.25509396247321,
						32.516839612422125
					],
					[
						79.13118567449061,
						32.4730866361479
					],
					[
						79.10810530703223,
						32.374736191878476
					],
					[
						79.0022376801158,
						32.37738683459117
					],
					[
						78.96713973678669,
						32.33412918686665
					],
					[
						78.89985663270565,
						32.39117681182718
					],
					[
						78.84044720938537,
						32.411380770689604
					],
					[
						78.77884185789017,
						32.488224202661
					],
					[
						78.75984214432482,
						32.554871245394565
					],
					[
						78.77831870770247,
						32.608672558840425
					],
					[
						78.71485895818684,
						32.685858005807376
					],
					[
						78.62428819771812,
						32.63064643931922
					],
					[
						78.57994255576747,
						32.6366416277774
					],
					[
						78.48362320327062,
						32.576618400712306
					],
					[
						78.41156552704665,
						32.55818242694417
					],
					[
						78.3951256771479,
						32.52433257849431
					],
					[
						78.44929307283277,
						32.475058653012525
					],
					[
						78.47419256871638,
						32.40544370710266
					],
					[
						78.45372420996478,
						32.38609011595337
					],
					[
						78.5069285950005,
						32.315354537429386
					],
					[
						78.48623664976681,
						32.24793845523329
					],
					[
						78.44940655718966,
						32.22326185263588
					],
					[
						78.44596237698421,
						32.15454153981527
					],
					[
						78.50297717995723,
						32.150032286162336
					],
					[
						78.51951381257496,
						32.119258176614196
					],
					[
						78.58831018090876,
						32.06780006754461
					],
					[
						78.59205619774411,
						32.03368423345867
					],
					[
						78.68876808699159,
						31.990030750017755
					],
					[
						78.76272338620892,
						31.94189498512812
					],
					[
						78.73640097578084,
						31.887725140351684
					],
					[
						78.66936643068337,
						31.86464611549041
					],
					[
						78.6478444715374,
						31.82202676483327
					],
					[
						78.71125209455703,
						31.76585235522858
					],
					[
						78.74856800914374,
						31.684026891709667
					],
					[
						78.79344076776096,
						31.679329035795757
					],
					[
						78.79911743787315,
						31.644781342773687
					],
					[
						78.84654597200851,
						31.60693267412031
					],
					[
						78.71986231327816,
						31.513372465430958
					],
					[
						78.78948231160685,
						31.441911076807255
					],
					[
						78.74758364941766,
						31.371401828578083
					],
					[
						78.78822011852472,
						31.304385085090953
					],
					[
						78.84996512501498,
						31.289729961759836
					],
					[
						78.91585343619118,
						31.246191221513527
					],
					[
						78.95846632111383,
						31.187489844737748
					],
					[
						78.99260868134144,
						31.167748089703032
					],
					[
						78.97290370133322,
						31.11230856036342
					],
					[
						78.99824607462912,
						31.046878129552354
					],
					[
						79.10075708774401,
						30.998397207284736
					],
					[
						79.17875656754327,
						31.0162446631718
					],
					[
						79.23540237051445,
						30.95271091333502
					],
					[
						79.3253749773784,
						30.963426651721633
					],
					[
						79.32476470354959,
						31.024242109735845
					],
					[
						79.40332069652554,
						31.068823957436265
					],
					[
						79.42281059297362,
						31.027283890705494
					],
					[
						79.50434920985361,
						31.02850674105589
					],
					[
						79.55498056606682,
						30.95275434145938
					],
					[
						79.60988558311199,
						30.939067554760385
					],
					[
						79.693354181096,
						30.96789395716695
					],
					[
						79.75394480608276,
						30.93691296306994
					],
					[
						79.82192121270866,
						30.85317815657971
					],
					[
						79.87384210460785,
						30.857912508130653
					],
					[
						79.95065504041092,
						30.776817134236943
					],
					[
						79.96060422030233,
						30.690475808458352
					],
					[
						80.01006797607342,
						30.66228736284239
					],
					[
						80.04099560624425,
						30.59654037662915
					],
					[
						80.1313981673179,
						30.556228416231473
					],
					[
						80.21111084573089,
						30.58429525040569
					],
					[
						80.25063825931132,
						30.566397524973713
					],
					[
						80.31083060706734,
						30.563994901374596
					],
					[
						80.3495255190784,
						30.52195367915219
					],
					[
						80.40433763028524,
						30.521251826851074
					],
					[
						80.50258415713499,
						30.480712921686823
					],
					[
						80.53145814296305,
						30.45463657842676
					],
					[
						80.60486615382771,
						30.466071540126794
					],
					[
						80.68457665373269,
						30.417354689271765
					],
					[
						80.7180293247069,
						30.410545803221645
					],
					[
						80.80917017699976,
						30.320261669651398
					],
					[
						80.90848238348894,
						30.295780821908526
					],
					[
						80.9302067599399,
						30.26391610188375
					],
					[
						81.02913047578782,
						30.247200277571388
					],
					[
						81.05547031528654,
						30.168583034238953
					],
					[
						81.0782558172364,
						30.15172757016418
					],
					[
						81.08237527986543,
						30.096547917208582
					],
					[
						81.10529066185856,
						30.03459681737831
					],
					[
						81.15431714722992,
						30.009652141985622
					],
					[
						81.241099338811,
						30.030983352890452
					],
					[
						81.27851100697633,
						30.066469066038202
					],
					[
						81.28840857216464,
						30.101913866539896
					],
					[
						81.263112984784,
						30.15583477683817
					],
					[
						81.33331434432733,
						30.157199047435377
					],
					[
						81.39456440186284,
						30.20942265749511
					],
					[
						81.41342733047915,
						30.2710750402277
					],
					[
						81.39538113425264,
						30.36823075367966
					],
					[
						81.44165293574676,
						30.411779708516974
					],
					[
						81.4863211113291,
						30.381855651199576
					],
					[
						81.5469605217175,
						30.372239306876555
					],
					[
						81.56501425583203,
						30.429063532561592
					],
					[
						81.61537520262029,
						30.4429741364869
					],
					[
						81.68778087768591,
						30.426490963892906
					],
					[
						81.74037670845354,
						30.392632015216186
					],
					[
						81.84141077617234,
						30.37555055425893
					],
					[
						82.00682937954826,
						30.322185298169423
					],
					[
						82.09748450206385,
						30.350305888294223
					],
					[
						82.12070417124004,
						30.315272102209107
					],
					[
						82.09898033857877,
						30.239689772520016
					],
					[
						82.15376575158302,
						30.190753645126318
					],
					[
						82.18399731277135,
						30.186024350863534
					],
					[
						82.1795705191452,
						30.064597007744627
					],
					[
						82.26748677392119,
						30.06482420344559
					],
					[
						82.39537820434875,
						30.020521876708603
					],
					[
						82.48586508574164,
						29.95174937658108
					],
					[
						82.55936702345845,
						29.95199908474102
					],
					[
						82.6092602501422,
						29.88198860404266
					],
					[
						82.68687433800463,
						29.851410092940746
					],
					[
						82.7364254039622,
						29.808664833272566
					],
					[
						82.77027981391848,
						29.729417918040138
					],
					[
						82.81560337456138,
						29.719477835505998
					],
					[
						82.86400918322464,
						29.684486605766704
					],
					[
						82.91631331837063,
						29.705703901838852
					],
					[
						82.95463203125512,
						29.66657440643905
					],
					[
						83.01086641653384,
						29.66209355337402
					],
					[
						83.08422933118152,
						29.60162561066011
					],
					[
						83.12782836759607,
						29.62210265293191
					],
					[
						83.17373857960345,
						29.59159735252879
					],
					[
						83.20385430685289,
						29.602931035252723
					],
					[
						83.26160649006638,
						29.575549976154367
					],
					[
						83.28182631841857,
						29.501533848504476
					],
					[
						83.34202760496485,
						29.492693957507417
					],
					[
						83.34829917512795,
						29.456619829708796
					],
					[
						83.42482080533539,
						29.396230886484233
					],
					[
						83.46080397934395,
						29.282827815824227
					],
					[
						83.49223262695642,
						29.274344356882803
					],
					[
						83.54239989563729,
						29.199837818702417
					],
					[
						83.63462445604999,
						29.163765302776216
					],
					[
						83.708459217809,
						29.238654098548007
					],
					[
						83.79154267698127,
						29.2477686121757
					],
					[
						83.81530943940707,
						29.298043317904696
					],
					[
						83.91523995475211,
						29.32458915217556
					],
					[
						83.96601670608257,
						29.328645008172252
					],
					[
						84.02304290308993,
						29.290498719517764
					],
					[
						84.08993468593141,
						29.29894982854343
					],
					[
						84.13608801031002,
						29.239357235510795
					],
					[
						84.19708227284647,
						29.21983407827068
					],
					[
						84.16135084736244,
						29.18333833624637
					],
					[
						84.18655274733806,
						29.081646202430733
					],
					[
						84.246218913495,
						29.03377588580485
					],
					[
						84.22125440962297,
						28.929255966280355
					],
					[
						84.22599279957691,
						28.897023877140537
					],
					[
						84.27261896507359,
						28.894310594374932
					],
					[
						84.32068724546217,
						28.86316418400904
					],
					[
						84.4023576178762,
						28.85897840506004
					],
					[
						84.42848237837538,
						28.825880639057498
					],
					[
						84.43712704818523,
						28.774921527885837
					],
					[
						84.49182562382416,
						28.73676216440748
					],
					[
						84.55336045855381,
						28.747381114217923
					],
					[
						84.6378616982801,
						28.726548231840084
					],
					[
						84.69375018123074,
						28.675992798400657
					],
					[
						84.70904119351985,
						28.633885831660358
					],
					[
						84.77634320555056,
						28.61378367871405
					],
					[
						84.8490714971024,
						28.575408508910087
					],
					[
						84.98342124501458,
						28.486523935300514
					],
					[
						85.11149949568572,
						28.354216081306145
					],
					[
						85.1439412701834,
						28.32930239969943
					],
					[
						85.20238528100936,
						28.337487157322105
					],
					[
						85.26947483978508,
						28.2860377970695
					],
					[
						85.34548258788898,
						28.302758765279155
					],
					[
						85.3908258413512,
						28.29153826028979
					],
					[
						85.41591996147402,
						28.329467677272373
					],
					[
						85.49389566939273,
						28.338973595780132
					],
					[
						85.55903180176955,
						28.30686921912483
					],
					[
						85.64269969215847,
						28.28482306307094
					],
					[
						85.6805041719265,
						28.379576752265447
					],
					[
						85.70543828287174,
						28.38108201829106
					],
					[
						85.73440070917758,
						28.3188801360684
					],
					[
						85.75558886965446,
						28.22351807755378
					],
					[
						85.84284274639732,
						28.180210853693744
					],
					[
						85.89353418444658,
						28.0646230464795
					],
					[
						85.9746387335423,
						27.99202266392672
					],
					[
						85.94550066754584,
						27.944482244062453
					],
					[
						85.9877774792718,
						27.914870589056388
					],
					[
						86.04643487210339,
						27.904159141146813
					],
					[
						86.1260119456136,
						27.92949197507905
					],
					[
						86.07828082489605,
						28.02321875825452
					],
					[
						86.07680760721631,
						28.087047908960475
					],
					[
						86.11927426687265,
						28.094010328626045
					],
					[
						86.1399590040296,
						28.124373598955405
					],
					[
						86.19409902725066,
						28.155990176353477
					],
					[
						86.20399456347995,
						28.087990098485562
					],
					[
						86.23465100214253,
						27.97538410305562
					],
					[
						86.2886230167915,
						27.979647602564988
					],
					[
						86.30553870665739,
						27.95437069422743
					],
					[
						86.36909406335472,
						27.94349723220116
					],
					[
						86.41279672583022,
						27.907979532244752
					],
					[
						86.45344715515604,
						27.915294899055958
					],
					[
						86.51070005722451,
						27.960970484397457
					],
					[
						86.51145599479335,
						27.99998357629711
					],
					[
						86.56700668455048,
						28.106896264495926
					],
					[
						86.64199829924064,
						28.073054792215192
					],
					[
						86.6772474164535,
						28.101967129114453
					],
					[
						86.73772041582194,
						28.096935585458986
					],
					[
						86.7547040934769,
						28.0343615892879
					],
					[
						86.82555240010358,
						28.016128088816096
					],
					[
						86.85873442928977,
						28.02460435183964
					],
					[
						86.97190405689238,
						27.954088041872474
					],
					[
						87.04110514020755,
						27.948336521078847
					],
					[
						87.10853625999786,
						27.875197859574378
					],
					[
						87.11879762843068,
						27.83944186795794
					],
					[
						87.22626072316629,
						27.81665155632035
					],
					[
						87.27871411285697,
						27.848764954446313
					],
					[
						87.35889432560728,
						27.828774437670678
					],
					[
						87.42241794580943,
						27.864048890892406
					],
					[
						87.45511087372554,
						27.82360803028888
					],
					[
						87.49408283855641,
						27.846946303077413
					],
					[
						87.57943497721296,
						27.86133783237914
					],
					[
						87.61395091702101,
						27.81435196602694
					],
					[
						87.72524362974936,
						27.809107593725916
					],
					[
						87.78879798444123,
						27.9004590679746
					],
					[
						87.86232466489291,
						27.91576748178519
					],
					[
						87.92143800933178,
						27.91401278842687
					],
					[
						87.98210839756112,
						27.88887806760977
					],
					[
						88.03835360609052,
						27.90284636719663
					],
					[
						88.10284603761113,
						27.868555643315478
					],
					[
						88.13967378905315,
						27.886015841943905
					],
					[
						88.12002032761747,
						27.920256787591622
					],
					[
						88.15142393193578,
						27.9607139851396
					],
					[
						88.25257604339261,
						27.93807943130698
					],
					[
						88.29015176091058,
						27.967678635145262
					],
					[
						88.37289436612552,
						27.990458027405094
					],
					[
						88.40357997275332,
						27.981020150875796
					],
					[
						88.50019272857745,
						28.048880630629593
					],
					[
						88.54461957328694,
						28.03224879704936
					],
					[
						88.55729175319456,
						28.079977896137123
					],
					[
						88.59383041712097,
						28.08371104697454
					],
					[
						88.63323709367037,
						28.116674235227865
					],
					[
						88.67072080685766,
						28.07459034166151
					],
					[
						88.75354725578566,
						28.0736676585151
					],
					[
						88.83356467541431,
						28.01734790658751
					],
					[
						88.85507312922344,
						27.928255907531035
					],
					[
						88.87935057025638,
						27.892271965610245
					],
					[
						88.87765660898847,
						27.832267907407715
					],
					[
						88.85859831065981,
						27.817790824075576
					],
					[
						88.86094044417462,
						27.73647676204682
					],
					[
						88.84640628186942,
						27.671819650860428
					],
					[
						88.80686967131605,
						27.63294246518578
					],
					[
						88.80722071161357,
						27.60599944268598
					],
					[
						88.76850110398765,
						27.571405260466598
					],
					[
						88.78942150530668,
						27.535295310509042
					],
					[
						88.77857941202427,
						27.469413209042113
					],
					[
						88.80583294925025,
						27.411493265569707
					],
					[
						88.85610380938299,
						27.390626444228722
					],
					[
						88.8858203615289,
						27.341890517546343
					],
					[
						88.91723088690861,
						27.328224626576706
					],
					[
						88.90770980274326,
						27.2794135490948
					],
					[
						88.94422440986237,
						27.262193674446557
					],
					[
						88.97115689400064,
						27.220409742210514
					],
					[
						89.05714920026404,
						27.23814307617513
					],
					[
						89.06906631587259,
						27.286906157983648
					],
					[
						89.14792545812516,
						27.319951464872066
					],
					[
						89.17493378259694,
						27.379292603977046
					],
					[
						89.09417545077284,
						27.479323398868736
					],
					[
						89.10217850217862,
						27.537171472287838
					],
					[
						89.15938431806899,
						27.574769699144657
					],
					[
						89.12338073079783,
						27.615996607409535
					],
					[
						89.1366248913457,
						27.650405679570863
					],
					[
						89.18159352785803,
						27.682169856203455
					],
					[
						89.23448118441847,
						27.798292118318322
					],
					[
						89.29360998740118,
						27.8519323475757
					],
					[
						89.3645719723836,
						27.87415158493826
					],
					[
						89.44099594501559,
						27.969652882245214
					],
					[
						89.45749911786066,
						28.031616973314197
					],
					[
						89.50844875809747,
						28.091534161081245
					],
					[
						89.52870503239937,
						28.087010215645105
					],
					[
						89.60187193447763,
						28.1675824720455
					],
					[
						89.67705288741573,
						28.185898686135776
					],
					[
						89.71159132974003,
						28.176411771297293
					],
					[
						89.77016304217783,
						28.197821935961827
					],
					[
						89.79610332414103,
						28.251493033926476
					],
					[
						89.85968010506177,
						28.22998417966501
					],
					[
						89.89315752756518,
						28.19061423914047
					],
					[
						89.97632749174969,
						28.193792440808878
					],
					[
						90.04730432893457,
						28.13911857721056
					],
					[
						90.10479196104653,
						28.144272711461685
					],
					[
						90.12292013171074,
						28.188686775282466
					],
					[
						90.17296967162552,
						28.18884388622971
					],
					[
						90.2151751427295,
						28.149812958686955
					],
					[
						90.28912790741114,
						28.157000120104428
					],
					[
						90.3622026789296,
						28.102696246420294
					],
					[
						90.37359381233946,
						28.068688254057342
					],
					[
						90.47857484783157,
						28.050366457233395
					],
					[
						90.51362517326008,
						28.0651795324257
					],
					[
						90.59067491362703,
						28.0272036641066
					],
					[
						90.6996318688484,
						28.081269887797376
					],
					[
						90.8019657866493,
						28.027780048362168
					],
					[
						90.8418671514686,
						27.975748097806807
					],
					[
						90.89534960985286,
						27.950033179611435
					],
					[
						90.9637021642947,
						27.9538322950376
					],
					[
						90.96363318894561,
						27.904152277288702
					],
					[
						91.02082366583427,
						27.860239355611796
					],
					[
						91.11024936208031,
						27.85065149499976
					],
					[
						91.14874663294644,
						27.891563568211343
					],
					[
						91.16176269320081,
						27.9707336138728
					],
					[
						91.21974711420559,
						27.989738706857622
					],
					[
						91.25034034432014,
						27.97391374690218
					],
					[
						91.31108674458547,
						28.056541859852594
					],
					[
						91.34290096515838,
						28.06648490761456
					],
					[
						91.44100066548411,
						28.00738002502306
					],
					[
						91.48736499199539,
						27.968880076238943
					],
					[
						91.48850901124712,
						27.940492069812425
					],
					[
						91.6101838202827,
						27.891702215097478
					],
					[
						91.54092340427457,
						27.823949107132364
					],
					[
						91.61199186022762,
						27.82220219906335
					],
					[
						91.64276107515138,
						27.770486224810636
					],
					[
						91.62136897164744,
						27.69973517896631
					],
					[
						91.567512651679,
						27.651994095855287
					],
					[
						91.56352265705937,
						27.58534507269581
					],
					[
						91.5837858056067,
						27.544009088704826
					],
					[
						91.6261220866042,
						27.512675136404365
					],
					[
						91.74181481460269,
						27.464324272650302
					],
					[
						91.81555323699678,
						27.489581369831587
					],
					[
						91.95492803482334,
						27.46655452922373
					],
					[
						92.00670831275278,
						27.476909590318066
					],
					[
						92.0423225236295,
						27.428443619677335
					],
					[
						92.12474401784324,
						27.276589678636757
					],
					[
						92.08162979971549,
						27.265422628967315
					],
					[
						92.03509859510731,
						27.17616055787821
					],
					[
						92.02429458142387,
						27.082557525604347
					],
					[
						92.07068984296025,
						27.043782570594608
					],
					[
						92.12251615225594,
						26.952287610326554
					],
					[
						92.10580811444848,
						26.854981571771784
					],
					[
						92.34106123756418,
						26.90335783529349
					],
					[
						92.4282276345652,
						26.908696923972204
					],
					[
						92.57032624091363,
						26.95008806686622
					],
					[
						92.66461063575355,
						26.95125215259877
					],
					[
						92.78485013883629,
						26.897303248828972
					],
					[
						92.88296451025174,
						26.913408332493773
					],
					[
						92.93714871351095,
						26.910305375500005
					],
					[
						93.08925626968131,
						26.875303487649692
					],
					[
						93.17841357030696,
						26.88576955388274
					],
					[
						93.25497481606996,
						26.908266610228925
					],
					[
						93.57546378520271,
						26.939070818880168
					],
					[
						93.63995496154506,
						26.961235858814067
					],
					[
						93.71975116936713,
						27.006626908189364
					],
					[
						93.8378544732174,
						27.03984197476734
					],
					[
						93.84810849168105,
						27.075518983210316
					],
					[
						93.84994747522208,
						27.17350699266126
					],
					[
						93.95733072248993,
						27.290166056173923
					],
					[
						94.18158221745065,
						27.49232417431088
					],
					[
						94.20994827568032,
						27.52761918897109
					],
					[
						94.29626745710996,
						27.58426922862438
					],
					[
						94.35335058018468,
						27.577884250906543
					],
					[
						94.44186776273197,
						27.58525628543899
					],
					[
						94.48763585224636,
						27.605212303743436
					],
					[
						94.52282292318384,
						27.596469316036114
					],
					[
						94.6841162218068,
						27.65987937583403
					],
					[
						94.8155944491967,
						27.726277421810426
					],
					[
						94.89197257769081,
						27.746747446166772
					],
					[
						95.00174375048147,
						27.822871481790497
					],
					[
						95.05983384087696,
						27.842076498809895
					],
					[
						95.27390015351723,
						27.93255755806877
					],
					[
						95.31239820447375,
						27.977086569172695
					],
					[
						95.38293929082973,
						28.127597591567486
					],
					[
						95.47989441702536,
						28.18093461500378
					],
					[
						95.61365258448055,
						28.226109644359344
					],
					[
						95.74046073373502,
						28.279189670632878
					],
					[
						95.81110181394132,
						28.29740268414478
					],
					[
						95.87909489001258,
						28.291388695977766
					],
					[
						95.90694992306837,
						28.240714699305666
					],
					[
						95.99993702414741,
						28.189681713525005
					],
					[
						96.12711115120624,
						28.203076734162394
					],
					[
						96.20474822408042,
						28.234157746654482
					],
					[
						96.26829328279322,
						28.238431755982223
					],
					[
						96.28623830269602,
						28.16024975670947
					],
					[
						96.38112438832431,
						28.12091776903238
					],
					[
						96.4299224279636,
						28.166572776563324
					],
					[
						96.4859144768201,
						28.11485678277786
					],
					[
						96.51320450091673,
						28.07205578539792
					],
					[
						96.61324958144641,
						28.03677879714256
					],
					[
						96.629003595079,
						28.00000979834914
					],
					[
						96.68340163798945,
						27.954390803983518
					],
					[
						96.72868167125247,
						27.955054809260186
					],
					[
						96.78895471533771,
						27.932603815686587
					],
					[
						96.81539773533456,
						27.895905817993157
					],
					[
						96.8703447738499,
						27.875762823631348
					],
					[
						96.91523580356565,
						27.88483982852784
					],
					[
						96.96872583939677,
						27.86185983368428
					],
					[
						96.9997848611261,
						27.811982836067227
					],
					[
						97.04380688834155,
						27.822827840594837
					],
					[
						97.05774589984384,
						27.744512840821606
					],
					[
						97.15762995740984,
						27.811707851250755
					],
					[
						97.2398060021311,
						27.88792985963464
					],
					[
						97.29434103171509,
						27.912358864633173
					],
					[
						97.326804050315,
						27.882380866985763
					],
					[
						97.37033007371498,
						27.87706187050273
					],
					[
						97.37985107570958,
						27.97999387249618
					],
					[
						97.40902609014942,
						28.009303875155776
					],
					[
						97.37445707043194,
						28.06576487308696
					],
					[
						97.32358404340496,
						28.05616186885622
					],
					[
						97.31150003575476,
						28.093234868322032
					],
					[
						97.34419205277902,
						28.119191871305446
					],
					[
						97.35894705864773,
						28.195130873408022
					],
					[
						97.34466504983813,
						28.237697872789184
					],
					[
						97.40447908139421,
						28.248713877607113
					],
					[
						97.41128408379814,
						28.29509187867337
					],
					[
						97.4547491067679,
						28.275420881727463
					],
					[
						97.47126711428899,
						28.312715883375475
					],
					[
						97.50965813297157,
						28.339587886469914
					],
					[
						97.48541211968939,
						28.38851388526191
					],
					[
						97.52075913615246,
						28.444282888412044
					],
					[
						97.51451813189645,
						28.497735888558193
					],
					[
						97.5692511578566,
						28.54516989286781
					],
					[
						97.59937917292173,
						28.517882894618012
					],
					[
						97.66061320134557,
						28.537921898859807
					],
					[
						97.7363882372766,
						28.458753902902956
					],
					[
						97.74942724465537,
						28.376773902939387
					],
					[
						97.79952126760924,
						28.318250905490277
					],
					[
						97.84293328618237,
						28.310279908037362
					],
					[
						97.86149529336657,
						28.339700909395734
					],
					[
						97.90241231005193,
						28.347405911838663
					],
					[
						97.95001133051727,
						28.274823913931193
					],
					[
						98.0077893531047,
						28.272778917107587
					],
					[
						98.02964736295355,
						28.190598917643598
					],
					[
						98.07434037941616,
						28.20641492014919
					],
					[
						98.14115140484643,
						28.142989923133676
					],
					[
						98.16055241246134,
						28.102059923821557
					],
					[
						98.14239440717449,
						28.039006922442788
					],
					[
						98.13970140773954,
						27.958102921717845
					],
					[
						98.1884534251534,
						27.941316924089914
					],
					[
						98.2041924313362,
						27.900750924598526
					],
					[
						98.17529242257646,
						27.83774192269229
					],
					[
						98.22717944083395,
						27.8126179251424
					],
					[
						98.22528044206615,
						27.71695892439625
					],
					[
						98.29729446754004,
						27.630651927387067
					],
					[
						98.31633747564602,
						27.530595927669832
					],
					[
						98.37610549475683,
						27.51196493040305
					],
					[
						98.42984751018247,
						27.560311933166314
					],
					[
						98.43681251075533,
						27.642747933964745
					],
					[
						98.52953253818552,
						27.62433193788975
					],
					[
						98.56822154885994,
						27.638164939581163
					],
					[
						98.58769955538875,
						27.571382940025977
					],
					[
						98.64161656998493,
						27.57373394221317
					],
					[
						98.66997457719567,
						27.593268943426256
					],
					[
						98.70483358677568,
						27.562753944619523
					],
					[
						98.68968158404383,
						27.489047943674773
					],
					[
						98.70399458968713,
						27.372075943658643
					],
					[
						98.73520659803778,
						27.347165944741782
					],
					[
						98.73876159961843,
						27.306296944683897
					],
					[
						98.69868459107883,
						27.21351394268068
					],
					[
						98.71395059739687,
						27.078263942633445
					],
					[
						98.76637261110072,
						27.039922944500077
					],
					[
						98.74362960595792,
						27.015340943504047
					],
					[
						98.73764760543486,
						26.96367494302759
					],
					[
						98.75434861069988,
						26.901896943396824
					],
					[
						98.73641960707673,
						26.86101294249899
					],
					[
						98.75977261410313,
						26.79257394310717
					],
					[
						98.74443061184466,
						26.71746994215213
					],
					[
						98.78166962274825,
						26.619660943186968
					],
					[
						98.75498961759227,
						26.559443941851438
					],
					[
						98.74941261910467,
						26.423232941005324
					],
					[
						98.73143761630179,
						26.353213939945004
					],
					[
						98.6854096061942,
						26.30376393777175
					],
					[
						98.6752616050812,
						26.243344937047805
					],
					[
						98.72911061918342,
						26.199033939142012
					],
					[
						98.71343961711992,
						26.125581938140915
					],
					[
						98.66751860683306,
						26.088971935977007
					],
					[
						98.65752360313667,
						26.139960935778678
					],
					[
						98.62445759462393,
						26.149789934351098
					],
					[
						98.58318258483463,
						26.119744932316667
					],
					[
						98.61980359794373,
						25.9701649332626
					],
					[
						98.68491361478341,
						25.93703993603087
					],
					[
						98.71174562272937,
						25.874892936921434
					],
					[
						98.68154061689987,
						25.82020393533944
					],
					[
						98.6396026072343,
						25.800567933352585
					],
					[
						98.56565058754481,
						25.84394993010579
					],
					[
						98.53432457950333,
						25.842093928585626
					],
					[
						98.47845456652593,
						25.779313925484548
					],
					[
						98.45378056273006,
						25.68314192370845
					],
					[
						98.41264255223975,
						25.659673921424762
					],
					[
						98.40469355185243,
						25.601722920680537
					],
					[
						98.31769552912162,
						25.547580915578077
					],
					[
						98.27291051457823,
						25.591844913273036
					],
					[
						98.168921481962,
						25.62004290723081
					],
					[
						98.18921648999518,
						25.571881908165746
					],
					[
						98.16319248352747,
						25.52742590627536
					],
					[
						98.13110347396193,
						25.513122904164945
					],
					[
						98.15858448476295,
						25.45510890551911
					],
					[
						98.14280648242665,
						25.38652590407736
					],
					[
						98.10092846942942,
						25.380559901340973
					],
					[
						98.09770146967858,
						25.34795790091174
					],
					[
						98.0639034603948,
						25.30827689840479
					],
					[
						98.0147094444945,
						25.30228989501927
					],
					[
						98.00383744210964,
						25.272819894057697
					],
					[
						97.93211342045838,
						25.210860888502744
					],
					[
						97.88285040156471,
						25.24761788514408
					],
					[
						97.83506738361517,
						25.264153881651964
					],
					[
						97.77313936807975,
						25.112731875567146
					],
					[
						97.74335435836474,
						25.083863872911497
					],
					[
						97.71558335304348,
						24.98319586976833
					],
					[
						97.73799036566655,
						24.903386870975186
					],
					[
						97.78217238315491,
						24.880095874417318
					],
					[
						97.79289138918853,
						24.838288874953715
					],
					[
						97.76201537874681,
						24.823373872312565
					],
					[
						97.71198935948291,
						24.83656686823774
					],
					[
						97.55962330513081,
						24.747376853919622
					],
					[
						97.57402731598535,
						24.662541854488477
					],
					[
						97.56787031973032,
						24.560466852997674
					],
					[
						97.55359531870027,
						24.48572285098057
					],
					[
						97.52911331163897,
						24.443215848253683
					],
					[
						97.59136933661962,
						24.43535985408502
					],
					[
						97.6740333667262,
						24.455798861775204
					],
					[
						97.68585137461534,
						24.395797862326884
					],
					[
						97.71905438836517,
						24.36700186500489
					],
					[
						97.66899837151597,
						24.343593860396957
					],
					[
						97.67040937473513,
						24.298650860153177
					],
					[
						97.73192539728001,
						24.292777865531686
					],
					[
						97.76725741130232,
						24.2648928683478
					],
					[
						97.73129240116405,
						24.22265186492443
					],
					[
						97.76000141381391,
						24.17796686705927
					],
					[
						97.72869840671598,
						24.113919863846967
					],
					[
						97.63371237693333,
						24.0470098547286
					],
					[
						97.62786037691464,
						24.014037853911056
					],
					[
						97.53259934582938,
						23.94763884417746
					],
					[
						97.64533139322735,
						23.859574854285526
					],
					[
						97.70306341288283,
						23.868798859659258
					],
					[
						97.77005743162425,
						23.935208866087077
					],
					[
						97.81921344734494,
						23.94521487035371
					],
					[
						97.90573847118395,
						24.015506877930587
					],
					[
						97.97457849195573,
						24.02588688337191
					],
					[
						98.04687451115622,
						24.073258889081178
					],
					[
						98.17588754673183,
						24.097110898296435
					],
					[
						98.20932755512509,
						24.113149900626166
					],
					[
						98.35758959419802,
						24.101226909960808
					],
					[
						98.45619861708691,
						24.128480915897423
					],
					[
						98.55354263966468,
						24.12563092127703
					],
					[
						98.60309565213412,
						24.084220923722214
					],
					[
						98.7039716726117,
						24.110120928943026
					],
					[
						98.73502267831115,
						24.129819930530893
					],
					[
						98.86041970278866,
						24.133882936348787
					],
					[
						98.90166471124536,
						24.10929893807341
					],
					[
						98.86431070567927,
						24.063626936267305
					],
					[
						98.77615268998859,
						24.02462193207985
					],
					[
						98.75188368644912,
						23.98676493077929
					],
					[
						98.69926467702606,
						23.95291092807661
					],
					[
						98.68406667489276,
						23.9251209272057
					],
					[
						98.69986668119678,
						23.837005927644185
					],
					[
						98.68318967894747,
						23.805612926680716
					],
					[
						98.75095369330892,
						23.77902992993582
					],
					[
						98.79231970119454,
						23.780625931925503
					],
					[
						98.81967170799025,
						23.73088293302925
					],
					[
						98.84643571611556,
						23.633859933925365
					],
					[
						98.88632172421127,
						23.604346935642273
					],
					[
						98.80149071096997,
						23.5433829314958
					],
					[
						98.82546971775223,
						23.472835932381997
					],
					[
						98.86616472452424,
						23.486737934323862
					],
					[
						98.91107873428341,
						23.42675793616015
					],
					[
						98.90653973654537,
						23.33461193565388
					],
					[
						98.93250974154381,
						23.314933936753548
					],
					[
						98.92794774207675,
						23.27564093642448
					],
					[
						98.8843077375582,
						23.19325093417749
					],
					[
						98.96427075159471,
						23.165873937688332
					],
					[
						99.0614087669612,
						23.158095941802863
					],
					[
						99.05216976686562,
						23.115994941298545
					],
					[
						99.10683377579224,
						23.089856943463456
					],
					[
						99.14718578109898,
						23.107562945115387
					],
					[
						99.25456979672646,
						23.08072894911888
					],
					[
						99.27405479874528,
						23.10197294988077
					],
					[
						99.34749580750584,
						23.13237195254583
					],
					[
						99.37526681169803,
						23.105699953432953
					],
					[
						99.43771381985387,
						23.08596995546293
					],
					[
						99.51245082871013,
						23.083436957832532
					],
					[
						99.52857183110336,
						23.059710958281656
					],
					[
						99.51882183162719,
						22.98962795783875
					],
					[
						99.56191983808098,
						22.918080959017207
					],
					[
						99.53397383541915,
						22.900239958128434
					],
					[
						99.45067582501345,
						22.93830895556808
					],
					[
						99.43343382347742,
						22.91853895496201
					],
					[
						99.4490508267402,
						22.860911955351973
					],
					[
						99.39673582147813,
						22.826055953537605
					],
					[
						99.38844282194852,
						22.770043953134067
					],
					[
						99.31107281335207,
						22.741097950359936
					],
					[
						99.34002681776464,
						22.70930695131943
					],
					[
						99.38505582678876,
						22.572175952592925
					],
					[
						99.36119082509263,
						22.53255295167744
					],
					[
						99.37949382825374,
						22.4940759522349
					],
					[
						99.25541681680998,
						22.382365947488157
					],
					[
						99.27711482002108,
						22.361905948257778
					],
					[
						99.23694581705284,
						22.299848946595684
					],
					[
						99.22838581782996,
						22.240546946130223
					],
					[
						99.20647381547651,
						22.230943945253113
					],
					[
						99.16384881267948,
						22.15460394337388
					],
					[
						99.20980781949373,
						22.115409945119932
					],
					[
						99.24451482352092,
						22.11750594647731
					],
					[
						99.34795383587871,
						22.095214950288376
					],
					[
						99.43981184526442,
						22.10985595353449
					],
					[
						99.47925584875709,
						22.130942954896923
					],
					[
						99.5156478531582,
						22.10246495603502
					],
					[
						99.56082185728245,
						22.114238957495292
					],
					[
						99.64060186500004,
						22.10648695992149
					],
					[
						99.68628686985956,
						22.07572196121267
					],
					[
						99.75891887632704,
						22.06943296325446
					],
					[
						99.84072888406115,
						22.024556965386065
					],
					[
						99.87206988570539,
						22.065936966253837
					],
					[
						99.96878089340883,
						22.05287596862957
					],
					[
						99.96561389388374,
						22.01601596850652
					],
					[
						99.99270589641404,
						21.987880969116738
					],
					[
						99.98049189685172,
						21.918887968740762
					],
					[
						99.94570189568708,
						21.84941296781157
					],
					[
						99.94525889634451,
						21.814847967757174
					],
					[
						100.00250190267019,
						21.698611968997948
					],
					[
						100.05097190635539,
						21.676494970104503
					],
					[
						100.08646390819709,
						21.7026179709392
					],
					[
						100.1380079115464,
						21.699693972070826
					],
					[
						100.16813691401856,
						21.665473972680353
					],
					[
						100.11241891174171,
						21.59931797140443
					],
					[
						100.12486991411475,
						21.511224971585904
					],
					[
						100.22336592052469,
						21.477403973646382
					],
					[
						100.30228392482609,
						21.482757975229923
					],
					[
						100.34562692645343,
						21.527114976099337
					],
					[
						100.4314729307412,
						21.538119977678104
					],
					[
						100.47813393418822,
						21.459084978429704
					],
					[
						100.51704393587904,
						21.470748979098783
					],
					[
						100.56986993855341,
						21.453790979953617
					],
					[
						100.62564794071466,
						21.479011980852516
					],
					[
						100.67117294265904,
						21.481276981546973
					],
					[
						100.72495294454288,
						21.51249098235688
					],
					[
						100.75504294526931,
						21.556264982812714
					],
					[
						100.88324694892955,
						21.68769298460831
					],
					[
						100.98673195264016,
						21.703866985885448
					],
					[
						101.08889795560553,
						21.771861987078672
					],
					[
						101.11020695652444,
						21.749658987298115
					],
					[
						101.12815095770155,
						21.683169987457617
					],
					[
						101.1512149585771,
						21.66844598769343
					],
					[
						101.17060795981183,
						21.59590898786136
					],
					[
						101.20852696128742,
						21.558982988230767
					],
					[
						101.20771796170663,
						21.50569898819954
					],
					[
						101.18795796182195,
						21.42218198796289
					],
					[
						101.14585896077058,
						21.397214987513536
					],
					[
						101.20044696306923,
						21.318879988046366
					],
					[
						101.25010696475991,
						21.284558988528985
					],
					[
						101.21978796437645,
						21.22962198820533
					],
					[
						101.29383896680224,
						21.178250988910747
					],
					[
						101.37905096862502,
						21.223929989713277
					],
					[
						101.43804897004259,
						21.22717699022861
					],
					[
						101.54232797226814,
						21.254521991090325
					],
					[
						101.61049597393135,
						21.226596991603067
					],
					[
						101.58863097373043,
						21.185012991426635
					],
					[
						101.6655269752208,
						21.20208399199735
					],
					[
						101.71861297660446,
						21.144984992353436
					],
					[
						101.75636297732149,
						21.144671992608245
					],
					[
						101.79318197767532,
						21.20435499286408
					],
					[
						101.83763897844081,
						21.212302993147418
					],
					[
						101.84168997832701,
						21.248015993180957
					],
					[
						101.73634297599705,
						21.311694992517168
					],
					[
						101.74997697551568,
						21.44682899264373
					],
					[
						101.73838797503333,
						21.491557992578773
					],
					[
						101.75512697487045,
						21.584081992714385
					],
					[
						101.7973169757786,
						21.5744229929838
					],
					[
						101.83192497623997,
						21.617860993211185
					],
					[
						101.77062197473506,
						21.66905799283817
					],
					[
						101.74356797377352,
						21.741868992681972
					],
					[
						101.77828997406596,
						21.826907992930398
					],
					[
						101.73868597309537,
						21.848193992679942
					],
					[
						101.73469497283745,
						21.879805992662746
					],
					[
						101.6705399710511,
						21.93794599224706
					],
					[
						101.61034396940659,
						21.971490991831654
					],
					[
						101.62879996963854,
						22.009824991976675
					],
					[
						101.57105996754125,
						22.118039991592838
					],
					[
						101.59718296814532,
						22.130313991788956
					],
					[
						101.58815796757696,
						22.18758399174274
					],
					[
						101.54743996620412,
						22.23642699145795
					],
					[
						101.57150996659463,
						22.280017991652766
					],
					[
						101.62227596791908,
						22.28255299202055
					],
					[
						101.64454696822742,
						22.330325992192797
					],
					[
						101.6459579678705,
						22.401969992226572
					],
					[
						101.67571996823503,
						22.477303992454804
					],
					[
						101.7650219703088,
						22.508656993044845
					],
					[
						101.82282297191338,
						22.459893993384508
					],
					[
						101.82167097202908,
						22.429831993368875
					],
					[
						101.87766297348706,
						22.38684799368596
					],
					[
						101.90669997387998,
						22.44033999386526
					],
					[
						101.9830779755223,
						22.43243999427837
					],
					[
						102.0281139763168,
						22.460366994518058
					],
					[
						102.12614397827323,
						22.439666994991185
					],
					[
						102.23789198028268,
						22.42941499548885
					],
					[
						102.27130098066606,
						22.482747995639617
					],
					[
						102.32996398161531,
						22.48445699587689
					],
					[
						102.3476179818415,
						22.501756995948963
					],
					[
						102.32516498129611,
						22.562564995872172
					],
					[
						102.35913098180927,
						22.572310996005893
					],
					[
						102.41943398254574,
						22.640561996242397
					],
					[
						102.38348398187624,
						22.67962599611689
					],
					[
						102.43144198256417,
						22.69912099629553
					],
					[
						102.46649198289488,
						22.771993996431036
					],
					[
						102.50734698347212,
						22.78208199657158
					],
					[
						102.57358498460117,
						22.705106996775264
					],
					[
						102.60562898496283,
						22.734683996879504
					],
					[
						102.64543198556903,
						22.699458996994906
					],
					[
						102.6903689861249,
						22.70570599712676
					],
					[
						102.7134479864635,
						22.681277997188943
					],
					[
						102.86397498833811,
						22.606152997575695
					],
					[
						102.88287398863733,
						22.55426399761627
					],
					[
						102.93193798926333,
						22.486588997725832
					],
					[
						102.98211698976097,
						22.48094399783937
					],
					[
						103.03067799027342,
						22.44561399794179
					],
					[
						103.0686489906053,
						22.450440998021715
					],
					[
						103.068328990542,
						22.487641998024248
					],
					[
						103.17655199135129,
						22.562386998241543
					],
					[
						103.15783699112873,
						22.60808599821025
					],
					[
						103.19071999134637,
						22.646569998274103
					],
					[
						103.22261099160048,
						22.650144998331577
					],
					[
						103.28248599201503,
						22.69120999843734
					],
					[
						103.28926099200395,
						22.73994799845199
					],
					[
						103.32897899221354,
						22.81342899852143
					],
					[
						103.40846999282783,
						22.781899998640917
					],
					[
						103.44031499308333,
						22.74975999868514
					],
					[
						103.43031299305468,
						22.714860998668655
					],
					[
						103.45799999330048,
						22.660577998705005
					],
					[
						103.53250099383872,
						22.598922998803218
					],
					[
						103.56805399400102,
						22.650441998851882
					],
					[
						103.5648649939198,
						22.71285299885107
					],
					[
						103.61876699416582,
						22.790004998921557
					],
					[
						103.66229999442784,
						22.775920998972015
					],
					[
						103.79474599521693,
						22.664058999110306
					],
					[
						103.82560699539837,
						22.622056999139446
					],
					[
						103.92495699591201,
						22.530724999229367
					],
					[
						103.96425599609238,
						22.50711799926298
					],
					[
						104.00792699625882,
						22.520490999300062
					],
					[
						104.04931599628114,
						22.74426099933994
					],
					[
						104.11952199650986,
						22.81303199939456
					],
					[
						104.13922099658501,
						22.808557999408468
					],
					[
						104.24563599693683,
						22.84598899948039
					],
					[
						104.27550499704296,
						22.828757999498517
					],
					[
						104.2560879970074,
						22.771804999485173
					],
					[
						104.26888299706384,
						22.740685999492403
					],
					[
						104.32525599724508,
						22.7282519995259
					],
					[
						104.35929099736138,
						22.694028999544607
					],
					[
						104.50654599772587,
						22.788234999622496
					],
					[
						104.53116599777496,
						22.824866999634654
					],
					[
						104.58078799788727,
						22.85271099965738
					],
					[
						104.67138699810474,
						22.822808999694512
					],
					[
						104.72202299821232,
						22.824010999713895
					],
					[
						104.7269129982135,
						22.85528399971612
					],
					[
						104.76332899827857,
						22.888625999729715
					],
					[
						104.83331299840607,
						22.921887999753846
					],
					[
						104.86061099844933,
						22.952392999762942
					],
					[
						104.83394599839062,
						22.988313999754862
					],
					[
						104.8025439982971,
						23.115769999746032
					],
					[
						104.87513699843338,
						23.1314319997695
					],
					[
						104.88419399844081,
						23.17172599977267
					],
					[
						104.94638099855618,
						23.1550789997907
					],
					[
						105.08071899875284,
						23.267726999826618
					],
					[
						105.10520199879326,
						23.248382999832216
					],
					[
						105.16686999887668,
						23.280639999846258
					],
					[
						105.23486299897046,
						23.265920999860136
					],
					[
						105.25647699898668,
						23.344201999864886
					],
					[
						105.31946599905832,
						23.389987999876784
					],
					[
						105.35371399910541,
						23.337644999882382
					],
					[
						105.40731099917095,
						23.288602999890855
					],
					[
						105.44360399920868,
						23.292399999896517
					],
					[
						105.50340999927808,
						23.20068699990484
					],
					[
						105.54356399931629,
						23.191184999910313
					],
					[
						105.56161499933597,
						23.156224999912528
					],
					[
						105.55034699933361,
						23.08098399991071
					],
					[
						105.57440199935613,
						23.065810999913804
					],
					[
						105.63201899940229,
						23.083379999921014
					],
					[
						105.71591999946853,
						23.058997999930412
					],
					[
						105.77288099951213,
						23.011828999936135
					],
					[
						105.82309699954638,
						22.99203299994091
					],
					[
						105.86396799957514,
						22.939187999944465
					],
					[
						105.95944199962803,
						22.953847999952327
					],
					[
						106.00097699964996,
						22.94539099995539
					],
					[
						106.00472999964909,
						22.994903999955813
					],
					[
						106.1394119997116,
						22.997401999964556
					],
					[
						106.19693699973578,
						22.984715999967825
					],
					[
						106.26487699976428,
						22.912179999971222
					],
					[
						106.27753499977031,
						22.871602999971806
					],
					[
						106.34956299979463,
						22.860900999975115
					],
					[
						106.36804999979967,
						22.88370499997594
					],
					[
						106.49921399983617,
						22.91265899998097
					],
					[
						106.53432499984427,
						22.947205999982145
					],
					[
						106.60067699986047,
						22.931558999984183
					],
					[
						106.63114899986834,
						22.87952199998502
					],
					[
						106.69963099988229,
						22.88679499998683
					],
					[
						106.76676199989613,
						22.812318999988364
					],
					[
						106.82067099990513,
						22.816817999989524
					],
					[
						106.81627599990507,
						22.776566999989406
					],
					[
						106.78108199989937,
						22.767789999988644
					],
					[
						106.77156099989878,
						22.709458999988392
					],
					[
						106.72663099989201,
						22.644631999987336
					],
					[
						106.72702799989311,
						22.592742999987305
					],
					[
						106.64929199987863,
						22.580405999985295
					],
					[
						106.60375999986854,
						22.610892999984017
					],
					[
						106.57686599986613,
						22.468547999983123
					],
					[
						106.55857799986349,
						22.415534999982484
					],
					[
						106.58244299986943,
						22.385062999983237
					],
					[
						106.55586999986461,
						22.349626999982373
					],
					[
						106.65879799988592,
						22.33060999998539
					],
					[
						106.68615699989206,
						22.278317999986125
					],
					[
						106.6972579998952,
						22.22243499998639
					],
					[
						106.67070799989148,
						22.177281999985635
					],
					[
						106.70381899989773,
						22.15734299998646
					],
					[
						106.70593199990076,
						22.02852599998648
					],
					[
						106.67359899989611,
						21.989623999985604
					],
					[
						106.6940459999002,
						21.962367999986103
					],
					[
						106.76543399991056,
						22.010957999987937
					],
					[
						106.82594299991999,
						21.9675689999892
					],
					[
						106.8695829999256,
						21.980328999990107
					],
					[
						106.9218899999323,
						21.967057999991095
					],
					[
						106.95671899993701,
						21.91770899999167
					],
					[
						106.9920729999404,
						21.951098999992247
					],
					[
						107.04718799994639,
						21.920945999993087
					],
					[
						107.04856899994695,
						21.880612999993062
					],
					[
						107.01574699994399,
						21.85987699999258
					],
					[
						107.0218809999452,
						21.814624999992656
					],
					[
						107.083220999951,
						21.806123999993552
					],
					[
						107.13518499995588,
						21.764310999994215
					],
					[
						107.24866499996487,
						21.707026999995424
					],
					[
						107.30162099996801,
						21.739100999995948
					],
					[
						107.35762799997181,
						21.657710999996418
					],
					[
						107.3577879999722,
						21.606271999996398
					],
					[
						107.3831099999736,
						21.59451099999661
					],
					[
						107.42452199997545,
						21.639657999996917
					],
					[
						107.46688899997731,
						21.661138999997195
					],
					[
						107.50031299997912,
						21.60109699999739
					],
					[
						107.53655999998071,
						21.5815109999976
					],
					[
						107.56983999998188,
						21.60712099999781
					],
					[
						107.67359899998547,
						21.600995999998315
					],
					[
						107.79657699998876,
						21.658584999998777
					],
					[
						107.87576999999062,
						21.640161999998973
					],
					[
						107.89781199999119,
						21.592237999999067
					],
					[
						107.95001999999226,
						21.5579009999992
					],
					[
						107.96879599999266,
						21.52396199999921
					],
					[
						108.00514999999322,
						21.547111999999277
					],
					[
						108.08268699999441,
						21.542651999999425
					],
					[
						108.12132999999493,
						21.510959999999525
					],
					[
						108.14479099999517,
						21.57017499999955
					],
					[
						108.22191599999599,
						21.614715999999632
					],
					[
						108.28909299999665,
						21.535993999999743
					],
					[
						108.3205569999969,
						21.58382599999974
					],
					[
						108.32318899999689,
						21.642367999999728
					],
					[
						108.43514999999772,
						21.689107999999823
					],
					[
						108.46190599999787,
						21.65496999999985
					],
					[
						108.39415799999749,
						21.588132999999782
					],
					[
						108.40113799999756,
						21.54806899999982
					],
					[
						108.44512999999783,
						21.547465999999844
					],
					[
						108.47811099999801,
						21.608800999999847
					],
					[
						108.5129159999982,
						21.587403999999882
					],
					[
						108.55509199999838,
						21.651581
					],
					[
						108.52071399999818,
						21.69847699999987
					],
					[
						108.53118099999821,
						21.73554
					],
					[
						108.50390599999808,
						21.767629999999887
					],
					[
						108.46761299999785,
						21.850606999999837
					],
					[
						108.51873799999807,
						21.901801999999872
					],
					[
						108.5775829999984,
						21.883955
					],
					[
						108.60121899999857,
						21.826639
					],
					[
						108.56533799999838,
						21.774788
					],
					[
						108.6080019999986,
						21.708235
					],
					[
						108.64785799999873,
						21.720964
					],
					[
						108.68398299999892,
						21.704336
					],
					[
						108.7343669999991,
						21.647049
					],
					[
						108.73203299999909,
						21.613546
					],
					[
						108.79238099999922,
						21.631203
					],
					[
						108.82942999999935,
						21.61338
					],
					[
						108.84229299999936,
						21.668076
					],
					[
						108.82195299999931,
						21.698498
					],
					[
						108.85179899999939,
						21.740284
					],
					[
						108.92690299999951,
						21.604195
					],
					[
						108.99639899999964,
						21.598881
					],
					[
						109.04807299999968,
						21.623255
					],
					[
						109.08365599999978,
						21.584722
					],
					[
						109.15364099999982,
						21.579334
					],
					[
						109.16089599999982,
						21.516714
					],
					[
						109.04102299999971,
						21.448555
					],
					[
						109.14637799999986,
						21.400274
					],
					[
						109.22743999999989,
						21.422907
					],
					[
						109.221268,
						21.444157
					],
					[
						109.321457,
						21.452833
					],
					[
						109.427597,
						21.45237
					],
					[
						109.496719,
						21.476027
					],
					[
						109.553711,
						21.515757
					],
					[
						109.57457,
						21.585167
					],
					[
						109.518227,
						21.656628
					],
					[
						109.524803,
						21.715076
					],
					[
						109.57428,
						21.714979
					],
					[
						109.579376,
						21.631475
					],
					[
						109.606483,
						21.592773
					],
					[
						109.665718,
						21.610594
					],
					[
						109.668602,
						21.499565
					],
					[
						109.734802,
						21.464136
					],
					[
						109.755707,
						21.47471
					],
					[
						109.769417,
						21.539429
					],
					[
						109.793556,
						21.541426
					],
					[
						109.796692,
						21.462551
					],
					[
						109.841568,
						21.477636
					],
					[
						109.906303,
						21.453659
					],
					[
						109.922401,
						21.412167
					],
					[
						109.901718,
						21.354969
					],
					[
						109.804253,
						21.346588
					],
					[
						109.768303,
						21.323488
					],
					[
						109.774513,
						21.230534
					],
					[
						109.736076,
						21.166586
					],
					[
						109.688492,
						21.146248
					],
					[
						109.673309,
						21.107519
					],
					[
						109.708053,
						21.056229
					],
					[
						109.698723,
						20.997156
					],
					[
						109.674584,
						20.981594
					],
					[
						109.661377,
						20.933403
					],
					[
						109.669434,
						20.862934
					],
					[
						109.71003,
						20.803938
					],
					[
						109.749863,
						20.8118
					],
					[
						109.765907,
						20.759989
					],
					[
						109.747887,
						20.734196
					],
					[
						109.760208,
						20.68017
					],
					[
						109.737869,
						20.656998
					],
					[
						109.801392,
						20.609194
					],
					[
						109.838982,
						20.541964
					],
					[
						109.835426,
						20.48967
					],
					[
						109.893692,
						20.486971
					],
					[
						109.918671,
						20.45332
					],
					[
						109.971329,
						20.460371
					],
					[
						110.014687,
						20.439598
					],
					[
						110.008858,
						20.395632
					],
					[
						109.98053,
						20.348976
					],
					[
						109.928886,
						20.406454
					],
					[
						109.864517,
						20.398279
					],
					[
						109.883392,
						20.355124
					],
					[
						109.924339,
						20.326851
					],
					[
						109.934227,
						20.276779
					],
					[
						110.001633,
						20.272909
					],
					[
						110.063683,
						20.286827
					],
					[
						110.121696,
						20.234665
					],
					[
						110.180237,
						20.236677
					],
					[
						110.19323,
						20.26507
					],
					[
						110.302239,
						20.250393
					],
					[
						110.371689,
						20.29961
					],
					[
						110.437668,
						20.321095
					],
					[
						110.478821,
						20.391455
					],
					[
						110.51123,
						20.414257
					],
					[
						110.530884,
						20.46611
					],
					[
						110.510223,
						20.516516
					],
					[
						110.468788,
						20.567467
					],
					[
						110.440964,
						20.559698
					],
					[
						110.400726,
						20.586477
					],
					[
						110.370613,
						20.650206
					],
					[
						110.32798,
						20.621431
					],
					[
						110.328598,
						20.692406
					],
					[
						110.387039,
						20.725828
					],
					[
						110.388527,
						20.775644
					],
					[
						110.363327,
						20.816731
					],
					[
						110.312691,
						20.841917
					],
					[
						110.254692,
						20.833498
					],
					[
						110.224869,
						20.851473
					],
					[
						110.16935,
						20.843882
					],
					[
						110.156128,
						20.921631
					],
					[
						110.180763,
						21.02166
					],
					[
						110.249397,
						21.081997
					],
					[
						110.353638,
						21.109234
					],
					[
						110.394287,
						21.148628
					],
					[
						110.421967,
						21.220518
					],
					[
						110.385033,
						21.265131
					],
					[
						110.397789,
						21.379688
					],
					[
						110.424698,
						21.376234
					],
					[
						110.429482,
						21.241922
					],
					[
						110.5318680000001,
						21.204071
					],
					[
						110.577057,
						21.221243
					],
					[
						110.625969,
						21.216242
					],
					[
						110.615593,
						21.330496
					],
					[
						110.676597,
						21.303322
					],
					[
						110.731056,
						21.370522
					],
					[
						110.761803,
						21.386667
					],
					[
						110.886909,
						21.380655
					],
					[
						110.924171,
						21.412178
					],
					[
						110.991432,
						21.420393
					],
					[
						111.043457,
						21.451162
					],
					[
						110.996071,
						21.488346
					],
					[
						111.035957,
						21.51405
					],
					[
						111.072167,
						21.505104
					],
					[
						111.099861,
						21.456316
					],
					[
						111.142899,
						21.457338
					],
					[
						111.249786,
						21.487446
					],
					[
						111.298172,
						21.47476
					],
					[
						111.324364,
						21.44849
					],
					[
						111.372207,
						21.496477
					],
					[
						111.445701,
						21.525757
					],
					[
						111.415176,
						21.555128
					],
					[
						111.409447,
						21.592842
					],
					[
						111.437607,
						21.701101
					],
					[
						111.384941,
						21.747763
					],
					[
						111.387916,
						21.792253
					],
					[
						111.425583,
						21.84232
					],
					[
						111.49736,
						21.870497
					],
					[
						111.558762,
						21.875351
					],
					[
						111.609734,
						21.909897
					],
					[
						111.666893,
						21.891354
					],
					[
						111.711723,
						21.908043
					],
					[
						111.729912,
						21.939953
					],
					[
						111.793404,
						21.949512
					],
					[
						111.775711,
						22.004568
					],
					[
						111.866577,
						22.078013
					],
					[
						111.881844,
						22.155603
					],
					[
						111.946037,
						22.172668
					],
					[
						111.944321,
						22.25185
					],
					[
						112.000938,
						22.254999
					],
					[
						112.047173,
						22.197695
					],
					[
						112.039947,
						22.118403
					],
					[
						112.094078,
						22.138073
					],
					[
						112.13234000000011,
						22.095079
					],
					[
						112.18763700000011,
						22.068123
					],
					[
						112.242508,
						22.004437
					],
					[
						112.31524700000013,
						21.977402
					],
					[
						112.3405,
						21.942591
					],
					[
						112.35037200000012,
						21.855099
					],
					[
						112.29854800000012,
						21.81891
					],
					[
						112.3224670000001,
						21.776813
					],
					[
						112.24433100000013,
						21.731762
					],
					[
						112.23977700000013,
						21.701706
					],
					[
						112.31012000000011,
						21.698729
					],
					[
						112.326477,
						21.718071
					],
					[
						112.38229400000014,
						21.723032
					],
					[
						112.41706100000013,
						21.771303
					],
					[
						112.39270800000011,
						21.915413
					],
					[
						112.433479,
						21.894091
					],
					[
						112.422943,
						21.83322
					],
					[
						112.59219300000017,
						21.753864
					],
					[
						112.65022300000018,
						21.787872
					],
					[
						112.65017700000021,
						21.838903
					],
					[
						112.6930090000002,
						21.844368
					],
					[
						112.71219600000019,
						21.887505
					],
					[
						112.76763200000022,
						21.944309
					],
					[
						112.82008400000028,
						21.955658
					],
					[
						112.83850300000032,
						21.978202
					],
					[
						112.99992400000052,
						22.038132
					],
					[
						113.00868200000048,
						22.125008
					],
					[
						113.07808700000068,
						22.193472
					],
					[
						113.1119770000007,
						22.198336
					],
					[
						113.13358300000077,
						22.149218
					],
					[
						113.11103800000066,
						22.07933
					],
					[
						113.19252800000088,
						22.058849
					],
					[
						113.1893230000009,
						21.984909
					],
					[
						113.22215300000096,
						21.99192
					],
					[
						113.2652970000011,
						22.050331
					],
					[
						113.29599000000125,
						22.045439
					],
					[
						113.37043800000156,
						22.172028
					],
					[
						113.53119700000244,
						22.174762999999853
					],
					[
						113.56481900000271,
						22.200074999999824
					],
					[
						113.59040100000288,
						22.246808999999825
					],
					[
						113.56979400000284,
						22.288438999999826
					],
					[
						113.59068300000293,
						22.34107999999981
					],
					[
						113.53273000000253,
						22.40304599999989
					],
					[
						113.57230400000292,
						22.495990999999847
					],
					[
						113.5696110000029,
						22.565749999999827
					],
					[
						113.55283400000285,
						22.583962999999844
					],
					[
						113.5481030000028,
						22.611754999999878
					],
					[
						113.52699300000265,
						22.654551999999843
					],
					[
						113.43609600000207,
						22.732843
					],
					[
						113.48042300000243,
						22.764162
					],
					[
						113.52564300000269,
						22.78127299999988
					],
					[
						113.57814000000312,
						22.737216999999834
					],
					[
						113.60688000000334,
						22.742454999999833
					],
					[
						113.63545200000368,
						22.794209999999826
					],
					[
						113.67343200000397,
						22.743405999999766
					],
					[
						113.7307660000046,
						22.762124999999692
					],
					[
						113.77268200000512,
						22.749171999999664
					],
					[
						113.78143300000525,
						22.678048999999653
					],
					[
						113.83455700000582,
						22.589496999999582
					],
					[
						113.91182000000694,
						22.534322999999453
					],
					[
						114.0421600000095,
						22.518903999999257
					],
					[
						114.03716300000931,
						22.479571999999266
					],
					[
						113.98346000000817,
						22.47057499999935
					],
					[
						113.94098700000734,
						22.421056999999447
					],
					[
						113.90686000000674,
						22.4100949999995
					],
					[
						113.92788700000703,
						22.368636999999428
					],
					[
						114.03247100000901,
						22.35838499999925
					],
					[
						114.1150670000109,
						22.37244199999903
					],
					[
						114.13609300001137,
						22.336642999998976
					],
					[
						114.21938300001365,
						22.31480799999872
					],
					[
						114.2758860000152,
						22.284471999998544
					],
					[
						114.25946000001501,
						22.356000999998603
					],
					[
						114.2905420000161,
						22.39009899999852
					],
					[
						114.3778530000193,
						22.367448999998153
					],
					[
						114.37004100001904,
						22.39885899999818
					],
					[
						114.39882600002048,
						22.43854099999802
					],
					[
						114.32778900001769,
						22.475978999998347
					],
					[
						114.26786000001545,
						22.434575999998575
					],
					[
						114.21244800001371,
						22.42026299999875
					],
					[
						114.22885100001434,
						22.474147999998735
					],
					[
						114.26096300001528,
						22.457019999998614
					],
					[
						114.30798300001705,
						22.504067999998448
					],
					[
						114.24539200001502,
						22.54850399999865
					],
					[
						114.26555600001583,
						22.589459999998574
					],
					[
						114.41024800002157,
						22.612777999997988
					],
					[
						114.48214700002467,
						22.53570899999761
					],
					[
						114.4816440000244,
						22.474317999997584
					],
					[
						114.51796700002619,
						22.4512979999974
					],
					[
						114.6242370000327,
						22.51259999999669
					],
					[
						114.53706400002781,
						22.574933999997274
					],
					[
						114.57639300003028,
						22.61945299999706
					],
					[
						114.59118600003146,
						22.659196999996944
					],
					[
						114.52852600002771,
						22.658238999997327
					],
					[
						114.54084800002872,
						22.71235999999727
					],
					[
						114.57727100003102,
						22.741803999997046
					],
					[
						114.68907900003897,
						22.795047999996207
					],
					[
						114.74310300004296,
						22.77829399999574
					],
					[
						114.79789000004813,
						22.828481999995198
					],
					[
						114.82177800005002,
						22.78721199999494
					],
					[
						114.7517700000436,
						22.7538409999956
					],
					[
						114.74915300004297,
						22.697404999995648
					],
					[
						114.7316440000413,
						22.66606699999581
					],
					[
						114.74034100004154,
						22.606671999995715
					],
					[
						114.80345900004671,
						22.593085999995058
					],
					[
						114.87296300005309,
						22.600667999994286
					],
					[
						114.89187600005475,
						22.57365999999408
					],
					[
						114.93192300005977,
						22.65122399999358
					],
					[
						114.96888000006415,
						22.681060999993072
					],
					[
						114.91561900005885,
						22.730531999993783
					],
					[
						114.93421900006113,
						22.755916999993573
					],
					[
						114.97374700006492,
						22.692988999993013
					],
					[
						115.01425900006991,
						22.706183999992408
					],
					[
						115.04254900007409,
						22.75701699999199
					],
					[
						115.03295100007324,
						22.786269999992143
					],
					[
						115.22297700010265,
						22.83890699998861
					],
					[
						115.25023700010667,
						22.791970999987957
					],
					[
						115.32421900012068,
						22.791829999986163
					],
					[
						115.3396070001227,
						22.73671499998572
					],
					[
						115.38337000013067,
						22.69110499998446
					],
					[
						115.46970400015066,
						22.704175999981835
					],
					[
						115.53465300016606,
						22.67266299997953
					],
					[
						115.5553440001729,
						22.714374999978826
					],
					[
						115.51744100016404,
						22.757956999980205
					],
					[
						115.5605320001776,
						22.8258129999787
					],
					[
						115.64698800020521,
						22.88519499997529
					],
					[
						115.69346600022008,
						22.8779889999732
					],
					[
						115.69912700022107,
						22.85062399997287
					],
					[
						115.76387000024368,
						22.84546699996969
					],
					[
						115.79496800025422,
						22.82042299996803
					],
					[
						115.79688300025262,
						22.764646999967805
					],
					[
						115.82731600026393,
						22.754512999966103
					],
					[
						115.88815300029096,
						22.79926099996258
					],
					[
						115.97238900033001,
						22.81932099995706
					],
					[
						116.05799100037541,
						22.85501099995075
					],
					[
						116.09729000039482,
						22.822389999947468
					],
					[
						116.16792300043923,
						22.867143999941394
					],
					[
						116.22318300047867,
						22.924664999936287
					],
					[
						116.30319200053776,
						22.966693999928065
					],
					[
						116.37840300059175,
						22.929250999919155
					],
					[
						116.47251100067281,
						22.94776899990703
					],
					[
						116.50567600070245,
						22.94403299990233
					],
					[
						116.52847300073078,
						23.005166999899263
					],
					[
						116.55220800075473,
						23.01355699989575
					],
					[
						116.5550990007664,
						23.0883219998957
					],
					[
						116.53328700074776,
						23.1131149998991
					],
					[
						116.56640600078833,
						23.177365999894416
					],
					[
						116.60616300083093,
						23.185079999888128
					],
					[
						116.64737000087374,
						23.166636999881167
					],
					[
						116.66544300089996,
						23.209252999878302
					],
					[
						116.70945000095664,
						23.243491999870628
					],
					[
						116.78671300104968,
						23.212132999855438
					],
					[
						116.76840200103882,
						23.298627999859736
					],
					[
						116.73480200100164,
						23.339389999866498
					],
					[
						116.67706300093174,
						23.345843999877104
					],
					[
						116.60603300084672,
						23.31464199988889
					],
					[
						116.61419700086168,
						23.362681999887844
					],
					[
						116.74353800101366,
						23.345633999864912
					],
					[
						116.85323300117572,
						23.42481999984303
					],
					[
						116.89428700126003,
						23.559741999834944
					],
					[
						116.94217700132829,
						23.516395999823317
					],
					[
						116.99150800140927,
						23.509826999810933
					],
					[
						116.99875700142854,
						23.545180999809443
					],
					[
						116.96325700138064,
						23.612107999819035
					],
					[
						117.07154900157467,
						23.618054999790505
					],
					[
						117.08618900159205,
						23.569104999785818
					],
					[
						117.12316100166319,
						23.566960999774963
					],
					[
						117.18052700179211,
						23.61844099975786
					],
					[
						117.22411300188853,
						23.6279429997437
					],
					[
						117.21188300187414,
						23.67902799974845
					],
					[
						117.27935800202913,
						23.685065999725346
					],
					[
						117.27124800202284,
						23.734441999728926
					],
					[
						117.31829800214125,
						23.75365799971214
					],
					[
						117.34925800221669,
						23.745784999700344
					],
					[
						117.37486300226554,
						23.687013999689327
					],
					[
						117.40741700234281,
						23.659652999675686
					],
					[
						117.32962000212713,
						23.602073999705606
					],
					[
						117.37352000222847,
						23.573075999688047
					],
					[
						117.44371800241998,
						23.592431999659155
					],
					[
						117.4193570023703,
						23.64482099967044
					],
					[
						117.4720380025259,
						23.675170999648252
					],
					[
						117.51509800267691,
						23.750712999630196
					],
					[
						117.47355700255581,
						23.75374199964905
					],
					[
						117.47441900257263,
						23.798081999649476
					],
					[
						117.50367700267945,
						23.86062399963756
					],
					[
						117.48490100264209,
						23.917981999647136
					],
					[
						117.57861300292964,
						23.90669799960301
					],
					[
						117.62661700307171,
						23.859929999577638
					],
					[
						117.65847800320552,
						23.92181999956216
					],
					[
						117.70607000338899,
						23.951724999536708
					],
					[
						117.68287600332343,
						24.000007999550814
					],
					[
						117.73007200351343,
						24.035199999525116
					],
					[
						117.7885820037248,
						23.993962999489128
					],
					[
						117.83908100394878,
						24.0290069994582
					],
					[
						117.90095500422551,
						24.044341999417227
					],
					[
						117.91492500432823,
						24.12378499941014
					],
					[
						117.94499200448429,
						24.155585999389874
					],
					[
						117.93476100445821,
						24.19934999939869
					],
					[
						117.96193700460205,
						24.227117999380138
					],
					[
						118.0321200049506,
						24.22258799932682
					],
					[
						118.07735400521184,
						24.2623269992921
					],
					[
						118.13841300555718,
						24.272540999240906
					],
					[
						118.09750400537891,
						24.360148999279495
					],
					[
						118.05550400515476,
						24.368997999314054
					],
					[
						118.04914100514593,
						24.41470299932092
					],
					[
						117.94378700459929,
						24.396111999399142
					],
					[
						117.90801300442968,
						24.398267999424064
					],
					[
						117.85105100418286,
						24.428698999462796
					],
					[
						117.83114600409664,
						24.43281899947556
					],
					[
						117.82088500405753,
						24.446029999482384
					],
					[
						117.7765960038813,
						24.47660799951014
					],
					[
						117.8510440042106,
						24.491178999464758
					],
					[
						118.0237270050298,
						24.44913899934209
					],
					[
						118.01443500499703,
						24.479096999350308
					],
					[
						118.06711600529835,
						24.514680999310695
					],
					[
						118.03486600515099,
						24.56612999933808
					],
					[
						118.08515900542785,
						24.567563999298358
					],
					[
						118.14014400577878,
						24.62624399925505
					],
					[
						118.17759000600839,
						24.632241999222718
					],
					[
						118.18948400604351,
						24.569783999209072
					],
					[
						118.23860900633676,
						24.544326999162394
					],
					[
						118.28665200668848,
						24.597691999118464
					],
					[
						118.3472820071016,
						24.58831399905586
					],
					[
						118.41624500762181,
						24.6079999989818
					],
					[
						118.45455900794047,
						24.63847699893968
					],
					[
						118.53662100858583,
						24.61395299883816
					],
					[
						118.5645220087938,
						24.581391998799987
					],
					[
						118.56835200878398,
						24.53368399879153
					],
					[
						118.60556800910334,
						24.52946799874149
					],
					[
						118.66687000971172,
						24.583569998659925
					],
					[
						118.64675900961254,
						24.674664998695757
					],
					[
						118.7001720101158,
						24.671624998618626
					],
					[
						118.78175301104892,
						24.77910399850332
					],
					[
						118.64927700974737,
						24.79291299870164
					],
					[
						118.62465700955845,
						24.836835998739055
					],
					[
						118.67404201006057,
						24.87509899867341
					],
					[
						118.65079500987103,
						24.910945998708993
					],
					[
						118.67392001013205,
						24.95254099868003
					],
					[
						118.71592701051564,
						24.919160998616462
					],
					[
						118.69660901026322,
						24.856969998639446
					],
					[
						118.78468301116618,
						24.861018998506253
					],
					[
						118.79261001128611,
						24.894937998496836
					],
					[
						118.84031701179117,
						24.881278998418047
					],
					[
						118.90992701263113,
						24.919095998302545
					],
					[
						118.9136120127263,
						24.96329699830079
					],
					[
						118.97705101353547,
						24.9921469981885
					],
					[
						118.90554001270404,
						25.027160998321794
					],
					[
						118.86282401226306,
						25.079596998400422
					],
					[
						118.88358301252869,
						25.10172799836761
					],
					[
						118.93820201319281,
						25.1091269982729
					],
					[
						118.93452401319135,
						25.146968998283697
					],
					[
						118.97392301372412,
						25.18141199821612
					],
					[
						118.90305301294254,
						25.266850998351867
					],
					[
						118.98355101398161,
						25.295005998211657
					],
					[
						119.0558850149218,
						25.275886998071183
					],
					[
						119.08064301520605,
						25.230710998015848
					],
					[
						119.061630014865,
						25.16946399804627
					],
					[
						119.1178360155996,
						25.13283299792612
					],
					[
						119.13579601590561,
						25.16814999789274
					],
					[
						119.08551001521076,
						25.18224299799965
					],
					[
						119.12364201580985,
						25.226815997926522
					],
					[
						119.19359601678103,
						25.181455997767888
					],
					[
						119.26390101788209,
						25.1842169976052
					],
					[
						119.2954180184831,
						25.240989997537877
					],
					[
						119.35081501943588,
						25.251651997400494
					],
					[
						119.29658501860418,
						25.306443997545596
					],
					[
						119.24756601779114,
						25.29732299766141
					],
					[
						119.20758801711906,
						25.267337997748925
					],
					[
						119.18442501681491,
						25.303271997806025
					],
					[
						119.21760601737729,
						25.338614997736826
					],
					[
						119.16287201656883,
						25.36096999786146
					],
					[
						119.12347401603942,
						25.401725997950717
					],
					[
						119.1673130167724,
						25.46190599786629
					],
					[
						119.22141301763821,
						25.48003399774953
					],
					[
						119.29940801901016,
						25.54283499757736
					],
					[
						119.27557401848837,
						25.460441997621025
					],
					[
						119.32084701925011,
						25.459607997511238
					],
					[
						119.3616030200736,
						25.531133997421225
					],
					[
						119.43193102132602,
						25.510539997232513
					],
					[
						119.4453350215063,
						25.467874997187835
					],
					[
						119.49646002248336,
						25.463044997042942
					],
					[
						119.52728302304301,
						25.434064996947097
					],
					[
						119.5600280237621,
						25.462205996854717
					],
					[
						119.60458402452747,
						25.37628599669769
					],
					[
						119.65216802562131,
						25.408570996550896
					],
					[
						119.60649102474493,
						25.46584699671145
					],
					[
						119.55519902386196,
						25.569337996892084
					],
					[
						119.50688202285667,
						25.5568199970318
					],
					[
						119.47703502232609,
						25.59057599712346
					],
					[
						119.49325602270189,
						25.62317699708416
					],
					[
						119.4411320217141,
						25.639077997231876
					],
					[
						119.48064402257054,
						25.69235199713347
					],
					[
						119.52823602355328,
						25.706645997000674
					],
					[
						119.56651302432375,
						25.692262996884356
					],
					[
						119.61856802555802,
						25.752637996737956
					],
					[
						119.60296602534748,
						25.82392499680254
					],
					[
						119.63639802626427,
						25.918017996720245
					],
					[
						119.67554502714515,
						25.909087996592945
					],
					[
						119.70169802785564,
						25.958449996519242
					],
					[
						119.71336402824745,
						26.01652499649513
					],
					[
						119.64397402662745,
						26.022031996720884
					],
					[
						119.50959802379298,
						26.077704997131143
					],
					[
						119.55471002483748,
						26.13322399701503
					],
					[
						119.65811102730277,
						26.215619996722975
					],
					[
						119.64138002701073,
						26.27178799678845
					],
					[
						119.71919302888149,
						26.277390996542447
					],
					[
						119.88079103327333,
						26.35600699599796
					],
					[
						119.8372350322201,
						26.427949996178615
					],
					[
						119.81801603170013,
						26.426785996246586
					],
					[
						119.72047402897964,
						26.31364999654763
					],
					[
						119.6805340280426,
						26.333426996681283
					],
					[
						119.65428902749773,
						26.379456996774643
					],
					[
						119.66094202771004,
						26.41156199676192
					],
					[
						119.5693660256595,
						26.444699997042004
					],
					[
						119.61835502680478,
						26.46706799690441
					],
					[
						119.64645402752865,
						26.508304996829928
					],
					[
						119.68183902830307,
						26.465304996710145
					],
					[
						119.740410029732,
						26.45362999651869
					],
					[
						119.78290503075178,
						26.415330996365448
					],
					[
						119.82730103198685,
						26.446118996219298
					],
					[
						119.7946470312432,
						26.513391996352393
					],
					[
						119.76009403040457,
						26.54810499647882
					],
					[
						119.78480503110241,
						26.577981996404002
					],
					[
						119.72825602970512,
						26.612792996600422
					],
					[
						119.66124002805132,
						26.612204996810423
					],
					[
						119.60479702667284,
						26.58029599697089
					],
					[
						119.5437620253719,
						26.628346997154743
					],
					[
						119.5523760256363,
						26.678597997142127
					],
					[
						119.6002960267152,
						26.674743997006004
					],
					[
						119.55722802585038,
						26.75138699714497
					],
					[
						119.58793602659384,
						26.783551997066596
					],
					[
						119.6476210279544,
						26.756703996887044
					],
					[
						119.69987502915271,
						26.707650996715234
					],
					[
						119.72686002984224,
						26.71421999663168
					],
					[
						119.76980603105758,
						26.77612099650898
					],
					[
						119.84591703319263,
						26.817145996262088
					],
					[
						119.84644303313543,
						26.777589996248487
					],
					[
						119.80470303199033,
						26.7774809963926
					],
					[
						119.78923003146971,
						26.71752499642795
					],
					[
						119.89894103441493,
						26.66799699602591
					],
					[
						119.88982403421606,
						26.700379996069483
					],
					[
						119.93062603549255,
						26.74602099593203
					],
					[
						119.92265303534134,
						26.789151995975793
					],
					[
						119.96875803674688,
						26.800773995803958
					],
					[
						120.01091003802391,
						26.786908995632764
					],
					[
						120.07513404013265,
						26.80629199537483
					],
					[
						120.08194704030254,
						26.781167995336645
					],
					[
						120.03695703872717,
						26.72926299550655
					],
					[
						119.97037503656877,
						26.68889799576046
					],
					[
						119.95172903586028,
						26.6174389958097
					],
					[
						119.89703403427175,
						26.622947996019015
					],
					[
						119.84970103288468,
						26.594861996182843
					],
					[
						119.83903503244649,
						26.51919199619869
					],
					[
						119.8750230334314,
						26.51362799606684
					],
					[
						119.9316180351265,
						26.54989099586558
					],
					[
						119.93560003532592,
						26.59003099586313
					],
					[
						119.98785403691052,
						26.59784299566081
					],
					[
						120.10935204095892,
						26.667607995175636
					],
					[
						120.10880304109408,
						26.734521995203302
					],
					[
						120.08696804055343,
						26.819501995329457
					],
					[
						120.03669003891952,
						26.82367899554105
					],
					[
						120.0213550384896,
						26.852355995613497
					],
					[
						120.04892703945707,
						26.89161099551516
					],
					[
						120.1185230417895,
						26.89780799522311
					],
					[
						120.14365404272799,
						26.929965995125336
					],
					[
						120.22571604563056,
						26.9121439947424
					],
					[
						120.26834104743327,
						26.99603599457409
					],
					[
						120.26369504734608,
						27.033563994613147
					],
					[
						120.28561404830052,
						27.07986599452708
					],
					[
						120.37220705180286,
						27.093402994094696
					],
					[
						120.41518405373701,
						27.143796993891193
					],
					[
						120.38578805256645,
						27.171676994061706
					],
					[
						120.35839905159573,
						27.238751994236523
					],
					[
						120.29077204883657,
						27.221753994565923
					],
					[
						120.26408404787205,
						27.25399199470854
					],
					[
						120.21247904590065,
						27.24592599494504
					],
					[
						120.18878204507527,
						27.26847799506135
					],
					[
						120.28768904887998,
						27.293431994613343
					],
					[
						120.29729504911884,
						27.232823994539217
					],
					[
						120.36620305194673,
						27.250518994202178
					],
					[
						120.41046105363515,
						27.18223799393597
					],
					[
						120.43300605468849,
						27.215005993830975
					],
					[
						120.51979805852669,
						27.200959993334738
					],
					[
						120.55328406042496,
						27.322242993206576
					],
					[
						120.53048705944403,
						27.355481993359014
					],
					[
						120.58988206234805,
						27.382371993022513
					],
					[
						120.65000906529593,
						27.36892499264136
					],
					[
						120.64444006518669,
						27.42866899271389
					],
					[
						120.68714106753006,
						27.47988699247397
					],
					[
						120.66317706635532,
						27.503282992642493
					],
					[
						120.61679106400868,
						27.50379699293179
					],
					[
						120.59805306318283,
						27.54165799306833
					],
					[
						120.59927406338625,
						27.595628993093445
					],
					[
						120.64069406547655,
						27.600902992844713
					],
					[
						120.67709406746724,
						27.643128992643785
					],
					[
						120.67952706776008,
						27.703874992667657
					],
					[
						120.74005907109957,
						27.739612992301232
					],
					[
						120.76403007257149,
						27.792937992179084
					],
					[
						120.82256307608208,
						27.857276991826883
					],
					[
						120.85855107825341,
						27.876546991588462
					],
					[
						120.86785907896714,
						27.930888991563524
					],
					[
						120.81115707574075,
						27.971913991989137
					],
					[
						120.85868807860724,
						27.997691991679407
					],
					[
						120.94508408386879,
						27.97927299103633
					],
					[
						120.99108108698604,
						28.03199799072933
					],
					[
						120.99162308723318,
						28.10255799078524
					],
					[
						121.02526108959871,
						28.14794499056295
					],
					[
						121.07701109319635,
						28.16917999016799
					],
					[
						121.1314390972943,
						28.24831398979162
					],
					[
						121.11344909608906,
						28.276418989968597
					],
					[
						121.13583409787738,
						28.335311989838512
					],
					[
						121.21418010378645,
						28.35976798918865
					],
					[
						121.21790310394866,
						28.321090989115703
					],
					[
						121.24961910633944,
						28.30260998881059
					],
					[
						121.27028710765073,
						28.210626988521472
					],
					[
						121.35724611444337,
						28.140243987601725
					],
					[
						121.38234711664752,
						28.165904987378365
					],
					[
						121.3659671154801,
						28.22288498761029
					],
					[
						121.40409111875051,
						28.231385987234063
					],
					[
						121.4315641212744,
						28.26825498699454
					],
					[
						121.39989511864509,
						28.300282987359576
					],
					[
						121.46945212490478,
						28.338998986683546
					],
					[
						121.52630613008236,
						28.331670986056142
					],
					[
						121.63890914078242,
						28.290385984696375
					],
					[
						121.62731913986087,
						28.345338984914534
					],
					[
						121.56951113459577,
						28.440616985719398
					],
					[
						121.58203113594676,
						28.477695985628685
					],
					[
						121.5209961305368,
						28.587152986453376
					],
					[
						121.49770412874011,
						28.69570698684383
					],
					[
						121.54086313278482,
						28.696116986384776
					],
					[
						121.62949414155553,
						28.728332985442524
					],
					[
						121.65101614402599,
						28.811873985316975
					],
					[
						121.67816914685189,
						28.820992985014165
					],
					[
						121.60758213995034,
						28.902581985940454
					],
					[
						121.58146713734234,
						28.892756986213957
					],
					[
						121.52274313177041,
						28.915910986872323
					],
					[
						121.551147134583,
						28.951793986621748
					],
					[
						121.66747314604112,
						28.908343985270207
					],
					[
						121.70762615028555,
						28.921454984819395
					],
					[
						121.68108414763338,
						28.96316698519499
					],
					[
						121.66531414626522,
						29.04881698550522
					],
					[
						121.62908214254365,
						29.04369898590508
					],
					[
						121.62931814274796,
						29.104955985991566
					],
					[
						121.55790713571487,
						29.118976986779455
					],
					[
						121.46685812709127,
						29.098388987677353
					],
					[
						121.44983712568053,
						29.152188987911803
					],
					[
						121.52340713259792,
						29.190885987232843
					],
					[
						121.54965213526525,
						29.251777987047184
					],
					[
						121.60022714025705,
						29.262961986534116
					],
					[
						121.62344414240636,
						29.19471198618625
					],
					[
						121.65981314608034,
						29.179328985762282
					],
					[
						121.74938215563719,
						29.192004984748742
					],
					[
						121.78157815942475,
						29.27115598449165
					],
					[
						121.78574416009887,
						29.345099984563223
					],
					[
						121.83644916573991,
						29.300099983867067
					],
					[
						121.83177216501714,
						29.238521983820156
					],
					[
						121.79892016117526,
						29.205403984171834
					],
					[
						121.84407016620496,
						29.164306983537532
					],
					[
						121.97341918199538,
						29.224107981929695
					],
					[
						121.89631617303361,
						29.384643983256176
					],
					[
						121.93010717726114,
						29.430098982899523
					],
					[
						121.98014118358151,
						29.462432982293592
					],
					[
						121.91613017583245,
						29.532491983269075
					],
					[
						121.98737318484703,
						29.59039698244247
					],
					[
						121.91979217656045,
						29.645585983429104
					],
					[
						121.84864116797252,
						29.609393984250133
					],
					[
						121.79367116164578,
						29.605639984900307
					],
					[
						121.77378815928648,
						29.550734985042016
					],
					[
						121.83394616611798,
						29.548759984324175
					],
					[
						121.81562016386799,
						29.491796984448822
					],
					[
						121.78167715996877,
						29.468749984815197
					],
					[
						121.72251915363597,
						29.541450985613366
					],
					[
						121.66726714768186,
						29.503526986165515
					],
					[
						121.56716213748888,
						29.472943987172854
					],
					[
						121.54849213559045,
						29.43654998731152
					],
					[
						121.47683712888067,
						29.470677988058757
					],
					[
						121.42563612420969,
						29.46676798853312
					],
					[
						121.48341412963352,
						29.541198988087388
					],
					[
						121.52491013347665,
						29.507762987642412
					],
					[
						121.57118213804972,
						29.551017987240662
					],
					[
						121.59481814036809,
						29.54000998698435
					],
					[
						121.70604715193859,
						29.57421898584817
					],
					[
						121.79099316147932,
						29.666968985033293
					],
					[
						121.85108216846017,
						29.698682984375488
					],
					[
						121.86181716983599,
						29.751771984338443
					],
					[
						121.90682217521051,
						29.74659898377667
					],
					[
						121.93163317833326,
						29.78852698354213
					],
					[
						122.007057187931,
						29.829356982645166
					],
					[
						122.13126420468818,
						29.880782981042238
					],
					[
						122.11245720214716,
						29.9099519813714
					],
					[
						122.06987019631659,
						29.887937981916924
					],
					[
						121.94699918043803,
						29.888879983534903
					],
					[
						121.90389317519717,
						29.91924498412559
					],
					[
						121.82298316564592,
						29.933440985110217
					],
					[
						121.7618871587873,
						29.973418985864466
					],
					[
						121.69799015179416,
						29.957280986527067
					],
					[
						121.58889014065825,
						30.060435987780117
					],
					[
						121.50045013219955,
						30.1863939887733
					],
					[
						121.40837112380365,
						30.262149989662195
					],
					[
						121.3103791153543,
						30.307839990498607
					],
					[
						121.20459010677692,
						30.317487991291852
					],
					[
						121.08070409740857,
						30.268636992089405
					],
					[
						120.97490708996627,
						30.199811992696283
					],
					[
						120.7926480783334,
						30.125024993680828
					],
					[
						120.69204707253766,
						30.14643299421519
					],
					[
						120.65510607049528,
						30.13795999439044
					],
					[
						120.66542807109997,
						30.202132994382392
					],
					[
						120.62635106901593,
						30.2566009946028
					],
					[
						120.61155006827514,
						30.34670999472759
					],
					[
						120.66409307113199,
						30.400618994518513
					],
					[
						120.73371107503131,
						30.37608099416454
					],
					[
						120.7866820781139,
						30.341117993869794
					],
					[
						120.91385708604379,
						30.381797993207552
					],
					[
						120.94412208804788,
						30.422217993066546
					],
					[
						120.9357990875311,
						30.491092993171428
					],
					[
						120.96739208965283,
						30.538611993028795
					],
					[
						121.04492209502133,
						30.59268899261301
					],
					[
						121.13968610194159,
						30.602588992021616
					],
					[
						121.14703410250536,
						30.629849992000093
					],
					[
						121.25819411124283,
						30.700139991315126
					],
					[
						121.36263312002671,
						30.7277489905818
					],
					[
						121.45329312814852,
						30.81249998997835
					],
					[
						121.52438413484127,
						30.839465989430817
					],
					[
						121.60450714274856,
						30.8483959887522
					],
					[
						121.7791521614123,
						30.848355987106256
					],
					[
						121.88574217382977,
						30.871200986040176
					],
					[
						121.89899417541424,
						30.979655986091405
					],
					[
						121.80490916426749,
						31.139211987329602
					],
					[
						121.78742216225494,
						31.181134987568623
					],
					[
						121.68112215052813,
						31.31314998875445
					],
					[
						121.5808871401942,
						31.371839989687203
					],
					[
						121.50702713299978,
						31.39200799029906
					],
					[
						121.43338812611795,
						31.45927199093442
					],
					[
						121.30416911483526,
						31.516360991891876
					],
					[
						121.23181210885362,
						31.624927992466837
					],
					[
						121.0811460973514,
						31.72522399343335
					],
					[
						120.97358008983359,
						31.75983599402252
					],
					[
						120.97003208950726,
						31.86713799412933
					],
					[
						121.00033209151442,
						31.91320199401864
					],
					[
						121.06666609612763,
						31.92837699369446
					],
					[
						121.06782509614206,
						31.993970993747375
					],
					[
						121.15234710232721,
						32.00089399330407
					],
					[
						121.27655011207688,
						31.990039992579742
					],
					[
						121.35594911876687,
						31.955012992048847
					],
					[
						121.50907113254083,
						31.9734499910385
					],
					[
						121.56098913750715,
						31.98734099068139
					],
					[
						121.73340215528512,
						31.98241898932607
					],
					[
						121.7300801548404,
						32.02738198942276
					],
					[
						121.63539114479494,
						32.07073599023852
					],
					[
						121.49665113114588,
						32.11424599130598
					],
					[
						121.42471312456458,
						32.11246899178786
					],
					[
						121.41291112343067,
						32.163173991925255
					],
					[
						121.37388612001516,
						32.16001899217013
					],
					[
						121.38321712068966,
						32.2421799922066
					],
					[
						121.36300711888659,
						32.275477992369865
					],
					[
						121.35984011851389,
						32.33348799245502
					],
					[
						121.37659511989136,
						32.36852599239312
					],
					[
						121.33523611627047,
						32.41949099269825
					],
					[
						121.18479210411049,
						32.47571199359127
					],
					[
						121.06706209537617,
						32.52843099422794
					],
					[
						120.97614308909968,
						32.55508799466845
					],
					[
						120.89102908351786,
						32.60685699507364
					],
					[
						120.91492508487595,
						32.710120995054204
					],
					[
						120.86604308175528,
						32.7467379952799
					],
					[
						120.86009208134546,
						32.775283995324514
					],
					[
						120.90284008391508,
						32.83220299519734
					],
					[
						120.87603808203879,
						32.953902995394635
					],
					[
						120.88444508246904,
						33.00625199540127
					],
					[
						120.78062407618381,
						33.042087995810746
					],
					[
						120.76592307518573,
						33.13378099592435
					],
					[
						120.70800807187739,
						33.1703299961434
					],
					[
						120.7366330733574,
						33.234725996090425
					],
					[
						120.64946006848608,
						33.31730699642056
					],
					[
						120.65104706849888,
						33.359836996441395
					],
					[
						120.61017606632787,
						33.389468996581336
					],
					[
						120.59369706533128,
						33.48523699668427
					],
					[
						120.59843406551703,
						33.517062996689
					],
					[
						120.50934606090736,
						33.6619719970109
					],
					[
						120.51909606132139,
						33.69164999700128
					],
					[
						120.49147805990043,
						33.760676997108014
					],
					[
						120.45472705812215,
						33.81059299722401
					],
					[
						120.48825105962956,
						33.83109299715236
					],
					[
						120.45199605787856,
						33.88148499726586
					],
					[
						120.36621905382046,
						34.056025997543664
					],
					[
						120.33355005236207,
						34.1087909976367
					],
					[
						120.32856805208273,
						34.152968997666484
					],
					[
						120.2895580503717,
						34.228953997777744
					],
					[
						120.27239204954581,
						34.31593699784744
					],
					[
						120.11496004358055,
						34.37464499815109
					],
					[
						119.94522103783463,
						34.46099499844189
					],
					[
						119.86219803532076,
						34.465789998557966
					],
					[
						119.81335503389714,
						34.480746998625925
					],
					[
						119.77375003275613,
						34.51376299868425
					],
					[
						119.65541102960289,
						34.55702599883281
					],
					[
						119.54648602692674,
						34.60987499895871
					],
					[
						119.44987502470971,
						34.68323499906496
					],
					[
						119.47689802524656,
						34.73538599905028
					],
					[
						119.43129002425569,
						34.74998099909393
					],
					[
						119.27544402116116,
						34.74918699922197
					],
					[
						119.22274002017575,
						34.7759439992655
					],
					[
						119.17842101934203,
						34.84944199930767
					],
					[
						119.20127101967942,
						34.93122899930352
					],
					[
						119.19840201958537,
						34.98947499931386
					],
					[
						119.21844501988579,
						35.056434999309886
					],
					[
						119.28366902104123,
						35.088675999268915
					],
					[
						119.37171902270966,
						35.11372799920722
					],
					[
						119.40772202328382,
						35.270278999206376
					],
					[
						119.47159602454325,
						35.3341939991676
					],
					[
						119.51295502542276,
						35.34436799913581
					],
					[
						119.59783202719103,
						35.46888699908886
					],
					[
						119.64411202812985,
						35.58930999907411
					],
					[
						119.62204002758898,
						35.60451899909637
					],
					[
						119.68052702898581,
						35.60745999904584
					],
					[
						119.73908203039828,
						35.64437099900072
					],
					[
						119.76291603105469,
						35.61389499897098
					],
					[
						119.81121003228685,
						35.64434099893144
					],
					[
						119.86891903391611,
						35.61529499886527
					],
					[
						119.9211200353482,
						35.65264499882002
					],
					[
						119.89164003445845,
						35.67835599885844
					],
					[
						119.92394303533769,
						35.708804998832626
					],
					[
						119.91282703492605,
						35.76330599885946
					],
					[
						119.95101203603738,
						35.76452999881932
					],
					[
						120.01139803792971,
						35.72656299874133
					],
					[
						120.03803203865007,
						35.78686499872926
					],
					[
						120.03833803851998,
						35.86192699875201
					],
					[
						120.11720304094925,
						35.91673999867846
					],
					[
						120.23777004498629,
						35.96886799854808
					],
					[
						120.22769904455701,
						36.00001099857222
					],
					[
						120.17096704262563,
						35.97922499863509
					],
					[
						120.19094104313263,
						36.06198499863961
					],
					[
						120.1034090401211,
						36.10202799875454
					],
					[
						120.09117903964723,
						36.141055998780445
					],
					[
						120.11401404030018,
						36.18157199876838
					],
					[
						120.2084430433702,
						36.22620399867622
					],
					[
						120.27695504580906,
						36.2224119985925
					],
					[
						120.33182504779795,
						36.23926899852983
					],
					[
						120.36882804929022,
						36.208678998469324
					],
					[
						120.366753049346,
						36.1559599984507
					],
					[
						120.28556804651424,
						36.05939099852018
					],
					[
						120.33704404847884,
						36.04616199844668
					],
					[
						120.42169205177723,
						36.0587579983335
					],
					[
						120.46429405344135,
						36.09010699828498
					],
					[
						120.59236905897502,
						36.10143699809184
					],
					[
						120.69720506375693,
						36.144755997938475
					],
					[
						120.68021406258144,
						36.251491998024754
					],
					[
						120.64505006082484,
						36.28153999809798
					],
					[
						120.64099906050653,
						36.32127799812485
					],
					[
						120.72888906460463,
						36.347682997995555
					],
					[
						120.68824006250371,
						36.387000998083636
					],
					[
						120.74623906503889,
						36.46440499803126
					],
					[
						120.84086606983959,
						36.46684299787166
					],
					[
						120.83892806983836,
						36.44115399785962
					],
					[
						120.88468907247143,
						36.39228399774659
					],
					[
						120.91175107382257,
						36.4235689977159
					],
					[
						120.88986207249232,
						36.45650499777737
					],
					[
						120.95736707617185,
						36.47036699766002
					],
					[
						120.94981407543631,
						36.54254899772197
					],
					[
						120.8457720695261,
						36.6107409979496
					],
					[
						120.82574406835191,
						36.645312998003526
					],
					[
						120.8977280720506,
						36.666175997894555
					],
					[
						120.93726307429966,
						36.64415699781104
					],
					[
						120.95337707543571,
						36.588874997745755
					],
					[
						121.04213708041377,
						36.619170997598395
					],
					[
						121.20474209019666,
						36.689113997319616
					],
					[
						121.36662310114397,
						36.72446399698606
					],
					[
						121.39228010282203,
						36.75583999695418
					],
					[
						121.56586511611928,
						36.77806899653895
					],
					[
						121.60577411947924,
						36.769565996421775
					],
					[
						121.61797312014568,
						36.81852299644283
					],
					[
						121.74705513121937,
						36.84570699610928
					],
					[
						121.75913213204183,
						36.87976799611593
					],
					[
						121.84768713996674,
						36.923171995906124
					],
					[
						121.91661814659045,
						36.93785499571054
					],
					[
						121.91781614610142,
						37.00357099579843
					],
					[
						122.01946315682015,
						36.97582199542848
					],
					[
						122.03913915932733,
						36.93532199529964
					],
					[
						122.14506517077241,
						36.96451599496907
					],
					[
						122.20343817811444,
						36.91549699466562
					],
					[
						122.18003117556833,
						36.896235994722474
					],
					[
						122.2199631808076,
						36.85181399448847
					],
					[
						122.33630419553718,
						36.831958993967234
					],
					[
						122.36383819872144,
						36.86358599390951
					],
					[
						122.43453220796965,
						36.877749993623674
					],
					[
						122.4318472069669,
						36.92625399373643
					],
					[
						122.51915021883293,
						36.944633993377224
					],
					[
						122.54059622058037,
						37.03705599348275
					],
					[
						122.49469021433657,
						37.019965993653514
					],
					[
						122.41294820309994,
						37.02725999402566
					],
					[
						122.4582062083414,
						37.09038199396251
					],
					[
						122.4505922065859,
						37.14342099410476
					],
					[
						122.5255512166742,
						37.160312993821485
					],
					[
						122.5968552263459,
						37.19749799359023
					],
					[
						122.5917742249849,
						37.23843799370624
					],
					[
						122.54525721766824,
						37.282481994004456
					],
					[
						122.54331221680582,
						37.322295994099605
					],
					[
						122.6454932304749,
						37.391971993827696
					],
					[
						122.63591822854549,
						37.42440799394371
					],
					[
						122.54352621573403,
						37.39646499426007
					],
					[
						122.45861820387852,
						37.415893994631354
					],
					[
						122.40264119672067,
						37.40371699481533
					],
					[
						122.27592518073926,
						37.42285499529591
					],
					[
						122.27024817968693,
						37.45301399536813
					],
					[
						122.1959991711062,
						37.44787199559964
					],
					[
						122.15311416649413,
						37.42930999570357
					],
					[
						122.1169131611574,
						37.549762996002784
					],
					[
						122.05073615425505,
						37.540042996175586
					],
					[
						121.96546914638779,
						37.463653996300266
					],
					[
						121.70459012248102,
						37.45426199694112
					],
					[
						121.66723611947512,
						37.438117997008106
					],
					[
						121.5557251105934,
						37.42763499724016
					],
					[
						121.50122810626019,
						37.451220997375565
					],
					[
						121.4431921016658,
						37.49739099753252
					],
					[
						121.44508310162536,
						37.5228349975523
					],
					[
						121.37328309636942,
						37.55247099770987
					],
					[
						121.35857409510018,
						37.59250299776999
					],
					[
						121.29057309066832,
						37.577968997873
					],
					[
						121.20484908523348,
						37.57747999801069
					],
					[
						121.15727208224614,
						37.59417699809595
					],
					[
						121.12166607972452,
						37.66947899820135
					],
					[
						121.13826808046029,
						37.711257998207024
					],
					[
						121.01538907354109,
						37.71010999837296
					],
					[
						121.0081100730083,
						37.737433998399624
					],
					[
						120.93718006910758,
						37.77255299850888
					],
					[
						120.93202206860771,
						37.8212169985436
					],
					[
						120.85330206467258,
						37.82749599863666
					],
					[
						120.80596206247446,
						37.81497599868148
					],
					[
						120.74041005938906,
						37.83315699875923
					],
					[
						120.58540305305387,
						37.759360998876254
					],
					[
						120.44445004763074,
						37.74503299899617
					],
					[
						120.32289904357278,
						37.65708199906438
					],
					[
						120.31707004350903,
						37.61088899905297
					],
					[
						120.19357303973636,
						37.50350199911538
					],
					[
						120.08116903645137,
						37.44462599918182
					],
					[
						120.00847603439317,
						37.43332699923001
					],
					[
						119.94046803263497,
						37.38693199926384
					],
					[
						119.84624503025198,
						37.3607029993179
					],
					[
						119.91136203203514,
						37.303702999262455
					],
					[
						119.88346903144775,
						37.23327599926391
					],
					[
						119.77973902898324,
						37.163997999315136
					],
					[
						119.78060902904011,
						37.143870999310174
					],
					[
						119.71451602752826,
						37.115020999344985
					],
					[
						119.56662002432327,
						37.094462999425716
					],
					[
						119.52986902352663,
						37.12617899945075
					],
					[
						119.43026702159725,
						37.12430599950009
					],
					[
						119.32215901967415,
						37.11087799954758
					],
					[
						119.1752630172371,
						37.15364499961323
					],
					[
						119.06301901553614,
						37.20880099965995
					],
					[
						119.02212501493078,
						37.25451299967826
					],
					[
						118.90840901344927,
						37.2676539997144
					],
					[
						118.92157001357093,
						37.31761899971516
					]
				],
				[
					[
						109.432693,
						27.743723
					],
					[
						109.36629499999982,
						27.741749
					],
					[
						109.33377099999983,
						27.778402
					],
					[
						109.33129099999984,
						27.863647
					],
					[
						109.28388999999976,
						27.85232
					],
					[
						109.2100309999997,
						27.879803
					],
					[
						109.17784899999958,
						27.94257
					],
					[
						109.11844799999949,
						27.938898
					],
					[
						109.07248599999943,
						27.918807
					],
					[
						109.04875299999932,
						27.939766
					],
					[
						108.99509599999918,
						28.028155
					],
					[
						108.90944999999887,
						28.036357
					],
					[
						108.84303999999867,
						27.995129
					],
					[
						108.87849299999876,
						27.943411
					],
					[
						108.91770499999893,
						27.844997
					],
					[
						108.84856899999866,
						27.83224
					],
					[
						108.83618599999859,
						27.875979
					],
					[
						108.7768319999983,
						27.860998
					],
					[
						108.7484769999981,
						27.886003
					],
					[
						108.7396319999981,
						27.953964
					],
					[
						108.75163299999814,
						28.006752
					],
					[
						108.73698099999805,
						28.113566
					],
					[
						108.66517599999754,
						28.139086
					],
					[
						108.64820099999741,
						28.162153
					],
					[
						108.64885699999739,
						28.27429
					],
					[
						108.60617099999706,
						28.292625
					],
					[
						108.60700199999705,
						28.32634
					],
					[
						108.64843699999739,
						28.334593
					],
					[
						108.65572299999745,
						28.378656
					],
					[
						108.6854629999977,
						28.404493
					],
					[
						108.64219699999732,
						28.470079
					],
					[
						108.70655099999779,
						28.497931
					],
					[
						108.77052299999824,
						28.429087
					],
					[
						108.77645899999823,
						28.38073
					],
					[
						108.75731699999812,
						28.304054
					],
					[
						108.72390699999794,
						28.287844
					],
					[
						108.732482999998,
						28.235146
					],
					[
						108.76914999999825,
						28.216286
					],
					[
						108.80663999999842,
						28.246487
					],
					[
						108.83740999999854,
						28.207632
					],
					[
						108.89028199999882,
						28.221819
					],
					[
						108.99082199999917,
						28.164127
					],
					[
						109.0290989999993,
						28.214214
					],
					[
						109.07115899999941,
						28.190924
					],
					[
						109.08014699999943,
						28.248039
					],
					[
						109.12706699999953,
						28.309811
					],
					[
						109.14983399999956,
						28.412577
					],
					[
						109.20258299999965,
						28.477314
					],
					[
						109.27020299999973,
						28.503479
					],
					[
						109.29107699999982,
						28.571569
					],
					[
						109.35337799999984,
						28.563019
					],
					[
						109.40715799999985,
						28.602619
					],
					[
						109.483047,
						28.594269
					],
					[
						109.55304,
						28.626719
					],
					[
						109.599541,
						28.610178
					],
					[
						109.608558,
						28.582871
					],
					[
						109.557693,
						28.553614
					],
					[
						109.569557,
						28.52424
					],
					[
						109.550697,
						28.480934
					],
					[
						109.569603,
						28.453613
					],
					[
						109.631691,
						28.441565
					],
					[
						109.648453,
						28.407818
					],
					[
						109.722923,
						28.435137
					],
					[
						109.803047,
						28.447485
					],
					[
						109.852867,
						28.472752
					],
					[
						109.879318,
						28.419445
					],
					[
						109.914528,
						28.397968
					],
					[
						110.008164,
						28.407379
					],
					[
						110.009529,
						28.314962
					],
					[
						109.871933,
						28.277767
					],
					[
						109.838982,
						28.237314
					],
					[
						109.851021,
						28.212503
					],
					[
						109.811752,
						28.14937
					],
					[
						109.741989,
						28.144791
					],
					[
						109.682213,
						28.165829
					],
					[
						109.662514,
						28.107641
					],
					[
						109.723137,
						28.107246
					],
					[
						109.78775,
						28.07494
					],
					[
						109.794571,
						28.043047
					],
					[
						109.724167,
						28.017595
					],
					[
						109.729507,
						27.995029
					],
					[
						109.692955,
						27.949776
					],
					[
						109.614799,
						27.886934
					],
					[
						109.639648,
						27.841618
					],
					[
						109.550064,
						27.787292
					],
					[
						109.513954,
						27.810392
					],
					[
						109.470604,
						27.790678
					],
					[
						109.432693,
						27.743723
					]
				],
				[
					[
						109.3998789999999,
						27.16284
					],
					[
						109.33158899999985,
						27.142673
					],
					[
						109.25971999999977,
						27.135271
					],
					[
						109.23442099999971,
						27.152519
					],
					[
						109.16427599999965,
						27.075754
					],
					[
						109.10523199999949,
						27.071945
					],
					[
						109.11281599999951,
						27.125814
					],
					[
						109.01682299999928,
						27.094204
					],
					[
						108.94534299999908,
						27.049683
					],
					[
						108.93018299999902,
						27.016094
					],
					[
						108.87377199999887,
						27.000528
					],
					[
						108.82865899999864,
						27.060492
					],
					[
						108.78499599999837,
						27.080282
					],
					[
						108.8760149999988,
						27.112637
					],
					[
						108.91187299999896,
						27.162937
					],
					[
						108.89586599999892,
						27.209471
					],
					[
						108.93795299999904,
						27.259205
					],
					[
						108.94576799999905,
						27.315131
					],
					[
						109.00216899999923,
						27.347972
					],
					[
						109.0572729999994,
						27.354886
					],
					[
						109.13027199999952,
						27.416351
					],
					[
						109.19755499999967,
						27.45335
					],
					[
						109.33302299999984,
						27.40814
					],
					[
						109.34336099999985,
						27.366652
					],
					[
						109.43324299999989,
						27.31245
					],
					[
						109.43866,
						27.26609
					],
					[
						109.41960899999985,
						27.235374
					],
					[
						109.432701,
						27.198359
					],
					[
						109.3998789999999,
						27.16284
					]
				],
				[
					[
						113.79563900000646,
						23.908263999999647
					],
					[
						113.75330400000581,
						23.861579999999723
					],
					[
						113.70950300000518,
						23.859406999999734
					],
					[
						113.7112810000052,
						23.82542199999975
					],
					[
						113.63272800000422,
						23.812810999999833
					],
					[
						113.617513000004,
						23.75749099999985
					],
					[
						113.57151800000359,
						23.77179099999987
					],
					[
						113.41102700000235,
						23.848651
					],
					[
						113.34937500000187,
						23.85312
					],
					[
						113.33984400000192,
						23.901518
					],
					[
						113.362374000002,
						23.921902
					],
					[
						113.42604100000241,
						23.927843
					],
					[
						113.5271070000033,
						23.97557299999989
					],
					[
						113.51156600000307,
						24.00270999999987
					],
					[
						113.5276640000033,
						24.054511999999878
					],
					[
						113.62805200000429,
						24.094954999999796
					],
					[
						113.72522000000552,
						24.06975899999972
					],
					[
						113.7551190000059,
						24.0280819999997
					],
					[
						113.71206700000529,
						24.000003999999752
					],
					[
						113.76048300000593,
						23.963458999999713
					],
					[
						113.79563900000646,
						23.908263999999647
					]
				],
				[
					[
						110.110893,
						38.582596
					],
					[
						110.003273,
						38.607941
					],
					[
						109.928009,
						38.593925
					],
					[
						109.858154,
						38.653881
					],
					[
						109.825401,
						38.625439
					],
					[
						109.777115,
						38.698406
					],
					[
						109.773407,
						38.743317
					],
					[
						109.817726,
						38.777687
					],
					[
						109.764397,
						38.870541
					],
					[
						109.674675,
						38.949844
					],
					[
						109.571983,
						38.946804
					],
					[
						109.489449,
						38.973011
					],
					[
						109.480019,
						38.995934
					],
					[
						109.533317,
						39.062515
					],
					[
						109.537338,
						39.098167
					],
					[
						109.503143,
						39.172836
					],
					[
						109.526741,
						39.206089
					],
					[
						109.472817,
						39.24839
					],
					[
						109.417038,
						39.26754
					],
					[
						109.362518,
						39.247234
					],
					[
						109.31927499999988,
						39.258884
					],
					[
						109.33136699999986,
						39.333836
					],
					[
						109.31516999999988,
						39.355312
					],
					[
						109.23598499999979,
						39.384777
					],
					[
						109.20989999999976,
						39.373249
					],
					[
						109.16513099999973,
						39.308094
					],
					[
						109.13832099999966,
						39.309708
					],
					[
						109.1033629999996,
						39.381737
					],
					[
						109.0515289999995,
						39.376541
					],
					[
						108.95014199999929,
						39.401604
					],
					[
						108.88936599999907,
						39.389732
					],
					[
						108.81813099999879,
						39.448578
					],
					[
						108.7680359999986,
						39.534222
					],
					[
						108.72971399999842,
						39.578701
					],
					[
						108.67941999999816,
						39.600616
					],
					[
						108.69427499999824,
						39.671745
					],
					[
						108.8061399999988,
						39.821644
					],
					[
						108.82627499999889,
						39.904424
					],
					[
						108.86137899999902,
						39.916633
					],
					[
						108.95573099999928,
						39.844219
					],
					[
						109.16458899999968,
						39.834404
					],
					[
						109.12702899999962,
						39.915527
					],
					[
						109.15351099999965,
						39.947063
					],
					[
						109.2125019999998,
						39.965603
					],
					[
						109.2440189999998,
						39.951973
					],
					[
						109.40992,
						39.948273
					],
					[
						109.439476,
						39.956329
					],
					[
						109.54216,
						39.911957
					],
					[
						109.591789,
						39.948391
					],
					[
						109.62262,
						39.923428
					],
					[
						109.752243,
						39.913731
					],
					[
						109.799294,
						39.895489
					],
					[
						109.90963,
						39.949463
					],
					[
						109.948257,
						39.995232
					],
					[
						110.001648,
						39.948189
					],
					[
						110.066826,
						39.926556
					],
					[
						110.140686,
						39.930161
					],
					[
						110.207313,
						39.870029
					],
					[
						110.318863,
						39.848087
					],
					[
						110.363678,
						39.81987
					],
					[
						110.404762,
						39.83633
					],
					[
						110.399475,
						39.897942
					],
					[
						110.425774,
						39.923031
					],
					[
						110.499092,
						39.927986
					],
					[
						110.564346,
						39.947975
					],
					[
						110.577797,
						39.985004
					],
					[
						110.504072,
						39.98259
					],
					[
						110.461797,
						39.999035
					],
					[
						110.375522,
						40.089814
					],
					[
						110.311679,
						40.142439
					],
					[
						110.248698,
						40.174015
					],
					[
						110.189168,
						40.251637
					],
					[
						110.095991,
						40.310841
					],
					[
						110.07701,
						40.337812
					],
					[
						109.893244,
						40.500292
					],
					[
						109.863479,
						40.619324
					],
					[
						109.93595,
						40.666917
					],
					[
						109.959245,
						40.711901
					],
					[
						109.974774,
						40.857938
					],
					[
						109.961908,
						40.946724
					],
					[
						109.921071,
						41.03384
					],
					[
						109.868324,
						41.097896
					],
					[
						109.81898,
						41.201667
					],
					[
						109.740709,
						41.259318
					],
					[
						109.687607,
						41.313049
					],
					[
						109.681641,
						41.377651
					],
					[
						109.637085,
						41.439011
					],
					[
						109.662804,
						41.5023770000001
					],
					[
						109.804779,
						41.453957
					],
					[
						109.864182,
						41.465042
					],
					[
						109.937569,
						41.388527
					],
					[
						109.984283,
						41.382877
					],
					[
						110.039131,
						41.415745
					],
					[
						110.110847,
						41.409061
					],
					[
						110.132568,
						41.379429
					],
					[
						110.181175,
						41.395905
					],
					[
						110.240502,
						41.441012
					],
					[
						110.3871690000001,
						41.441012
					],
					[
						110.620112,
						41.468209
					],
					[
						110.816667,
						41.469253
					],
					[
						110.785653,
						41.42888
					],
					[
						110.727333,
						41.288063
					],
					[
						111.000588,
						41.22924
					],
					[
						111.197296,
						41.226636
					],
					[
						111.3871,
						41.234446
					],
					[
						111.48718000000011,
						41.231842
					],
					[
						111.545305,
						41.245967
					],
					[
						111.477148,
						41.357946
					],
					[
						111.430237,
						41.528393
					],
					[
						111.342079,
						41.644657
					],
					[
						111.387207,
						41.6954840000001
					],
					[
						111.442423,
						41.714941
					],
					[
						111.5286980000001,
						41.721426
					],
					[
						111.697797,
						41.688999
					],
					[
						111.806504,
						41.679919
					],
					[
						111.85827,
						41.642304
					],
					[
						111.968702,
						41.534646
					],
					[
						112.067056,
						41.504813
					],
					[
						112.117683,
						41.544296
					],
					[
						112.147736,
						41.653015
					],
					[
						112.203827,
						41.676147
					],
					[
						112.345314,
						41.673038
					],
					[
						112.42475900000018,
						41.643826
					],
					[
						112.45650500000015,
						41.693253
					],
					[
						112.4575580000001,
						41.730736
					],
					[
						112.55451200000013,
						41.797867
					],
					[
						112.59545900000012,
						41.792549
					],
					[
						112.65889000000021,
						41.815849
					],
					[
						112.75229600000033,
						41.822403
					],
					[
						112.78453800000035,
						41.889538
					],
					[
						112.86123700000039,
						41.941196
					],
					[
						112.9240880000005,
						41.953629
					],
					[
						112.96217300000049,
						41.985249
					],
					[
						113.12142200000085,
						41.96386
					],
					[
						113.24368300000124,
						42.029137
					],
					[
						113.32967400000163,
						42.134094
					],
					[
						113.40845500000205,
						42.155651
					],
					[
						113.47015400000241,
						42.136936
					],
					[
						113.42643700000212,
						42.23907100000011
					],
					[
						113.49150100000254,
						42.249561
					],
					[
						113.5436100000029,
						42.291306
					],
					[
						113.53042600000272,
						42.326481
					],
					[
						113.59266700000322,
						42.362793
					],
					[
						113.62846400000353,
						42.401779
					],
					[
						113.71423400000438,
						42.424847
					],
					[
						113.79109200000534,
						42.475899
					],
					[
						113.88308000000663,
						42.575554
					],
					[
						114.00000000000871,
						42.65757000000011
					],
					[
						114.05121600000973,
						42.66029
					],
					[
						114.09949500001078,
						42.69402300000012
					],
					[
						114.15624200001226,
						42.699478000000106
					],
					[
						114.26398500001541,
						42.758453
					],
					[
						114.31086700001701,
						42.762173000000146
					],
					[
						114.35559800001869,
						42.799656
					],
					[
						114.45885500002295,
						42.84038500000011
					],
					[
						114.58055100002919,
						42.83335900000016
					],
					[
						114.60004400003027,
						42.85466800000018
					],
					[
						114.72319800003818,
						42.886089000000204
					],
					[
						114.75465400004057,
						42.88205300000022
					],
					[
						114.81747400004531,
						42.92716200000028
					],
					[
						114.8286510000461,
						42.95617700000024
					],
					[
						114.94057500005627,
						42.99009300000034
					],
					[
						114.98552700006057,
						43.0300710000004
					],
					[
						115.18176300008433,
						43.086800000000515
					],
					[
						115.28727700010066,
						43.074036000000625
					],
					[
						115.56543600015563,
						43.13363000000106
					],
					[
						115.60366900016459,
						43.154967000001164
					],
					[
						115.75769600020644,
						43.19278100000153
					],
					[
						115.9966550002922,
						43.18089600000233
					],
					[
						116.17227500037171,
						43.203585000003066
					],
					[
						116.39683900050215,
						43.20142400000437
					],
					[
						116.46246100054593,
						43.21417200000494
					],
					[
						116.491882000563,
						43.268085000005236
					],
					[
						116.5361180005944,
						43.28680400000568
					],
					[
						116.57011400061674,
						43.33430500000605
					],
					[
						116.67504100069428,
						43.43378400000741
					],
					[
						116.76074200076806,
						43.46970800000848
					],
					[
						116.9335710009342,
						43.564430000011356
					],
					[
						116.95973200095392,
						43.63719600001208
					],
					[
						117.0474090010575,
						43.63818000001365
					],
					[
						117.07001500107368,
						43.71710200001449
					],
					[
						117.08212300106929,
						43.842884000015296
					],
					[
						116.97363300093645,
						43.88084000001328
					],
					[
						116.9526290009009,
						43.975239000013254
					],
					[
						117.01606000097057,
						43.977257000014525
					],
					[
						117.072235001032,
						44.00646600001583
					],
					[
						117.1197360010783,
						44.08078800001725
					],
					[
						117.2157590011905,
						44.153206000020106
					],
					[
						117.31111900132014,
						44.18084300002301
					],
					[
						117.37675500141982,
						44.182953000025165
					],
					[
						117.4318311103433,
						44.16083214253638
					],
					[
						117.40415200147687,
						44.12324900002569
					],
					[
						117.46500400158797,
						44.08581500002755
					],
					[
						117.53688100173969,
						44.00000800002961
					],
					[
						117.67247000201263,
						43.997025000035286
					],
					[
						117.69397000208363,
						43.9177700000355
					],
					[
						117.77517700230597,
						43.81063800003815
					],
					[
						117.811546002407,
						43.776897000039604
					],
					[
						117.84980000253663,
						43.69011700004043
					],
					[
						117.88497900263934,
						43.66688200004196
					],
					[
						117.93312800280827,
						43.579823000043326
					],
					[
						117.94521300286358,
						43.53018600004331
					],
					[
						117.89819400275286,
						43.46854000003997
					],
					[
						117.94446600291549,
						43.39818200004133
					],
					[
						118.00057200308528,
						43.40201600004437
					],
					[
						118.06024900330036,
						43.35182200004688
					],
					[
						118.07957400341336,
						43.249638000046225
					],
					[
						118.14524100364633,
						43.24683400005004
					],
					[
						118.24254600399128,
						43.28873400005723
					],
					[
						118.32170100431085,
						43.29095800006303
					],
					[
						118.4434050048654,
						43.26488500007214
					],
					[
						118.41539000475163,
						43.242107000069176
					],
					[
						118.36106100450696,
						43.24573500006492
					],
					[
						118.32911700439033,
						43.211693000061686
					],
					[
						118.36881300461013,
						43.13628400006281
					],
					[
						118.36351000461153,
						43.09667600006142
					],
					[
						118.31536100444481,
						43.02378500005617
					],
					[
						118.36205300469378,
						42.955734000057696
					],
					[
						118.36719500474761,
						42.90763100005678
					],
					[
						118.33812000463031,
						42.88391500005424
					],
					[
						118.32417400461716,
						42.80271900005123
					],
					[
						118.2927550045102,
						42.747537000048
					],
					[
						118.17830600407059,
						42.66843800003993
					],
					[
						118.08148200369814,
						42.66206700003526
					],
					[
						118.00934600345289,
						42.628086000031566
					],
					[
						117.893860003068,
						42.6269190000272
					],
					[
						117.82114400284102,
						42.63808100002494
					],
					[
						117.67736100245962,
						42.57886500001993
					],
					[
						117.58246600222422,
						42.56927900001743
					],
					[
						117.46762800195907,
						42.583874000015044
					],
					[
						117.4612500019582,
						42.530842000014445
					],
					[
						117.40917200185504,
						42.50322300001318
					],
					[
						117.40394600185078,
						42.47470500001281
					],
					[
						117.32681300170101,
						42.46059800001143
					],
					[
						117.29239700163322,
						42.47641800001103
					],
					[
						117.16763300141834,
						42.46676600000917
					],
					[
						117.10273800131453,
						42.47428100000841
					],
					[
						117.0145190011883,
						42.45470400000727
					],
					[
						116.98616800115317,
						42.425392000006816
					],
					[
						116.90064300104473,
						42.39807100000593
					],
					[
						116.88802300103808,
						42.32429100000547
					],
					[
						116.91226200108102,
						42.227982000005206
					],
					[
						116.89716300106649,
						42.188953000004865
					],
					[
						116.78041800092454,
						42.19708200000415
					],
					[
						116.79499000094523,
						42.160931000004084
					],
					[
						116.87107100104181,
						42.119103000004365
					],
					[
						116.8843990010622,
						42.090713000004335
					],
					[
						116.87339000105719,
						42.0164640000039
					],
					[
						116.80092600097247,
						41.976913000003314
					],
					[
						116.73828100089996,
						41.98004500000306
					],
					[
						116.72853800089365,
						41.93572200000282
					],
					[
						116.6677780008282,
						41.939949000002585
					],
					[
						116.56031000072413,
						41.92681500000212
					],
					[
						116.50789700067395,
						41.967979000002074
					],
					[
						116.44738800062485,
						41.94374900000179
					],
					[
						116.38660400057732,
						41.940743000001646
					],
					[
						116.40779100059069,
						41.9846460000018
					],
					[
						116.36722500055856,
						42.007694000001756
					],
					[
						116.32083100052557,
						42.00352500000157
					],
					[
						116.29201500050785,
						41.96599600000146
					],
					[
						116.21167000045753,
						41.92971800000118
					],
					[
						116.18979700044747,
						41.86246100000104
					],
					[
						116.11653100040466,
						41.85950900000092
					],
					[
						116.10455300040071,
						41.798664000000784
					],
					[
						116.06334700037947,
						41.7717780000007
					],
					[
						116.04979700037397,
						41.73149500000063
					],
					[
						116.00798800035336,
						41.713272000000586
					],
					[
						115.8972620003042,
						41.635494000000385
					],
					[
						115.86889800029303,
						41.600883000000344
					],
					[
						115.80628000026803,
						41.576643000000274
					],
					[
						115.87105800029842,
						41.45592900000014
					],
					[
						115.98208700035217,
						41.39783000000014
					],
					[
						116.15434300044963,
						41.361767000000114
					],
					[
						116.19800600047984,
						41.311367
					],
					[
						116.1853260004728,
						41.286194
					],
					[
						116.22708100050853,
						41.12902799999969
					],
					[
						116.27661100054729,
						41.063529999999524
					],
					[
						116.25457000053268,
						41.036056999999445
					],
					[
						116.29914800056851,
						40.98425299999934
					],
					[
						116.32727800059038,
						40.98269699999926
					],
					[
						116.38597100064287,
						40.90595999999901
					],
					[
						116.46419500071303,
						40.8938829999989
					],
					[
						116.45097300069506,
						40.97891199999914
					],
					[
						116.53022000076935,
						40.98827699999909
					],
					[
						116.5931090008342,
						40.98137999999902
					],
					[
						116.60086000083724,
						41.043315999999244
					],
					[
						116.63603200087407,
						41.05836099999925
					],
					[
						116.68948400093761,
						41.027415999999114
					],
					[
						116.6668860009161,
						40.97671099999893
					],
					[
						116.71550700098076,
						40.90096299999851
					],
					[
						116.77095000105292,
						40.87706399999834
					],
					[
						116.79158000108363,
						40.84272399999808
					],
					[
						116.83230600113919,
						40.84032099999802
					],
					[
						116.88257600121615,
						40.79684799999765
					],
					[
						116.78382100108644,
						40.71806299999748
					],
					[
						116.66075400093203,
						40.721856999997875
					],
					[
						116.56774000083345,
						40.659245999997886
					],
					[
						116.4868400007568,
						40.57871099999784
					],
					[
						116.47696100074445,
						40.61779199999802
					],
					[
						116.42333600069071,
						40.671327999998304
					],
					[
						116.36688900063909,
						40.7061259999985
					],
					[
						116.28010000056999,
						40.69381299999864
					],
					[
						116.16978500048992,
						40.70990799999887
					],
					[
						116.14411200046983,
						40.779506999999086
					],
					[
						116.09862500043972,
						40.81428099999918
					],
					[
						116.10572000044179,
						40.86582599999923
					],
					[
						116.04920200040655,
						40.90990399999938
					],
					[
						115.97251100035967,
						41.05431699999963
					],
					[
						115.92505700033524,
						41.07756399999971
					],
					[
						115.92588800033371,
						41.137774999999785
					],
					[
						115.85636900029992,
						41.198607999999865
					],
					[
						115.78471400026669,
						41.317532
					],
					[
						115.70505500023573,
						41.36377
					],
					[
						115.6700820002246,
						41.324757
					],
					[
						115.60308100020333,
						41.297558
					],
					[
						115.56172200019168,
						41.247234
					],
					[
						115.4868780001712,
						41.207977
					],
					[
						115.52091200018184,
						41.142203999999886
					],
					[
						115.4904560001743,
						41.09025999999988
					],
					[
						115.50129700017766,
						41.06322499999985
					],
					[
						115.4744490001718,
						40.97593699999981
					],
					[
						115.5017700001804,
						40.91831999999977
					],
					[
						115.45308700016777,
						40.87359999999977
					],
					[
						115.42745200016223,
						40.793410999999736
					],
					[
						115.37237600014878,
						40.774447999999765
					],
					[
						115.286041000129,
						40.79717999999977
					],
					[
						115.22245800011626,
						40.78329799999983
					],
					[
						115.10553700009494,
						40.82173499999987
					],
					[
						115.03271500008385,
						40.803947
					],
					[
						114.97372500007553,
						40.812202
					],
					[
						114.93719500007063,
						40.837822
					],
					[
						114.81877900005684,
						40.854782
					],
					[
						114.79370900005391,
						40.918919
					],
					[
						114.79315900005355,
						40.981052
					],
					[
						114.75373800004972,
						41.005001
					],
					[
						114.6588970000414,
						41.011547
					],
					[
						114.53359200003254,
						40.986969
					],
					[
						114.44711300002741,
						40.943348
					],
					[
						114.36937700002358,
						40.860462
					],
					[
						114.38243900002439,
						40.789063
					],
					[
						114.35015100002293,
						40.730682
					],
					[
						114.185555000016,
						40.758911
					],
					[
						114.07802600001263,
						40.727802
					],
					[
						114.0412830000117,
						40.594463
					],
					[
						114.0700070000126,
						40.540905
					],
					[
						114.00891300001099,
						40.49017
					],
					[
						113.91639900000888,
						40.479188
					],
					[
						113.78872000000649,
						40.430322
					],
					[
						113.66521500000479,
						40.429226
					],
					[
						113.55307800000352,
						40.347542
					],
					[
						113.38040200000226,
						40.317764
					],
					[
						113.31633000000186,
						40.317493
					],
					[
						113.24910000000152,
						40.410275
					],
					[
						113.02608500000079,
						40.36763
					],
					[
						112.89204400000048,
						40.328301
					],
					[
						112.83833300000038,
						40.202843
					],
					[
						112.72182500000028,
						40.167042
					],
					[
						112.62334400000024,
						40.234764
					],
					[
						112.50477600000018,
						40.268013
					],
					[
						112.449204,
						40.29874
					],
					[
						112.411148,
						40.293919
					],
					[
						112.338646,
						40.255188
					],
					[
						112.302727,
						40.251465
					],
					[
						112.283798,
						40.209026
					],
					[
						112.222511,
						40.169949
					],
					[
						112.21713300000012,
						40.132481
					],
					[
						112.178307,
						40.090096
					],
					[
						112.008118,
						39.83585
					],
					[
						111.9641270000001,
						39.787228
					],
					[
						111.951073,
						39.703751
					],
					[
						111.919708,
						39.65704
					],
					[
						111.919289,
						39.61533
					],
					[
						111.827973,
						39.611969
					],
					[
						111.760559,
						39.589947
					],
					[
						111.639564,
						39.637779
					],
					[
						111.431549,
						39.66761
					],
					[
						111.373169,
						39.70652
					],
					[
						111.141214,
						39.655182
					],
					[
						111.08341,
						39.673136
					],
					[
						111.074523,
						39.574142
					],
					[
						111.088638,
						39.455486
					],
					[
						111.1132810000001,
						39.371784
					],
					[
						111.035374,
						39.348827
					],
					[
						110.795085,
						39.339471
					],
					[
						110.722746,
						39.327651
					],
					[
						110.710533,
						39.28357
					],
					[
						110.736933,
						39.253562
					],
					[
						110.763577,
						39.171125
					],
					[
						110.59597,
						39.079449
					],
					[
						110.550213,
						39.027655
					],
					[
						110.483439,
						39.000235
					],
					[
						110.404441,
						38.927896
					],
					[
						110.350983,
						38.82751
					],
					[
						110.271257,
						38.758047
					],
					[
						110.242224,
						38.693253
					],
					[
						110.234128,
						38.625834
					],
					[
						110.177359,
						38.594745
					],
					[
						110.110893,
						38.582596
					]
				],
				[
					[
						111.009483,
						33.523144
					],
					[
						111.130138,
						33.480418
					],
					[
						111.198754,
						33.482021
					],
					[
						111.216709,
						33.408014
					],
					[
						111.197151,
						33.397861
					],
					[
						111.170937,
						33.319664
					],
					[
						111.233719,
						33.3004
					],
					[
						111.278488,
						33.262772
					],
					[
						111.330513,
						33.259113
					],
					[
						111.394409,
						33.279407
					],
					[
						111.467773,
						33.219318
					],
					[
						111.552757,
						33.212601
					],
					[
						111.593483,
						33.176872
					],
					[
						111.5590210000001,
						33.111675
					],
					[
						111.597687,
						33.012485
					],
					[
						111.583923,
						32.986683
					],
					[
						111.61689,
						32.898418
					],
					[
						111.645897,
						32.870335
					],
					[
						111.697731,
						32.8624
					],
					[
						111.728416,
						32.828587
					],
					[
						111.696614,
						32.773335
					],
					[
						111.702465,
						32.640083
					],
					[
						111.628227,
						32.637432
					],
					[
						111.571899,
						32.595814
					],
					[
						111.524399,
						32.630539
					],
					[
						111.499382,
						32.682457
					],
					[
						111.445778,
						32.720055
					],
					[
						111.431511,
						32.75927
					],
					[
						111.395813,
						32.779434
					],
					[
						111.373947,
						32.830689
					],
					[
						111.325302,
						32.843105
					],
					[
						111.2491,
						32.886044
					],
					[
						111.237022,
						32.932598
					],
					[
						111.267822,
						32.973793
					],
					[
						111.232399,
						33.042702
					],
					[
						111.18705,
						33.073437
					],
					[
						111.15905,
						33.121361
					],
					[
						111.082916,
						33.18367
					],
					[
						111.004043,
						33.217491
					],
					[
						110.977661,
						33.259674
					],
					[
						111.020432,
						33.376945
					],
					[
						110.991127,
						33.437637
					],
					[
						111.015183,
						33.45245
					],
					[
						111.009483,
						33.523144
					]
				],
				[
					[
						108.50042699999572,
						30.051834
					],
					[
						108.43571199999491,
						30.067456
					],
					[
						108.34931599999354,
						30.121914
					],
					[
						108.33157899999317,
						30.165975
					],
					[
						108.24966399999157,
						30.16659499999982
					],
					[
						108.17652399998991,
						30.18973799999978
					],
					[
						108.14391099998902,
						30.16943999999978
					],
					[
						108.21142599999074,
						30.131319999999846
					],
					[
						108.20169899999054,
						30.075871999999833
					],
					[
						108.24060599999142,
						30.043197999999865
					],
					[
						108.28809499999238,
						30.059039999999857
					],
					[
						108.37220199999392,
						30.00656299999988
					],
					[
						108.34559699999349,
						29.969952999999876
					],
					[
						108.30325699999273,
						29.982852999999857
					],
					[
						108.21457299999084,
						29.968464999999807
					],
					[
						108.18367599999007,
						29.946138999999825
					],
					[
						108.13447099998879,
						29.96151899999977
					],
					[
						108.12531599998854,
						29.92579699999975
					],
					[
						108.24375299999154,
						29.84691199999982
					],
					[
						108.28380399999239,
						29.88511399999986
					],
					[
						108.38549099999416,
						29.866182
					],
					[
						108.38356799999414,
						29.803316
					],
					[
						108.33901999999343,
						29.713753
					],
					[
						108.23829699999139,
						29.75261899999982
					],
					[
						108.1702119999898,
						29.687797999999784
					],
					[
						108.16457399998967,
						29.748761999999783
					],
					[
						108.20210999999058,
						29.78740099999981
					],
					[
						108.17051699998979,
						29.833913999999783
					],
					[
						108.13365899998881,
						29.852614999999787
					],
					[
						108.08473999998736,
						29.841140999999705
					],
					[
						108.042701999986,
						29.894862999999653
					],
					[
						107.99999999998447,
						29.98489899999962
					],
					[
						108.00414999998458,
						30.05892899999962
					],
					[
						108.0778499999871,
						30.107593999999732
					],
					[
						108.05577099998636,
						30.16356699999971
					],
					[
						108.11801899998828,
						30.22654099999976
					],
					[
						108.1363369999888,
						30.269593999999763
					],
					[
						108.12435899998847,
						30.29883799999977
					],
					[
						108.19660799999039,
						30.3111829999998
					],
					[
						108.21148399999069,
						30.343553999999813
					],
					[
						108.13326299998866,
						30.37039199999976
					],
					[
						108.17838999998983,
						30.417760999999807
					],
					[
						108.29180199999244,
						30.408066
					],
					[
						108.3421479999934,
						30.47152
					],
					[
						108.37425199999392,
						30.532757
					],
					[
						108.42053199999462,
						30.489098
					],
					[
						108.42001299999463,
						30.42259
					],
					[
						108.40393799999437,
						30.3779849999999
					],
					[
						108.45683299999519,
						30.360924
					],
					[
						108.522010999996,
						30.288652
					],
					[
						108.56938199999654,
						30.253855
					],
					[
						108.54562399999631,
						30.167936
					],
					[
						108.53999299999617,
						30.101624
					],
					[
						108.50042699999572,
						30.051834
					]
				],
				[
					[
						112.167053,
						24.915649
					],
					[
						112.205505,
						24.92626
					],
					[
						112.274796,
						24.87064
					],
					[
						112.25708000000012,
						24.842489
					],
					[
						112.290283,
						24.777962
					],
					[
						112.26135000000014,
						24.733157
					],
					[
						112.273228,
						24.703529
					],
					[
						112.32167,
						24.671684
					],
					[
						112.33492300000016,
						24.632025
					],
					[
						112.388855,
						24.614056
					],
					[
						112.36717200000014,
						24.548908
					],
					[
						112.36983500000012,
						24.461597
					],
					[
						112.410614,
						24.45085
					],
					[
						112.47705100000016,
						24.392069
					],
					[
						112.42565900000017,
						24.378191
					],
					[
						112.383011,
						24.329872
					],
					[
						112.342705,
						24.374159
					],
					[
						112.249184,
						24.400465
					],
					[
						112.238678,
						24.359705
					],
					[
						112.25206,
						24.287174
					],
					[
						112.240936,
						24.241167
					],
					[
						112.14978,
						24.183357
					],
					[
						112.063774,
						24.264503
					],
					[
						112.02994500000011,
						24.209236
					],
					[
						111.987381,
						24.193779
					],
					[
						111.963135,
						24.228052
					],
					[
						112.0569,
						24.36512
					],
					[
						112.030701,
						24.416609
					],
					[
						111.980354,
						24.474339
					],
					[
						111.996178,
						24.549169
					],
					[
						111.934281,
						24.597445
					],
					[
						111.920906,
						24.631266
					],
					[
						111.958664,
						24.72146
					],
					[
						112.01211500000011,
						24.733999
					],
					[
						112.029625,
						24.770937
					],
					[
						112.10473600000012,
						24.834377
					],
					[
						112.14910100000012,
						24.839645
					],
					[
						112.167053,
						24.915649
					]
				],
				[
					[
						103.89949799266967,
						32.497016999671786
					],
					[
						103.78737699179074,
						32.53842499962933
					],
					[
						103.66704699073394,
						32.4759099995717
					],
					[
						103.73081599129416,
						32.382208999595676
					],
					[
						103.69287899095401,
						32.34167499957561
					],
					[
						103.56545998974077,
						32.33719599951085
					],
					[
						103.50679098913336,
						32.31392299947659
					],
					[
						103.48793798892707,
						32.26989599946232
					],
					[
						103.40874498803825,
						32.197852999407985
					],
					[
						103.37401598763145,
						32.183688999384195
					],
					[
						103.34396398727733,
						32.22782499936804
					],
					[
						103.29213698663523,
						32.22844399933216
					],
					[
						103.1028609840371,
						32.19210499918097
					],
					[
						103.04343698312472,
						32.12035799912006
					],
					[
						102.9392239814326,
						32.09093899901673
					],
					[
						102.92078398111175,
						32.049979998992285
					],
					[
						102.85196097989396,
						32.015998998914384
					],
					[
						102.83325297954634,
						31.979659998888
					],
					[
						102.85489697992826,
						31.90661599890081
					],
					[
						102.88787098051253,
						31.88088999893308
					],
					[
						102.94027698141697,
						31.88433299898882
					],
					[
						102.96748398187711,
						31.922700999021792
					],
					[
						103.05528298328292,
						31.956473999110397
					],
					[
						103.14427198460746,
						31.974160999190897
					],
					[
						103.19122298526268,
						31.93396899922539
					],
					[
						103.22377798570582,
						31.933358999251418
					],
					[
						103.29889698668073,
						31.89730999930522
					],
					[
						103.34541298725775,
						31.9044799993395
					],
					[
						103.40216798792919,
						31.879588999376463
					],
					[
						103.40271798792887,
						31.79611999936959
					],
					[
						103.36226698744959,
						31.766137999338888
					],
					[
						103.43773698832544,
						31.744441999388727
					],
					[
						103.4753489887397,
						31.70024499940966
					],
					[
						103.5247269892685,
						31.718579999442003
					],
					[
						103.57115198974428,
						31.70848999946904
					],
					[
						103.63577999037507,
						31.672021999503244
					],
					[
						103.63948799040895,
						31.639943999503178
					],
					[
						103.6096569901198,
						31.57925599948225
					],
					[
						103.62033799022208,
						31.544192999485965
					],
					[
						103.60319999005425,
						31.505006999473352
					],
					[
						103.55268598954899,
						31.521285999444384
					],
					[
						103.50018298899825,
						31.475500999407945
					],
					[
						103.44730398841992,
						31.482808999373425
					],
					[
						103.35957298739906,
						31.41307599930489
					],
					[
						103.28279898644392,
						31.404942999244703
					],
					[
						103.20024898534611,
						31.366733999171682
					],
					[
						103.14571398457784,
						31.288222999113934
					],
					[
						103.06082198331463,
						31.268939999029723
					],
					[
						103.0103069825224,
						31.326045998985407
					],
					[
						102.98065898204001,
						31.27001399894641
					],
					[
						102.91642798095758,
						31.243617998871123
					],
					[
						102.89111298051506,
						31.19170999883399
					],
					[
						102.91916698100441,
						31.09787699885306
					],
					[
						102.97337298191937,
						31.08619099891318
					],
					[
						102.95422398160183,
						31.029733998883785
					],
					[
						102.91496298093392,
						30.998160998833537
					],
					[
						102.88543698042079,
						30.907283998784333
					],
					[
						102.85075397979651,
						30.93936299874596
					],
					[
						102.70661097702003,
						30.91797599854742
					],
					[
						102.66562697617574,
						30.853356998475032
					],
					[
						102.5896069745298,
						30.850547998356017
					],
					[
						102.46434797160867,
						30.75579999812113
					],
					[
						102.46710197168329,
						30.693686998111804
					],
					[
						102.35179196873499,
						30.706115997893885
					],
					[
						102.29145796709314,
						30.674741997760886
					],
					[
						102.2589189661818,
						30.627112997677482
					],
					[
						102.20659596465534,
						30.63873999756355
					],
					[
						102.17582696373859,
						30.596400997479332
					],
					[
						102.08284796080397,
						30.66017899727237
					],
					[
						102.04855295967346,
						30.667518997186924
					],
					[
						101.93986495590832,
						30.643138996882392
					],
					[
						101.8790159536652,
						30.64692699670631
					],
					[
						101.81191995106565,
						30.708467996526494
					],
					[
						101.89676095430508,
						30.800541996819614
					],
					[
						101.9048939546016,
						30.8482289968617
					],
					[
						101.8788319536264,
						30.874407996797018
					],
					[
						101.88351395379759,
						30.951846996841414
					],
					[
						101.87066695331144,
						31.00063899682405
					],
					[
						101.86757695319442,
						31.08677899684992
					],
					[
						101.9059829546353,
						31.149423996982286
					],
					[
						101.86096995294946,
						31.206161996879455
					],
					[
						101.85913795288363,
						31.248656996891484
					],
					[
						101.83164195182799,
						31.287341996829362
					],
					[
						101.76219894905626,
						31.28080399662218
					],
					[
						101.70934294685733,
						31.299804996467635
					],
					[
						101.67803194552427,
						31.35582399639456
					],
					[
						101.61754594285242,
						31.386601996211652
					],
					[
						101.56179094027382,
						31.350446996001903
					],
					[
						101.54377793942876,
						31.38014999595424
					],
					[
						101.42010493327865,
						31.349093995475396
					],
					[
						101.34422292925059,
						31.369664995182514
					],
					[
						101.29494492651514,
						31.36015499496829
					],
					[
						101.24085192342474,
						31.406285994762964
					],
					[
						101.26167292464814,
						31.446849994882847
					],
					[
						101.2564769243641,
						31.48671499488766
					],
					[
						101.21010592167009,
						31.549703994727306
					],
					[
						101.20448292138597,
						31.647525994772458
					],
					[
						101.24218792363978,
						31.696393994971164
					],
					[
						101.17291991950981,
						31.698293994668425
					],
					[
						101.10066991500739,
						31.719487994350676
					],
					[
						101.04285391120676,
						31.679803994037933
					],
					[
						100.95854190544654,
						31.689050993613275
					],
					[
						100.96032690559309,
						31.716693993647148
					],
					[
						100.91378790232629,
						31.776589993453012
					],
					[
						100.93598890396443,
						31.82672099361699
					],
					[
						100.97608890681961,
						31.866294993859675
					],
					[
						100.99613990829559,
						31.96600899404608
					],
					[
						100.93254090387987,
						31.989926993745662
					],
					[
						100.87230689947094,
						31.961923993401243
					],
					[
						100.78665189299342,
						32.00493999296607
					],
					[
						100.79695889384368,
						32.04204599306216
					],
					[
						100.69777688601225,
						32.1344909925813
					],
					[
						100.70802288693744,
						32.18832399270052
					],
					[
						100.64308188155995,
						32.23072799235636
					],
					[
						100.58265687633022,
						32.25376099200456
					],
					[
						100.57018987531963,
						32.30968099199175
					],
					[
						100.52676387144527,
						32.34332699175166
					],
					[
						100.54365587309286,
						32.395789991926016
					],
					[
						100.61922487988112,
						32.439364992449136
					],
					[
						100.63143888105766,
						32.502517992594534
					],
					[
						100.66598488403001,
						32.52346799282036
					],
					[
						100.65566288332107,
						32.60246299284838
					],
					[
						100.7066878875729,
						32.611667993146206
					],
					[
						100.70567288756783,
						32.65018099318158
					],
					[
						100.6700208846741,
						32.67332499300817
					],
					[
						100.57039587614574,
						32.69604099245427
					],
					[
						100.49753586942902,
						32.657611991955974
					],
					[
						100.40502886079891,
						32.745494991465996
					],
					[
						100.3185268519932,
						32.724914990838315
					],
					[
						100.26085684595127,
						32.743846990446755
					],
					[
						100.23624384319638,
						32.71565199021909
					],
					[
						100.22175584132971,
						32.62381698996474
					],
					[
						100.1184538295988,
						32.639819989161154
					],
					[
						100.09265082669219,
						32.68607298902519
					],
					[
						100.1335448316492,
						32.727302989432914
					],
					[
						100.1059948288911,
						32.863166989439804
					],
					[
						100.02477281923797,
						32.90642898884361
					],
					[
						100.01480081816348,
						32.94760098883407
					],
					[
						99.97196981273592,
						32.940288988451876
					],
					[
						99.9283908073494,
						32.99835598817885
					],
					[
						99.88940380226045,
						33.014480987859365
					],
					[
						99.86260179834754,
						32.94951998747956
					],
					[
						99.78659778776166,
						32.95111098675142
					],
					[
						99.79415878856128,
						32.891955986697795
					],
					[
						99.74240078042136,
						32.74667398584752
					],
					[
						99.61463876108407,
						32.7805559845314
					],
					[
						99.57795675544772,
						32.825847984225305
					],
					[
						99.4185867288162,
						32.88443798245387
					],
					[
						99.27090470157259,
						32.88833198050166
					],
					[
						99.24315669647774,
						32.930526980249205
					],
					[
						99.23007169434416,
						32.991584980264804
					],
					[
						99.1948846876588,
						33.032004979900826
					],
					[
						99.12178767287477,
						33.052592978906446
					],
					[
						99.03280565420603,
						33.095485977705884
					],
					[
						98.9173736283358,
						33.121547975942654
					],
					[
						98.85111161295674,
						33.15933597497424
					],
					[
						98.80415360213955,
						33.225600974443054
					],
					[
						98.80911960377556,
						33.2642819747002
					],
					[
						98.76715759349389,
						33.28194397403962
					],
					[
						98.78175359806384,
						33.36363597466326
					],
					[
						98.73451158670242,
						33.41452797406349
					],
					[
						98.74185158935019,
						33.48000297449272
					],
					[
						98.72617358570662,
						33.5098689743554
					],
					[
						98.64804856580596,
						33.55310097316304
					],
					[
						98.65353356782363,
						33.59567997346889
					],
					[
						98.61922355920342,
						33.63936597305974
					],
					[
						98.60378955614453,
						33.72098197318349
					],
					[
						98.52816753583248,
						33.767337972022204
					],
					[
						98.52446653522627,
						33.79666897210628
					],
					[
						98.46033451759274,
						33.85003697117169
					],
					[
						98.40783650236584,
						33.871268970263046
					],
					[
						98.40596750284136,
						33.932979970575204
					],
					[
						98.44176451447623,
						33.99197397159458
					],
					[
						98.39991650370305,
						34.087386971329664
					],
					[
						98.42042551016247,
						34.10725797182907
					],
					[
						98.47715752613117,
						34.07295197269308
					],
					[
						98.52802254081902,
						34.088576973689605
					],
					[
						98.58315955578587,
						34.07392897457557
					],
					[
						98.61341056298532,
						34.011489974785235
					],
					[
						98.65924757521572,
						34.01837497558889
					],
					[
						98.78373660771244,
						34.094909977906916
					],
					[
						98.79782861160479,
						34.12941697826678
					],
					[
						98.90033663607463,
						34.161979979876435
					],
					[
						99.01094766121886,
						34.220050981575696
					],
					[
						99.08011567560666,
						34.210238982410374
					],
					[
						99.05386366976141,
						34.17609398196301
					],
					[
						99.07465367366792,
						34.140330982098085
					],
					[
						99.05253566848127,
						34.090297981640354
					],
					[
						99.04817966683983,
						34.027137981357654
					],
					[
						99.08337367378093,
						33.99035598168242
					],
					[
						99.10848167813772,
						33.91535998174345
					],
					[
						99.18671369335928,
						33.870955982577726
					],
					[
						99.24360670345071,
						33.776481982968875
					],
					[
						99.28743671131421,
						33.733439983360434
					],
					[
						99.37445772726964,
						33.75122498441637
					],
					[
						99.37883772852334,
						33.807605984626534
					],
					[
						99.45141574117115,
						33.82187298544828
					],
					[
						99.56953376003861,
						33.764308986501234
					],
					[
						99.6414637711422,
						33.758903987180666
					],
					[
						99.70161378042576,
						33.8056869878408
					],
					[
						99.76206178911521,
						33.80650698837403
					],
					[
						99.79703479379839,
						33.77478798860559
					],
					[
						99.84623680044189,
						33.76378998899345
					],
					[
						99.89025880596506,
						33.70922498924342
					],
					[
						99.95845781455934,
						33.67737198972173
					],
					[
						100.01502982155048,
						33.67288999014387
					],
					[
						100.04698182510286,
						33.61255999027506
					],
					[
						100.12363383387643,
						33.569839990756904
					],
					[
						100.24012784700521,
						33.62687699163394
					],
					[
						100.27665685119908,
						33.70718399198353
					],
					[
						100.24547984817404,
						33.76153199186838
					],
					[
						100.32323985613061,
						33.745017992321
					],
					[
						100.42062086583591,
						33.788883992939915
					],
					[
						100.46898987048887,
						33.82359699324625
					],
					[
						100.5383498767946,
						33.84184599362767
					],
					[
						100.5897058813804,
						33.88094699392619
					],
					[
						100.67664988873352,
						33.92719299438203
					],
					[
						100.78226489693694,
						33.925330994838724
					],
					[
						100.9243539066327,
						33.74212299524748
					],
					[
						101.02868591357698,
						33.73707199563566
					],
					[
						101.04617991476123,
						33.762832995718426
					],
					[
						101.01157991275302,
						33.848395995661505
					],
					[
						101.10863491888293,
						33.85783799600481
					],
					[
						101.19377092377991,
						33.79229699623576
					],
					[
						101.22777492563361,
						33.75189999631557
					],
					[
						101.28529392874222,
						33.71290599646639
					],
					[
						101.31169093017446,
						33.71721999654757
					],
					[
						101.3931499343305,
						33.67275599675454
					],
					[
						101.49119593918711,
						33.70295299703387
					],
					[
						101.54746994178703,
						33.694003997171144
					],
					[
						101.55786094222134,
						33.67024199718487
					],
					[
						101.62560294522383,
						33.67361399734873
					],
					[
						101.70817594875103,
						33.71554899755339
					],
					[
						101.77602395143641,
						33.70377699769193
					],
					[
						101.83421295354722,
						33.6185259977761
					],
					[
						101.90541095606113,
						33.54471999788756
					],
					[
						101.90042095581825,
						33.48696499785686
					],
					[
						101.95776395778346,
						33.44081099794948
					],
					[
						102.01466395963884,
						33.37404599803125
					],
					[
						102.07215896147689,
						33.34381899812305
					],
					[
						102.15277796396768,
						33.34423099825817
					],
					[
						102.20058396539116,
						33.361907998339014
					],
					[
						102.25186196688688,
						33.411273998430076
					],
					[
						102.29392296804214,
						33.413722998491686
					],
					[
						102.35462896963,
						33.39322699857102
					],
					[
						102.43971997180061,
						33.455287998696285
					],
					[
						102.44747897203573,
						33.525474998721286
					],
					[
						102.46735397252714,
						33.551494998751075
					],
					[
						102.43913297187409,
						33.581355998723296
					],
					[
						102.33715796934567,
						33.61696999860155
					],
					[
						102.31491096881615,
						33.682963998588065
					],
					[
						102.33897396948029,
						33.7256319986302
					],
					[
						102.30042996851677,
						33.78270699859357
					],
					[
						102.24307996696442,
						33.78912699851725
					],
					[
						102.25373096731758,
						33.85356499854876
					],
					[
						102.19335196568544,
						33.918643998482224
					],
					[
						102.22862296671902,
						33.9553529985412
					],
					[
						102.30878396892591,
						33.993842998656504
					],
					[
						102.38556697087587,
						33.98136499874803
					],
					[
						102.42134897184084,
						34.08661999881313
					],
					[
						102.4653699728748,
						34.075374998859814
					],
					[
						102.55580897492669,
						34.09324999895858
					],
					[
						102.65871397707652,
						34.08682599905697
					],
					[
						102.65414397700408,
						34.11514699905766
					],
					[
						102.59779397586576,
						34.14724699901016
					],
					[
						102.65311397703803,
						34.19283699907021
					],
					[
						102.69176497781152,
						34.20201499910644
					],
					[
						102.72183197842685,
						34.25270099914073
					],
					[
						102.89480298149095,
						34.21373199927176
					],
					[
						102.97672898280159,
						34.188925999326706
					],
					[
						103.09801498460838,
						34.18325799940486
					],
					[
						103.12360398493986,
						34.1205099994137
					],
					[
						103.16744198552901,
						34.093654999437106
					],
					[
						103.14103698514732,
						34.042468999415995
					],
					[
						103.1518629852786,
						34.001651999418236
					],
					[
						103.12075798482259,
						33.94302799939276
					],
					[
						103.17894698560502,
						33.9022479994243
					],
					[
						103.15014698517761,
						33.81181299939717
					],
					[
						103.23622898631582,
						33.79265599944733
					],
					[
						103.34721398766341,
						33.74501799950457
					],
					[
						103.43190798862624,
						33.75435299954831
					],
					[
						103.46200598896556,
						33.803939999566566
					],
					[
						103.50417298940887,
						33.811778999586515
					],
					[
						103.52633698962356,
						33.7711299995935
					],
					[
						103.48039298913854,
						33.72793199956947
					],
					[
						103.49991598932974,
						33.6824259995752
					],
					[
						103.53887198972393,
						33.67300799959218
					],
					[
						103.59117899024636,
						33.714229999617665
					],
					[
						103.64208999071658,
						33.68663799963689
					],
					[
						103.69836399122039,
						33.687762999659
					],
					[
						103.76624299179043,
						33.660384999682535
					],
					[
						103.85938999253145,
						33.68399399971549
					],
					[
						103.9642489932889,
						33.67216099974733
					],
					[
						104.04965999385932,
						33.68680599977179
					],
					[
						104.10084499417611,
						33.66498999978432
					],
					[
						104.16682399456032,
						33.610782999798694
					],
					[
						104.15173399446444,
						33.54597099979284
					],
					[
						104.1781389946084,
						33.47477299979682
					],
					[
						104.21060899478827,
						33.4485659998037
					],
					[
						104.21485899480707,
						33.40621199980335
					],
					[
						104.26432799507334,
						33.39347799981437
					],
					[
						104.2931369952178,
						33.33466299981895
					],
					[
						104.3648909955765,
						33.346652999834475
					],
					[
						104.3734509956136,
						33.30273399983501
					],
					[
						104.30409999527033,
						33.29673399982028
					],
					[
						104.34817499547883,
						33.16083499982593
					],
					[
						104.3722229955923,
						33.12097899982988
					],
					[
						104.35493499550445,
						33.07083499982486
					],
					[
						104.42335499582406,
						33.01262699983754
					],
					[
						104.38080599562366,
						32.996158999828324
					],
					[
						104.35922199551545,
						32.943683999822305
					],
					[
						104.28546899514252,
						32.941749999805516
					],
					[
						104.27208699506797,
						32.890952999800724
					],
					[
						104.24465199491934,
						32.87482799979352
					],
					[
						104.14433299435584,
						32.96555299977043
					],
					[
						103.99858099343527,
						33.04002399973067
					],
					[
						103.97604399327822,
						33.02115199972265
					],
					[
						103.95009599308221,
						32.905276999709
					],
					[
						104.02498599358873,
						32.819858999729746
					],
					[
						104.07498899391742,
						32.8503299997463
					],
					[
						104.14465299433857,
						32.75514599976293
					],
					[
						104.13042399425068,
						32.72907299975793
					],
					[
						104.18106899454368,
						32.64052999976908
					],
					[
						104.16788499445796,
						32.51981699976114
					],
					[
						104.14794199433811,
						32.49757399975459
					],
					[
						104.07269299387882,
						32.584861999735175
					],
					[
						104.06594799383912,
						32.62809399973479
					],
					[
						104.03763599365627,
						32.64835399972665
					],
					[
						103.88661899258693,
						32.64007999967397
					],
					[
						103.84142299223171,
						32.58097499965357
					],
					[
						103.89949799266967,
						32.497016999671786
					]
				],
				[
					[
						92.78857724959693,
						41.120720131184385
					],
					[
						92.66427899054096,
						41.11678314035098
					],
					[
						92.56498979636153,
						41.14321515065627
					],
					[
						92.3458723093937,
						41.15706317137536
					],
					[
						92.19875499807617,
						41.21010619117637
					],
					[
						92.12970883385994,
						41.21989819948747
					],
					[
						92.07711872416725,
						41.2471582081747
					],
					[
						91.89775127410434,
						41.273945232257674
					],
					[
						91.8990644041629,
						41.40292424708975
					],
					[
						91.88115838982436,
						41.437054253386826
					],
					[
						91.78585121548306,
						41.52001227633934
					],
					[
						91.7767422239823,
						41.552387281528404
					],
					[
						91.81380542565546,
						41.651787287731246
					],
					[
						91.79419052010326,
						41.79472730718408
					],
					[
						91.74419556714237,
						41.965237334886496
					],
					[
						91.70851254628008,
						42.032761348833894
					],
					[
						91.6176843799966,
						42.0980303730856
					],
					[
						91.53797231131458,
						42.22464740382024
					],
					[
						91.5113533580777,
						42.32675242160254
					],
					[
						91.47750935678953,
						42.40222643793926
					],
					[
						91.44271958777904,
						42.675224478232245
					],
					[
						91.4564607449839,
						42.7798844870231
					],
					[
						91.42066275049471,
						42.85896750482107
					],
					[
						91.37262085008666,
						43.03937253765456
					],
					[
						91.4096999416365,
						43.04208552824829
					],
					[
						91.54631233466817,
						43.11106950096528
					],
					[
						91.61082456378185,
						43.191091493153515
					],
					[
						91.71328087962668,
						43.28766947767128
					],
					[
						91.86886522592907,
						43.32906144549953
					],
					[
						91.97715255708964,
						43.46870843306476
					],
					[
						91.90721445559096,
						43.49368345056965
					],
					[
						91.77233431898908,
						43.60526349148947
					],
					[
						91.6709391544744,
						43.62977251899639
					],
					[
						91.61445903048309,
						43.61519253235565
					],
					[
						91.53474691687688,
						43.654232557318885
					],
					[
						91.45500076611837,
						43.66226758031315
					],
					[
						91.47792288175003,
						43.72321357963236
					],
					[
						91.54658005898972,
						43.76176856396289
					],
					[
						91.51774110068183,
						43.84915257996788
					],
					[
						91.33838090582671,
						43.98000064564506
					],
					[
						91.30020387453214,
						44.01615566119777
					],
					[
						91.2971830074968,
						44.130905673103285
					],
					[
						91.30491143905923,
						44.47930570203013
					],
					[
						91.37233269288019,
						44.59940768948766
					],
					[
						91.4220769591513,
						44.76474868602909
					],
					[
						91.51654422989576,
						44.88443466396078
					],
					[
						91.5464593575234,
						44.96508065998644
					],
					[
						91.51920740495959,
						45.04525067431969
					],
					[
						91.5365944720325,
						45.086632671438586
					],
					[
						91.61384255070976,
						45.06419064521022
					],
					[
						91.71353567624445,
						45.06148561435678
					],
					[
						91.79731479818622,
						45.07991059070082
					],
					[
						92.08568313456533,
						45.080105512087385
					],
					[
						92.24518325131424,
						45.008900469307676
					],
					[
						92.4225594416406,
						45.016212429416576
					],
					[
						92.4769944858751,
						45.001801417069196
					],
					[
						92.54733856491328,
						45.01622840299588
					],
					[
						92.66305267594053,
						45.018372379900285
					],
					[
						92.7761137950722,
						45.04463235940981
					],
					[
						92.88155188600633,
						45.0435643402789
					],
					[
						92.96951794150289,
						45.01130732394338
					],
					[
						93.17219310612748,
						45.01398929137388
					],
					[
						93.31711419854778,
						44.978798268841864
					],
					[
						93.37047424192589,
						44.987282261563315
					],
					[
						93.43254727165323,
						44.95495225214527
					],
					[
						93.50694832960194,
						44.966515242609944
					],
					[
						93.71303443735857,
						44.891365215254766
					],
					[
						93.73963744155978,
						44.858467211364854
					],
					[
						94.06024759752893,
						44.73350917466463
					],
					[
						94.14895463359305,
						44.683392165246474
					],
					[
						94.20365066173723,
						44.67110816003988
					],
					[
						94.25737667554466,
						44.61718815424163
					],
					[
						94.34223070895469,
						44.56833314613543
					],
					[
						94.3534756994407,
						44.516502144216574
					],
					[
						94.39112672274644,
						44.52264014130362
					],
					[
						94.48784476925997,
						44.49796713333219
					],
					[
						94.52893678283091,
						44.467014129705206
					],
					[
						94.63042282694907,
						44.43023312178368
					],
					[
						94.72389085135733,
						44.33749411390518
					],
					[
						94.78977088559195,
						44.339367109686634
					],
					[
						94.82729989850331,
						44.315254106952366
					],
					[
						94.935301946409,
						44.29354910012305
					],
					[
						95.01826397631292,
						44.25132409478037
					],
					[
						95.20014106237862,
						44.2680700853665
					],
					[
						95.29426510556172,
						44.283009080909586
					],
					[
						95.41933415758945,
						44.28871207514887
					],
					[
						95.42131015179316,
						44.25275407464849
					],
					[
						95.3745491278817,
						44.22589507645172
					],
					[
						95.35088210474862,
						44.15551407668929
					],
					[
						95.35037909198516,
						44.08964907590295
					],
					[
						95.3256600698448,
						44.03003707628065
					],
					[
						95.40907210214392,
						44.01079907232647
					],
					[
						95.52389414784916,
						44.00000806736409
					],
					[
						95.63479516243743,
						43.82290306103932
					],
					[
						95.65648616111726,
						43.76207305956234
					],
					[
						95.74033316710086,
						43.589390054711565
					],
					[
						95.86315118708742,
						43.398968048723376
					],
					[
						95.88466617652485,
						43.26971104670297
					],
					[
						95.90911018146078,
						43.236175045638305
					],
					[
						96.35998430754296,
						42.89994003144073
					],
					[
						96.38307829566531,
						42.72532602945505
					],
					[
						96.09664016936559,
						42.59966703411874
					],
					[
						96.05190911469273,
						42.33735303217677
					],
					[
						96.02552707148496,
						42.110931030053855
					],
					[
						96.05531207228911,
						42.01619702834874
					],
					[
						96.02010304427806,
						41.93380002799379
					],
					[
						95.98966902400045,
						41.89428302805715
					],
					[
						95.86835395537506,
						41.843002029668696
					],
					[
						95.68659085365316,
						41.82210903305936
					],
					[
						95.53911477358056,
						41.854588036880756
					],
					[
						95.42088969609948,
						41.82857503929769
					],
					[
						95.04636942651682,
						41.77122904843118
					],
					[
						94.84792924960186,
						41.682705052550105
					],
					[
						94.76930817833357,
						41.6615520546014
					],
					[
						94.67983808985045,
						41.62221105659567
					],
					[
						94.6034070072652,
						41.57484405793507
					],
					[
						94.41741777145796,
						41.39188405894519
					],
					[
						94.2733355850059,
						41.28911206068223
					],
					[
						94.07700831166765,
						41.15832506310246
					],
					[
						94.00272819381118,
						41.08950806310515
					],
					[
						93.80673684729557,
						40.87663706090979
					],
					[
						93.71163570220278,
						40.856945063575075
					],
					[
						93.57088853049736,
						40.94419907403831
					],
					[
						93.5144614494941,
						40.95751207733359
					],
					[
						93.27296006870048,
						40.98514609100535
					],
					[
						93.1205858237531,
						41.0256811022269
					],
					[
						93.00957065973218,
						41.092525113730645
					],
					[
						92.90106547572405,
						41.12748712359145
					],
					[
						92.78857724959693,
						41.120720131184385
					]
				],
				[
					[
						100.13584085629877,
						25.5612679772136
					],
					[
						100.08824885142883,
						25.562022976361973
					],
					[
						100.05200184738064,
						25.58429697573083
					],
					[
						100.02082784454606,
						25.53985197506714
					],
					[
						100.05822784935839,
						25.466655975650912
					],
					[
						100.09677085333422,
						25.468369976365565
					],
					[
						100.09220885234284,
						25.515876976359134
					],
					[
						100.19716586262092,
						25.535169978233125
					],
					[
						100.2569428687534,
						25.48861897915806
					],
					[
						100.31248487379833,
						25.491246980049315
					],
					[
						100.35968787864047,
						25.418828980682193
					],
					[
						100.42875688511371,
						25.349566981623944
					],
					[
						100.43754388658353,
						25.266530981650416
					],
					[
						100.41612188567896,
						25.174460981222303
					],
					[
						100.51063489368768,
						25.119586982520616
					],
					[
						100.55181889711336,
						25.08484998304957
					],
					[
						100.621322902307,
						25.070872983957113
					],
					[
						100.60848990177723,
						25.024175983741348
					],
					[
						100.64744590489249,
						24.980483984200823
					],
					[
						100.71250590928858,
						24.985754985018374
					],
					[
						100.75525691248129,
						24.936469985486216
					],
					[
						100.74803091317234,
						24.7877009852632
					],
					[
						100.76719691474668,
						24.742635985451678
					],
					[
						100.82463091841488,
						24.728036986108503
					],
					[
						100.95225492587892,
						24.723388987496566
					],
					[
						100.94861592600915,
						24.675198987421503
					],
					[
						101.0417559318311,
						24.554057988277105
					],
					[
						101.05552693300122,
						24.48400098836307
					],
					[
						101.0765079341064,
						24.477229988562005
					],
					[
						101.13176693732888,
						24.39775998903162
					],
					[
						101.25244894346274,
						24.299273990044913
					],
					[
						101.2339609431532,
						24.214931989836877
					],
					[
						101.26721894473832,
						24.191170990108613
					],
					[
						101.3429869478794,
						24.195397990735035
					],
					[
						101.35346194857878,
						24.145822990792485
					],
					[
						101.37981394968521,
						24.135463990994783
					],
					[
						101.41278795124275,
						24.084548991223585
					],
					[
						101.41558095158642,
						24.04039599122312
					],
					[
						101.44383195272373,
						24.02677299142987
					],
					[
						101.49910695521308,
						23.934895991792427
					],
					[
						101.46334095434987,
						23.854852991494223
					],
					[
						101.40197795228502,
						23.819409991009927
					],
					[
						101.37808095169537,
						23.76449999079435
					],
					[
						101.35923495145622,
						23.682603990601834
					],
					[
						101.38383495278765,
						23.613055990765986
					],
					[
						101.2639099488075,
						23.511048989705753
					],
					[
						101.28186995045405,
						23.365691989787248
					],
					[
						101.2269599487767,
						23.294930989257402
					],
					[
						101.14897894589403,
						23.254083988496955
					],
					[
						101.1132579438073,
						23.33214598819024
					],
					[
						101.07910894197731,
						23.37717098787282
					],
					[
						101.04425093979549,
						23.457168987563193
					],
					[
						101.03332493873945,
						23.52891898749513
					],
					[
						101.01080293726875,
						23.582032987292287
					],
					[
						100.97812693552514,
						23.60351398695537
					],
					[
						100.94142193324213,
						23.661469986591605
					],
					[
						100.90935493082496,
						23.757064986300087
					],
					[
						100.86008392808704,
						23.77277798574241
					],
					[
						100.80613692519461,
						23.765460985089177
					],
					[
						100.77368492375658,
						23.72220498465144
					],
					[
						100.72328092114583,
						23.691067983979718
					],
					[
						100.61742891522185,
						23.64493998250074
					],
					[
						100.4687319054539,
						23.650705980290567
					],
					[
						100.38763389929834,
						23.688874979022604
					],
					[
						100.35954989627842,
						23.768718978643705
					],
					[
						100.35992389534596,
						23.848792978742722
					],
					[
						100.40886689847098,
						23.891532979597567
					],
					[
						100.38233989501232,
						24.02147497931442
					],
					[
						100.36551689336362,
						24.053771979075623
					],
					[
						100.49671190259161,
						24.091330981185457
					],
					[
						100.52502390353114,
						24.193433981713273
					],
					[
						100.50296790042395,
						24.3459449815518
					],
					[
						100.51377090018728,
						24.44828598182062
					],
					[
						100.54884290243166,
						24.476024982353362
					],
					[
						100.50274689852814,
						24.535550981755218
					],
					[
						100.48728189680467,
						24.594674981594437
					],
					[
						100.42383589131607,
						24.659213980717567
					],
					[
						100.41149888980766,
						24.71232998059144
					],
					[
						100.36247288543868,
						24.753278979875237
					],
					[
						100.32157888193358,
						24.763617979229743
					],
					[
						100.19238287088699,
						24.73984497698794
					],
					[
						100.10479786350352,
						24.67495697527355
					],
					[
						100.09901386238886,
						24.719495975230977
					],
					[
						100.1351778655666,
						24.741311975945962
					],
					[
						100.15264086636904,
						24.811101976371933
					],
					[
						100.21144887033343,
						24.939872977609664
					],
					[
						100.18154886700277,
						24.98973797715564
					],
					[
						100.10740585985549,
						24.993245975811103
					],
					[
						100.03230985279268,
						24.955428974310106
					],
					[
						100.01412185007212,
						25.022124974060542
					],
					[
						100.0505748533931,
						25.057309974832908
					],
					[
						99.96823884392909,
						25.122565973308795
					],
					[
						99.9336548394931,
						25.17333997268707
					],
					[
						99.95268184063362,
						25.248193973212416
					],
					[
						100.01232084649176,
						25.29676297448773
					],
					[
						100.00535584451448,
						25.399590974527698
					],
					[
						99.98253584178862,
						25.42021697411555
					],
					[
						99.98664084133665,
						25.49588797432912
					],
					[
						99.86653182799519,
						25.469161971823546
					],
					[
						99.83900382495403,
						25.45148997119673
					],
					[
						99.79989582000732,
						25.46693797036656
					],
					[
						99.76278681441725,
						25.5387969696786
					],
					[
						99.79828581809683,
						25.595651970591977
					],
					[
						99.77035481427991,
						25.619952970019032
					],
					[
						99.73207080976513,
						25.59247596908772
					],
					[
						99.67284380224514,
						25.574540967650737
					],
					[
						99.61529479393208,
						25.608186966316687
					],
					[
						99.63736679643556,
						25.644855966948064
					],
					[
						99.63238479511193,
						25.689166966928312
					],
					[
						99.7595748110413,
						25.761455970074113
					],
					[
						99.75808680999172,
						25.82762097018123
					],
					[
						99.82734681787736,
						25.89856497183745
					],
					[
						99.87077282346654,
						25.87656597270289
					],
					[
						99.91348282924264,
						25.818139973461758
					],
					[
						99.94872283266547,
						25.877387974272597
					],
					[
						100.00088483882529,
						25.855603975237972
					],
					[
						100.05249784576155,
						25.736850975996997
					],
					[
						100.08344984933566,
						25.709922976517266
					],
					[
						100.12918885497558,
						25.623122977193887
					],
					[
						100.1143258538341,
						25.58788897687406
					],
					[
						100.13584085629877,
						25.5612679772136
					]
				],
				[
					[
						103.92420199333634,
						27.588551999442398
					],
					[
						104.00466199385436,
						27.64426599949472
					],
					[
						104.02694699396709,
						27.753562999512372
					],
					[
						104.02288099393037,
						27.79649499951189
					],
					[
						104.07096899421192,
						27.866080999541595
					],
					[
						104.1031259944118,
						27.835631999557496
					],
					[
						104.13282799458167,
						27.84895499957337
					],
					[
						104.25690399522661,
						27.995090999637227
					],
					[
						104.3328399955992,
						28.021193999670064
					],
					[
						104.3934709958909,
						27.964950999692245
					],
					[
						104.56137899660668,
						27.852773999748113
					],
					[
						104.63832099688872,
						27.861245999771807
					],
					[
						104.72582999718114,
						27.900220999796883
					],
					[
						104.8757169976323,
						27.91234399983343
					],
					[
						104.91270399773083,
						27.943286999841863
					],
					[
						104.96782699786746,
						28.032527999854345
					],
					[
						104.97012299787109,
						28.059192999855124
					],
					[
						105.05834199808291,
						28.099633999871966
					],
					[
						105.17595699834233,
						28.06884199989092
					],
					[
						105.1723789983378,
						28.026097999889924
					],
					[
						105.19387099838369,
						27.993010999892846
					],
					[
						105.26445799851963,
						28.000010999903058
					],
					[
						105.27882399855018,
						27.931577999904466
					],
					[
						105.2324519984656,
						27.89725099989765
					],
					[
						105.23889899848074,
						27.853541999898198
					],
					[
						105.27982299856095,
						27.78685599990337
					],
					[
						105.3065569986167,
						27.657569999905952
					],
					[
						105.2951889985998,
						27.608737999904008
					],
					[
						105.24489599851174,
						27.560418999896427
					],
					[
						105.23271199849819,
						27.431634999893486
					],
					[
						105.18977299841997,
						27.37645299988633
					],
					[
						105.16718299837258,
						27.408410999883028
					],
					[
						105.07233399817062,
						27.420266999866723
					],
					[
						104.95001999788664,
						27.35399999984174
					],
					[
						104.86379999766606,
						27.293618999821508
					],
					[
						104.85102899762488,
						27.34186399981919
					],
					[
						104.81384999751742,
						27.354644999810297
					],
					[
						104.7786559974178,
						27.320243999800738
					],
					[
						104.73466499727928,
						27.34486799978941
					],
					[
						104.61405999688125,
						27.312003999753273
					],
					[
						104.52458199654343,
						27.350585999724498
					],
					[
						104.4896009963946,
						27.413247999713608
					],
					[
						104.41174299606439,
						27.44041599968508
					],
					[
						104.3888009959596,
						27.461942999676648
					],
					[
						104.34011099573839,
						27.461427999656646
					],
					[
						104.26320599539005,
						27.35932899961959
					],
					[
						104.24626899531859,
						27.300490999609806
					],
					[
						104.15737199485706,
						27.277114999564873
					],
					[
						104.10794099456392,
						27.337571999540774
					],
					[
						104.08264899441751,
						27.335408999526717
					],
					[
						104.00875099395384,
						27.38327399948578
					],
					[
						103.9986499938748,
						27.43468899948193
					],
					[
						103.92717699340146,
						27.441983999437337
					],
					[
						103.90500599326337,
						27.39701099942056
					],
					[
						103.874625993045,
						27.4117109994006
					],
					[
						103.86175499292328,
						27.50087399939629
					],
					[
						103.9190439933147,
						27.54266699943686
					],
					[
						103.92420199333634,
						27.588551999442398
					]
				],
				[
					[
						125.7670446040809,
						43.99606304342507
					],
					[
						125.62355156529287,
						43.96954003945995
					],
					[
						125.53781954485436,
						43.937595037141406
					],
					[
						125.5074925400038,
						43.90506003620989
					],
					[
						125.5126195514054,
						43.81068803569412
					],
					[
						125.5571755642015,
						43.80853703671558
					],
					[
						125.55084257050642,
						43.73375703604267
					],
					[
						125.4737405526794,
						43.69498803403444
					],
					[
						125.50429556588095,
						43.65195803441319
					],
					[
						125.48881556612935,
						43.60746403376224
					],
					[
						125.44126155376705,
						43.59595903266108
					],
					[
						125.4547045677837,
						43.497257032264685
					],
					[
						125.5104225909342,
						43.43348703298726
					],
					[
						125.57595861590886,
						43.388496034070094
					],
					[
						125.54036060822516,
						43.357750033064995
					],
					[
						125.69396266894384,
						43.25978103568388
					],
					[
						125.63877965692808,
						43.204437033987894
					],
					[
						125.69329168331627,
						43.13649403462051
					],
					[
						125.75199970539589,
						43.12365003583563
					],
					[
						125.77482671729089,
						43.09331903608839
					],
					[
						125.70676469829154,
						43.05014803416771
					],
					[
						125.5712286493744,
						43.07321203148853
					],
					[
						125.45908360782163,
						43.12500702966073
					],
					[
						125.4002845892579,
						43.12995502857747
					],
					[
						125.37782358476032,
						43.10723502799748
					],
					[
						125.29090955599314,
						43.139843026661275
					],
					[
						125.19014752035696,
						43.22083702545167
					],
					[
						125.14812550869387,
						43.225285024778564
					],
					[
						124.99958847299284,
						43.19545402227205
					],
					[
						124.88231744966878,
						43.12782702022548
					],
					[
						124.782516427571,
						43.1109920188153
					],
					[
						124.68032141045282,
						43.026699017148914
					],
					[
						124.64851440712273,
						42.971794016522026
					],
					[
						124.58178739669954,
						42.90890101549322
					],
					[
						124.51635838548549,
						42.86565801461474
					],
					[
						124.45930537458662,
						42.84981501397559
					],
					[
						124.45707037721415,
						42.79818001373484
					],
					[
						124.42057037269352,
						42.74751301317492
					],
					[
						124.35940536134072,
						42.7297100125454
					],
					[
						124.3262333541514,
						42.740871012297575
					],
					[
						124.28382934923351,
						42.67960401169544
					],
					[
						124.18777533226617,
						42.655273010829085
					],
					[
						124.17013533071851,
						42.62133401056925
					],
					[
						124.09819831616642,
						42.651295010137716
					],
					[
						124.02869430151907,
						42.704693009814726
					],
					[
						124.04531830249063,
						42.74461001006548
					],
					[
						124.16610031757804,
						42.86698901141262
					],
					[
						124.31098133874687,
						42.96725401303386
					],
					[
						124.33854734159759,
						43.009453013451214
					],
					[
						124.41333035275065,
						43.064587014396345
					],
					[
						124.45667335762627,
						43.125088015083975
					],
					[
						124.49275236354764,
						43.144775015548674
					],
					[
						124.58007837371385,
						43.26247001702409
					],
					[
						124.6166813790203,
						43.2957340176028
					],
					[
						124.82498941618958,
						43.39991402080099
					],
					[
						124.8999864312146,
						43.42445802200509
					],
					[
						124.89817042546036,
						43.49455302232867
					],
					[
						124.9846344435191,
						43.51696802377857
					],
					[
						124.99340044322182,
						43.54619602407116
					],
					[
						125.07309745737301,
						43.602821025691775
					],
					[
						125.28674350674645,
						43.64753302985121
					],
					[
						125.2908785034257,
						43.69418003021715
					],
					[
						125.2197874831632,
						43.71788402898023
					],
					[
						125.17356846699562,
						43.771724028415235
					],
					[
						125.0172104229111,
						43.86570502609715
					],
					[
						124.88658239339664,
						43.885715024013464
					],
					[
						124.66825534539633,
						43.96066102102511
					],
					[
						124.56420932352347,
						44.011051019772665
					],
					[
						124.5230103142865,
						44.04628801934837
					],
					[
						124.41827429764461,
						44.034672017968376
					],
					[
						124.52101130953565,
						44.119099019575906
					],
					[
						124.59377332194074,
						44.11798502056716
					],
					[
						124.74131034602796,
						44.150803022856564
					],
					[
						124.7350463426792,
						44.18302202288678
					],
					[
						124.79474635320041,
						44.18973902385059
					],
					[
						125.0243683937625,
						44.24687602805362
					],
					[
						125.11960641335025,
						44.250629029886454
					],
					[
						125.21720942614752,
						44.345928032346066
					],
					[
						125.19249741434119,
						44.41943703219458
					],
					[
						125.32762243425536,
						44.52199203568807
					],
					[
						125.36955344570408,
						44.499836036546924
					],
					[
						125.3834544527161,
						44.45995303665765
					],
					[
						125.48335348720356,
						44.35174903844691
					],
					[
						125.56231150972633,
						44.32546204027115
					],
					[
						125.59195752120726,
						44.290100040811495
					],
					[
						125.70175055818446,
						44.224138043297906
					],
					[
						125.76789157910336,
						44.20509704500572
					],
					[
						125.74663657873595,
						44.15720004406004
					],
					[
						125.7670446040809,
						43.99606304342507
					]
				],
				[
					[
						125.7670446040809,
						43.99606304342507
					],
					[
						125.78594960760518,
						44.013861044083214
					],
					[
						125.82630160505023,
						44.13287404614121
					],
					[
						125.9161376230114,
						44.20522404939286
					],
					[
						125.94042262578476,
						44.24083705043305
					],
					[
						126.02584864357938,
						44.30535905372249
					],
					[
						126.01387063608817,
						44.33280905355032
					],
					[
						126.07860664271298,
						44.43004205655593
					],
					[
						126.07787363482977,
						44.48451205698022
					],
					[
						126.20322466985651,
						44.51460306180605
					],
					[
						126.40439673814903,
						44.50955206980066
					],
					[
						126.42704876237194,
						44.41294906978962
					],
					[
						126.47618178010936,
						44.414158071902584
					],
					[
						126.45181378127943,
						44.35497707023888
					],
					[
						126.4712308020591,
						44.27659607023077
					],
					[
						126.46571480647727,
						44.238911069591516
					],
					[
						126.53304383248526,
						44.239597072481864
					],
					[
						126.61878287049446,
						44.219978076077226
					],
					[
						126.64930088118231,
						44.229919077598346
					],
					[
						126.69621388897724,
						44.29067208054542
					],
					[
						126.78447793977413,
						44.22456408403095
					],
					[
						126.7741709441452,
						44.18072108295118
					],
					[
						126.81846698249328,
						44.09073308394697
					],
					[
						126.90685401108244,
						44.14888808927416
					],
					[
						126.94934903500146,
						44.13150809128378
					],
					[
						127.06984009706771,
						44.11871709776262
					],
					[
						127.14279314178931,
						44.08822310151461
					],
					[
						127.17727017353758,
						44.03339010265641
					],
					[
						127.17391318740398,
						43.97031810139545
					],
					[
						127.1064871975775,
						43.77828109429263
					],
					[
						127.10444221871528,
						43.68620609260406
					],
					[
						127.08195122659873,
						43.60081308992218
					],
					[
						127.0114112019732,
						43.53695508519383
					],
					[
						127.01141121386897,
						43.48571908432364
					],
					[
						126.97873820253933,
						43.45517308219717
					],
					[
						126.93196217282194,
						43.472004080225794
					],
					[
						126.85907813933612,
						43.444878076395305
					],
					[
						126.81347810654404,
						43.485943074974855
					],
					[
						126.74289807290349,
						43.47341507168875
					],
					[
						126.6522000400801,
						43.41027406699167
					],
					[
						126.54225199886875,
						43.345711061809034
					],
					[
						126.51944099452547,
						43.30996306047852
					],
					[
						126.45173695813853,
						43.33599105836435
					],
					[
						126.42977293816558,
						43.39298205830482
					],
					[
						126.3474049034591,
						43.38190805529916
					],
					[
						126.28818588480134,
						43.33919505281976
					],
					[
						126.30473389770198,
						43.30382205294264
					],
					[
						126.08252580015927,
						43.33954204648533
					],
					[
						125.93476974564005,
						43.32623304223707
					],
					[
						125.95685674534593,
						43.388844043433124
					],
					[
						125.9372567321077,
						43.433792043323976
					],
					[
						125.88180670921282,
						43.45698904204456
					],
					[
						125.84967868812032,
						43.533928041877324
					],
					[
						125.88874869187384,
						43.6085620435876
					],
					[
						125.86930867471764,
						43.6901440437632
					],
					[
						125.83259665949257,
						43.71421104296307
					],
					[
						125.7983866387815,
						43.79160704267418
					],
					[
						125.81861963312689,
						43.8885880440084
					],
					[
						125.73999860124499,
						43.952187042358695
					],
					[
						125.7670446040809,
						43.99606304342507
					]
				],
				[
					[
						126.5169761793705,
						42.294319045483284
					],
					[
						126.36140310088685,
						42.25027304060817
					],
					[
						126.26394806570751,
						42.150127036773476
					],
					[
						126.09191096333635,
						42.25458803425958
					],
					[
						126.03291792599939,
						42.32071403378427
					],
					[
						126.06712391759963,
						42.487488036555824
					],
					[
						126.01316187665363,
						42.60518603666716
					],
					[
						126.042043878174,
						42.68291703824118
					],
					[
						125.99504384640065,
						42.765105038020096
					],
					[
						126.13605590424304,
						42.78750204183802
					],
					[
						126.21997194494026,
						42.770962043898834
					],
					[
						126.31298198078484,
						42.820347047174785
					],
					[
						126.3938990223562,
						42.807617049434086
					],
					[
						126.38871903265671,
						42.73265104824702
					],
					[
						126.37189602864903,
						42.706787047390534
					],
					[
						126.43379306558758,
						42.67524304879862
					],
					[
						126.49917709850341,
						42.68264405092523
					],
					[
						126.53927712311351,
						42.66568005194401
					],
					[
						126.6443801694196,
						42.72634105638531
					],
					[
						126.74073123582323,
						42.67115005886577
					],
					[
						126.70302722690616,
						42.60620105643973
					],
					[
						126.6252911867615,
						42.58206605342297
					],
					[
						126.62693920826963,
						42.47625005174793
					],
					[
						126.56630017696193,
						42.45797304955347
					],
					[
						126.50549415281752,
						42.40369804687711
					],
					[
						126.53733218214353,
						42.34219704683447
					],
					[
						126.5169761793705,
						42.294319045483284
					]
				],
				[
					[
						123.7492672636165,
						42.5374260075355
					],
					[
						123.6548542504869,
						42.512920006957785
					],
					[
						123.61516624398163,
						42.5344200068082
					],
					[
						123.53957623705483,
						42.42964100617486
					],
					[
						123.54938524078504,
						42.36184300605198
					],
					[
						123.50460823511597,
						42.34452400580668
					],
					[
						123.50579123692313,
						42.29606600569327
					],
					[
						123.46696523287723,
						42.25621800543057
					],
					[
						123.45534523380087,
						42.17961100519809
					],
					[
						123.38296522536423,
						42.13529600481218
					],
					[
						123.31649021639197,
						42.14223500458406
					],
					[
						123.25195320750173,
						42.165653004407126
					],
					[
						123.20409419983694,
						42.22876700437203
					],
					[
						123.17350019634006,
						42.22300300425665
					],
					[
						123.11963618897933,
						42.262871004154974
					],
					[
						123.04911818136372,
						42.25040100390687
					],
					[
						122.88043216303828,
						42.27172800344775
					],
					[
						122.83488515883671,
						42.25685900330063
					],
					[
						122.7600631514789,
						42.26337100311601
					],
					[
						122.75991115083022,
						42.29343000315942
					],
					[
						122.83452615723546,
						42.32753800340812
					],
					[
						122.89763916329191,
						42.336168003599056
					],
					[
						122.97276316994626,
						42.38011900389523
					],
					[
						123.09459718200239,
						42.420403004362385
					],
					[
						123.11158818296184,
						42.455387004484855
					],
					[
						123.21479119298897,
						42.51675000498073
					],
					[
						123.35359220645641,
						42.621605005765915
					],
					[
						123.38443821075572,
						42.606205005870265
					],
					[
						123.45943522010305,
						42.61260600622959
					],
					[
						123.51152122615277,
						42.63620800653557
					],
					[
						123.64838424513957,
						42.63201900723286
					],
					[
						123.6771932512028,
						42.58085200725569
					],
					[
						123.7492672636165,
						42.5374260075355
					]
				],
				[
					[
						107.80106399998375,
						40.849701
					],
					[
						107.7154079999804,
						40.836147
					],
					[
						107.67531599997851,
						40.783813
					],
					[
						107.57342499997335,
						40.757511
					],
					[
						107.49034899996829,
						40.709606
					],
					[
						107.47821099996743,
						40.679203
					],
					[
						107.41951799996338,
						40.681057
					],
					[
						107.38048499996039,
						40.640087
					],
					[
						107.3479309999579,
						40.664265
					],
					[
						107.30158999995389,
						40.654537
					],
					[
						107.26232899995018,
						40.616257
					],
					[
						107.25685099994944,
						40.579788
					],
					[
						107.16953299994044,
						40.562571999999896
					],
					[
						107.14030499993696,
						40.5223159999999
					],
					[
						107.07929199993009,
						40.603892999999864
					],
					[
						107.06121799992809,
						40.651749
					],
					[
						106.94380999991157,
						40.65988499999983
					],
					[
						106.87712099990168,
						40.760512999999875
					],
					[
						106.87570999990217,
						40.832271999999875
					],
					[
						106.827132999894,
						40.86356399999988
					],
					[
						106.88362899990437,
						40.934544
					],
					[
						106.92295099991135,
						41.01194
					],
					[
						107.07800999993283,
						41.050491
					],
					[
						107.13703899994016,
						41.140533
					],
					[
						107.19837199994656,
						41.143482
					],
					[
						107.22075699994892,
						41.182716
					],
					[
						107.28176099995467,
						41.219109
					],
					[
						107.3668749999615,
						41.225979
					],
					[
						107.43087799996611,
						41.253258
					],
					[
						107.55959299997384,
						41.253551
					],
					[
						107.62344399997718,
						41.278576
					],
					[
						107.72026099998135,
						41.257885
					],
					[
						107.77472699998343,
						41.263699
					],
					[
						107.90227499998753,
						41.238838
					],
					[
						107.9680179999893,
						41.260342
					],
					[
						108.01178699999032,
						41.242008
					],
					[
						108.10119599999223,
						41.270073
					],
					[
						108.25170899999465,
						41.259983
					],
					[
						108.28943599999518,
						41.284668
					],
					[
						108.35433199999592,
						41.292892
					],
					[
						108.44064299999681,
						41.272976
					],
					[
						108.54880499999764,
						41.214825
					],
					[
						108.65459399999831,
						41.218731
					],
					[
						108.69232899999847,
						41.161137
					],
					[
						108.74140199999866,
						41.128601
					],
					[
						108.86779799999914,
						41.124268
					],
					[
						108.93224299999935,
						41.090973
					],
					[
						108.92584999999934,
						41.061497
					],
					[
						108.95870199999938,
						40.991024
					],
					[
						108.94704399999932,
						40.946796
					],
					[
						108.80331399999888,
						40.852501
					],
					[
						108.66773199999825,
						40.750889
					],
					[
						108.58533499999777,
						40.717228
					],
					[
						108.5058289999972,
						40.721302
					],
					[
						108.47914099999701,
						40.759697
					],
					[
						108.42153899999644,
						40.801197
					],
					[
						108.33595999999555,
						40.801567
					],
					[
						108.30678599999514,
						40.820583
					],
					[
						108.22988899999415,
						40.813808
					],
					[
						108.18579899999348,
						40.870823
					],
					[
						108.11717999999223,
						40.835629
					],
					[
						108.00842299998986,
						40.833298
					],
					[
						107.98258999998927,
						40.861599
					],
					[
						107.93604299998799,
						40.852104
					],
					[
						107.83438099998494,
						40.867699
					],
					[
						107.80106399998375,
						40.849701
					]
				]
			],
			[
				[
					[
						115.80396300025348,
						22.722333999967375
					],
					[
						115.80494700025375,
						22.719485999967347
					],
					[
						115.8079830002548,
						22.718923999967178
					],
					[
						115.80899000025536,
						22.72168699996708
					],
					[
						115.80396300025348,
						22.722333999967375
					]
				]
			],
			[
				[
					[
						116.08331300038685,
						22.818589999948607
					],
					[
						116.08448800038741,
						22.81749299994855
					],
					[
						116.08611300038844,
						22.819016999948378
					],
					[
						116.08467900038768,
						22.820140999948514
					],
					[
						116.08331300038685,
						22.818589999948607
					]
				]
			],
			[
				[
					[
						116.09588600039332,
						22.811305999947578
					],
					[
						116.09689300039376,
						22.809985999947465
					],
					[
						116.09837400039466,
						22.81128299994737
					],
					[
						116.09707600039403,
						22.812512999947447
					],
					[
						116.09588600039332,
						22.811305999947578
					]
				]
			],
			[
				[
					[
						116.10916100040082,
						22.811830999946448
					],
					[
						116.11031300040138,
						22.811585999946345
					],
					[
						116.11093100040189,
						22.813458999946278
					],
					[
						116.10935200040099,
						22.81338499994643
					],
					[
						116.10916100040082,
						22.811830999946448
					]
				]
			],
			[
				[
					[
						112.77200300000021,
						21.566967
					],
					[
						112.81111900000028,
						21.589962
					],
					[
						112.7923590000002,
						21.61697
					],
					[
						112.81720700000025,
						21.658508
					],
					[
						112.80251300000027,
						21.701849
					],
					[
						112.82775100000025,
						21.741304
					],
					[
						112.79206800000027,
						21.760824
					],
					[
						112.76880700000022,
						21.731138
					],
					[
						112.7232280000002,
						21.721498
					],
					[
						112.7033230000002,
						21.684773
					],
					[
						112.7379680000002,
						21.668989
					],
					[
						112.73317700000021,
						21.605659
					],
					[
						112.77200300000021,
						21.566967
					]
				]
			],
			[
				[
					[
						112.529671,
						21.587652
					],
					[
						112.56490300000011,
						21.621887
					],
					[
						112.61839300000015,
						21.618601
					],
					[
						112.64391300000023,
						21.717024
					],
					[
						112.5264130000001,
						21.620367
					],
					[
						112.529671,
						21.587652
					]
				]
			],
			[
				[
					[
						112.452751,
						21.653404
					],
					[
						112.465172,
						21.679932
					],
					[
						112.451446,
						21.681217
					],
					[
						112.43314400000011,
						21.659988
					],
					[
						112.452751,
						21.653404
					]
				]
			],
			[
				[
					[
						113.50322700000251,
						22.738114999999883
					],
					[
						113.49072300000249,
						22.703811999999864
					],
					[
						113.57869000000304,
						22.638560999999825
					],
					[
						113.60325600000331,
						22.670728999999827
					],
					[
						113.53560600000274,
						22.74738299999989
					],
					[
						113.50322700000251,
						22.738114999999883
					]
				]
			],
			[
				[
					[
						113.3919980000016,
						22.048882
					],
					[
						113.33661700000137,
						22.076374
					],
					[
						113.3008880000013,
						22.004322
					],
					[
						113.38810000000154,
						22.006269
					],
					[
						113.3919980000016,
						22.048882
					]
				]
			],
			[
				[
					[
						113.52870200000244,
						22.137376999999887
					],
					[
						113.47170300000205,
						22.134382
					],
					[
						113.50311300000226,
						22.07318099999986
					],
					[
						113.5458830000026,
						22.111983999999868
					],
					[
						113.52870200000244,
						22.137376999999887
					]
				]
			],
			[
				[
					[
						113.26554100000114,
						21.88018
					],
					[
						113.28331000000114,
						21.919703
					],
					[
						113.24295000000102,
						21.948036
					],
					[
						113.21679700000094,
						21.913042
					],
					[
						113.26554100000114,
						21.88018
					]
				]
			],
			[
				[
					[
						113.6535190000036,
						22.436242999999777
					],
					[
						113.62320700000333,
						22.430427999999814
					],
					[
						113.61356400000325,
						22.401082999999783
					],
					[
						113.64196000000345,
						22.399882999999782
					],
					[
						113.6535190000036,
						22.436242999999777
					]
				]
			],
			[
				[
					[
						113.14927700000081,
						21.865335
					],
					[
						113.13141600000074,
						21.854713
					],
					[
						113.14386000000071,
						21.838751
					],
					[
						113.15809600000085,
						21.85528
					],
					[
						113.14927700000081,
						21.865335
					]
				]
			],
			[
				[
					[
						113.50386800000251,
						22.741771999999862
					],
					[
						113.50492100000258,
						22.7621989999999
					],
					[
						113.47386900000231,
						22.75518199999989
					],
					[
						113.48316200000242,
						22.732573
					],
					[
						113.50386800000251,
						22.741771999999862
					]
				]
			],
			[
				[
					[
						113.57082400000263,
						22.109715999999835
					],
					[
						113.57698100000275,
						22.143138999999856
					],
					[
						113.55645700000258,
						22.134530999999832
					],
					[
						113.55081900000255,
						22.11416099999982
					],
					[
						113.57082400000263,
						22.109715999999835
					]
				]
			],
			[
				[
					[
						113.56436200000293,
						22.639644999999827
					],
					[
						113.54785900000277,
						22.658589999999872
					],
					[
						113.54147400000278,
						22.63825999999987
					],
					[
						113.56436200000293,
						22.639644999999827
					]
				]
			],
			[
				[
					[
						113.56050900000284,
						22.58402299999986
					],
					[
						113.57185400000292,
						22.56837499999985
					],
					[
						113.59050800000315,
						22.573865999999846
					],
					[
						113.57331800000301,
						22.58505099999987
					],
					[
						113.56050900000284,
						22.58402299999986
					]
				]
			],
			[
				[
					[
						113.50791900000252,
						22.688334999999885
					],
					[
						113.5178070000026,
						22.670636999999886
					],
					[
						113.52413200000258,
						22.672847999999863
					],
					[
						113.50791900000252,
						22.688334999999885
					]
				]
			],
			[
				[
					[
						113.580437000003,
						22.500848999999853
					],
					[
						113.58107000000302,
						22.49854799999981
					],
					[
						113.58437400000298,
						22.498803999999843
					],
					[
						113.58310700000298,
						22.50208299999981
					],
					[
						113.580437000003,
						22.500848999999853
					]
				]
			],
			[
				[
					[
						113.99742900000817,
						22.321509999999307
					],
					[
						113.9750220000078,
						22.294957999999372
					],
					[
						113.90274800000657,
						22.294110999999475
					],
					[
						113.84002700000555,
						22.231261999999592
					],
					[
						113.88115700000607,
						22.209563999999524
					],
					[
						113.93300600000696,
						22.207934999999456
					],
					[
						114.00000000000823,
						22.265214999999323
					],
					[
						114.02191900000864,
						22.298776999999248
					],
					[
						113.99742900000817,
						22.321509999999307
					]
				]
			],
			[
				[
					[
						114.21926900001327,
						22.19624699999871
					],
					[
						114.25634000001438,
						22.209706999998595
					],
					[
						114.25466900001452,
						22.263661999998636
					],
					[
						114.19406100001278,
						22.296464999998836
					],
					[
						114.11892700001083,
						22.28256799999901
					],
					[
						114.13353000001109,
						22.250607999999
					],
					[
						114.1953970000127,
						22.235333999998783
					],
					[
						114.21926900001327,
						22.19624699999871
					]
				]
			],
			[
				[
					[
						114.12757100001083,
						22.178815999998992
					],
					[
						114.13150800001092,
						22.207917999999005
					],
					[
						114.11695900001065,
						22.24177599999906
					],
					[
						114.10561400001035,
						22.223300999999065
					],
					[
						114.11992700001068,
						22.214553999999058
					],
					[
						114.11473900001054,
						22.187632999999053
					],
					[
						114.12757100001083,
						22.178815999998992
					]
				]
			],
			[
				[
					[
						114.22866800001309,
						22.02216499999867
					],
					[
						114.28146400001467,
						22.036128999998525
					],
					[
						114.27327000001443,
						22.050921999998558
					],
					[
						114.22866800001309,
						22.02216499999867
					]
				]
			],
			[
				[
					[
						110.525284,
						21.15881
					],
					[
						110.530266,
						21.089245
					],
					[
						110.575394,
						21.103165
					],
					[
						110.613502,
						21.184935
					],
					[
						110.560234,
						21.197189
					],
					[
						110.468102,
						21.200106
					],
					[
						110.454117,
						21.152628
					],
					[
						110.486481,
						21.139002
					],
					[
						110.525284,
						21.15881
					]
				]
			],
			[
				[
					[
						110.599472,
						20.864487
					],
					[
						110.632057,
						20.917997
					],
					[
						110.583527,
						20.942949
					],
					[
						110.560089,
						20.904955
					],
					[
						110.599472,
						20.864487
					]
				]
			],
			[
				[
					[
						110.467659,
						20.578356
					],
					[
						110.478149,
						20.631895
					],
					[
						110.430816,
						20.654472
					],
					[
						110.439369,
						20.606754
					],
					[
						110.467659,
						20.578356
					]
				]
			],
			[
				[
					[
						110.315727,
						21.070679
					],
					[
						110.321358,
						21.020218
					],
					[
						110.284828,
						21.011032
					],
					[
						110.272942,
						20.956188
					],
					[
						110.343948,
						20.988855
					],
					[
						110.409737,
						20.993826
					],
					[
						110.526177,
						20.972383
					],
					[
						110.551819,
						21.056711
					],
					[
						110.52404,
						21.069632
					],
					[
						110.471901,
						21.047806
					],
					[
						110.412086,
						21.055342
					],
					[
						110.392708,
						21.087551
					],
					[
						110.315727,
						21.070679
					]
				]
			],
			[
				[
					[
						109.13223299999984,
						21.066063
					],
					[
						109.08509799999982,
						21.053625
					],
					[
						109.0809399999998,
						21.017279
					],
					[
						109.13799999999983,
						21.043924
					],
					[
						109.13223299999984,
						21.066063
					]
				]
			],
			[
				[
					[
						108.56253799999843,
						21.663877
					],
					[
						108.56812299999847,
						21.680405
					],
					[
						108.5570679999984,
						21.69304999999989
					],
					[
						108.54311399999833,
						21.676649
					],
					[
						108.56253799999843,
						21.663877
					]
				]
			],
			[
				[
					[
						110.133423,
						20.013744
					],
					[
						110.116676,
						19.994141
					],
					[
						110.130722,
						19.991407
					],
					[
						110.144089,
						20.009932
					],
					[
						110.134987,
						19.985392
					],
					[
						110.111687,
						19.972939
					],
					[
						110.027237,
						19.962088
					],
					[
						109.997704,
						19.924772
					],
					[
						109.9449,
						19.989609
					],
					[
						109.903992,
						19.983105
					],
					[
						109.873108,
						19.936867
					],
					[
						109.802391,
						19.962791
					],
					[
						109.749527,
						19.9674
					],
					[
						109.712089,
						20.011515
					],
					[
						109.586616,
						19.985544
					],
					[
						109.535713,
						19.94248
					],
					[
						109.516632,
						19.899015
					],
					[
						109.517837,
						19.847746
					],
					[
						109.456993,
						19.869766
					],
					[
						109.403229,
						19.860106
					],
					[
						109.362404,
						19.891699
					],
					[
						109.323914,
						19.881155
					],
					[
						109.264183,
						19.898068
					],
					[
						109.255661,
						19.858578
					],
					[
						109.220634,
						19.851864
					],
					[
						109.165321,
						19.794792
					],
					[
						109.176689,
						19.733578
					],
					[
						109.266716,
						19.775623
					],
					[
						109.308937,
						19.75845
					],
					[
						109.272369,
						19.725906
					],
					[
						109.212158,
						19.719698
					],
					[
						109.208725,
						19.678545
					],
					[
						109.167824,
						19.645342
					],
					[
						109.067184,
						19.599691
					],
					[
						109.0149459999999,
						19.587393
					],
					[
						108.97473099999986,
						19.545216
					],
					[
						108.8559869999998,
						19.450422
					],
					[
						108.82517299999974,
						19.443373
					],
					[
						108.7806469999997,
						19.398214
					],
					[
						108.72371699999968,
						19.368256
					],
					[
						108.68285399999961,
						19.372023
					],
					[
						108.6633679999996,
						19.308323
					],
					[
						108.62728099999953,
						19.27771
					],
					[
						108.62213099999961,
						19.21801
					],
					[
						108.67696399999963,
						19.186907
					],
					[
						108.65532699999964,
						19.123905
					],
					[
						108.61628699999959,
						19.083696
					],
					[
						108.6518399999997,
						18.977083
					],
					[
						108.65718799999973,
						18.913525
					],
					[
						108.62170399999974,
						18.835283
					],
					[
						108.65814199999974,
						18.810501
					],
					[
						108.6892169999998,
						18.755766
					],
					[
						108.69921099999983,
						18.618553
					],
					[
						108.66966999999987,
						18.549458
					],
					[
						108.69630399999987,
						18.497482
					],
					[
						108.819977,
						18.477783
					],
					[
						108.855041,
						18.429935
					],
					[
						108.934113,
						18.418905
					],
					[
						108.989487,
						18.356329
					],
					[
						109.057518,
						18.371912
					],
					[
						109.109177,
						18.365664
					],
					[
						109.178688,
						18.285713
					],
					[
						109.304268,
						18.306313
					],
					[
						109.35714,
						18.285099
					],
					[
						109.431564,
						18.292465
					],
					[
						109.490707,
						18.256714
					],
					[
						109.496399,
						18.234205
					],
					[
						109.558998,
						18.206635
					],
					[
						109.556328,
						18.171637
					],
					[
						109.620117,
						18.178146
					],
					[
						109.62883,
						18.23024
					],
					[
						109.683014,
						18.235939
					],
					[
						109.719627,
						18.20866
					],
					[
						109.74073,
						18.251421
					],
					[
						109.717506,
						18.275209
					],
					[
						109.742401,
						18.358788
					],
					[
						109.785118,
						18.398533
					],
					[
						109.821625,
						18.377157
					],
					[
						109.980202,
						18.433264
					],
					[
						110.061645,
						18.437765
					],
					[
						110.112541,
						18.538649
					],
					[
						110.185737,
						18.603443
					],
					[
						110.261429,
						18.656952
					],
					[
						110.308227,
						18.658936
					],
					[
						110.431862,
						18.682505
					],
					[
						110.432358,
						18.720047
					],
					[
						110.456825,
						18.762671
					],
					[
						110.51017,
						18.776857
					],
					[
						110.512626,
						18.803144
					],
					[
						110.44445,
						18.808218
					],
					[
						110.434914,
						18.838373
					],
					[
						110.461456,
						18.875237
					],
					[
						110.508492,
						18.898003
					],
					[
						110.511681,
						18.984947
					],
					[
						110.534462,
						19.036974
					],
					[
						110.5644,
						19.047892
					],
					[
						110.551529,
						19.092304
					],
					[
						110.555046,
						19.158403
					],
					[
						110.582741,
						19.153561
					],
					[
						110.636726,
						19.262016
					],
					[
						110.631164,
						19.29714
					],
					[
						110.678154,
						19.322611
					],
					[
						110.672958,
						19.38657
					],
					[
						110.748734,
						19.454529
					],
					[
						110.807037,
						19.485708
					],
					[
						110.82933,
						19.552578
					],
					[
						110.86615,
						19.5196
					],
					[
						110.912407,
						19.573408
					],
					[
						110.9674990000001,
						19.60895
					],
					[
						110.981682,
						19.635906
					],
					[
						111.038727,
						19.639347
					],
					[
						111.012604,
						19.684042
					],
					[
						110.993439,
						19.842566
					],
					[
						110.958519,
						19.951036
					],
					[
						110.927902,
						20.016815
					],
					[
						110.856262,
						19.982996
					],
					[
						110.772507,
						20.018534
					],
					[
						110.716019,
						20.07777
					],
					[
						110.686958,
						20.165257
					],
					[
						110.648827,
						20.1084
					],
					[
						110.603821,
						20.110241
					],
					[
						110.578819,
						20.082178
					],
					[
						110.616463,
						19.990408
					],
					[
						110.63588,
						19.896929
					],
					[
						110.592079,
						19.915104
					],
					[
						110.582123,
						19.974318
					],
					[
						110.552063,
						19.96455
					],
					[
						110.529037,
						20.016872
					],
					[
						110.498894,
						20.019991
					],
					[
						110.39872,
						20.073805
					],
					[
						110.287811,
						20.026299
					],
					[
						110.252296,
						20.026865
					],
					[
						110.191383,
						20.062784
					],
					[
						110.150009,
						20.058531
					],
					[
						110.133423,
						20.013744
					]
				]
			],
			[
				[
					[
						110.349419,
						20.085772
					],
					[
						110.3668370000001,
						20.061321
					],
					[
						110.379051,
						20.084476
					],
					[
						110.349419,
						20.085772
					]
				]
			],
			[
				[
					[
						110.473106,
						18.695793
					],
					[
						110.473175,
						18.664148
					],
					[
						110.488106,
						18.665102
					],
					[
						110.473106,
						18.695793
					]
				]
			],
			[
				[
					[
						117.87676200431102,
						24.454781999446872
					],
					[
						117.90223700443708,
						24.471705999430466
					],
					[
						117.8514330042072,
						24.47964899946416
					],
					[
						117.85318700420203,
						24.450267999462103
					],
					[
						117.87676200431102,
						24.454781999446872
					]
				]
			],
			[
				[
					[
						117.83450300411155,
						24.433379999473466
					],
					[
						117.88198100432398,
						24.430705999442665
					],
					[
						117.87278800429041,
						24.449704999449356
					],
					[
						117.83450300411155,
						24.433379999473466
					]
				]
			],
			[
				[
					[
						118.40245100742874,
						24.491193998990244
					],
					[
						118.36468500713043,
						24.45897499902994
					],
					[
						118.29064900663214,
						24.476403999108072
					],
					[
						118.33204600685106,
						24.389722999060872
					],
					[
						118.35730700705386,
						24.426274999036018
					],
					[
						118.40109300737221,
						24.43109499898815
					],
					[
						118.44741100770196,
						24.410615998933697
					],
					[
						118.46426400786561,
						24.45233499891636
					],
					[
						118.44377900775544,
						24.511186998944236
					],
					[
						118.40245100742874,
						24.491193998990244
					]
				]
			],
			[
				[
					[
						118.11689000559946,
						24.551726999271455
					],
					[
						118.07408200532923,
						24.501109999304536
					],
					[
						118.06821400527572,
						24.46295499930767
					],
					[
						118.12937100559786,
						24.425851999255446
					],
					[
						118.19529700602891,
						24.48893699920003
					],
					[
						118.19251300603696,
						24.52924199920445
					],
					[
						118.11689000559946,
						24.551726999271455
					]
				]
			],
			[
				[
					[
						118.26158100640392,
						24.42245699913411
					],
					[
						118.24680300632978,
						24.453883999150044
					],
					[
						118.22068800613532,
						24.409520999172678
					],
					[
						118.26158100640392,
						24.42245699913411
					]
				]
			],
			[
				[
					[
						119.15015401602152,
						25.10159099785266
					],
					[
						119.12522101565179,
						25.094142997905255
					],
					[
						119.12805901566746,
						25.07618099789683
					],
					[
						119.15069601601716,
						25.092921997850286
					],
					[
						119.15015401602152,
						25.10159099785266
					]
				]
			],
			[
				[
					[
						119.73298602748272,
						25.42011999627774
					],
					[
						119.81744402963656,
						25.46739399598158
					],
					[
						119.80269602937986,
						25.51551999604981
					],
					[
						119.83625803040634,
						25.593175995944794
					],
					[
						119.76468702871686,
						25.638112996220777
					],
					[
						119.72553302777808,
						25.639365996358706
					],
					[
						119.69062802688131,
						25.600055996468043
					],
					[
						119.73455102785765,
						25.5760099963114
					],
					[
						119.70105002689046,
						25.489377996405803
					],
					[
						119.70038602677346,
						25.441415996396447
					],
					[
						119.73298602748272,
						25.42011999627774
					]
				]
			],
			[
				[
					[
						119.53864302276241,
						25.1666529968583
					],
					[
						119.5312960226854,
						25.201947996887768
					],
					[
						119.4920650219521,
						25.218478997007402
					],
					[
						119.43913302093313,
						25.205703997155798
					],
					[
						119.53864302276241,
						25.1666529968583
					]
				]
			],
			[
				[
					[
						119.61832402621744,
						26.11917299682308
					],
					[
						119.56771102509605,
						26.11953699697427
					],
					[
						119.53809402439644,
						26.081214997051482
					],
					[
						119.606575025855,
						26.062829996845856
					],
					[
						119.65185502689637,
						26.070230996707593
					],
					[
						119.61832402621744,
						26.11917299682308
					]
				]
			],
			[
				[
					[
						120.37989805169953,
						26.932723993975962
					],
					[
						120.37268805147644,
						26.960305994027685
					],
					[
						120.33309204989948,
						26.970454994238974
					],
					[
						120.33696704996065,
						26.93407999420201
					],
					[
						120.37989805169953,
						26.932723993975962
					]
				]
			],
			[
				[
					[
						117.12605300165043,
						23.484910999773152
					],
					[
						117.07016800152812,
						23.409778999788692
					],
					[
						117.12021600161873,
						23.394927999773863
					],
					[
						117.13855800165838,
						23.41222199976847
					],
					[
						117.12605300165043,
						23.484910999773152
					]
				]
			],
			[
				[
					[
						119.43933902440656,
						34.77123999909075
					],
					[
						119.46160902489865,
						34.75328099906761
					],
					[
						119.46823902502668,
						34.76977199906471
					],
					[
						119.43933902440656,
						34.77123999909075
					]
				]
			],
			[
				[
					[
						121.23215110872934,
						31.790596992636413
					],
					[
						121.283714112964,
						31.722730992248493
					],
					[
						121.30183711450955,
						31.673461992079893
					],
					[
						121.37992212122606,
						31.615056991497312
					],
					[
						121.51428313354769,
						31.561471990464973
					],
					[
						121.60241414222801,
						31.513728989710263
					],
					[
						121.68894315120154,
						31.49400798895809
					],
					[
						121.72650615526368,
						31.471720988595187
					],
					[
						121.80021416347675,
						31.463774987910515
					],
					[
						121.83005316687891,
						31.487558987668436
					],
					[
						121.81790716540729,
						31.54619698788123
					],
					[
						121.79235816246265,
						31.569916988156994
					],
					[
						121.71136615349074,
						31.59353698891539
					],
					[
						121.53195113513172,
						31.6649729904676
					],
					[
						121.3919851221714,
						31.728756991548998
					],
					[
						121.32691911647592,
						31.806535992066824
					],
					[
						121.28809711323014,
						31.8146749923206
					],
					[
						121.23215110872934,
						31.790596992636413
					]
				]
			],
			[
				[
					[
						121.80100316315455,
						31.77369698841128
					],
					[
						121.84284316797007,
						31.772127988028267
					],
					[
						121.83823716733008,
						31.83366598817417
					],
					[
						121.7375621559656,
						31.851567989088643
					],
					[
						121.63217414487278,
						31.823686989911042
					],
					[
						121.45264612741995,
						31.887931991326035
					],
					[
						121.42501012493732,
						31.872826991497007
					],
					[
						121.4427761266125,
						31.816882991306915
					],
					[
						121.51120913296069,
						31.820239990824856
					],
					[
						121.80100316315455,
						31.77369698841128
					]
				]
			],
			[
				[
					[
						121.47238712920328,
						31.91030999121666
					],
					[
						121.54334313594076,
						31.89046899068176
					],
					[
						121.55924313745203,
						31.913106990594382
					],
					[
						121.47238712920328,
						31.91030999121666
					]
				]
			],
			[
				[
					[
						121.61317614305926,
						31.737753989939367
					],
					[
						121.62135114390648,
						31.72401698985504
					],
					[
						121.71041815324322,
						31.70699098909677
					],
					[
						121.74397615685794,
						31.728021988841103
					],
					[
						121.61317614305926,
						31.737753989939367
					]
				]
			],
			[
				[
					[
						121.5316071348361,
						31.87226799074394
					],
					[
						121.59258714084228,
						31.845570990250444
					],
					[
						121.63228214482305,
						31.864434989968405
					],
					[
						121.5316071348361,
						31.87226799074394
					]
				]
			],
			[
				[
					[
						121.67561614989434,
						31.380332988903085
					],
					[
						121.72131015481094,
						31.348200988450294
					],
					[
						121.73682915648239,
						31.373739988349843
					],
					[
						121.67561614989434,
						31.380332988903085
					]
				]
			],
			[
				[
					[
						121.50686313257599,
						31.79952299082966
					],
					[
						121.57185813889366,
						31.767838990302522
					],
					[
						121.56524613820152,
						31.79948499039592
					],
					[
						121.50686313257599,
						31.79952299082966
					]
				]
			],
			[
				[
					[
						121.64079514583821,
						31.766674989760507
					],
					[
						121.61831114351702,
						31.784082989964265
					],
					[
						121.6065641423518,
						31.767843990033715
					],
					[
						121.64079514583821,
						31.766674989760507
					]
				]
			],
			[
				[
					[
						121.81789316511102,
						31.755937988229654
					],
					[
						121.80861016405218,
						31.753717988310086
					],
					[
						121.80088916321073,
						31.729256988339685
					],
					[
						121.82131716553754,
						31.734841988163435
					],
					[
						121.81789316511102,
						31.755937988229654
					]
				]
			],
			[
				[
					[
						121.38122612134894,
						31.60552199147725
					],
					[
						121.40373012334727,
						31.590660991304308
					],
					[
						121.41116412400464,
						31.595655991258372
					],
					[
						121.39923112293566,
						31.60434699135189
					],
					[
						121.38122612134894,
						31.60552199147725
					]
				]
			],
			[
				[
					[
						121.49437113166813,
						31.555444990606812
					],
					[
						121.511859133328,
						31.54980399046807
					],
					[
						121.5201021341206,
						31.543089990396723
					],
					[
						121.52431113451848,
						31.548501990371737
					],
					[
						121.517441133856,
						31.554032990431317
					],
					[
						121.50224513240829,
						31.558090990551264
					],
					[
						121.49437113166813,
						31.555444990606812
					]
				]
			],
			[
				[
					[
						121.23215110872934,
						31.790596992636413
					],
					[
						121.2314651086737,
						31.791770992641737
					],
					[
						121.23237410874822,
						31.789424992633865
					],
					[
						121.23215110872934,
						31.790596992636413
					]
				]
			],
			[
				[
					[
						121.38123112134886,
						31.606078991477887
					],
					[
						121.38076312130865,
						31.605303991480145
					],
					[
						121.38122612134894,
						31.60552199147725
					],
					[
						121.38123112134886,
						31.606078991477887
					]
				]
			],
			[
				[
					[
						121.50688613257802,
						31.79959699082956
					],
					[
						121.50832713271222,
						31.80126199082124
					],
					[
						121.50692313258133,
						31.799717990829436
					],
					[
						121.50688613257802,
						31.79959699082956
					]
				]
			],
			[
				[
					[
						121.50686313257599,
						31.79952299082966
					],
					[
						121.50688613257802,
						31.79959699082956
					],
					[
						121.50598613249423,
						31.798557990834777
					],
					[
						121.50686313257599,
						31.79952299082966
					]
				]
			],
			[
				[
					[
						121.38123112134886,
						31.606078991477887
					],
					[
						121.38170012138919,
						31.60685499147556
					],
					[
						121.38123112134886,
						31.606079991477877
					],
					[
						121.38123112134886,
						31.606078991477887
					]
				]
			],
			[
				[
					[
						120.95497108878604,
						30.457881993033197
					],
					[
						120.9655920894946,
						30.4540059929678
					],
					[
						120.97164908990638,
						30.462979992939776
					],
					[
						120.9581220890001,
						30.46586799302153
					],
					[
						120.95497108878604,
						30.457881993033197
					]
				]
			],
			[
				[
					[
						121.12047610049372,
						30.57325699211856
					],
					[
						121.12912010114192,
						30.583508992072193
					],
					[
						121.11840810034501,
						30.586146992144304
					],
					[
						121.12047610049372,
						30.57325699211856
					]
				]
			],
			[
				[
					[
						120.89070908040965,
						27.951756991415518
					],
					[
						120.90367908129602,
						27.983331991346137
					],
					[
						120.84951807799892,
						27.975486991726978
					],
					[
						120.89070908040965,
						27.951756991415518
					]
				]
			],
			[
				[
					[
						121.1756520998357,
						28.038945989205306
					],
					[
						121.24369010502683,
						28.055116988604045
					],
					[
						121.2785571079235,
						28.103248988327742
					],
					[
						121.2538531061512,
						28.14990598860965
					],
					[
						121.25762210663365,
						28.204167988632378
					],
					[
						121.20369710248568,
						28.203374989121446
					],
					[
						121.20584910254756,
						28.17316198907143
					],
					[
						121.16264309925279,
						28.150168989429385
					],
					[
						121.1363600971843,
						28.102485989609676
					],
					[
						121.1756520998357,
						28.038945989205306
					]
				]
			],
			[
				[
					[
						121.09491009371546,
						27.943408989811598
					],
					[
						121.12069709568368,
						27.988521989634922
					],
					[
						121.06189709155473,
						27.979403990118943
					],
					[
						121.09491009371546,
						27.943408989811598
					]
				]
			],
			[
				[
					[
						121.16709909841221,
						27.816367989062055
					],
					[
						121.12518309554147,
						27.855546989470245
					],
					[
						121.1177370948781,
						27.817206989498636
					],
					[
						121.16709909841221,
						27.816367989062055
					]
				]
			],
			[
				[
					[
						121.02774808879096,
						27.83941099027292
					],
					[
						121.05577809074053,
						27.85945299006151
					],
					[
						121.02404808865319,
						27.87209699033133
					],
					[
						121.02774808879096,
						27.83941099027292
					]
				]
			],
			[
				[
					[
						121.17958109989416,
						27.97273098910455
					],
					[
						121.18779010053055,
						27.98085398903906
					],
					[
						121.23224610392026,
						27.992278988644703
					],
					[
						121.18476910037013,
						27.99883698908412
					],
					[
						121.17263009942975,
						27.9862439891799
					],
					[
						121.17958109989416,
						27.97273098910455
					]
				]
			],
			[
				[
					[
						121.99510918626719,
						29.770225982687684
					],
					[
						122.02561219029754,
						29.810176982360048
					],
					[
						121.96630118268081,
						29.80285098312646
					],
					[
						121.99510918626719,
						29.770225982687684
					]
				]
			],
			[
				[
					[
						122.46089225649317,
						30.69058797800552
					],
					[
						122.45384225530792,
						30.72978997822619
					],
					[
						122.42278325010493,
						30.707576978658057
					],
					[
						122.46089225649317,
						30.69058797800552
					]
				]
			],
			[
				[
					[
						122.56803927523092,
						30.645795976082244
					],
					[
						122.58284827792173,
						30.6635319758768
					],
					[
						122.55516027292681,
						30.68276197641426
					],
					[
						122.54119927043162,
						30.669597976614465
					],
					[
						122.56803927523092,
						30.645795976082244
					]
				]
			],
			[
				[
					[
						122.78500431695954,
						30.698337972215924
					],
					[
						122.78077731609959,
						30.721501972380274
					],
					[
						122.75765231141432,
						30.72149797283355
					],
					[
						122.7725373144204,
						30.701663972474023
					],
					[
						122.78500431695954,
						30.698337972215924
					]
				]
			],
			[
				[
					[
						122.83081832644986,
						30.70543697131839
					],
					[
						122.8281943259019,
						30.72698397144945
					],
					[
						122.81050132221402,
						30.73654897184116
					],
					[
						122.80544332116494,
						30.71553597186826
					],
					[
						122.83081832644986,
						30.70543697131839
					]
				]
			],
			[
				[
					[
						121.9458621779831,
						29.055737981992937
					],
					[
						121.98091118253963,
						29.110106981607334
					],
					[
						121.98217018284515,
						29.15131898166872
					],
					[
						121.94516817835118,
						29.184886982243246
					],
					[
						121.8898091715493,
						29.156218982931602
					],
					[
						121.90306117285166,
						29.07397298260813
					],
					[
						121.9458621779831,
						29.055737981992937
					]
				]
			],
			[
				[
					[
						121.84951816659904,
						29.091992983342898
					],
					[
						121.86593616868794,
						29.144153983221756
					],
					[
						121.78455315937029,
						29.14253398424406
					],
					[
						121.84951816659904,
						29.091992983342898
					]
				]
			],
			[
				[
					[
						122.01779218739995,
						29.15667498117412
					],
					[
						122.04924019151368,
						29.16409898073315
					],
					[
						122.03603418986958,
						29.186824980971096
					],
					[
						122.01003318646556,
						29.17410998131929
					],
					[
						122.01779218739995,
						29.15667498117412
					]
				]
			],
			[
				[
					[
						121.81878616294507,
						29.0554919836728
					],
					[
						121.83669316510009,
						29.08699198349874
					],
					[
						121.8147741626482,
						29.103534983804405
					],
					[
						121.78566815930134,
						29.081851984130456
					],
					[
						121.81878616294507,
						29.0554919836728
					]
				]
			],
			[
				[
					[
						121.60883313863071,
						28.49414798534433
					],
					[
						121.62914314074386,
						28.519082985143623
					],
					[
						121.59927413787682,
						28.5429229855234
					],
					[
						121.60883313863071,
						28.49414798534433
					]
				]
			],
			[
				[
					[
						121.88095816775663,
						28.46956298183358
					],
					[
						121.91072817140676,
						28.50014698146724
					],
					[
						121.89382216940729,
						28.500201981707036
					],
					[
						121.87165116673364,
						28.482411981986054
					],
					[
						121.88095816775663,
						28.46956298183358
					]
				]
			],
			[
				[
					[
						121.86519616574141,
						28.42999998198449
					],
					[
						121.90490717042817,
						28.439753981441786
					],
					[
						121.89910116982699,
						28.45737298155603
					],
					[
						121.87513716696921,
						28.44622798187412
					],
					[
						121.86519616574141,
						28.42999998198449
					]
				]
			],
			[
				[
					[
						121.62892914010041,
						28.36438898492287
					],
					[
						121.64787314203872,
						28.374366984710814
					],
					[
						121.63465914078803,
						28.392466984895304
					],
					[
						121.62892914010041,
						28.36438898492287
					]
				]
			],
			[
				[
					[
						119.09267401545486,
						37.71127299970451
					],
					[
						119.09539001546781,
						37.73530199970626
					],
					[
						119.06698601508452,
						37.72872899971371
					],
					[
						119.09267401545486,
						37.71127299970451
					]
				]
			],
			[
				[
					[
						118.64825401002393,
						38.0585859998348
					],
					[
						118.66806801020714,
						38.06738299983195
					],
					[
						118.65451001007276,
						38.073893999834716
					],
					[
						118.64825401002393,
						38.0585859998348
					]
				]
			],
			[
				[
					[
						120.72177905818334,
						37.923568998822084
					],
					[
						120.74921405954169,
						37.890677998778976
					],
					[
						120.7566220597184,
						37.92741799878996
					],
					[
						120.72177905818334,
						37.923568998822084
					]
				]
			],
			[
				[
					[
						120.7437670579677,
						38.20140799893637
					],
					[
						120.73618305779507,
						38.164626998925236
					],
					[
						120.77313205939107,
						38.17280999889655
					],
					[
						120.7437670579677,
						38.20140799893637
					]
				]
			],
			[
				[
					[
						120.800545060018,
						38.3069269989395
					],
					[
						120.84406306201498,
						38.30492799890082
					],
					[
						120.84182006184669,
						38.31861499890991
					],
					[
						120.81240106050407,
						38.31772599893483
					],
					[
						120.800545060018,
						38.3069269989395
					]
				]
			],
			[
				[
					[
						120.68026005611038,
						37.99042899889275
					],
					[
						120.69363405677895,
						37.966929998869446
					],
					[
						120.72860705828666,
						37.97072999883845
					],
					[
						120.71453905759009,
						37.98986399886092
					],
					[
						120.68026005611038,
						37.99042899889275
					]
				]
			],
			[
				[
					[
						120.61986605361658,
						37.98302499894325
					],
					[
						120.59304805260146,
						37.96358899895808
					],
					[
						120.62457305390315,
						37.958861998928406
					],
					[
						120.61986605361658,
						37.98302499894325
					]
				]
			],
			[
				[
					[
						120.89607206403271,
						38.39285299890188
					],
					[
						120.92893206563778,
						38.388068998870224
					],
					[
						120.92115006519056,
						38.40186699888477
					],
					[
						120.90760806452315,
						38.4050099988984
					],
					[
						120.89607206403271,
						38.39285299890188
					]
				]
			],
			[
				[
					[
						120.89566806410792,
						38.37374099889189
					],
					[
						120.89376806407637,
						38.36176699888709
					],
					[
						120.90847006483797,
						38.35018199886771
					],
					[
						120.91354406501573,
						38.363570998870465
					],
					[
						120.89566806410792,
						38.37374099889189
					]
				]
			],
			[
				[
					[
						120.84146906163146,
						38.36073699893199
					],
					[
						120.83187906123412,
						38.35159299893546
					],
					[
						120.84104906170963,
						38.34011799892172
					],
					[
						120.85281406222892,
						38.34542099891427
					],
					[
						120.84146906163146,
						38.36073699893199
					]
				]
			],
			[
				[
					[
						120.93067906748622,
						38.036193998669795
					],
					[
						120.92898606745027,
						38.02630999866594
					],
					[
						120.94637306836115,
						38.01912699864304
					],
					[
						120.95159906858426,
						38.02748499864228
					],
					[
						120.93067906748622,
						38.036193998669795
					]
				]
			],
			[
				[
					[
						120.68080105628357,
						37.953345998874994
					],
					[
						120.66726705577938,
						37.93539099887913
					],
					[
						120.68424205648884,
						37.93900299886509
					],
					[
						120.68080105628357,
						37.953345998874994
					]
				]
			],
			[
				[
					[
						120.64135805384893,
						38.14841499899818
					],
					[
						120.63415505359102,
						38.139083998999965
					],
					[
						120.64564505407763,
						38.1352389989888
					],
					[
						120.64740005412052,
						38.142608998990596
					],
					[
						120.64135805384893,
						38.14841499899818
					]
				]
			],
			[
				[
					[
						120.64488205430357,
						38.070552998960544
					],
					[
						120.63660405400125,
						38.06059599896313
					],
					[
						120.64773605447019,
						38.058349998952636
					],
					[
						120.64488205430357,
						38.070552998960544
					]
				]
			],
			[
				[
					[
						120.86797306445492,
						38.02680199872989
					],
					[
						120.86817206449143,
						38.02108399872657
					],
					[
						120.87492406482606,
						38.01917299871863
					],
					[
						120.87322206471048,
						38.026233998724216
					],
					[
						120.86797306445492,
						38.02680199872989
					]
				]
			],
			[
				[
					[
						120.75027505846789,
						38.15195899890668
					],
					[
						120.75144205851258,
						38.15352299890643
					],
					[
						120.74946605842602,
						38.1533929989081
					],
					[
						120.75027505846789,
						38.15195899890668
					]
				]
			],
			[
				[
					[
						120.43460804712979,
						37.78714399902063
					],
					[
						120.43391404714119,
						37.77590599901692
					],
					[
						120.4506910477586,
						37.77633999900302
					],
					[
						120.45436104786417,
						37.78559499900351
					],
					[
						120.43460804712979,
						37.78714399902063
					]
				]
			],
			[
				[
					[
						120.42757404686327,
						37.789973999027474
					],
					[
						120.42565204679074,
						37.79072999902937
					],
					[
						120.42422504674299,
						37.78945199903004
					],
					[
						120.4254000467904,
						37.788020999028575
					],
					[
						120.42757404686327,
						37.789973999027474
					]
				]
			],
			[
				[
					[
						121.57566811200198,
						37.44742199721825
					],
					[
						121.61459311501399,
						37.45789299714587
					],
					[
						121.62011011528999,
						37.47927499715659
					],
					[
						121.57685911202213,
						37.457057997225625
					],
					[
						121.57566811200198,
						37.44742199721825
					]
				]
			],
			[
				[
					[
						121.50199110558786,
						37.55197099747108
					],
					[
						121.51602210660552,
						37.556331997448076
					],
					[
						121.50766810590537,
						37.566489997474065
					],
					[
						121.50199110558786,
						37.55197099747108
					]
				]
			],
			[
				[
					[
						121.54986610894926,
						37.5861969974111
					],
					[
						121.53915410812307,
						37.587390997433296
					],
					[
						121.54223610841403,
						37.57989099741986
					],
					[
						121.54986610894926,
						37.5861969974111
					]
				]
			],
			[
				[
					[
						122.51837221880261,
						36.9389039933682
					],
					[
						122.51513721886671,
						36.90133999330056
					],
					[
						122.53259322106055,
						36.92277099326536
					],
					[
						122.51837221880261,
						36.9389039933682
					]
				]
			],
			[
				[
					[
						122.53324922156767,
						36.89347499319674
					],
					[
						122.52314822032801,
						36.8785129932118
					],
					[
						122.53345522181942,
						36.877681993160344
					],
					[
						122.54214522288179,
						36.89126199314887
					],
					[
						122.53324922156767,
						36.89347499319674
					]
				]
			],
			[
				[
					[
						122.60414923086647,
						36.96819699302441
					],
					[
						122.6096342317392,
						36.964572992989005
					],
					[
						122.61650823277158,
						36.96439699295482
					],
					[
						122.61730223281518,
						36.969436992962784
					],
					[
						122.60870423151151,
						36.97051999300763
					],
					[
						122.60414923086647,
						36.96819699302441
					]
				]
			],
			[
				[
					[
						122.47171820522703,
						37.443927994639175
					],
					[
						122.48266620670033,
						37.44356199459709
					],
					[
						122.48030120631371,
						37.44834899461593
					],
					[
						122.47482320557332,
						37.44876099463742
					],
					[
						122.47171820522703,
						37.443927994639175
					]
				]
			],
			[
				[
					[
						122.58229822325757,
						37.26193999380085
					],
					[
						122.57920822290241,
						37.25596599380078
					],
					[
						122.58580022383555,
						37.25715999377488
					],
					[
						122.58229822325757,
						37.26193999380085
					]
				]
			],
			[
				[
					[
						121.55485511539865,
						36.75294899654143
					],
					[
						121.53809311415498,
						36.7368579965689
					],
					[
						121.56665011647756,
						36.73618699649181
					],
					[
						121.55485511539865,
						36.75294899654143
					]
				]
			],
			[
				[
					[
						121.61900312087155,
						36.73109099634218
					],
					[
						121.6103821202081,
						36.72225199635639
					],
					[
						121.6167831207855,
						36.717090996332686
					],
					[
						121.6230931212459,
						36.72726399632639
					],
					[
						121.61900312087155,
						36.73109099634218
					]
				]
			],
			[
				[
					[
						120.17611704319926,
						35.79096199856332
					],
					[
						120.1492160423306,
						35.76419499858818
					],
					[
						120.1834870435328,
						35.753657998540696
					],
					[
						120.17611704319926,
						35.79096199856332
					]
				]
			],
			[
				[
					[
						120.19365704329206,
						36.032065998625846
					],
					[
						120.21941404417808,
						36.03829999859641
					],
					[
						120.21573604400494,
						36.05788399860795
					],
					[
						120.19365704329206,
						36.032065998625846
					]
				]
			],
			[
				[
					[
						120.76461006676743,
						36.23932299787297
					],
					[
						120.76419806679007,
						36.22717699786672
					],
					[
						120.7731550672325,
						36.230365997852566
					],
					[
						120.76461006676743,
						36.23932299787297
					]
				]
			],
			[
				[
					[
						120.57436405819024,
						36.09246799811651
					],
					[
						120.58030705845752,
						36.09238799810689
					],
					[
						120.57894105837747,
						36.09853699811216
					],
					[
						120.57417305816725,
						36.09727099811916
					],
					[
						120.57436405819024,
						36.09246799811651
					]
				]
			],
			[
				[
					[
						117.8901820046575,
						38.25463099993343
					],
					[
						117.92765100485354,
						38.22276699992957
					],
					[
						117.95380400498713,
						38.222285999927436
					],
					[
						117.92157000481583,
						38.2440759999307
					],
					[
						117.8901820046575,
						38.25463099993343
					]
				]
			],
			[
				[
					[
						118.05458100561886,
						37.99374399991106
					],
					[
						118.06188900565176,
						38.01755499991114
					],
					[
						118.03810100552015,
						38.006598999913116
					],
					[
						118.05458100561886,
						37.99374399991106
					]
				]
			],
			[
				[
					[
						117.92960400489004,
						38.14372599992722
					],
					[
						117.94876100498716,
						38.14691899992564
					],
					[
						117.95429200501275,
						38.15539199992544
					],
					[
						117.93397500490626,
						38.16159099992732
					],
					[
						117.92960400489004,
						38.14372599992722
					]
				]
			],
			[
				[
					[
						117.8003920042525,
						38.20651199993883
					],
					[
						117.81433100431296,
						38.214995999938054
					],
					[
						117.80270400425833,
						38.22186299993906
					],
					[
						117.8003920042525,
						38.20651199993883
					]
				]
			],
			[
				[
					[
						117.87361900457667,
						38.257380999934774
					],
					[
						117.86984200455471,
						38.26952699993535
					],
					[
						117.85937500450282,
						38.27685899993633
					],
					[
						117.85472100448368,
						38.26769299993645
					],
					[
						117.87361900457667,
						38.257380999934774
					]
				]
			],
			[
				[
					[
						117.93074000490299,
						38.12241699992647
					],
					[
						117.92930600489113,
						38.136165999926995
					],
					[
						117.91275000481022,
						38.12838399992815
					],
					[
						117.93074000490299,
						38.12241699992647
					]
				]
			],
			[
				[
					[
						117.90900400478095,
						38.160460999929356
					],
					[
						117.91742700482227,
						38.16274999992875
					],
					[
						117.92352300485412,
						38.159079999928146
					],
					[
						117.92730000487201,
						38.16274299992789
					],
					[
						117.92382000485306,
						38.166865999928305
					],
					[
						117.91191100479357,
						38.165957999929276
					],
					[
						117.90900400478095,
						38.160460999929356
					]
				]
			],
			[
				[
					[
						117.80124700424967,
						38.22919499993935
					],
					[
						117.80094900424547,
						38.23881499993959
					],
					[
						117.79019900419868,
						38.234458999940266
					],
					[
						117.80124700424967,
						38.22919499993935
					]
				]
			],
			[
				[
					[
						118.03057800547622,
						38.010962999914014
					],
					[
						118.04595200556028,
						38.01827199991271
					],
					[
						118.04277800554074,
						38.0223999999132
					],
					[
						118.03057800547622,
						38.010962999914014
					]
				]
			],
			[
				[
					[
						117.81548300431042,
						38.241111999938624
					],
					[
						117.81053900428577,
						38.24843999993918
					],
					[
						117.8015210042447,
						38.25004199993984
					],
					[
						117.80938000428232,
						38.24248499993909
					],
					[
						117.81548300431042,
						38.241111999938624
					]
				]
			],
			[
				[
					[
						117.9246980048542,
						38.17649099992853
					],
					[
						117.93805700492204,
						38.17648299992745
					],
					[
						117.93341800489645,
						38.18221299992797
					],
					[
						117.9246980048542,
						38.17649099992853
					]
				]
			],
			[
				[
					[
						117.9374310049323,
						38.136844999926325
					],
					[
						117.94817300498673,
						38.13935899992551
					],
					[
						117.94614400497511,
						38.14256699992575
					],
					[
						117.93569200492169,
						38.141658999926634
					],
					[
						117.9374310049323,
						38.136844999926325
					]
				]
			],
			[
				[
					[
						117.918892004826,
						38.17351499992893
					],
					[
						117.90786000476965,
						38.177417999929915
					],
					[
						117.90727200476816,
						38.17306499992986
					],
					[
						117.918892004826,
						38.17351499992893
					]
				]
			],
			[
				[
					[
						117.89940600474473,
						38.125644999929186
					],
					[
						117.90608200477655,
						38.12953199992871
					],
					[
						117.90376300476323,
						38.134803999929055
					],
					[
						117.89794900473663,
						38.128161999929354
					],
					[
						117.89940600474473,
						38.125644999929186
					]
				]
			],
			[
				[
					[
						117.97805000514707,
						38.128104999922556
					],
					[
						117.96934500510069,
						38.12903199992335
					],
					[
						117.97077900511081,
						38.121924999923
					],
					[
						117.97805000514707,
						38.128104999922556
					]
				]
			],
			[
				[
					[
						117.97261800510014,
						38.17942799992455
					],
					[
						117.97291500510012,
						38.18401299992468
					],
					[
						117.96479000505676,
						38.18630999992544
					],
					[
						117.96478300505815,
						38.18195699992533
					],
					[
						117.97261800510014,
						38.17942799992455
					]
				]
			],
			[
				[
					[
						118.02440600540972,
						38.097575999917396
					],
					[
						118.0165860053645,
						38.10285599991826
					],
					[
						118.0139700053519,
						38.09804899991838
					],
					[
						118.02440600540972,
						38.097575999917396
					]
				]
			],
			[
				[
					[
						117.89620200473311,
						38.112353999929056
					],
					[
						117.88314800466844,
						38.114192999930175
					],
					[
						117.88314800466938,
						38.111213999930136
					],
					[
						117.89242600471528,
						38.110293999929354
					],
					[
						117.89620200473311,
						38.112353999929056
					]
				]
			],
			[
				[
					[
						117.9680020050698,
						38.19684599992549
					],
					[
						117.97323600509642,
						38.19913099992514
					],
					[
						117.97033700507944,
						38.204173999925544
					],
					[
						117.96568300505616,
						38.20097299992579
					],
					[
						117.9680020050698,
						38.19684599992549
					]
				]
			],
			[
				[
					[
						117.91915100483709,
						38.14419199992804
					],
					[
						117.92263800485402,
						38.146018999927804
					],
					[
						117.92467500486205,
						38.152892999927865
					],
					[
						117.92060900484155,
						38.15266799992819
					],
					[
						117.91770200482836,
						38.148543999928336
					],
					[
						117.91915100483709,
						38.14419199992804
					]
				]
			],
			[
				[
					[
						118.03155500542135,
						38.17248199991913
					],
					[
						118.02923600540727,
						38.17592199991949
					],
					[
						118.02401700537824,
						38.17638799991991
					],
					[
						118.02081300536155,
						38.17387399992017
					],
					[
						118.02719900539763,
						38.171573999919524
					],
					[
						118.03155500542135,
						38.17248199991913
					]
				]
			],
			[
				[
					[
						117.98393300516211,
						38.17369099992345
					],
					[
						117.9877010051832,
						38.170707999922996
					],
					[
						117.99177600520355,
						38.17482799992276
					],
					[
						117.9877170051813,
						38.17643399992315
					],
					[
						117.98393300516211,
						38.17369099992345
					]
				]
			],
			[
				[
					[
						117.96365300504446,
						38.2041819999261
					],
					[
						117.97121400508223,
						38.20921299992557
					],
					[
						117.96598800505454,
						38.21013599992604
					],
					[
						117.96365300504446,
						38.2041819999261
					]
				]
			],
			[
				[
					[
						117.89624000471443,
						38.17054699993068
					],
					[
						117.89508100470799,
						38.17306899993084
					],
					[
						117.88578000466289,
						38.171695999931536
					],
					[
						117.88694700466924,
						38.16963199993137
					],
					[
						117.89624000471443,
						38.17054699993068
					]
				]
			],
			[
				[
					[
						118.02285800537037,
						38.18028299992014
					],
					[
						118.0199660053527,
						38.185100999920564
					],
					[
						118.01734200533983,
						38.18098099992066
					],
					[
						118.02285800537037,
						38.18028299992014
					]
				]
			],
			[
				[
					[
						117.7913440041981,
						38.25416199994064
					],
					[
						117.78814700418444,
						38.2523269999408
					],
					[
						117.78495800417147,
						38.24819899994094
					],
					[
						117.78960400419199,
						38.24843199994061
					],
					[
						117.79164100420034,
						38.25072499994053
					],
					[
						117.7913440041981,
						38.25416199994064
					]
				]
			],
			[
				[
					[
						117.96504200506607,
						38.163169999924726
					],
					[
						117.96794900508048,
						38.16568799992456
					],
					[
						117.96447000506116,
						38.168670999924984
					],
					[
						117.9621430050501,
						38.165694999925044
					],
					[
						117.96504200506607,
						38.163169999924726
					]
				]
			],
			[
				[
					[
						117.89012200468683,
						38.16310499993093
					],
					[
						117.89216600469656,
						38.16413499993081
					],
					[
						117.89071700468817,
						38.16825899993103
					],
					[
						117.88578000466534,
						38.16413499993132
					],
					[
						117.89012200468683,
						38.16310499993093
					]
				]
			],
			[
				[
					[
						118.17063100627344,
						38.102084999902814
					],
					[
						118.16565700624626,
						38.092246999902976
					],
					[
						118.16996800627747,
						38.08283999990215
					],
					[
						118.17955000633677,
						38.086249999901256
					],
					[
						118.18016800633765,
						38.093348999901444
					],
					[
						118.17063100627344,
						38.102084999902814
					]
				]
			],
			[
				[
					[
						118.14311200615859,
						37.96629299990075
					],
					[
						118.14254700615318,
						37.97064599990095
					],
					[
						118.12695300605239,
						37.9821399999031
					],
					[
						118.12722000605683,
						37.975264999902784
					],
					[
						118.13646000611666,
						37.96791499990154
					],
					[
						118.14311200615859,
						37.96629299990075
					]
				]
			],
			[
				[
					[
						118.11091600593491,
						38.03189099990657
					],
					[
						118.10223400588109,
						38.03626299990768
					],
					[
						118.09813700586064,
						38.02642099990771
					],
					[
						118.10625400590932,
						38.02571899990684
					],
					[
						118.11091600593491,
						38.03189099990657
					]
				]
			],
			[
				[
					[
						118.09475000583063,
						38.05140299990895
					],
					[
						118.10228700587463,
						38.05321899990826
					],
					[
						118.10057100586184,
						38.05963899990865
					],
					[
						118.09185800581263,
						38.05369899990932
					],
					[
						118.09475000583063,
						38.05140299990895
					]
				]
			],
			[
				[
					[
						118.15033700614534,
						38.10488499990507
					],
					[
						118.15818000619258,
						38.108298999904385
					],
					[
						118.15181000615169,
						38.11152599990517
					],
					[
						118.15033700614534,
						38.10488499990507
					]
				]
			],
			[
				[
					[
						118.10215000589048,
						38.01151999990682
					],
					[
						118.10622400591254,
						38.01747099990658
					],
					[
						118.09985400587412,
						38.01816899990725
					],
					[
						118.10215000589048,
						38.01151999990682
					]
				]
			],
			[
				[
					[
						118.15654800620123,
						38.06408699990289
					],
					[
						118.15396100618243,
						38.07051099990345
					],
					[
						118.1481480061477,
						38.067317999903935
					],
					[
						118.15654800620123,
						38.06408699990289
					]
				]
			],
			[
				[
					[
						118.16324600624057,
						38.07025899990244
					],
					[
						118.15747100620203,
						38.07599999990329
					],
					[
						118.15425900618364,
						38.071883999903456
					],
					[
						118.16324600624057,
						38.07025899990244
					]
				]
			],
			[
				[
					[
						118.11007700592576,
						38.04197699990702
					],
					[
						118.10633100590118,
						38.047252999907634
					],
					[
						118.10196700587649,
						38.04382699990797
					],
					[
						118.11007700592576,
						38.04197699990702
					]
				]
			],
			[
				[
					[
						118.09488700584934,
						38.00626799990734
					],
					[
						118.08823400580879,
						38.009028999908146
					],
					[
						118.08705900580301,
						38.00605399990818
					],
					[
						118.09488700584934,
						38.00626799990734
					]
				]
			],
			[
				[
					[
						122.17761216828875,
						37.51061999576025
					],
					[
						122.1729581679338,
						37.49637599575121
					],
					[
						122.1951911704644,
						37.49433499567933
					],
					[
						122.19464917022918,
						37.50897999570529
					],
					[
						122.17761216828875,
						37.51061999576025
					]
				]
			],
			[
				[
					[
						122.19682317077725,
						37.48359299565643
					],
					[
						122.19459517058127,
						37.4787599956554
					],
					[
						122.19989817125997,
						37.472407995628174
					],
					[
						122.20735217208312,
						37.47477699560873
					],
					[
						122.20436117166787,
						37.480926995628415
					],
					[
						122.19682317077725,
						37.48359299565643
					]
				]
			],
			[
				[
					[
						122.24697118517636,
						36.756419994206084
					],
					[
						122.25368518610516,
						36.74756599416158
					],
					[
						122.26157418701293,
						36.7536009941393
					],
					[
						122.24697118517636,
						36.756419994206084
					]
				]
			],
			[
				[
					[
						122.22761518246301,
						36.787116994342014
					],
					[
						122.2396471839508,
						36.78518699428892
					],
					[
						122.24014318395932,
						36.78976799429515
					],
					[
						122.2323841829826,
						36.792430994331966
					],
					[
						122.22761518246301,
						36.787116994342014
					]
				]
			],
			[
				[
					[
						118.92157001357093,
						37.31761899971516
					],
					[
						118.92196501357738,
						37.31584099971487
					],
					[
						118.92196701357737,
						37.31584199971487
					],
					[
						118.92157001357093,
						37.31761899971516
					]
				]
			],
			[
				[
					[
						108.7930179999984,
						27.905898
					],
					[
						108.80536599999843,
						27.917702
					],
					[
						108.79095999999834,
						27.966731
					],
					[
						108.76420499999821,
						27.925873
					],
					[
						108.7930179999984,
						27.905898
					]
				]
			],
			[
				[
					[
						126.1317674836551,
						45.67519806765543
					],
					[
						126.16690150233718,
						45.599144068626934
					],
					[
						126.15033050863101,
						45.52604706746109
					],
					[
						126.30184953462727,
						45.60184507449236
					],
					[
						126.40508356257091,
						45.59096507918402
					],
					[
						126.46025158287438,
						45.55549608156856
					],
					[
						126.62251363369842,
						45.52309408956107
					],
					[
						126.671661652792,
						45.49722709197381
					],
					[
						126.70613167483009,
						45.43427309328746
					],
					[
						126.83818871859746,
						45.42394310071315
					],
					[
						126.9093557544804,
						45.36381510436109
					],
					[
						127.0016107842316,
						45.37415311023042
					],
					[
						127.073036816972,
						45.34182011451241
					],
					[
						127.20084488949227,
						45.238949121964836
					],
					[
						127.27506292837164,
						45.20257212677876
					],
					[
						127.32674494655447,
						45.215553130756
					],
					[
						127.34121794117918,
						45.26008213245247
					],
					[
						127.39105296114154,
						45.2636411363116
					],
					[
						127.43476997126123,
						45.29538714018973
					],
					[
						127.48977699765112,
						45.28554214447667
					],
					[
						127.47106297036763,
						45.35575114396959
					],
					[
						127.5042959691619,
						45.41143014750116
					],
					[
						127.5890820095368,
						45.39743415449945
					],
					[
						127.63379000708528,
						45.47307215957478
					],
					[
						127.68740103924866,
						45.444316163982016
					],
					[
						127.68598107297447,
						45.330285162042216
					],
					[
						127.65474108790383,
						45.23202115765674
					],
					[
						127.56669707007683,
						45.15180614879338
					],
					[
						127.48626804261751,
						45.11724914166303
					],
					[
						127.59300311231632,
						45.04953814934364
					],
					[
						127.70776517734222,
						45.02386115881992
					],
					[
						127.72570120745841,
						44.95703915921776
					],
					[
						127.78306723748706,
						44.958431164423146
					],
					[
						127.88086030853495,
						44.90638417257491
					],
					[
						127.92826237805797,
						44.78373717462102
					],
					[
						127.97346642881034,
						44.717297177596336
					],
					[
						128.06062448860956,
						44.70342618601695
					],
					[
						128.01428348464069,
						44.63343817974734
					],
					[
						128.01486350257747,
						44.58521317869793
					],
					[
						127.98887851255992,
						44.51099817444744
					],
					[
						128.0652635718211,
						44.48837318140961
					],
					[
						128.1309216092018,
						44.50838118857722
					],
					[
						128.19467365791,
						44.49816919501482
					],
					[
						128.22982966674167,
						44.53855119985402
					],
					[
						128.2832967062685,
						44.53601820569389
					],
					[
						128.34794773254362,
						44.58606321442342
					],
					[
						128.39360172845298,
						44.67350822221388
					],
					[
						128.4824998000447,
						44.66114023276651
					],
					[
						128.54083383925212,
						44.672894240521885
					],
					[
						128.61880690944375,
						44.65377425017969
					],
					[
						128.6803609557088,
						44.66065625874603
					],
					[
						128.73555198491724,
						44.69265026749125
					],
					[
						128.78863698297863,
						44.781757278059466
					],
					[
						128.8400750232297,
						44.78604528586059
					],
					[
						128.84726100635544,
						44.8292392883863
					],
					[
						128.8866290173405,
						44.8696332957862
					],
					[
						129.00850110018246,
						44.905243316561005
					],
					[
						129.04124610764703,
						44.94126532330301
					],
					[
						129.01622207435085,
						44.962368319846576
					],
					[
						129.0311610455669,
						45.035011324877786
					],
					[
						129.0578330496771,
						45.066471330518795
					],
					[
						129.13464509425665,
						45.10002934517883
					],
					[
						129.09163103449654,
						45.14087733897615
					],
					[
						129.13341003931373,
						45.19101034816104
					],
					[
						129.1925530727117,
						45.21659135989334
					],
					[
						129.175936020625,
						45.28044135904831
					],
					[
						129.0845659427161,
						45.28970734275618
					],
					[
						129.05732889232237,
						45.34122933960922
					],
					[
						129.1833519624363,
						45.387386364092876
					],
					[
						129.1865709448362,
						45.420975365829314
					],
					[
						129.11152785821753,
						45.47179435353443
					],
					[
						129.1280998474446,
						45.51150535784856
					],
					[
						129.08674776486257,
						45.603775353097404
					],
					[
						129.1357747905865,
						45.61914136264834
					],
					[
						129.2036758574287,
						45.58868437460485
					],
					[
						129.30154590874216,
						45.623402395096875
					],
					[
						129.33183489764235,
						45.677185403083605
					],
					[
						129.33931186936212,
						45.73086240641131
					],
					[
						129.38903990343428,
						45.73468441699484
					],
					[
						129.39998088680196,
						45.77301842061908
					],
					[
						129.44993792854328,
						45.76561043119978
					],
					[
						129.54318396817135,
						45.81089845370408
					],
					[
						129.5361199415948,
						45.84204545317949
					],
					[
						129.44728286411126,
						45.86072243383539
					],
					[
						129.42140382967074,
						45.88534542896934
					],
					[
						129.41308771578957,
						46.053864432493974
					],
					[
						129.35949862959373,
						46.136475423293255
					],
					[
						129.3290426031012,
						46.14896441712382
					],
					[
						129.42065557641936,
						46.28101744092238
					],
					[
						129.56024361602056,
						46.34881647526098
					],
					[
						129.5574205708767,
						46.41413147650805
					],
					[
						129.63507255888206,
						46.49867349801673
					],
					[
						129.71231259120947,
						46.516361518214985
					],
					[
						129.81639261989918,
						46.56100154724552
					],
					[
						129.9138046275817,
						46.62689657648403
					],
					[
						129.97853271514194,
						46.563915593152
					],
					[
						130.07431174650733,
						46.59870262302357
					],
					[
						130.0395987861689,
						46.522995609864694
					],
					[
						130.1270468567458,
						46.50662663604673
					],
					[
						130.1097887921995,
						46.570385632974144
					],
					[
						130.15257477804178,
						46.61968264815736
					],
					[
						130.18408379967175,
						46.61768065815478
					],
					[
						130.14816484586686,
						46.53606464374845
					],
					[
						130.1505298819568,
						46.49537764299248
					],
					[
						130.36805006365307,
						46.462791713553294
					],
					[
						130.50935924580324,
						46.38560576051161
					],
					[
						130.60541140200988,
						46.30969679278018
					],
					[
						130.65897951930918,
						46.24271780998796
					],
					[
						130.71439475701686,
						46.071762822442075
					],
					[
						130.76703985836502,
						46.02838584086057
					],
					[
						131.0123171304055,
						46.01915094392095
					],
					[
						131.0958590853933,
						46.12672898888536
					],
					[
						131.0736120082195,
						46.1685839812881
					],
					[
						131.08557394017305,
						46.23190399081438
					],
					[
						131.1962769925547,
						46.27916404658766
					],
					[
						131.1998019508463,
						46.31338605050727
					],
					[
						131.25044599053064,
						46.32233507618672
					],
					[
						131.27835397644924,
						46.35372609230698
					],
					[
						131.33682601911872,
						46.36611712319676
					],
					[
						131.46223818813593,
						46.340299188439616
					],
					[
						131.53274819357938,
						46.3877762310887
					],
					[
						131.54590116391816,
						46.41679524063276
					],
					[
						131.6225461436548,
						46.48286228981565
					],
					[
						131.6996802350985,
						46.47658633560617
					],
					[
						131.740909235508,
						46.50374736298039
					],
					[
						131.71637307689508,
						46.586648353890936
					],
					[
						131.80771213376687,
						46.60864041292706
					],
					[
						131.85954620160246,
						46.59994244584579
					],
					[
						131.98068616685575,
						46.692452534369
					],
					[
						132.10377825931437,
						46.71101562302574
					],
					[
						132.21322918476284,
						46.81015971249432
					],
					[
						132.30987925570454,
						46.82332778875246
					],
					[
						132.34633212538998,
						46.90722882486376
					],
					[
						132.40021014728782,
						46.92188787007466
					],
					[
						132.46739290413146,
						47.0709119385828
					],
					[
						132.46739269929327,
						47.17110194635667
					],
					[
						132.42450649457933,
						47.25708491619377
					],
					[
						132.38196036790197,
						47.30671488398943
					],
					[
						132.2518051490041,
						47.379354783093994
					],
					[
						132.1144890373145,
						47.397595678411534
					],
					[
						132.24632507074736,
						47.420201781260154
					],
					[
						132.28392205941,
						47.43766981228378
					],
					[
						132.35151895080347,
						47.51460487202239
					],
					[
						132.4010639162648,
						47.54552991527716
					],
					[
						132.46408278587202,
						47.62758497407389
					],
					[
						132.4525006880879,
						47.675336966780115
					],
					[
						132.50552565939827,
						47.70043401455769
					],
					[
						132.51602353506127,
						47.76534502746844
					],
					[
						132.4450694631062,
						47.79074296660562
					],
					[
						132.33654946247898,
						47.77291687385595
					],
					[
						132.2029285134979,
						47.71961376353351
					],
					[
						132.10380648761145,
						47.71444868711812
					],
					[
						132.02020439376568,
						47.75398762700197
					],
					[
						131.90847939425717,
						47.73081754637948
					],
					[
						131.88995544906427,
						47.691709531819846
					],
					[
						131.82548644124822,
						47.68187448746984
					],
					[
						131.69273534552906,
						47.71554740197396
					],
					[
						131.5828873747755,
						47.66829833168141
					],
					[
						131.54591526864047,
						47.73658531196268
					],
					[
						131.5078132325934,
						47.754601289927415
					],
					[
						131.389253185439,
						47.76363122184124
					],
					[
						131.33966219231883,
						47.746533193632075
					],
					[
						131.24629316517712,
						47.7459501431362
					],
					[
						131.1278701860241,
						47.697690080365746
					],
					[
						131.01245214895079,
						47.69878502364395
					],
					[
						130.95919909537753,
						47.73336099939422
					],
					[
						130.95442299595777,
						47.82496699973918
					],
					[
						130.92494293375583,
						47.87717198736262
					],
					[
						130.85806384748201,
						47.947151958462825
					],
					[
						130.75709577644602,
						48.0000089149662
					],
					[
						130.7322237345237,
						48.03930790508697
					],
					[
						130.6873787138269,
						48.05382588631354
					],
					[
						130.66610764132895,
						48.12867787887903
					],
					[
						130.7522745985644,
						48.18478091668648
					],
					[
						130.77444554176725,
						48.24657192752267
					],
					[
						130.8428654968958,
						48.297840958944455
					],
					[
						130.81672744914582,
						48.34595994801759
					],
					[
						130.77084342566144,
						48.36904992805099
					],
					[
						130.73912134782287,
						48.45220991548692
					],
					[
						130.768585320215,
						48.48188492878445
					],
					[
						130.7227482855215,
						48.52057390936803
					],
					[
						130.61914130469202,
						48.501041865412425
					],
					[
						130.602554222943,
						48.59606685977898
					],
					[
						130.53469921096553,
						48.61377083256605
					],
					[
						130.63089004294088,
						48.80426087361676
					],
					[
						130.6841579938397,
						48.85356189644498
					],
					[
						130.65006996759288,
						48.89002288233094
					],
					[
						130.5132140081999,
						48.863750826381676
					],
					[
						130.47732497728788,
						48.908535812621444
					],
					[
						130.36260999373454,
						48.90684576902443
					],
					[
						130.24647503366663,
						48.870789726822466
					],
					[
						130.1886140045783,
						48.92073170701715
					],
					[
						130.05108597699873,
						48.98532966152386
					],
					[
						129.99748192734896,
						49.07308664478111
					],
					[
						129.9332429072016,
						49.11996162493821
					],
					[
						129.88162190683468,
						49.132828609302145
					],
					[
						129.87849388710353,
						49.16653460846782
					],
					[
						129.82467587151993,
						49.207035592628976
					],
					[
						129.74970988092983,
						49.21064857104939
					],
					[
						129.7417448478354,
						49.271950568928155
					],
					[
						129.64659084070078,
						49.31361054270765
					],
					[
						129.5906068567983,
						49.29997352773695
					],
					[
						129.5444178411826,
						49.344463515743605
					],
					[
						129.54110679266327,
						49.441658514964494
					],
					[
						129.4209588055175,
						49.45868748481597
					],
					[
						129.35899383447224,
						49.41881946987768
					],
					[
						129.35580386114086,
						49.36268646907566
					],
					[
						129.29847686517476,
						49.371853455670234
					],
					[
						129.23815885559293,
						49.412521441962994
					],
					[
						129.20565786137902,
						49.409943434714
					],
					[
						129.10908489720006,
						49.356113413761214
					],
					[
						129.0587768957952,
						49.374371403251594
					],
					[
						129.00407386847618,
						49.45937339213401
					],
					[
						128.85342387385126,
						49.49641036280587
					],
					[
						128.78916888822783,
						49.47863835090216
					],
					[
						128.75903288210137,
						49.50590134545011
					],
					[
						128.80900586456775,
						49.537426354545936
					],
					[
						128.77294884694874,
						49.600300347952135
					],
					[
						128.7306208712364,
						49.54678334037687
					],
					[
						128.65753488107296,
						49.54408132762844
					],
					[
						128.5430599383492,
						49.40729930847462
					],
					[
						128.37307796788232,
						49.35754828191525
					],
					[
						128.20230097805515,
						49.363113257366386
					],
					[
						128.0654550356936,
						49.17798623888142
					],
					[
						128.0920490510923,
						49.118028242233244
					],
					[
						128.14671405951384,
						49.0822472494022
					],
					[
						128.23388206531317,
						49.054202261285674
					],
					[
						128.27525010831377,
						48.90817726675842
					],
					[
						128.258998118668,
						48.87433026435104
					],
					[
						128.1644431359197,
						48.81534025110295
					],
					[
						128.2442241494266,
						48.77278926194204
					],
					[
						128.33139215318585,
						48.76408627439755
					],
					[
						128.37276016930647,
						48.7157332803244
					],
					[
						128.43924518147546,
						48.68285329026242
					],
					[
						128.4052641967393,
						48.63450028486908
					],
					[
						128.39935421454098,
						48.58034528373171
					],
					[
						128.43333522596848,
						48.55036628875308
					],
					[
						128.43038024060834,
						48.506849288084126
					],
					[
						128.46140626721478,
						48.434319292474086
					],
					[
						128.5341492918718,
						48.377876303612936
					],
					[
						128.44667129412107,
						48.35406128974022
					],
					[
						128.35667432131245,
						48.25350227560836
					],
					[
						128.31086735302333,
						48.145752268272744
					],
					[
						128.24824534488778,
						48.150951259462296
					],
					[
						128.16111734834158,
						48.11158424735021
					],
					[
						128.12463435608592,
						48.073837242295774
					],
					[
						128.07968135418568,
						48.06371323641763
					],
					[
						127.97245033440458,
						48.09156822321812
					],
					[
						127.82164033197007,
						48.04228220529381
					],
					[
						127.79416731613587,
						48.091011202485
					],
					[
						127.81155430706116,
						48.13189720464398
					],
					[
						127.75309728704684,
						48.1878931984517
					],
					[
						127.70581828228497,
						48.19017819335859
					],
					[
						127.62583925300491,
						48.282970185401474
					],
					[
						127.60432522612703,
						48.3900831836337
					],
					[
						127.54258721646275,
						48.41526817753552
					],
					[
						127.51181819985702,
						48.48129717474961
					],
					[
						127.51747918853322,
						48.53354617547443
					],
					[
						127.45420115669798,
						48.66808316978056
					],
					[
						127.48223113653121,
						48.76661717271537
					],
					[
						127.43617211820256,
						48.849388168518644
					],
					[
						127.43895010971787,
						48.89062516886747
					],
					[
						127.38028709844077,
						48.9432451635129
					],
					[
						127.41882309014225,
						48.98561116715726
					],
					[
						127.46693408733613,
						48.99984017173633
					],
					[
						127.35764307744822,
						49.04917516162702
					],
					[
						127.25252508493176,
						49.00930015228118
					],
					[
						127.2310100912628,
						48.97458315038615
					],
					[
						127.16850308904007,
						48.98423014517196
					],
					[
						127.15144307919921,
						49.03891814385516
					],
					[
						127.10429407890571,
						49.039700140052105
					],
					[
						127.00650006777094,
						49.10478613253195
					],
					[
						126.95324706846809,
						49.10031512854338
					],
					[
						126.89160206123465,
						49.14645812411802
					],
					[
						126.8652800549329,
						49.18814112229085
					],
					[
						126.72737906367534,
						49.129524112851534
					],
					[
						126.69455705821358,
						49.16796511075373
					],
					[
						126.571541059292,
						49.15892010306342
					],
					[
						126.50083205486544,
						49.192299098896534
					],
					[
						126.3989560603577,
						49.14523709308397
					],
					[
						126.35651405919953,
						49.153076090776565
					],
					[
						126.3150180629989,
						49.11834308853558
					],
					[
						126.23450505932685,
						49.1455230844045
					],
					[
						126.22030606777541,
						49.068359083625964
					],
					[
						126.19402306932899,
						49.051476082304305
					],
					[
						126.10856606764841,
						49.05711007818778
					],
					[
						126.0526200611736,
						49.113613075636444
					],
					[
						126.00228106445255,
						49.07536707333631
					],
					[
						126.01197806766372,
						49.04445607374344
					],
					[
						125.93713409263309,
						48.778027070206754
					],
					[
						125.99004309639014,
						48.75555007247647
					],
					[
						126.07531709319964,
						48.80892207638395
					],
					[
						126.25445609499766,
						48.83395808509881
					],
					[
						126.31761210086387,
						48.798027088319586
					],
					[
						126.45572710545946,
						48.79106909585102
					],
					[
						126.50383011515386,
						48.727692098512605
					],
					[
						126.51183313180144,
						48.605423098768284
					],
					[
						126.48919213776813,
						48.55410509736362
					],
					[
						126.48434914768289,
						48.478656096938096
					],
					[
						126.4223331625487,
						48.342907093165095
					],
					[
						126.31738315934074,
						48.32175408748539
					],
					[
						126.2832261650323,
						48.260185085588894
					],
					[
						126.31922917158376,
						48.225552087370964
					],
					[
						126.30966217729696,
						48.17560208675877
					],
					[
						126.42717018431964,
						48.18176609305548
					],
					[
						126.5215991862724,
						48.21365409848028
					],
					[
						126.57468419247955,
						48.195366101557696
					],
					[
						126.62381720643329,
						48.124393104330416
					],
					[
						126.58891321455896,
						48.05136510200454
					],
					[
						126.62868521962649,
						48.038872104375336
					],
					[
						126.62822723165779,
						47.95896510409755
					],
					[
						126.58440423209625,
						47.9303251013631
					],
					[
						126.50032222484269,
						47.92957209646093
					],
					[
						126.32099321418235,
						47.89533008662134
					],
					[
						126.16585520367097,
						47.87643107887645
					],
					[
						126.0519561941191,
						47.880028073637064
					],
					[
						125.9436031840121,
						47.896111068975465
					],
					[
						125.82806417105651,
						47.940029064355514
					],
					[
						125.68949116159705,
						47.939568059078894
					],
					[
						125.60336315999491,
						47.893875055914016
					],
					[
						125.47595214896752,
						47.92503405168439
					],
					[
						125.37033514217894,
						47.9278470483613
					],
					[
						125.36236915111084,
						47.80886204791839
					],
					[
						125.39954316042119,
						47.72476704890468
					],
					[
						125.39423316457486,
						47.669300048636636
					],
					[
						125.4353901712617,
						47.62546404982947
					],
					[
						125.42944718092059,
						47.50516804939589
					],
					[
						125.38825818098896,
						47.46428404804226
					],
					[
						125.43301418783174,
						47.42710504933833
					],
					[
						125.4364341951337,
						47.34508404926024
					],
					[
						125.47384820145413,
						47.31102705035482
					],
					[
						125.44062820064012,
						47.28546904925173
					],
					[
						125.32721719086923,
						47.28074604582961
					],
					[
						125.30631219333047,
						47.227428045106485
					],
					[
						125.31087519855085,
						47.168011045102354
					],
					[
						125.29248820458704,
						47.0721780443545
					],
					[
						125.34454321531547,
						47.00392204567809
					],
					[
						125.52870924614407,
						46.879017050952925
					],
					[
						125.65461726738879,
						46.81420505492213
					],
					[
						125.7292482819717,
						46.76415605736073
					],
					[
						125.73545128505988,
						46.74239405750599
					],
					[
						125.87912031330734,
						46.66481406254557
					],
					[
						125.89333332050992,
						46.61988106291578
					],
					[
						125.75312830357196,
						46.59029005758548
					],
					[
						125.71615630228604,
						46.55318505614098
					],
					[
						125.74506431945724,
						46.43112605668695
					],
					[
						125.81372133260327,
						46.40665805905074
					],
					[
						125.95524636381762,
						46.33515906410497
					],
					[
						126.06844340561466,
						46.16217806782503
					],
					[
						126.17217344245417,
						46.03857407154535
					],
					[
						126.21678945651813,
						46.00410807330145
					],
					[
						126.25207748068614,
						45.888278074165896
					],
					[
						126.21708348199019,
						45.824727072216845
					],
					[
						126.15059447386272,
						45.777064069070306
					],
					[
						126.1317674836551,
						45.67519806765543
					]
				],
				[
					[
						127.29457174593162,
						45.97370113760762
					],
					[
						127.33603776190465,
						45.96358514077607
					],
					[
						127.35315778002115,
						45.9135971415837
					],
					[
						127.45671881467146,
						45.91705715016634
					],
					[
						127.53492083349407,
						45.94977615733145
					],
					[
						127.57858383364373,
						46.005638161935664
					],
					[
						127.67308886602363,
						46.011318170787376
					],
					[
						127.70107389343836,
						45.953049172686605
					],
					[
						127.79145893695437,
						45.924313181160606
					],
					[
						127.89198397552697,
						45.929821191585
					],
					[
						127.97069601364736,
						45.9132461997936
					],
					[
						128.00738602071675,
						45.93825920425111
					],
					[
						128.1288310851565,
						45.90545721768213
					],
					[
						128.22798312166304,
						45.92853523012494
					],
					[
						128.31610217486715,
						45.89800324075919
					],
					[
						128.273149170272,
						45.85693723448367
					],
					[
						128.2700051921323,
						45.79657723294672
					],
					[
						128.22461018906031,
						45.74656722635999
					],
					[
						128.21659922078933,
						45.65281722359027
					],
					[
						128.19874722972165,
						45.60542322052074
					],
					[
						128.01341314470264,
						45.58617419897964
					],
					[
						127.95554412973556,
						45.54900719211257
					],
					[
						127.84308007577697,
						45.55324918062647
					],
					[
						127.74668202152877,
						45.588829171774904
					],
					[
						127.72662402699268,
						45.54225516915044
					],
					[
						127.67076200540967,
						45.53307716382366
					],
					[
						127.62421498108952,
						45.54819115983657
					],
					[
						127.52356793970505,
						45.54696715103768
					],
					[
						127.47271792694919,
						45.51831114637862
					],
					[
						127.33303886231288,
						45.55718213572595
					],
					[
						127.3038638398678,
						45.60346613405823
					],
					[
						127.22879081211384,
						45.605721128460246
					],
					[
						127.19184179066147,
						45.641312126177
					],
					[
						127.15158975900968,
						45.71869712414707
					],
					[
						127.14064874072741,
						45.78308512405865
					],
					[
						127.0488136952994,
						45.85725011840848
					],
					[
						126.92973362756922,
						46.01533111194594
					],
					[
						127.04420565737612,
						46.02744711972612
					],
					[
						127.17937570882907,
						45.97695912888469
					],
					[
						127.29457174593162,
						45.97370113760762
					]
				]
			],
			[
				[
					[
						133.87038329002087,
						46.509620441230105
					],
					[
						133.91069610263992,
						46.58210351230974
					],
					[
						134.0088560853338,
						46.634563667496394
					],
					[
						134.0271967467085,
						46.733539712900786
					],
					[
						134.05211461516325,
						46.779472759214066
					],
					[
						134.02077244210983,
						46.81260671650143
					],
					[
						134.042043220165,
						46.88104976059659
					],
					[
						134.07681808327607,
						46.931140823045446
					],
					[
						134.06242889543412,
						46.97618080761991
					],
					[
						134.11032577003283,
						47.026630891378
					],
					[
						134.16321274923908,
						47.05001498049859
					],
					[
						134.22424762426607,
						47.10213908956086
					],
					[
						134.2323953409363,
						47.177483114867954
					],
					[
						134.15558300031762,
						47.245265997280114
					],
					[
						134.176669731081,
						47.322334042785776
					],
					[
						134.24986669228835,
						47.34987316949909
					],
					[
						134.2654455502388,
						47.39023620168028
					],
					[
						134.34408945284625,
						47.431557344233404
					],
					[
						134.5015755476756,
						47.43892763175345
					],
					[
						134.5645784496985,
						47.47377075618925
					],
					[
						134.57684626901718,
						47.51834578619456
					],
					[
						134.64882223074585,
						47.53851392975083
					],
					[
						134.68846405202612,
						47.5850690155458
					],
					[
						134.683367864689,
						47.627176011196255
					],
					[
						134.7360557858612,
						47.651181121470955
					],
					[
						134.7834344821836,
						47.72388622942612
					],
					[
						134.76886228608583,
						47.76669420468511
					],
					[
						134.6948570509313,
						47.81570505883795
					],
					[
						134.67424173158247,
						47.8893980258254
					],
					[
						134.60572962726442,
						47.912239891938725
					],
					[
						134.6101084846783,
						47.94679390427981
					],
					[
						134.56898635322622,
						47.97846282707036
					],
					[
						134.5706340931533,
						48.04265283664154
					],
					[
						134.66279678502792,
						48.11508302612665
					],
					[
						134.6806796266465,
						48.15234506573485
					],
					[
						134.67021228132126,
						48.236814051850715
					],
					[
						134.78024304237613,
						48.2832392830729
					],
					[
						134.8437188460366,
						48.32174042161804
					],
					[
						135.0027766133296,
						48.3532467775068
					],
					[
						135.06726043732994,
						48.38219692898328
					],
					[
						135.10151624779792,
						48.41752501244866
					],
					[
						135.07427908758459,
						48.4567819512041
					],
					[
						135.00346321625034,
						48.44093878589917
					],
					[
						134.91374121978117,
						48.45565558486408
					],
					[
						134.8511953508642,
						48.43592244639393
					],
					[
						134.80578557538058,
						48.39024134553313
					],
					[
						134.73248265375167,
						48.382131190792556
					],
					[
						134.70858751394604,
						48.41977014404862
					],
					[
						134.50236460488978,
						48.4284367355725
					],
					[
						134.35972582130623,
						48.39054946772885
					],
					[
						134.21482789832012,
						48.387833211770236
					],
					[
						134.1203919922675,
						48.37187605132156
					],
					[
						134.02308712954544,
						48.341064890926724
					],
					[
						133.96954426877934,
						48.30291780384444
					],
					[
						133.86332733505208,
						48.290832639849185
					],
					[
						133.78962744625784,
						48.259704528505566
					],
					[
						133.72250447166277,
						48.25554243114218
					],
					[
						133.69265763795067,
						48.20024438549145
					],
					[
						133.59481866227395,
						48.19564024962823
					],
					[
						133.47671587292803,
						48.12203908823699
					],
					[
						133.38189780386986,
						48.14872996875352
					],
					[
						133.28225777489817,
						48.1611778468316
					],
					[
						133.24395782873668,
						48.13999479979599
					],
					[
						133.0740818574278,
						48.12762660357418
					],
					[
						133.00083997672294,
						48.07472452044225
					],
					[
						133.02075306304707,
						48.03805454011414
					],
					[
						133.0976022075319,
						47.98086362182583
					],
					[
						133.31135599152483,
						47.69428485125833
					],
					[
						133.47668847370466,
						47.549020044851495
					],
					[
						133.54990865510356,
						47.501652135546564
					],
					[
						133.60736374818478,
						47.482719210150385
					],
					[
						133.63507390273475,
						47.43809824302876
					],
					[
						133.68055549144154,
						47.26084728550587
					],
					[
						133.67132959027785,
						47.22691626885629
					],
					[
						133.56012351523898,
						47.217506118912006
					],
					[
						133.50545043495714,
						47.22744304912173
					],
					[
						133.45717245858083,
						47.20444398517393
					],
					[
						133.34917031641717,
						47.219782853526
					],
					[
						133.28961527848188,
						47.21443078176721
					],
					[
						133.2457153555801,
						47.171827725953406
					],
					[
						133.2103616697788,
						47.043505671668065
					],
					[
						133.17285572060598,
						47.01006962562653
					],
					[
						133.20746184012103,
						46.97974266132316
					],
					[
						133.15884785382082,
						46.95474460388064
					],
					[
						133.12756695959536,
						46.90186556338715
					],
					[
						133.07561098788307,
						46.86818550319552
					],
					[
						132.9367869929635,
						46.801764350889805
					],
					[
						132.85109296140303,
						46.7728672622958
					],
					[
						132.72742079593004,
						46.78127514480579
					],
					[
						132.6856268225055,
						46.748598102809424
					],
					[
						132.68735092506063,
						46.70470209992304
					],
					[
						132.64229196686497,
						46.66222605466909
					],
					[
						132.64552704374924,
						46.63008305425021
					],
					[
						132.69537819002772,
						46.594221095632804
					],
					[
						132.69052530271767,
						46.54291008561269
					],
					[
						132.79170647719403,
						46.52801317788497
					],
					[
						132.82162962853155,
						46.48337820112322
					],
					[
						132.89156080598224,
						46.453650265226564
					],
					[
						133.08011307089424,
						46.4635604584308
					],
					[
						133.07382724228677,
						46.39649044278195
					],
					[
						133.01450129825798,
						46.33904837349541
					],
					[
						133.00574242118952,
						46.28727935747283
					],
					[
						132.97116643142004,
						46.26090131895885
					],
					[
						132.96167558363751,
						46.1967683005859
					],
					[
						132.85779358040514,
						46.12602118977033
					],
					[
						132.7768614098932,
						46.13664111546535
					],
					[
						132.73219823454124,
						46.17688207988175
					],
					[
						132.67061317440812,
						46.15858302236572
					],
					[
						132.48111523950269,
						45.989240840492535
					],
					[
						132.32700093078833,
						46.0115947216529
					],
					[
						132.2575578812356,
						45.980599665786066
					],
					[
						132.27536505357781,
						45.91130967108068
					],
					[
						132.25497913129217,
						45.8567746496166
					],
					[
						132.16481504072013,
						45.82494158085692
					],
					[
						132.14650511494804,
						45.771791561865335
					],
					[
						132.1982323803064,
						45.68589158819575
					],
					[
						132.22800246018795,
						45.67376860798618
					],
					[
						132.34308461600963,
						45.702607696323774
					],
					[
						132.42036978542166,
						45.69327675427542
					],
					[
						132.52170409933464,
						45.64436482782558
					],
					[
						132.57460634336232,
						45.587468862692
					],
					[
						132.61023645139477,
						45.57438089017394
					],
					[
						132.65322069713915,
						45.512296916693955
					],
					[
						132.69957682179106,
						45.504586954836256
					],
					[
						132.74875605460147,
						45.45777298976556
					],
					[
						132.80835715890248,
						45.472590044705896
					],
					[
						132.89456939447743,
						45.46301912123677
					],
					[
						133.03168494888368,
						45.38957823744993
					],
					[
						133.13585716957417,
						45.40991434419192
					],
					[
						133.2019890329897,
						45.51538343246156
					],
					[
						133.23716012471743,
						45.51601246951605
					],
					[
						133.38607134083017,
						45.57551864384057
					],
					[
						133.41910624294144,
						45.63367769317969
					],
					[
						133.4870683333509,
						45.66191777781123
					],
					[
						133.44841802569746,
						45.72458174536502
					],
					[
						133.47802006345412,
						45.73656778244251
					],
					[
						133.46256271202947,
						45.83224778319482
					],
					[
						133.50392864435815,
						45.884161842531036
					],
					[
						133.58049790577857,
						45.862738931587195
					],
					[
						133.6624378688732,
						45.933520049013666
					],
					[
						133.67600271605215,
						45.98719707732578
					],
					[
						133.73384869523264,
						46.03314916222862
					],
					[
						133.7374955252106,
						46.083759177240125
					],
					[
						133.68579819549578,
						46.144256120874914
					],
					[
						133.83559333769594,
						46.19946233358294
					],
					[
						133.87191027350474,
						46.23946339237014
					],
					[
						133.9221873043668,
						46.26148946842338
					],
					[
						133.92452209087918,
						46.32027048348935
					],
					[
						133.86955887209047,
						46.34808341019628
					],
					[
						133.93802591522547,
						46.375270513829754
					],
					[
						133.9124056179103,
						46.4416654892629
					],
					[
						133.84570936783885,
						46.47483439989587
					],
					[
						133.87038329002087,
						46.509620441230105
					]
				]
			],
			[
				[
					[
						123.70088236188431,
						39.74008599798302
					],
					[
						123.72648636696678,
						39.7512439980058
					],
					[
						123.74074537020253,
						39.7473259979782
					],
					[
						123.74821537147017,
						39.75691199801086
					],
					[
						123.72950036720144,
						39.76244399804821
					],
					[
						123.70954936321668,
						39.75424999803167
					],
					[
						123.70088236188431,
						39.74008599798302
					]
				]
			],
			[
				[
					[
						123.80008738173541,
						39.78789099809848
					],
					[
						123.81404938500974,
						39.784190998072674
					],
					[
						123.81588838499304,
						39.79516599811771
					],
					[
						123.80008738173541,
						39.78789099809848
					]
				]
			],
			[
				[
					[
						121.29464707726727,
						39.6001699993608
					],
					[
						121.2238390740062,
						39.51767299933897
					],
					[
						121.29038207770242,
						39.506282999299906
					],
					[
						121.35225708103837,
						39.528670999285005
					],
					[
						121.4141460848135,
						39.51053199924062
					],
					[
						121.47673008838855,
						39.54110699923137
					],
					[
						121.53559909169346,
						39.59011799924026
					],
					[
						121.51903509028483,
						39.6317179992818
					],
					[
						121.50095408915479,
						39.63096199928974
					],
					[
						121.47569308742278,
						39.65106999931699
					],
					[
						121.44525208585135,
						39.61608099930426
					],
					[
						121.39878908319864,
						39.6008719993145
					],
					[
						121.29464707726727,
						39.6001699993608
					]
				]
			],
			[
				[
					[
						121.4580610881735,
						39.424560999150984
					],
					[
						121.45642808819889,
						39.408744999139685
					],
					[
						121.47710408947951,
						39.41023599912847
					],
					[
						121.4580610881735,
						39.424560999150984
					]
				]
			],
			[
				[
					[
						121.24920707498667,
						39.57256699936263
					],
					[
						121.237618074427,
						39.56365599936202
					],
					[
						121.22907307404923,
						39.55228799935856
					],
					[
						121.23415407432876,
						39.55100599935547
					],
					[
						121.2497100750612,
						39.565711999358015
					],
					[
						121.24920707498667,
						39.57256699936263
					]
				]
			],
			[
				[
					[
						121.49919908887718,
						39.65106599930634
					],
					[
						121.49530008871126,
						39.64184999930087
					],
					[
						121.51028408969017,
						39.63683699929001
					],
					[
						121.49919908887718,
						39.65106599930634
					]
				]
			],
			[
				[
					[
						121.49131808807047,
						39.6891439993395
					],
					[
						121.48877708795384,
						39.68429599933686
					],
					[
						121.49534608836873,
						39.683261999333205
					],
					[
						121.49607908836626,
						39.68899199933733
					],
					[
						121.49131808807047,
						39.6891439993395
					]
				]
			],
			[
				[
					[
						121.39894908396349,
						39.503177999243064
					],
					[
						121.40438108431272,
						39.49983999923778
					],
					[
						121.40628808438186,
						39.50559199924101
					],
					[
						121.4012070840675,
						39.50710699924481
					],
					[
						121.39894908396349,
						39.503177999243064
					]
				]
			],
			[
				[
					[
						121.54341109194208,
						39.61952999926031
					],
					[
						121.54017609174481,
						39.618331999260924
					],
					[
						121.53880309169233,
						39.614192999258215
					],
					[
						121.54471609206328,
						39.615203999256146
					],
					[
						121.54341109194208,
						39.61952999926031
					]
				]
			],
			[
				[
					[
						121.52971709105455,
						39.620906999268044
					],
					[
						121.52742809093644,
						39.61766799926653
					],
					[
						121.52985409110617,
						39.615878999263934
					],
					[
						121.53215809122928,
						39.61865999926505
					],
					[
						121.52971709105455,
						39.620906999268044
					]
				]
			],
			[
				[
					[
						121.53659809160443,
						39.60797899925424
					],
					[
						121.53736909161638,
						39.612338999257425
					],
					[
						121.53469909144594,
						39.61229699925869
					],
					[
						121.53358509139645,
						39.60975999925716
					],
					[
						121.53659809160443,
						39.60797899925424
					]
				]
			],
			[
				[
					[
						121.53906309160283,
						39.62654899926814
					],
					[
						121.5358280914062,
						39.62535499926871
					],
					[
						121.53557609140394,
						39.62374899926749
					],
					[
						121.53916209164062,
						39.62289099926508
					],
					[
						121.53906309160283,
						39.62654899926814
					]
				]
			],
			[
				[
					[
						121.55784609303059,
						39.60145999923831
					],
					[
						121.55406909281206,
						39.59842299923771
					],
					[
						121.55469509286445,
						39.59706099923631
					],
					[
						121.55965409315773,
						39.60034199923653
					],
					[
						121.55784609303059,
						39.60145999923831
					]
				]
			],
			[
				[
					[
						121.56520909349061,
						39.60363399923646
					],
					[
						121.56761909365947,
						39.60229899923416
					],
					[
						121.56992409378766,
						39.60485099923508
					],
					[
						121.56694009358719,
						39.6054919992371
					],
					[
						121.56520909349061,
						39.60363399923646
					]
				]
			],
			[
				[
					[
						122.49135617900868,
						39.30138399812649
					],
					[
						122.57048118909108,
						39.25991099795505
					],
					[
						122.60462219311611,
						39.26908899792881
					],
					[
						122.53768918436842,
						39.305644998079465
					],
					[
						122.49135617900868,
						39.30138399812649
					]
				]
			],
			[
				[
					[
						122.3097531607464,
						39.18420399814871
					],
					[
						122.3333971638417,
						39.14438999805727
					],
					[
						122.38869516955786,
						39.164927998020275
					],
					[
						122.36081716595078,
						39.20162599811459
					],
					[
						122.3097531607464,
						39.18420399814871
					]
				]
			],
			[
				[
					[
						123.14856027773452,
						39.02793899643933
					],
					[
						123.18811828405232,
						39.047988996412805
					],
					[
						123.15883627795763,
						39.08899699659475
					],
					[
						123.13082127422459,
						39.0479129965345
					],
					[
						123.14856027773452,
						39.02793899643933
					]
				]
			],
			[
				[
					[
						122.67446120265424,
						39.22999599775893
					],
					[
						122.7221602092067,
						39.213832997658294
					],
					[
						122.7297822095785,
						39.24728399771755
					],
					[
						122.67446120265424,
						39.22999599775893
					]
				]
			],
			[
				[
					[
						122.70851921092023,
						39.02711099728699
					],
					[
						122.72993521414224,
						39.00968199721256
					],
					[
						122.76138321843253,
						39.01093699715934
					],
					[
						122.7441862156159,
						39.034282997240695
					],
					[
						122.70851921092023,
						39.02711099728699
					]
				]
			],
			[
				[
					[
						123.00028224774213,
						39.275210997384214
					],
					[
						122.9824752455038,
						39.25363199735736
					],
					[
						123.01350425036199,
						39.25032399729972
					],
					[
						123.03369125280666,
						39.28060199734619
					],
					[
						123.00028224774213,
						39.275210997384214
					]
				]
			],
			[
				[
					[
						122.48457317929258,
						39.23612199802032
					],
					[
						122.49510218075292,
						39.221793997981756
					],
					[
						122.52844218467304,
						39.22251899794022
					],
					[
						122.53064718473512,
						39.234435997959054
					],
					[
						122.48457317929258,
						39.23612199802032
					]
				]
			],
			[
				[
					[
						121.82747711936268,
						38.89589699834406
					],
					[
						121.81632211872048,
						38.86965199832831
					],
					[
						121.83802012047484,
						38.87155199830474
					],
					[
						121.82747711936268,
						38.89589699834406
					]
				]
			],
			[
				[
					[
						122.84649622931809,
						39.068168997136766
					],
					[
						122.85849023142354,
						39.050376997073535
					],
					[
						122.87812823403691,
						39.062743997067116
					],
					[
						122.84649622931809,
						39.068168997136766
					]
				]
			],
			[
				[
					[
						122.41239217062288,
						39.2661589981586
					],
					[
						122.44594617458982,
						39.25318099809708
					],
					[
						122.45175217513444,
						39.260322998102275
					],
					[
						122.43301417286834,
						39.26977199814051
					],
					[
						122.41239217062288,
						39.2661589981586
					]
				]
			],
			[
				[
					[
						122.76586221478537,
						39.22899599762726
					],
					[
						122.77494021622552,
						39.21873099759172
					],
					[
						122.79696721902845,
						39.23006799758413
					],
					[
						122.76586221478537,
						39.22899599762726
					]
				]
			],
			[
				[
					[
						122.60489719393978,
						39.22449499784303
					],
					[
						122.5822601913189,
						39.214469997854366
					],
					[
						122.59181219264242,
						39.20607799782551
					],
					[
						122.60531619422277,
						39.21143699781738
					],
					[
						122.60489719393978,
						39.22449499784303
					]
				]
			],
			[
				[
					[
						121.46772009070595,
						39.18422299895472
					],
					[
						121.4721530909064,
						39.1945949989598
					],
					[
						121.45580308983133,
						39.19889799897522
					],
					[
						121.46772009070595,
						39.18422299895472
					]
				]
			],
			[
				[
					[
						122.41312417133862,
						39.22539899808997
					],
					[
						122.42633817289021,
						39.22074899806606
					],
					[
						122.43468517359445,
						39.23569499808106
					],
					[
						122.41312417133862,
						39.22539899808997
					]
				]
			],
			[
				[
					[
						122.8257142265591,
						39.05718599714835
					],
					[
						122.8143842251142,
						39.04883999714942
					],
					[
						122.82099222620896,
						39.04119499712016
					],
					[
						122.83280222783654,
						39.044265997105896
					],
					[
						122.8257142265591,
						39.05718599714835
					]
				]
			],
			[
				[
					[
						121.73239910716717,
						39.378985998932954
					],
					[
						121.73566410753062,
						39.36645099891836
					],
					[
						121.74915310848507,
						39.3712229989132
					],
					[
						121.74304210793503,
						39.38092799892718
					],
					[
						121.73239910716717,
						39.378985998932954
					]
				]
			],
			[
				[
					[
						121.66378810287624,
						39.30749499891523
					],
					[
						121.68074110423929,
						39.291503998887485
					],
					[
						121.68655410462364,
						39.295249998886625
					],
					[
						121.67582710370698,
						39.3106499989092
					],
					[
						121.66378810287624,
						39.30749499891523
					]
				]
			],
			[
				[
					[
						121.49589509230104,
						39.21123899895576
					],
					[
						121.48110209142223,
						39.20183899895907
					],
					[
						121.48957009202833,
						39.19442799894674
					],
					[
						121.49845909252699,
						39.203959998947894
					],
					[
						121.49589509230104,
						39.21123899895576
					]
				]
			],
			[
				[
					[
						122.41022517192492,
						39.1667289979957
					],
					[
						122.40538017124709,
						39.17557099801665
					],
					[
						122.39412716992928,
						39.179950998038194
					],
					[
						122.39183816979278,
						39.17230999802845
					],
					[
						122.41022517192492,
						39.1667289979957
					]
				]
			],
			[
				[
					[
						121.14734707273986,
						39.09051899911311
					],
					[
						121.15407607312801,
						39.085330999105416
					],
					[
						121.16094207346822,
						39.08918399910326
					],
					[
						121.16306307353442,
						39.096545999106496
					],
					[
						121.14734707273986,
						39.09051899911311
					]
				]
			],
			[
				[
					[
						120.97042806464711,
						38.956923999151265
					],
					[
						120.97359506483393,
						38.95035199914559
					],
					[
						120.98556506539276,
						38.95312099913926
					],
					[
						120.97383906479074,
						38.96042999915091
					],
					[
						120.97042806464711,
						38.956923999151265
					]
				]
			],
			[
				[
					[
						122.79419022187028,
						39.06855799722942
					],
					[
						122.79636422205243,
						39.074721997239486
					],
					[
						122.78027321972039,
						39.07903299727662
					],
					[
						122.78598822068953,
						39.07025499724734
					],
					[
						122.79419022187028,
						39.06855799722942
					]
				]
			],
			[
				[
					[
						122.81420122465885,
						39.070155997198235
					],
					[
						122.81404122450222,
						39.076808997213604
					],
					[
						122.80733522349284,
						39.07986799723213
					],
					[
						122.80279522298979,
						39.0730399972246
					],
					[
						122.81420122465885,
						39.070155997198235
					]
				]
			],
			[
				[
					[
						122.29061915851992,
						39.199573998194936
					],
					[
						122.30130015968375,
						39.19624699817728
					],
					[
						122.30201715961385,
						39.20632199819195
					],
					[
						122.29061915851992,
						39.199573998194936
					]
				]
			],
			[
				[
					[
						121.03512606823966,
						38.87884099906318
					],
					[
						121.02523106776174,
						38.87611799906869
					],
					[
						121.02490206778934,
						38.868327999064434
					],
					[
						121.0373760683846,
						38.87316099905823
					],
					[
						121.03512606823966,
						38.87884099906318
					]
				]
			],
			[
				[
					[
						121.56453709699409,
						39.19404999888917
					],
					[
						121.56630709721256,
						39.18255999887783
					],
					[
						121.57529409776902,
						39.18895699887631
					],
					[
						121.56453709699409,
						39.19404999888917
					]
				]
			],
			[
				[
					[
						121.80325311759881,
						38.87610199835065
					],
					[
						121.80406211775984,
						38.86650499833932
					],
					[
						121.81355311851404,
						38.867843998329604
					],
					[
						121.80325311759881,
						38.87610199835065
					]
				]
			],
			[
				[
					[
						121.21583507633116,
						39.10557199907685
					],
					[
						121.22186307669135,
						39.101336999069964
					],
					[
						121.2288670770643,
						39.10352699906659
					],
					[
						121.22724207694246,
						39.10830299907087
					],
					[
						121.21583507633116,
						39.10557199907685
					]
				]
			],
			[
				[
					[
						121.55313109512302,
						39.32315399900821
					],
					[
						121.54608109467013,
						39.32144199901162
					],
					[
						121.54326609452902,
						39.316131999009066
					],
					[
						121.54895809492861,
						39.31347999900289
					],
					[
						121.55313109512302,
						39.32315399900821
					]
				]
			],
			[
				[
					[
						121.82366211885464,
						38.915313998369804
					],
					[
						121.8286821193366,
						38.90810799835607
					],
					[
						121.83373311971138,
						38.91179299835432
					],
					[
						121.83069611941943,
						38.916095998362565
					],
					[
						121.82366211885464,
						38.915313998369804
					]
				]
			],
			[
				[
					[
						121.61299110065087,
						39.1572879988176
					],
					[
						121.6092531003193,
						39.165236998827844
					],
					[
						121.6048361000141,
						39.16493599883124
					],
					[
						121.60622410018114,
						39.156951998822876
					],
					[
						121.61299110065087,
						39.1572879988176
					]
				]
			],
			[
				[
					[
						121.57733209731504,
						39.25741199893445
					],
					[
						121.58246609760545,
						39.26412999893654
					],
					[
						121.57882709732677,
						39.26773399894237
					],
					[
						121.57401309706664,
						39.26010499893926
					],
					[
						121.57733209731504,
						39.25741199893445
					]
				]
			],
			[
				[
					[
						122.80146821918059,
						39.253428997629136
					],
					[
						122.80329121954341,
						39.24795199761441
					],
					[
						122.80917322029863,
						39.25096099761258
					],
					[
						122.80647321983149,
						39.25551999762657
					],
					[
						122.80146821918059,
						39.253428997629136
					]
				]
			],
			[
				[
					[
						121.4789350900449,
						39.35489299908345
					],
					[
						121.4841000904127,
						39.349944999076186
					],
					[
						121.48658709051827,
						39.35639199907972
					],
					[
						121.4789350900449,
						39.35489299908345
					]
				]
			],
			[
				[
					[
						121.30714408224605,
						38.99946999893714
					],
					[
						121.30347508206624,
						38.99436599893639
					],
					[
						121.30735008230623,
						38.99260699893208
					],
					[
						121.31162208252356,
						38.997489998932195
					],
					[
						121.30714408224605,
						38.99946999893714
					]
				]
			],
			[
				[
					[
						121.59262110235295,
						38.79627999850714
					],
					[
						121.5909731022728,
						38.7919039985049
					],
					[
						121.59658010268444,
						38.79061899849762
					],
					[
						121.59851110278325,
						38.79523099849981
					],
					[
						121.59262110235295,
						38.79627999850714
					]
				]
			],
			[
				[
					[
						121.60316509912903,
						39.2521019989104
					],
					[
						121.60176809906122,
						39.24887499890861
					],
					[
						121.6030500991838,
						39.2450029989042
					],
					[
						121.6065750994207,
						39.24574699890217
					],
					[
						121.60678109940253,
						39.249408998905295
					],
					[
						121.60316509912903,
						39.2521019989104
					]
				]
			],
			[
				[
					[
						122.7532122129176,
						39.23690399766244
					],
					[
						122.75534121332986,
						39.23051099764571
					],
					[
						122.75855221368745,
						39.234420997649494
					],
					[
						122.7532122129176,
						39.23690399766244
					]
				]
			],
			[
				[
					[
						122.73564121082636,
						39.223067997658276
					],
					[
						122.73243721047348,
						39.21916199765463
					],
					[
						122.73598521096928,
						39.218039997647125
					],
					[
						122.7397842114071,
						39.22172199764945
					],
					[
						122.73564121082636,
						39.223067997658276
					]
				]
			],
			[
				[
					[
						123.2126462885189,
						39.04165999634041
					],
					[
						123.20610828744667,
						39.03855099634537
					],
					[
						123.20987728816603,
						39.0364299963307
					],
					[
						123.21285328865105,
						39.03799099632883
					],
					[
						123.2126462885189,
						39.04165999634041
					]
				]
			],
			[
				[
					[
						121.51693709685176,
						38.82363099861081
					],
					[
						121.51609809680762,
						38.82203299861027
					],
					[
						121.51969909705677,
						38.821521998606215
					],
					[
						121.51914209700182,
						38.823623998608575
					],
					[
						121.51693709685176,
						38.82363099861081
					]
				]
			],
			[
				[
					[
						121.53294409797878,
						38.819560998591
					],
					[
						121.53201309792762,
						38.81800099859052
					],
					[
						121.53555309817473,
						38.817538998586535
					],
					[
						121.53513309813066,
						38.819392998588576
					],
					[
						121.53294409797878,
						38.819560998591
					]
				]
			],
			[
				[
					[
						121.52419309739881,
						38.8171729985978
					],
					[
						121.52385009738887,
						38.815505998596706
					],
					[
						121.52588709753272,
						38.81494499859419
					],
					[
						121.5263520975462,
						38.81720299859566
					],
					[
						121.52419309739881,
						38.8171729985978
					]
				]
			],
			[
				[
					[
						121.85057809997885,
						40.86092800030123
					],
					[
						121.88381210258414,
						40.83180200028691
					],
					[
						121.9058991039025,
						40.8508190003129
					],
					[
						121.89383710271416,
						40.880859000336145
					],
					[
						121.85057809997885,
						40.86092800030123
					]
				]
			],
			[
				[
					[
						121.77485609327069,
						41.0204700004077
					],
					[
						121.77426909353368,
						40.992268000384065
					],
					[
						121.79153409442631,
						41.01199300040816
					],
					[
						121.77485609327069,
						41.0204700004077
					]
				]
			],
			[
				[
					[
						121.85060109917353,
						40.93291100036555
					],
					[
						121.84484909906979,
						40.90769600034075
					],
					[
						121.85816209998715,
						40.905857000344476
					],
					[
						121.86452510017934,
						40.92694900036609
					],
					[
						121.85060109917353,
						40.93291100036555
					]
				]
			],
			[
				[
					[
						121.94808910586436,
						40.936527000412205
					],
					[
						121.93141910484621,
						40.923016000391705
					],
					[
						121.95017210624688,
						40.91703800039442
					],
					[
						121.94808910586436,
						40.936527000412205
					]
				]
			],
			[
				[
					[
						121.75518009232971,
						40.991798000375525
					],
					[
						121.75035109216749,
						40.97826800036244
					],
					[
						121.7649000931906,
						40.9684220003603
					],
					[
						121.774887093756,
						40.975075000370005
					],
					[
						121.75518009232971,
						40.991798000375525
					]
				]
			],
			[
				[
					[
						121.83153509759397,
						40.96065100038182
					],
					[
						121.84970909883602,
						40.95766800038716
					],
					[
						121.85456109902155,
						40.97005100040031
					],
					[
						121.83153509759397,
						40.96065100038182
					]
				]
			],
			[
				[
					[
						121.82184609729279,
						40.929932000351
					],
					[
						121.8288120976244,
						40.94162400036406
					],
					[
						121.814880096681,
						40.94391200036026
					],
					[
						121.82184609729279,
						40.929932000351
					]
				]
			],
			[
				[
					[
						121.73885409156597,
						40.96679700034841
					],
					[
						121.74462109204664,
						40.955341000341356
					],
					[
						121.75854509285773,
						40.96176900035225
					],
					[
						121.73885409156597,
						40.96679700034841
					]
				]
			],
			[
				[
					[
						121.76945509359946,
						40.957191000352886
					],
					[
						121.78035709438504,
						40.94894400035035
					],
					[
						121.79004709492794,
						40.95651600036074
					],
					[
						121.78186009430755,
						40.965221000364636
					],
					[
						121.76945509359946,
						40.957191000352886
					]
				]
			],
			[
				[
					[
						121.86121409959762,
						40.958588000393085
					],
					[
						121.84576409864675,
						40.95102300037957
					],
					[
						121.85273009918764,
						40.94437400037665
					],
					[
						121.86121409959762,
						40.958588000393085
					]
				]
			],
			[
				[
					[
						121.90393110237689,
						40.97003200042302
					],
					[
						121.89119710163445,
						40.95857600040656
					],
					[
						121.9093631029104,
						40.95650100041303
					],
					[
						121.90393110237689,
						40.97003200042302
					]
				]
			],
			[
				[
					[
						121.82972009742839,
						40.96477500038463
					],
					[
						121.85364509894215,
						40.97165300040131
					],
					[
						121.84607709839317,
						40.97555200040132
					],
					[
						121.82972009742839,
						40.96477500038463
					]
				]
			],
			[
				[
					[
						121.8347240986772,
						40.88202300031406
					],
					[
						121.86093110043285,
						40.882977000325
					],
					[
						121.85640010008431,
						40.88663500032654
					],
					[
						121.84888509960417,
						40.884182000321424
					],
					[
						121.83831809884204,
						40.888847000321476
					],
					[
						121.8347240986772,
						40.88202300031406
					]
				]
			],
			[
				[
					[
						121.79790509500725,
						40.99617800039764
					],
					[
						121.78336309419525,
						40.984711000381644
					],
					[
						121.79306009483594,
						40.9831080003845
					],
					[
						121.79790509500725,
						40.99617800039764
					]
				]
			],
			[
				[
					[
						121.72797409106701,
						40.94936400033006
					],
					[
						121.74343109215793,
						40.93745800032631
					],
					[
						121.74432409210424,
						40.948006000335305
					],
					[
						121.72797409106701,
						40.94936400033006
					]
				]
			],
			[
				[
					[
						121.72190109058634,
						40.95944600033582
					],
					[
						121.73309309119918,
						40.967480000346704
					],
					[
						121.72673109077759,
						40.969994000346155
					],
					[
						121.72190109058634,
						40.95944600033582
					]
				]
			],
			[
				[
					[
						120.80765504946746,
						40.5243069999363
					],
					[
						120.78719304899137,
						40.470496999915085
					],
					[
						120.84223905089716,
						40.49747099992538
					],
					[
						120.80765504946746,
						40.5243069999363
					]
				]
			],
			[
				[
					[
						121.5101390786857,
						40.91157200022906
					],
					[
						121.50895707868128,
						40.904690000224065
					],
					[
						121.52018007934133,
						40.899910000223954
					],
					[
						121.52378107949158,
						40.90542200022879
					],
					[
						121.5101390786857,
						40.91157200022906
					]
				]
			],
			[
				[
					[
						119.33002500133429,
						50.16923900041515
					],
					[
						119.30226900134319,
						50.137089000403456
					],
					[
						119.0996400012869,
						49.999817000326615
					],
					[
						118.98058300119845,
						49.97422400028788
					],
					[
						118.926567001138,
						49.99037600027173
					],
					[
						118.73809800101084,
						49.94789500022149
					],
					[
						118.65799700094594,
						49.951744000202794
					],
					[
						118.62680800093564,
						49.92928300019585
					],
					[
						118.55411500088324,
						49.92653700018059
					],
					[
						118.5285950008862,
						49.886604000175396
					],
					[
						118.47885900085763,
						49.87211600016586
					],
					[
						118.39416500083252,
						49.79999200015049
					],
					[
						118.39817100092502,
						49.612328000150825
					],
					[
						118.40954600101188,
						49.45425400015244
					],
					[
						118.36384600102166,
						49.349930000144354
					],
					[
						118.3285450010414,
						49.239220000138324
					],
					[
						118.38316400113374,
						49.15717700014702
					],
					[
						118.38021100115863,
						49.1006280001463
					],
					[
						118.35092200115818,
						49.03953600014128
					],
					[
						118.38909100120995,
						49.01666600014751
					],
					[
						118.49202700131663,
						49.03297400016595
					],
					[
						118.61634800154475,
						48.90998100019014
					],
					[
						118.83438900201756,
						48.71006800024024
					],
					[
						118.83499100207688,
						48.63640600023987
					],
					[
						118.8675080021437,
						48.62569400024838
					],
					[
						118.89392900228198,
						48.519074000254626
					],
					[
						118.8735200022892,
						48.46336700024858
					],
					[
						118.9246900024355,
						48.41209800026221
					],
					[
						119.05152900278844,
						48.331436000299306
					],
					[
						119.13916800301484,
						48.316059000328096
					],
					[
						119.25701100341942,
						48.2326660003698
					],
					[
						119.2751160035606,
						48.15866500037561
					],
					[
						119.34546700378623,
						48.145664000403684
					],
					[
						119.45255300420061,
						48.093014000449266
					],
					[
						119.61483800480816,
						48.07205200052855
					],
					[
						119.79064200550745,
						48.07160600062895
					],
					[
						119.92245500615245,
						48.040314000714154
					],
					[
						119.96884900660761,
						47.93452800074329
					],
					[
						120.03263100709135,
						47.8667140007877
					],
					[
						120.0395890072155,
						47.83041800079161
					],
					[
						120.09227800761978,
						47.78429000083052
					],
					[
						120.13494900821355,
						47.650944000858956
					],
					[
						120.22721100885626,
						47.62831100093602
					],
					[
						120.25820900897938,
						47.655991000965024
					],
					[
						120.3171240095262,
						47.605782001016934
					],
					[
						120.48237601092904,
						47.54880500118119
					],
					[
						120.5330120111386,
						47.6018140012407
					],
					[
						120.53177601103636,
						47.62738000124099
					],
					[
						120.601288011454,
						47.66359300132447
					],
					[
						120.66610701204466,
						47.64886100140335
					],
					[
						120.7936170130968,
						47.66265100157428
					],
					[
						120.83290801334135,
						47.68768300163234
					],
					[
						120.92335501413157,
						47.69945100176924
					],
					[
						120.98296401436968,
						47.76711700187039
					],
					[
						121.04556301474607,
						47.812206001979625
					],
					[
						121.14607201581045,
						47.803307002158896
					],
					[
						121.1942670161855,
						47.82595400225271
					],
					[
						121.27761801705763,
						47.8308410024198
					],
					[
						121.27844201684644,
						47.86617300242533
					],
					[
						121.2207790160263,
						47.89996700231214
					],
					[
						121.21567501561233,
						47.960911002308116
					],
					[
						121.17664301484564,
						48.02650800223813
					],
					[
						121.19049101482877,
						48.05268500226734
					],
					[
						121.25814801530258,
						48.083710002405525
					],
					[
						121.23358901465814,
						48.152183002361795
					],
					[
						121.26851601492733,
						48.16243000243422
					],
					[
						121.32599701501408,
						48.2370300025632
					],
					[
						121.31467501457136,
						48.29116100254353
					],
					[
						121.36931601485591,
						48.32598500266718
					],
					[
						121.41223101484927,
						48.387905002771106
					],
					[
						121.41407801463879,
						48.422420002778466
					],
					[
						121.47274001481013,
						48.47592500292354
					],
					[
						121.539959014375,
						48.623715003105325
					],
					[
						121.62682301513709,
						48.62371500333715
					],
					[
						121.6759190152491,
						48.66649700347886
					],
					[
						121.72123901489479,
						48.762129003619336
					],
					[
						121.8194350150525,
						48.8451770039286
					],
					[
						121.95161501625263,
						48.84014400437085
					],
					[
						122.05984501705191,
						48.86004600476818
					],
					[
						122.07624001689906,
						48.890480004833925
					],
					[
						122.04540301622568,
						48.93056500472049
					],
					[
						121.98818201541829,
						48.96370700451249
					],
					[
						122.02644301518033,
						49.021988004657835
					],
					[
						121.99183701447784,
						49.06738300453442
					],
					[
						122.01763901421297,
						49.11646300463283
					],
					[
						121.94164301309532,
						49.1789360043636
					],
					[
						121.92821501250319,
						49.23568700432043
					],
					[
						121.85915401174779,
						49.27304500408858
					],
					[
						121.84983101130311,
						49.31988500406042
					],
					[
						121.75642400985856,
						49.43787800376917
					],
					[
						121.74748200950701,
						49.47828300374341
					],
					[
						121.87788401013498,
						49.479336004161304
					],
					[
						121.95980101080467,
						49.45003100444343
					],
					[
						122.03141001057371,
						49.51653700470831
					],
					[
						122.06256901094174,
						49.49385800482553
					],
					[
						122.13092801134775,
						49.488678005094044
					],
					[
						122.18774401114057,
						49.53860500533003
					],
					[
						122.19492301068972,
						49.5863530053623
					],
					[
						122.2740400106442,
						49.62556800570716
					],
					[
						122.31279001019028,
						49.68307500588456
					],
					[
						122.3589020105018,
						49.672192006099
					],
					[
						122.40950801012507,
						49.723045006344705
					],
					[
						122.4001690091232,
						49.80749500630145
					],
					[
						122.46006800837309,
						49.88724500660119
					],
					[
						122.46088400780083,
						49.93624100660596
					],
					[
						122.41498600746188,
						49.957230006376456
					],
					[
						122.33046000756029,
						49.9314770059719
					],
					[
						122.29212200703849,
						49.97289700579663
					],
					[
						122.12895200751711,
						49.88533400509881
					],
					[
						122.08863100704556,
						49.92488500493922
					],
					[
						122.02106500666574,
						49.94925300468119
					],
					[
						121.98764100685688,
						49.917683004557645
					],
					[
						121.86135900629574,
						49.94850900411828
					],
					[
						121.93886600602478,
						50.0037840043838
					],
					[
						121.98823600529391,
						50.10245900456076
					],
					[
						121.96655300500828,
						50.13322100448227
					],
					[
						121.8670270046613,
						50.16091900413767
					],
					[
						121.86666900425486,
						50.214043004136165
					],
					[
						121.7984700038767,
						50.25682800391376
					],
					[
						121.84853400334002,
						50.33402600407462
					],
					[
						122.011231003312,
						50.34231900464262
					],
					[
						122.08251200362243,
						50.30692300491394
					],
					[
						122.14611800347231,
						50.32426100516694
					],
					[
						122.22154200305835,
						50.36679100548149
					],
					[
						122.27436100248431,
						50.42247800571095
					],
					[
						122.22075600183886,
						50.49594500547398
					],
					[
						122.23286400143682,
						50.5369640055245
					],
					[
						122.18677500112557,
						50.57869000532666
					],
					[
						122.12585500109671,
						50.593151005076564
					],
					[
						122.1950460000712,
						50.693493005355855
					],
					[
						122.24314099983843,
						50.70576900556079
					],
					[
						122.27745099901199,
						50.783508005707006
					],
					[
						122.48490899830229,
						50.77919800670039
					],
					[
						122.51480899736622,
						50.853512006849506
					],
					[
						122.5849229965363,
						50.8963850072219
					],
					[
						122.5512389963882,
						50.92587300703612
					],
					[
						122.52803799545549,
						51.02361300690281
					],
					[
						122.67233999382564,
						51.08379700769549
					],
					[
						122.65914899336734,
						51.13168000761313
					],
					[
						122.69253499288494,
						51.15093600780499
					],
					[
						122.69736499208221,
						51.21609100782449
					],
					[
						122.62935599260692,
						51.219032007431935
					],
					[
						122.6277159914592,
						51.323685007408194
					],
					[
						122.70383498986202,
						51.402996007834254
					],
					[
						122.74574998923653,
						51.42046700808224
					],
					[
						122.78839898810132,
						51.47774100833462
					],
					[
						122.83840898758068,
						51.473953008652636
					],
					[
						122.87622098671241,
						51.5077170088931
					],
					[
						122.84937298583661,
						51.6053470086976
					],
					[
						122.742736985586,
						51.742352008004
					],
					[
						122.76494598489911,
						51.778065008130994
					],
					[
						122.72528098481841,
						51.83221400788135
					],
					[
						122.71907798333854,
						51.97739400781337
					],
					[
						122.65620398396976,
						52.00000800744694
					],
					[
						122.62368798306943,
						52.13523500723707
					],
					[
						122.73089598132432,
						52.15211900784233
					],
					[
						122.76294698056212,
						52.17710500802694
					],
					[
						122.75592797974656,
						52.265461007962514
					],
					[
						122.67190498098216,
						52.27535600747268
					],
					[
						122.57911698246431,
						52.265209006968114
					],
					[
						122.47097798370585,
						52.29480000641033
					],
					[
						122.47700498323253,
						52.34011800643048
					],
					[
						122.44495398328263,
						52.386112006264796
					],
					[
						122.40048198396407,
						52.3761860060563
					],
					[
						122.3361889845204,
						52.41145700575618
					],
					[
						122.30333698446341,
						52.473862005599585
					],
					[
						122.12637298658558,
						52.474529004876345
					],
					[
						122.0332339879973,
						52.4116060045401
					],
					[
						122.02835798827319,
						52.37610200452789
					],
					[
						121.9697039890567,
						52.342468004326285
					],
					[
						121.94072698960318,
						52.29719200423352
					],
					[
						121.83413699062197,
						52.28141800388834
					],
					[
						121.70687099144381,
						52.316814003503445
					],
					[
						121.70825999130399,
						52.34175500350458
					],
					[
						121.65141299149953,
						52.38913700334055
					],
					[
						121.63297999137568,
						52.44318400328462
					],
					[
						121.51914999216318,
						52.45304100298975
					],
					[
						121.49196599224145,
						52.47831300292073
					],
					[
						121.35443099295293,
						52.5273060025998
					],
					[
						121.28079199320754,
						52.58124200243899
					],
					[
						121.21631599361778,
						52.574299002309935
					],
					[
						121.19283999365577,
						52.60234100226213
					],
					[
						121.2880629928669,
						52.66143000244711
					],
					[
						121.3628769923006,
						52.680672002604275
					],
					[
						121.44066599155836,
						52.72872900277429
					],
					[
						121.47627299110941,
						52.77290700285298
					],
					[
						121.61347198963695,
						52.85200100318544
					],
					[
						121.60266898955211,
						52.89271500315241
					],
					[
						121.64797998907282,
						52.90821800326965
					],
					[
						121.70822098809111,
						52.99644500342236
					],
					[
						121.77871698726229,
						53.0189860036205
					],
					[
						121.80917398671487,
						53.06410600370383
					],
					[
						121.76544998691642,
						53.12070500356682
					],
					[
						121.6461409878875,
						53.18046600322869
					],
					[
						121.6706539873927,
						53.23693500328602
					],
					[
						121.61254898790666,
						53.25549700313095
					],
					[
						121.48426798882153,
						53.33762000280662
					],
					[
						121.360313989959,
						53.32769800253226
					],
					[
						121.27939599074998,
						53.289089002369714
					],
					[
						121.14318099178863,
						53.28267700211151
					],
					[
						121.09317799206512,
						53.30752900202089
					],
					[
						121.04112999246696,
						53.288952001934014
					],
					[
						120.93962899309805,
						53.29264100177107
					],
					[
						120.81693999386003,
						53.27050000159235
					],
					[
						120.81303399395466,
						53.239346001589034
					],
					[
						120.68383799475531,
						53.17554900142109
					],
					[
						120.63449799513785,
						53.10322600136391
					],
					[
						120.54032899559691,
						53.07575200125464
					],
					[
						120.49391199587946,
						53.025597001205426
					],
					[
						120.4435039961031,
						53.00793500115222
					],
					[
						120.38467399642424,
						52.9463580010945
					],
					[
						120.28072399690264,
						52.8633000009977
					],
					[
						120.18720999725227,
						52.81316400091628
					],
					[
						120.12047599743674,
						52.80777000086092
					],
					[
						120.03408799768852,
						52.77991500079426
					],
					[
						120.06096699773504,
						52.70328100081693
					],
					[
						120.02714499790926,
						52.63443000079305
					],
					[
						120.08458699785959,
						52.58246200083883
					],
					[
						120.19725799760168,
						52.579514000932505
					],
					[
						120.28560599729974,
						52.6233100010108
					],
					[
						120.39424899700478,
						52.61591700111745
					],
					[
						120.45765699675742,
						52.642735001182956
					],
					[
						120.5507199965532,
						52.59426900128916
					],
					[
						120.59131599642365,
						52.58990100133736
					],
					[
						120.7239989960795,
						52.53118500150864
					],
					[
						120.68347199626275,
						52.51780300145588
					],
					[
						120.67665099652137,
						52.421051001451566
					],
					[
						120.61569199686984,
						52.35928700137723
					],
					[
						120.62033899694208,
						52.32246800138457
					],
					[
						120.74789399669582,
						52.25674800155439
					],
					[
						120.7462539968635,
						52.19531600155489
					],
					[
						120.77233099685316,
						52.16785000159248
					],
					[
						120.76316099701017,
						52.120785001581744
					],
					[
						120.68173999744803,
						52.04539500147437
					],
					[
						120.7078249975195,
						51.99097400151124
					],
					[
						120.64793399785242,
						51.92211500143514
					],
					[
						120.48051499837938,
						51.854824001236004
					],
					[
						120.40425899856226,
						51.83609000115343
					],
					[
						120.35708599874526,
						51.7873310011058
					],
					[
						120.31841999881377,
						51.783558001067156
					],
					[
						120.25209799901947,
						51.727985001004804
					],
					[
						120.16783199921846,
						51.67834100092979
					],
					[
						120.08348099932209,
						51.67213800085896
					],
					[
						120.03225699951527,
						51.586475000819654
					],
					[
						120.0218729996244,
						51.52568400081258
					],
					[
						119.96871199970099,
						51.502663000772706
					],
					[
						119.98256699976737,
						51.45545600078367
					],
					[
						119.91133899998488,
						51.342663000733396
					],
					[
						119.87255100006443,
						51.3008420007069
					],
					[
						119.8013610001306,
						51.271435000660055
					],
					[
						119.7506940002357,
						51.2049370006288
					],
					[
						119.77532200028718,
						51.165272000644514
					],
					[
						119.75080900039656,
						51.089249000629835
					],
					[
						119.66469600049719,
						51.014149000579216
					],
					[
						119.5870060005311,
						50.98156700053646
					],
					[
						119.55729700059058,
						50.92916500052111
					],
					[
						119.48176600064473,
						50.86892300048334
					],
					[
						119.49762700071047,
						50.815887000491294
					],
					[
						119.4877470007655,
						50.76579300048663
					],
					[
						119.43200700083392,
						50.68644300046025
					],
					[
						119.37633500081249,
						50.68370800043498
					],
					[
						119.34624500085575,
						50.62966200042191
					],
					[
						119.28161600084263,
						50.61149200039489
					],
					[
						119.25938400088128,
						50.56047100038602
					],
					[
						119.24727600096783,
						50.46467600038131
					],
					[
						119.20173700098289,
						50.41912100036377
					],
					[
						119.13896200097204,
						50.38666200034072
					],
					[
						119.18293800103916,
						50.34561500035674
					],
					[
						119.26669300108396,
						50.3602680003891
					],
					[
						119.34796100115109,
						50.35250500042295
					],
					[
						119.30844900126397,
						50.217232000406135
					],
					[
						119.33002500133429,
						50.16923900041515
					]
				]
			]
		]
	},
	"properties": {
		"locationID": "ctr005",
		"Location/feature name (incl. historical names)": "Imperial China",
		"COMPLETE": "TRUE",
		"Geometry type": "polygon",
		"Geography type": "country",
		"Country": "China (1911)",
		"Region": "",
		"State/Province": "",
		"County": "",
		"City": "",
		"Neighborhood (incl. boroughs)": "",
		"Street address": "",
		"Notes": "Use map of China ca. 1911-1912. Source data is CHGIS county-level (1,986 features); dissolved into one national boundary via mapshaper -explode -simplify 8% keep-shapes -merge-layers -dissolve, then simplified (76,996 -> 7,136 vertices). 236 of 238 original polygon parts retained; 2 very small islets may have been lost during simplification.",
		"Source": "CHGIS v6 (Harvard/Fudan), https://dataverse.harvard.edu/dataverse/chgis_v6 -- county-level 1911 layer, dissolved to national boundary"
	}
}