{
	"type": "FeatureCollection",
	"features": [
		{
			"type": "Feature",
			"properties": {
				"locationID": "nli001",
				"Location/feature name (incl. historical names)": "Tigris and Euphrates rivers",
				"Geometry type": "line",
				"Geography type": "feature",
				"Country": "",
				"Region": "",
				"State/Province": "",
				"County": "",
				"City": "",
				"Neighborhood (incl. boroughs)": "",
				"Street address": "",
				"Notes": "Rivers of Babylon in lyrics",
				"Source": "",
				"songs": [
					{
						"title": "Sail Babylon Springs",
						"album": "Babylon Springs EP",
						"albums": [
							"Babylon Springs EP"
						],
						"lyric": "\"And I reach for a glass of cool water drawn / From the rivers of Babylon\""
					}
				]
			},
			"geometry": {
				"type": "MultiLineString",
				"coordinates": [
					[
						[
							38.80873,
							38.87645
						],
						[
							38.79583,
							38.8811
						],
						[
							38.78111,
							38.89083
						],
						[
							38.77139,
							38.90333
						],
						[
							38.76916,
							38.91917
						],
						[
							38.77056,
							38.93749
						],
						[
							38.78166,
							38.95304
						],
						[
							38.78777,
							38.96611
						],
						[
							38.79028,
							38.98306
						],
						[
							38.78222,
							38.99667
						],
						[
							38.7725,
							39.00917
						],
						[
							38.73709,
							39.07557
						],
						[
							38.7105,
							39.16241
						],
						[
							38.61249,
							39.16776
						],
						[
							38.35058,
							39.37188
						],
						[
							38.46063,
							39.44634
						],
						[
							38.5811,
							39.49915
						],
						[
							38.71388,
							39.49304
						],
						[
							38.86082,
							39.57833
						],
						[
							39.31248,
							39.62832
						],
						[
							39.40443,
							39.69553
						],
						[
							39.5436,
							39.70221
						],
						[
							40.08887,
							39.5547
						],
						[
							40.17609,
							39.58332
						],
						[
							40.23999,
							39.69943
						],
						[
							40.25333,
							39.75332
						],
						[
							40.13831,
							39.87665
						],
						[
							40.19832,
							39.91276
						],
						[
							40.49804,
							39.95026
						],
						[
							40.66582,
							39.92555
						],
						[
							41.31526,
							39.99721
						],
						[
							41.46276,
							40.1786
						],
						[
							41.54305,
							40.1872
						]
					],
					[
						[
							38.80873,
							38.87645
						],
						[
							38.76289,
							38.80882
						],
						[
							38.63105,
							38.78202
						],
						[
							38.63442,
							38.74887
						],
						[
							38.48081,
							38.75221
						],
						[
							38.34915,
							38.59915
						],
						[
							38.38166,
							38.5161
						],
						[
							38.68804,
							38.41998
						],
						[
							38.8186,
							38.43443
						],
						[
							38.95637,
							38.3236
						],
						[
							39.10555,
							38.34109
						],
						[
							39.14444,
							38.30415
						],
						[
							39.11166,
							38.18971
						],
						[
							39.20304,
							38.2047
						],
						[
							39.25165,
							38.17803
						],
						[
							39.19318,
							38.03804
						],
						[
							38.97998,
							37.89943
						],
						[
							38.97665,
							37.82388
						],
						[
							38.91998,
							37.82221
						],
						[
							38.9622,
							37.75971
						],
						[
							38.895,
							37.74666
						],
						[
							38.8622,
							37.69026
						],
						[
							38.86638,
							37.65748
						],
						[
							38.60333,
							37.58331
						],
						[
							38.49943,
							37.4986
						],
						[
							38.20082,
							37.44886
						],
						[
							38.18665,
							37.41026
						],
						[
							38.03474,
							37.44177
						],
						[
							37.95637,
							37.41527
						],
						[
							37.85387,
							37.30443
						],
						[
							37.86581,
							37.06998
						],
						[
							37.97249,
							37.05249
						],
						[
							38.02798,
							36.83276
						],
						[
							38.02907,
							36.82848
						],
						[
							38.09333,
							36.67721
						],
						[
							38.2361,
							36.61914
						],
						[
							38.29249,
							36.53082
						],
						[
							38.18547,
							36.33834
						],
						[
							38.20048,
							36.27684
						],
						[
							38.19668,
							36.268
						],
						[
							38.17945,
							36.25555
						],
						[
							38.15833,
							36.2486
						],
						[
							38.13694,
							36.23889
						],
						[
							38.11999,
							36.22556
						],
						[
							38.10889,
							36.21333
						],
						[
							38.06499,
							36.14777
						],
						[
							38.06083,
							36.14083
						],
						[
							38.05805,
							36.12693
						],
						[
							38.05722,
							36.11055
						],
						[
							38.06138,
							36.08139
						],
						[
							38.06389,
							36.07333
						],
						[
							38.07916,
							36.05499
						],
						[
							38.13349,
							36.0
						],
						[
							38.14597,
							35.9803
						],
						[
							38.17396,
							35.96272
						],
						[
							38.31356,
							35.89824
						],
						[
							38.34285,
							35.88653
						],
						[
							38.43077,
							35.86308
						],
						[
							38.53627,
							35.86308
						],
						[
							38.55827,
							35.85735
						],
						[
							38.73805,
							35.84582
						],
						[
							38.81638,
							35.93776
						],
						[
							39.80193,
							35.7361
						],
						[
							39.90638,
							35.53054
						],
						[
							40.05498,
							35.46609
						],
						[
							40.1736,
							35.31277
						],
						[
							40.27026,
							35.30109
						],
						[
							40.25555,
							35.26444
						],
						[
							40.4136,
							35.20582
						],
						[
							40.42329,
							35.13142
						],
						[
							40.62304,
							34.82193
						],
						[
							40.77665,
							34.70749
						],
						[
							40.83249,
							34.65359
						],
						[
							40.9236,
							34.61859
						],
						[
							40.93249,
							34.46026
						],
						[
							41.00675,
							34.42513
						],
						[
							41.11665,
							34.35804
						],
						[
							41.20722,
							34.38165
						],
						[
							41.1786,
							34.41832
						],
						[
							41.2336,
							34.44942
						],
						[
							41.26054,
							34.4136
						],
						[
							41.43165,
							34.46415
						],
						[
							41.45749,
							34.41609
						],
						[
							41.58859,
							34.43664
						],
						[
							41.58166,
							34.46832
						],
						[
							41.69526,
							34.44554
						],
						[
							41.78054,
							34.51971
						],
						[
							41.9122,
							34.45998
						],
						[
							41.96832,
							34.46943
						],
						[
							42.13499,
							34.27915
						],
						[
							42.2686,
							34.26166
						],
						[
							42.30332,
							34.34999
						],
						[
							42.3811,
							34.32249
						],
						[
							42.38054,
							34.27859
						],
						[
							42.30693,
							34.24665
						],
						[
							42.3875,
							34.18777
						],
						[
							42.40999,
							34.0322
						],
						[
							42.43415,
							34.00665
						],
						[
							42.49554,
							34.0411
						],
						[
							42.56082,
							33.95388
						],
						[
							42.53053,
							33.86249
						],
						[
							42.57804,
							33.84637
						],
						[
							42.62637,
							33.89527
						],
						[
							42.73777,
							33.86943
						],
						[
							42.76194,
							33.84387
						],
						[
							42.7197,
							33.7986
						],
						[
							42.80166,
							33.65221
						],
						[
							42.92831,
							33.54444
						],
						[
							43.06053,
							33.48665
						],
						[
							43.09664,
							33.52748
						],
						[
							43.25833,
							33.44304
						],
						[
							43.59999,
							33.39471
						],
						[
							44.16203,
							33.02945
						],
						[
							44.28499,
							32.80387
						],
						[
							44.21248,
							32.59054
						],
						[
							44.32891,
							32.24636
						],
						[
							44.47803,
							31.93444
						],
						[
							44.5061,
							31.75805
						],
						[
							44.46943,
							31.70666
						],
						[
							44.56334,
							31.60941
						],
						[
							44.81802,
							31.47142
						],
						[
							45.11583,
							31.30527
						],
						[
							45.24224,
							31.31991
						],
						[
							45.52832,
							31.28749
						],
						[
							45.54804,
							31.20444
						],
						[
							46.06082,
							31.10805
						],
						[
							46.14167,
							31.05305
						],
						[
							46.25721,
							31.04554
						],
						[
							46.37758,
							30.96106
						]
					],
					[
						[
							38.80873,
							38.87645
						],
						[
							38.81278,
							38.87499
						],
						[
							38.8361,
							38.87583
						],
						[
							38.91971,
							38.89166
						],
						[
							38.9836,
							38.89999
						],
						[
							39.07028,
							38.88972
						],
						[
							39.08082,
							38.88722
						],
						[
							39.20528,
							38.85695
						],
						[
							39.27693,
							38.83806
						],
						[
							39.28583,
							38.83027
						],
						[
							39.29722,
							38.82416
						],
						[
							39.38528,
							38.79027
						],
						[
							39.46027,
							38.76611
						],
						[
							39.47889,
							38.7639
						],
						[
							39.47866,
							38.74161
						],
						[
							39.4837,
							38.69921
						],
						[
							39.49069,
							38.68041
						],
						[
							39.50272,
							38.6544
						],
						[
							39.532,
							38.64434
						],
						[
							39.56195,
							38.65331
						],
						[
							39.58598,
							38.65572
						],
						[
							39.6286,
							38.65877
						],
						[
							39.6544,
							38.6603
						],
						[
							39.68063,
							38.65987
						],
						[
							39.69242,
							38.65877
						],
						[
							39.72456,
							38.64325
						],
						[
							39.75296,
							38.62927
						],
						[
							39.7604,
							38.62686
						],
						[
							39.784,
							38.6273
						],
						[
							39.80848,
							38.63539
						],
						[
							39.84563,
							38.65921
						],
						[
							39.87011,
							38.68435
						],
						[
							40.0511,
							38.7436
						],
						[
							40.41971,
							38.7122
						],
						[
							40.9447,
							38.89471
						],
						[
							41.15638,
							38.74916
						],
						[
							41.24748,
							38.83443
						],
						[
							41.43582,
							38.82137
						],
						[
							41.54527,
							38.85694
						],
						[
							41.55527,
							39.07638
						],
						[
							41.66972,
							39.03415
						],
						[
							41.77776,
							39.03998
						],
						[
							42.12083,
							39.12527
						],
						[
							42.52833,
							39.16332
						],
						[
							42.54221,
							39.30303
						],
						[
							42.71527,
							39.50665
						],
						[
							42.86111,
							39.53749
						],
						[
							43.05277,
							39.70832
						],
						[
							43.52276,
							39.61553
						],
						[
							43.66637,
							39.55165
						],
						[
							43.68054,
							39.51276
						],
						[
							43.55026,
							39.33553
						],
						[
							43.57082,
							39.30582
						]
					],
					[
						[
							39.50667,
							38.49748
						],
						[
							39.67054,
							38.39193
						],
						[
							39.6711,
							38.35221
						],
						[
							40.00166,
							38.36193
						],
						[
							40.17277,
							38.15387
						],
						[
							40.13555,
							38.1172
						],
						[
							40.22671,
							38.09482
						],
						[
							40.26054,
							38.03998
						],
						[
							40.24499,
							37.83776
						],
						[
							40.95859,
							37.81192
						],
						[
							41.05579,
							37.78249
						],
						[
							41.36304,
							37.71748
						],
						[
							41.82777,
							37.71305
						],
						[
							41.82665,
							37.65304
						],
						[
							41.89749,
							37.57054
						],
						[
							41.8536,
							37.44498
						],
						[
							41.89277,
							37.40526
						],
						[
							42.01777,
							37.42609
						],
						[
							42.20525,
							37.31875
						],
						[
							42.22374,
							37.30818
						],
						[
							42.27659,
							37.27791
						],
						[
							42.29444,
							37.26972
						],
						[
							42.35152,
							37.23117
						],
						[
							42.35708,
							37.12971
						],
						[
							42.35562,
							37.10693
						],
						[
							42.37832,
							37.07206
						],
						[
							42.3741,
							37.06316
						],
						[
							42.37313,
							37.06212
						],
						[
							42.37328,
							37.06127
						],
						[
							42.60193,
							36.78472
						],
						[
							42.76998,
							36.74666
						],
						[
							42.74749,
							36.71471
						],
						[
							42.88248,
							36.71082
						],
						[
							42.91054,
							36.65388
						],
						[
							42.83082,
							36.63831
						],
						[
							42.75249,
							36.49721
						],
						[
							42.93221,
							36.49137
						],
						[
							42.9986,
							36.40082
						],
						[
							43.11943,
							36.39526
						],
						[
							43.30276,
							36.14166
						],
						[
							43.36249,
							35.87859
						],
						[
							43.2886,
							35.78555
						],
						[
							43.32193,
							35.69916
						],
						[
							43.24721,
							35.64444
						],
						[
							43.26471,
							35.40859
						],
						[
							43.42948,
							35.25548
						],
						[
							43.3847,
							35.21887
						],
						[
							43.57833,
							35.03776
						],
						[
							43.51998,
							34.94054
						],
						[
							43.67693,
							34.70916
						],
						[
							43.88249,
							34.1411
						],
						[
							44.03562,
							34.07322
						],
						[
							44.08051,
							34.07322
						],
						[
							44.18025,
							34.06323
						],
						[
							44.18857,
							34.06157
						],
						[
							44.26172,
							34.04662
						],
						[
							44.38361,
							34.00305
						],
						[
							44.43916,
							33.95416
						],
						[
							44.44677,
							33.94049
						],
						[
							44.4518,
							33.92277
						],
						[
							44.45255,
							33.90859
						],
						[
							44.4503,
							33.90132
						],
						[
							44.44751,
							33.89759
						],
						[
							44.43613,
							33.89032
						],
						[
							44.39326,
							33.81064
						],
						[
							44.38577,
							33.79564
						],
						[
							44.38326,
							33.78342
						],
						[
							44.38456,
							33.76482
						],
						[
							44.38874,
							33.7551
						],
						[
							44.40067,
							33.74343
						],
						[
							44.41401,
							33.73482
						],
						[
							44.42096,
							33.72676
						],
						[
							44.40136,
							33.63931
						],
						[
							44.38308,
							33.62435
						],
						[
							44.33986,
							33.62435
						],
						[
							44.32322,
							33.60273
						],
						[
							44.30494,
							33.53955
						],
						[
							44.30327,
							33.493
						],
						[
							44.30827,
							33.47306
						],
						[
							44.33819,
							33.39492
						],
						[
							44.3864,
							33.31513
						],
						[
							44.41133,
							33.27854
						],
						[
							44.45124,
							33.27523
						],
						[
							44.48948,
							33.22701
						],
						[
							44.54268,
							33.14721
						],
						[
							44.55597,
							33.10731
						],
						[
							44.56215,
							33.08431
						],
						[
							44.57205,
							33.06892
						],
						[
							44.57593,
							33.06409
						],
						[
							44.65415,
							33.01122
						],
						[
							44.67813,
							33.00992
						],
						[
							44.68939,
							33.0131
						],
						[
							44.70651,
							33.02039
						],
						[
							44.72795,
							33.03344
						],
						[
							44.7455,
							32.96267
						],
						[
							44.80535,
							32.95436
						],
						[
							44.8785,
							32.93441
						],
						[
							44.93503,
							32.91114
						],
						[
							44.94001,
							32.90449
						],
						[
							44.945,
							32.87955
						],
						[
							44.94833,
							32.87455
						],
						[
							44.9583,
							32.86624
						],
						[
							45.0913,
							32.78146
						],
						[
							45.1844,
							32.76982
						],
						[
							45.25589,
							32.76484
						],
						[
							45.2642,
							32.76151
						],
						[
							45.27085,
							32.75652
						],
						[
							45.2775,
							32.73824
						],
						[
							45.27418,
							32.72826
						],
						[
							45.31407,
							32.68171
						],
						[
							45.39554,
							32.61854
						],
						[
							45.47201,
							32.58363
						],
						[
							45.59669,
							32.5404
						],
						[
							45.61499,
							32.53542
						],
						[
							45.62994,
							32.54206
						],
						[
							45.63826,
							32.55037
						],
						[
							45.65655,
							32.56201
						],
						[
							45.67317,
							32.56034
						],
						[
							45.69147,
							32.55702
						],
						[
							45.78789,
							32.52876
						],
						[
							45.80451,
							32.51878
						],
						[
							45.81116,
							32.51214
						],
						[
							45.81281,
							32.50548
						]
					],
					[
						[
							45.81281,
							32.50548
						],
						[
							45.83443,
							32.5138
						],
						[
							45.92254,
							32.55037
						],
						[
							45.95413,
							32.59193
						],
						[
							45.96577,
							32.60357
						],
						[
							46.05554,
							32.64015
						],
						[
							46.10377,
							32.65179
						],
						[
							46.11373,
							32.65179
						],
						[
							46.12538,
							32.65013
						],
						[
							46.17026,
							32.6202
						],
						[
							46.18522,
							32.60357
						],
						[
							46.18855,
							32.59193
						],
						[
							46.1952,
							32.58363
						],
						[
							46.23675,
							32.55536
						],
						[
							46.24674,
							32.55204
						],
						[
							46.34316,
							32.52211
						],
						[
							46.36311,
							32.52045
						],
						[
							46.40301,
							32.52045
						],
						[
							46.41464,
							32.52045
						],
						[
							46.4429,
							32.52876
						],
						[
							46.4612,
							32.52876
						],
						[
							46.50109,
							32.52045
						],
						[
							46.65071,
							32.48886
						],
						[
							46.66402,
							32.48056
						],
						[
							46.68896,
							32.45894
						],
						[
							46.71888,
							32.4074
						],
						[
							46.7355,
							32.36916
						],
						[
							46.74215,
							32.34921
						],
						[
							46.73882,
							32.34256
						],
						[
							46.73384,
							32.33758
						],
						[
							46.7272,
							32.33592
						],
						[
							46.71555,
							32.33758
						],
						[
							46.70558,
							32.3276
						],
						[
							46.70392,
							32.22952
						],
						[
							46.70392,
							32.18629
						],
						[
							46.70891,
							32.13475
						],
						[
							46.72554,
							32.1148
						],
						[
							46.77541,
							32.07989
						],
						[
							46.78704,
							32.07324
						],
						[
							46.81863,
							32.06991
						],
						[
							46.82861,
							32.06991
						],
						[
							46.84689,
							32.07657
						],
						[
							46.85354,
							32.07657
						],
						[
							46.86019,
							32.07324
						],
						[
							46.86518,
							32.06659
						],
						[
							46.87516,
							32.00342
						],
						[
							46.95082,
							31.8761
						],
						[
							47.00027,
							31.85499
						],
						[
							47.0947,
							31.89027
						],
						[
							47.13832,
							31.85805
						],
						[
							47.13915,
							31.73054
						],
						[
							47.42223,
							31.37337
						],
						[
							47.43046,
							31.01307
						]
					],
					[
						[
							45.81281,
							32.50548
						],
						[
							45.87101,
							32.44232
						],
						[
							45.93277,
							32.40637
						],
						[
							45.92193,
							32.28053
						],
						[
							46.00916,
							32.19526
						],
						[
							45.95332,
							31.94055
						],
						[
							46.06082,
							31.87332
						],
						[
							46.12415,
							31.50444
						],
						[
							46.26971,
							31.26583
						],
						[
							46.42166,
							31.15583
						],
						[
							46.36276,
							31.04999
						],
						[
							46.40053,
							31.02166
						],
						[
							46.37758,
							30.96106
						]
					],
					[
						[
							46.37758,
							30.96106
						],
						[
							46.53276,
							30.8786
						],
						[
							46.73638,
							30.95387
						],
						[
							47.43046,
							31.01307
						]
					],
					[
						[
							47.43046,
							31.01307
						],
						[
							47.46755,
							30.97644
						],
						[
							47.63556,
							30.77055
						],
						[
							47.72971,
							30.73971
						],
						[
							47.75096,
							30.62168
						],
						[
							47.75462,
							30.59861
						],
						[
							47.76792,
							30.577
						],
						[
							47.77622,
							30.57201
						],
						[
							47.78394,
							30.56475
						],
						[
							47.82111,
							30.53211
						],
						[
							47.83773,
							30.51549
						],
						[
							47.84606,
							30.50717
						],
						[
							47.86435,
							30.49221
						],
						[
							47.92253,
							30.46561
						],
						[
							47.99234,
							30.46561
						],
						[
							48.00731,
							30.46395
						],
						[
							48.06752,
							30.46379
						],
						[
							48.10754,
							30.45432
						],
						[
							48.14138,
							30.43999
						],
						[
							48.16043,
							30.42708
						],
						[
							48.28943,
							30.32972
						],
						[
							48.41194,
							30.19967
						],
						[
							48.41012,
							30.16999
						],
						[
							48.4111,
							30.10361
						],
						[
							48.45013,
							30.00541
						],
						[
							48.47339,
							29.9829
						],
						[
							48.54556,
							29.96302
						]
					]
				]
			}
		},
		{
			"type": "Feature",
			"properties": {
				"locationID": "nli002",
				"Location/feature name (incl. historical names)": "Cuyahoga River",
				"Geometry type": "line",
				"Geography type": "feature",
				"Country": "USA",
				"Region": "",
				"State/Province": "Ohio",
				"County": "",
				"City": "",
				"Neighborhood (incl. boroughs)": "",
				"Street address": "",
				"Notes": "",
				"Source": "",
				"songs": [
					{
						"title": "Going to Cleveland",
						"album": "Transmissions to Horace",
						"albums": [
							"Transmissions to Horace",
							"Bitter Melon Farm (1999)"
						],
						"lyric": "\"I hear the Cuyahoga calling, now I know what I was born for\""
					}
				]
			},
			"geometry": {
				"type": "MultiLineString",
				"coordinates": [
					[
						[
							-81.71026,
							41.49994
						],
						[
							-81.71056,
							41.49835
						],
						[
							-81.71087,
							41.49694
						],
						[
							-81.71116,
							41.49545
						],
						[
							-81.71146,
							41.49394
						],
						[
							-81.71177,
							41.49254
						],
						[
							-81.71206,
							41.49105
						],
						[
							-81.71046,
							41.48934
						],
						[
							-81.70876,
							41.48764
						],
						[
							-81.70907,
							41.48625
						],
						[
							-81.70936,
							41.48474
						],
						[
							-81.70977,
							41.48324
						],
						[
							-81.70776,
							41.48304
						],
						[
							-81.70617,
							41.48134
						],
						[
							-81.70646,
							41.47984
						],
						[
							-81.70446,
							41.47965
						],
						[
							-81.70257,
							41.47934
						],
						[
							-81.70057,
							41.47915
						],
						[
							-81.69866,
							41.47895
						],
						[
							-81.69636,
							41.48014
						],
						[
							-81.69407,
							41.48145
						],
						[
							-81.69376,
							41.48284
						],
						[
							-81.69346,
							41.48435
						],
						[
							-81.69126,
							41.48555
						],
						[
							-81.68957,
							41.48394
						],
						[
							-81.68766,
							41.48364
						],
						[
							-81.68597,
							41.48195
						],
						[
							-81.68406,
							41.48175
						],
						[
							-81.68206,
							41.48145
						],
						[
							-81.67986,
							41.48275
						],
						[
							-81.67786,
							41.48255
						],
						[
							-81.67626,
							41.48074
						],
						[
							-81.67457,
							41.47905
						],
						[
							-81.67686,
							41.47785
						],
						[
							-81.67527,
							41.47615
						],
						[
							-81.67747,
							41.47495
						],
						[
							-81.67587,
							41.47325
						],
						[
							-81.67616,
							41.47174
						],
						[
							-81.67646,
							41.47025
						],
						[
							-81.67477,
							41.46855
						],
						[
							-81.67516,
							41.46714
						],
						[
							-81.67547,
							41.46565
						],
						[
							-81.67767,
							41.46434
						],
						[
							-81.67997,
							41.46315
						],
						[
							-81.68226,
							41.46195
						],
						[
							-81.68256,
							41.46045
						],
						[
							-81.68476,
							41.45925
						],
						[
							-81.68707,
							41.45804
						],
						[
							-81.68926,
							41.45675
						],
						[
							-81.68966,
							41.45535
						],
						[
							-81.68797,
							41.45355
						],
						[
							-81.68826,
							41.45214
						],
						[
							-81.68856,
							41.45065
						],
						[
							-81.68887,
							41.44915
						],
						[
							-81.68916,
							41.44774
						],
						[
							-81.68757,
							41.44605
						],
						[
							-81.68597,
							41.44435
						],
						[
							-81.68426,
							41.44265
						],
						[
							-81.68266,
							41.44085
						],
						[
							-81.68066,
							41.44075
						],
						[
							-81.67907,
							41.43895
						],
						[
							-81.67747,
							41.43725
						],
						[
							-81.67516,
							41.43855
						],
						[
							-81.67347,
							41.43675
						],
						[
							-81.67156,
							41.43654
						],
						[
							-81.66996,
							41.43485
						],
						[
							-81.66796,
							41.43465
						],
						[
							-81.66636,
							41.43295
						],
						[
							-81.66666,
							41.43145
						],
						[
							-81.66697,
							41.43004
						],
						[
							-81.66926,
							41.42875
						],
						[
							-81.67117,
							41.42894
						],
						[
							-81.67146,
							41.42755
						],
						[
							-81.67176,
							41.42604
						],
						[
							-81.66987,
							41.42585
						],
						[
							-81.66816,
							41.42414
						],
						[
							-81.66846,
							41.42275
						],
						[
							-81.66686,
							41.42095
						],
						[
							-81.66716,
							41.41954
						],
						[
							-81.66526,
							41.41925
						],
						[
							-81.66326,
							41.41905
						],
						[
							-81.66166,
							41.41735
						],
						[
							-81.65996,
							41.41565
						],
						[
							-81.65806,
							41.41535
						],
						[
							-81.65577,
							41.41665
						],
						[
							-81.65385,
							41.41635
						],
						[
							-81.65186,
							41.41615
						],
						[
							-81.65025,
							41.41445
						],
						[
							-81.64825,
							41.41425
						],
						[
							-81.64666,
							41.41255
						],
						[
							-81.64465,
							41.41224
						],
						[
							-81.64276,
							41.41205
						],
						[
							-81.64116,
							41.41034
						],
						[
							-81.63945,
							41.40865
						],
						[
							-81.63785,
							41.40695
						],
						[
							-81.63616,
							41.40525
						],
						[
							-81.63455,
							41.40355
						],
						[
							-81.63486,
							41.40215
						],
						[
							-81.63516,
							41.40065
						],
						[
							-81.63545,
							41.39914
						],
						[
							-81.63385,
							41.39745
						],
						[
							-81.63416,
							41.39595
						],
						[
							-81.63255,
							41.39425
						],
						[
							-81.63475,
							41.39305
						],
						[
							-81.63315,
							41.39135
						],
						[
							-81.63345,
							41.38985
						],
						[
							-81.63576,
							41.38865
						],
						[
							-81.63376,
							41.38845
						],
						[
							-81.63185,
							41.38815
						],
						[
							-81.63016,
							41.38645
						],
						[
							-81.62856,
							41.38475
						],
						[
							-81.62886,
							41.38324
						],
						[
							-81.62715,
							41.38154
						],
						[
							-81.62755,
							41.38015
						],
						[
							-81.62555,
							41.37995
						],
						[
							-81.62396,
							41.37815
						],
						[
							-81.62225,
							41.37645
						],
						[
							-81.62036,
							41.37625
						],
						[
							-81.61876,
							41.37455
						],
						[
							-81.61705,
							41.37284
						],
						[
							-81.61736,
							41.37135
						],
						[
							-81.61575,
							41.36965
						],
						[
							-81.61606,
							41.36825
						],
						[
							-81.61446,
							41.36644
						],
						[
							-81.61476,
							41.36505
						],
						[
							-81.61505,
							41.36355
						],
						[
							-81.61536,
							41.36205
						],
						[
							-81.61365,
							41.36045
						],
						[
							-81.61406,
							41.35895
						],
						[
							-81.61235,
							41.35725
						],
						[
							-81.61046,
							41.35695
						],
						[
							-81.60875,
							41.35525
						],
						[
							-81.60716,
							41.35355
						],
						[
							-81.60526,
							41.35335
						],
						[
							-81.60326,
							41.35315
						],
						[
							-81.60165,
							41.35145
						],
						[
							-81.59996,
							41.34975
						],
						[
							-81.59836,
							41.34805
						],
						[
							-81.59865,
							41.34655
						],
						[
							-81.59706,
							41.34484
						],
						[
							-81.59735,
							41.34335
						],
						[
							-81.59766,
							41.34195
						],
						[
							-81.59605,
							41.34015
						],
						[
							-81.59636,
							41.33875
						],
						[
							-81.59856,
							41.33755
						],
						[
							-81.59695,
							41.33575
						],
						[
							-81.59506,
							41.33555
						],
						[
							-81.59305,
							41.33535
						],
						[
							-81.59146,
							41.33365
						],
						[
							-81.59175,
							41.33215
						],
						[
							-81.59395,
							41.33095
						],
						[
							-81.59436,
							41.32945
						],
						[
							-81.59265,
							41.32775
						],
						[
							-81.59296,
							41.32625
						],
						[
							-81.59326,
							41.32485
						],
						[
							-81.59366,
							41.32335
						],
						[
							-81.59195,
							41.32165
						],
						[
							-81.59225,
							41.32025
						],
						[
							-81.59036,
							41.31995
						],
						[
							-81.58876,
							41.31825
						],
						[
							-81.58905,
							41.31675
						],
						[
							-81.58925,
							41.31525
						],
						[
							-81.58966,
							41.31385
						],
						[
							-81.58806,
							41.31215
						],
						[
							-81.58635,
							41.31045
						],
						[
							-81.58476,
							41.30875
						],
						[
							-81.58505,
							41.30725
						],
						[
							-81.58536,
							41.30574
						],
						[
							-81.58335,
							41.30555
						],
						[
							-81.58176,
							41.30384
						],
						[
							-81.58206,
							41.30235
						],
						[
							-81.58046,
							41.30065
						],
						[
							-81.57816,
							41.30194
						],
						[
							-81.57655,
							41.30025
						],
						[
							-81.57494,
							41.29845
						],
						[
							-81.57526,
							41.29705
						],
						[
							-81.57556,
							41.29555
						],
						[
							-81.57584,
							41.29415
						],
						[
							-81.57616,
							41.29264
						],
						[
							-81.57646,
							41.29115
						],
						[
							-81.57485,
							41.28945
						],
						[
							-81.57315,
							41.28775
						],
						[
							-81.57356,
							41.28635
						],
						[
							-81.57185,
							41.28454
						],
						[
							-81.56955,
							41.28585
						],
						[
							-81.56796,
							41.28415
						],
						[
							-81.56635,
							41.28245
						],
						[
							-81.56664,
							41.28095
						],
						[
							-81.56696,
							41.27945
						],
						[
							-81.56725,
							41.27805
						],
						[
							-81.56565,
							41.27635
						],
						[
							-81.56594,
							41.27485
						],
						[
							-81.56625,
							41.27335
						],
						[
							-81.56655,
							41.27195
						],
						[
							-81.56495,
							41.27015
						],
						[
							-81.56726,
							41.26895
						],
						[
							-81.56555,
							41.26725
						],
						[
							-81.56365,
							41.26705
						],
						[
							-81.56194,
							41.26535
						],
						[
							-81.56005,
							41.26515
						],
						[
							-81.55845,
							41.26335
						],
						[
							-81.55674,
							41.26165
						],
						[
							-81.55704,
							41.26025
						],
						[
							-81.55735,
							41.25875
						],
						[
							-81.55575,
							41.25705
						],
						[
							-81.55605,
							41.25555
						],
						[
							-81.55415,
							41.25535
						],
						[
							-81.55254,
							41.25365
						],
						[
							-81.55054,
							41.25335
						],
						[
							-81.54894,
							41.25175
						],
						[
							-81.54694,
							41.25145
						],
						[
							-81.54534,
							41.24975
						],
						[
							-81.54765,
							41.24855
						],
						[
							-81.54795,
							41.24705
						],
						[
							-81.55015,
							41.24585
						],
						[
							-81.55245,
							41.24465
						],
						[
							-81.55074,
							41.24295
						],
						[
							-81.55305,
							41.24165
						],
						[
							-81.55335,
							41.24015
						],
						[
							-81.55364,
							41.23875
						],
						[
							-81.55595,
							41.23755
						],
						[
							-81.55625,
							41.23605
						],
						[
							-81.55654,
							41.23455
						],
						[
							-81.55495,
							41.23285
						],
						[
							-81.55294,
							41.23265
						],
						[
							-81.55135,
							41.23085
						],
						[
							-81.55164,
							41.22945
						],
						[
							-81.54975,
							41.22925
						],
						[
							-81.54804,
							41.22755
						],
						[
							-81.54835,
							41.22605
						],
						[
							-81.54675,
							41.22435
						],
						[
							-81.54705,
							41.22285
						],
						[
							-81.54935,
							41.22165
						],
						[
							-81.55125,
							41.22185
						],
						[
							-81.55155,
							41.22035
						],
						[
							-81.55384,
							41.21915
						],
						[
							-81.55415,
							41.21765
						],
						[
							-81.55645,
							41.21655
						],
						[
							-81.55674,
							41.21505
						],
						[
							-81.55704,
							41.21354
						],
						[
							-81.55735,
							41.21205
						],
						[
							-81.55955,
							41.21085
						],
						[
							-81.55795,
							41.20915
						],
						[
							-81.56025,
							41.20795
						],
						[
							-81.56055,
							41.20645
						],
						[
							-81.56084,
							41.20495
						],
						[
							-81.56304,
							41.20375
						],
						[
							-81.56535,
							41.20255
						],
						[
							-81.56566,
							41.20105
						],
						[
							-81.56796,
							41.19985
						],
						[
							-81.57015,
							41.19855
						],
						[
							-81.57244,
							41.19735
						],
						[
							-81.57466,
							41.19615
						],
						[
							-81.57695,
							41.19485
						],
						[
							-81.57726,
							41.19335
						],
						[
							-81.57565,
							41.19165
						],
						[
							-81.57596,
							41.19024
						],
						[
							-81.57625,
							41.18875
						],
						[
							-81.57846,
							41.18745
						],
						[
							-81.58075,
							41.18625
						],
						[
							-81.58105,
							41.18485
						],
						[
							-81.58135,
							41.18335
						],
						[
							-81.58165,
							41.18185
						],
						[
							-81.58395,
							41.18065
						],
						[
							-81.58425,
							41.17915
						],
						[
							-81.58455,
							41.17775
						],
						[
							-81.58296,
							41.17595
						],
						[
							-81.58135,
							41.17424
						],
						[
							-81.57964,
							41.17266
						],
						[
							-81.57996,
							41.17115
						],
						[
							-81.58025,
							41.16965
						],
						[
							-81.57866,
							41.16795
						],
						[
							-81.57675,
							41.16775
						],
						[
							-81.57506,
							41.16605
						],
						[
							-81.57535,
							41.16455
						],
						[
							-81.57375,
							41.16285
						],
						[
							-81.57404,
							41.16135
						],
						[
							-81.57436,
							41.15995
						],
						[
							-81.57666,
							41.15865
						],
						[
							-81.57495,
							41.15695
						],
						[
							-81.57534,
							41.15555
						],
						[
							-81.57365,
							41.15385
						],
						[
							-81.57396,
							41.15235
						],
						[
							-81.57204,
							41.15215
						],
						[
							-81.57016,
							41.15185
						],
						[
							-81.56844,
							41.15015
						],
						[
							-81.56876,
							41.14875
						],
						[
							-81.56905,
							41.14725
						],
						[
							-81.56746,
							41.14555
						],
						[
							-81.56775,
							41.14405
						],
						[
							-81.56615,
							41.14235
						],
						[
							-81.56645,
							41.14085
						],
						[
							-81.56675,
							41.13945
						],
						[
							-81.56484,
							41.13925
						],
						[
							-81.56315,
							41.13745
						],
						[
							-81.56155,
							41.13585
						],
						[
							-81.55965,
							41.13555
						],
						[
							-81.55805,
							41.13385
						],
						[
							-81.55605,
							41.13365
						],
						[
							-81.55445,
							41.13195
						],
						[
							-81.55245,
							41.13165
						],
						[
							-81.55055,
							41.13145
						],
						[
							-81.54865,
							41.13125
						],
						[
							-81.54635,
							41.13245
						],
						[
							-81.54475,
							41.13065
						],
						[
							-81.54305,
							41.12895
						],
						[
							-81.54145,
							41.12735
						],
						[
							-81.53915,
							41.12855
						],
						[
							-81.53754,
							41.12685
						],
						[
							-81.53785,
							41.12535
						],
						[
							-81.53815,
							41.12385
						],
						[
							-81.53655,
							41.12225
						],
						[
							-81.53495,
							41.12046
						],
						[
							-81.53335,
							41.11875
						],
						[
							-81.53165,
							41.11705
						],
						[
							-81.53005,
							41.11535
						],
						[
							-81.52845,
							41.11365
						],
						[
							-81.52674,
							41.11195
						]
					],
					[
						[
							-81.52674,
							41.11195
						],
						[
							-81.52485,
							41.11175
						],
						[
							-81.52254,
							41.11295
						],
						[
							-81.52035,
							41.11425
						],
						[
							-81.52004,
							41.11565
						],
						[
							-81.51775,
							41.11695
						],
						[
							-81.51554,
							41.11815
						],
						[
							-81.51325,
							41.11935
						],
						[
							-81.51105,
							41.12066
						],
						[
							-81.50875,
							41.12185
						],
						[
							-81.50684,
							41.12165
						],
						[
							-81.50484,
							41.12135
						],
						[
							-81.50265,
							41.12265
						],
						[
							-81.50095,
							41.12085
						],
						[
							-81.49935,
							41.11915
						],
						[
							-81.49964,
							41.11775
						],
						[
							-81.49995,
							41.11625
						],
						[
							-81.49834,
							41.11455
						],
						[
							-81.49615,
							41.11575
						],
						[
							-81.49575,
							41.11725
						],
						[
							-81.49355,
							41.11845
						],
						[
							-81.49325,
							41.11995
						],
						[
							-81.49094,
							41.12115
						],
						[
							-81.49065,
							41.12265
						],
						[
							-81.48844,
							41.12385
						],
						[
							-81.48815,
							41.12535
						],
						[
							-81.48585,
							41.12655
						],
						[
							-81.48354,
							41.12785
						],
						[
							-81.48325,
							41.12935
						],
						[
							-81.48484,
							41.13095
						],
						[
							-81.48264,
							41.13215
						],
						[
							-81.48235,
							41.13365
						],
						[
							-81.48394,
							41.13545
						],
						[
							-81.48174,
							41.13665
						],
						[
							-81.48145,
							41.13805
						],
						[
							-81.47915,
							41.13935
						],
						[
							-81.47884,
							41.14075
						],
						[
							-81.47655,
							41.14205
						],
						[
							-81.47465,
							41.14175
						],
						[
							-81.47265,
							41.14155
						],
						[
							-81.47074,
							41.14135
						],
						[
							-81.46874,
							41.14106
						],
						[
							-81.46685,
							41.14085
						],
						[
							-81.46465,
							41.14206
						],
						[
							-81.46265,
							41.14185
						],
						[
							-81.46075,
							41.14155
						],
						[
							-81.45844,
							41.14286
						],
						[
							-81.45683,
							41.14115
						],
						[
							-81.45484,
							41.14085
						],
						[
							-81.45264,
							41.14215
						],
						[
							-81.45104,
							41.14045
						],
						[
							-81.44904,
							41.14016
						],
						[
							-81.44715,
							41.13995
						],
						[
							-81.44555,
							41.13825
						],
						[
							-81.44355,
							41.13805
						],
						[
							-81.44135,
							41.13926
						],
						[
							-81.43964,
							41.13745
						],
						[
							-81.43803,
							41.13585
						],
						[
							-81.43615,
							41.13555
						],
						[
							-81.43414,
							41.13535
						],
						[
							-81.43224,
							41.13505
						],
						[
							-81.43035,
							41.13485
						],
						[
							-81.42834,
							41.13465
						],
						[
							-81.42644,
							41.13445
						],
						[
							-81.42444,
							41.13415
						],
						[
							-81.42284,
							41.13245
						],
						[
							-81.42094,
							41.13215
						],
						[
							-81.41895,
							41.13195
						],
						[
							-81.41673,
							41.13315
						],
						[
							-81.41444,
							41.13445
						],
						[
							-81.41285,
							41.13275
						],
						[
							-81.41084,
							41.13245
						],
						[
							-81.40865,
							41.13375
						],
						[
							-81.40634,
							41.13495
						],
						[
							-81.40414,
							41.13615
						],
						[
							-81.40215,
							41.13595
						],
						[
							-81.40024,
							41.13565
						],
						[
							-81.39864,
							41.13405
						],
						[
							-81.39664,
							41.13375
						],
						[
							-81.39444,
							41.13495
						],
						[
							-81.39244,
							41.13475
						],
						[
							-81.39053,
							41.13446
						],
						[
							-81.38853,
							41.13425
						],
						[
							-81.38824,
							41.13575
						],
						[
							-81.38634,
							41.13546
						],
						[
							-81.38403,
							41.13675
						],
						[
							-81.38374,
							41.13816
						],
						[
							-81.38155,
							41.13945
						],
						[
							-81.37955,
							41.13926
						],
						[
							-81.37733,
							41.14045
						],
						[
							-81.37534,
							41.14015
						],
						[
							-81.37344,
							41.13995
						],
						[
							-81.37144,
							41.13975
						],
						[
							-81.37114,
							41.14116
						],
						[
							-81.36884,
							41.14235
						],
						[
							-81.36694,
							41.14225
						],
						[
							-81.36475,
							41.14335
						],
						[
							-81.36433,
							41.14485
						],
						[
							-81.36404,
							41.14635
						],
						[
							-81.36374,
							41.14775
						],
						[
							-81.36534,
							41.14955
						],
						[
							-81.36314,
							41.15075
						],
						[
							-81.36115,
							41.15045
						],
						[
							-81.36084,
							41.15195
						],
						[
							-81.36053,
							41.15345
						],
						[
							-81.35834,
							41.15465
						],
						[
							-81.35603,
							41.15596
						],
						[
							-81.35574,
							41.15735
						],
						[
							-81.35544,
							41.15885
						],
						[
							-81.35313,
							41.16005
						],
						[
							-81.35094,
							41.16125
						],
						[
							-81.34863,
							41.16255
						],
						[
							-81.34663,
							41.16225
						],
						[
							-81.34474,
							41.16205
						],
						[
							-81.34254,
							41.16325
						]
					],
					[
						[
							-81.34254,
							41.16325
						],
						[
							-81.34213,
							41.16475
						],
						[
							-81.34184,
							41.16625
						],
						[
							-81.33965,
							41.16745
						],
						[
							-81.33923,
							41.16885
						],
						[
							-81.33704,
							41.17015
						],
						[
							-81.33675,
							41.17165
						],
						[
							-81.33633,
							41.17305
						],
						[
							-81.33604,
							41.17455
						],
						[
							-81.33574,
							41.17595
						],
						[
							-81.33354,
							41.17725
						],
						[
							-81.33124,
							41.17845
						],
						[
							-81.32935,
							41.17825
						]
					],
					[
						[
							-81.16003,
							41.41495
						],
						[
							-81.15974,
							41.41635
						],
						[
							-81.15743,
							41.41755
						],
						[
							-81.15713,
							41.41905
						],
						[
							-81.15684,
							41.42055
						],
						[
							-81.15643,
							41.42205
						],
						[
							-81.15614,
							41.42345
						],
						[
							-81.15394,
							41.42475
						],
						[
							-81.15353,
							41.42614
						],
						[
							-81.15324,
							41.42765
						],
						[
							-81.15293,
							41.42905
						],
						[
							-81.15453,
							41.43075
						],
						[
							-81.15234,
							41.43205
						],
						[
							-81.15194,
							41.43355
						],
						[
							-81.15163,
							41.43495
						],
						[
							-81.15133,
							41.43645
						],
						[
							-81.14902,
							41.43765
						],
						[
							-81.15063,
							41.43935
						],
						[
							-81.15034,
							41.44085
						],
						[
							-81.15003,
							41.44235
						],
						[
							-81.14773,
							41.44355
						],
						[
							-81.14744,
							41.44494
						],
						[
							-81.14713,
							41.44645
						],
						[
							-81.14874,
							41.44815
						],
						[
							-81.14643,
							41.44935
						],
						[
							-81.14613,
							41.45085
						],
						[
							-81.14584,
							41.45234
						],
						[
							-81.14353,
							41.45355
						],
						[
							-81.14133,
							41.45475
						],
						[
							-81.13934,
							41.45455
						],
						[
							-81.13903,
							41.45594
						],
						[
							-81.13673,
							41.45725
						],
						[
							-81.13483,
							41.45695
						],
						[
							-81.13444,
							41.45845
						],
						[
							-81.13223,
							41.45964
						],
						[
							-81.13023,
							41.45945
						],
						[
							-81.12803,
							41.46065
						],
						[
							-81.12572,
							41.46185
						],
						[
							-81.12543,
							41.46335
						],
						[
							-81.12313,
							41.46454
						],
						[
							-81.12113,
							41.46434
						],
						[
							-81.12083,
							41.46575
						],
						[
							-81.11854,
							41.46704
						],
						[
							-81.11663,
							41.46675
						],
						[
							-81.11433,
							41.46804
						],
						[
							-81.11213,
							41.46915
						],
						[
							-81.11173,
							41.47075
						],
						[
							-81.11143,
							41.47215
						],
						[
							-81.11114,
							41.47355
						],
						[
							-81.11083,
							41.47515
						],
						[
							-81.10853,
							41.47635
						],
						[
							-81.10824,
							41.47775
						],
						[
							-81.10783,
							41.47925
						],
						[
							-81.10754,
							41.48065
						],
						[
							-81.10723,
							41.48214
						],
						[
							-81.10693,
							41.48365
						],
						[
							-81.10464,
							41.48484
						],
						[
							-81.10433,
							41.48635
						],
						[
							-81.10593,
							41.48805
						],
						[
							-81.10363,
							41.48925
						],
						[
							-81.10143,
							41.49044
						],
						[
							-81.09943,
							41.49025
						],
						[
							-81.09713,
							41.49145
						],
						[
							-81.09682,
							41.49295
						],
						[
							-81.09653,
							41.49434
						],
						[
							-81.09623,
							41.49585
						],
						[
							-81.09783,
							41.49755
						],
						[
							-81.09553,
							41.49885
						],
						[
							-81.09363,
							41.49855
						],
						[
							-81.09133,
							41.49974
						],
						[
							-81.09103,
							41.50125
						],
						[
							-81.09074,
							41.50275
						],
						[
							-81.09234,
							41.50444
						],
						[
							-81.09203,
							41.50585
						],
						[
							-81.09164,
							41.50734
						],
						[
							-81.08943,
							41.50855
						],
						[
							-81.09103,
							41.51035
						],
						[
							-81.09074,
							41.51175
						],
						[
							-81.09043,
							41.51325
						],
						[
							-81.09234,
							41.51345
						],
						[
							-81.09392,
							41.51515
						],
						[
							-81.09364,
							41.51665
						],
						[
							-81.09523,
							41.51835
						],
						[
							-81.09693,
							41.52005
						]
					],
					[
						[
							-81.32935,
							41.17825
						],
						[
							-81.30814,
							41.22085
						],
						[
							-81.30785,
							41.22225
						],
						[
							-81.30754,
							41.22375
						],
						[
							-81.30724,
							41.22525
						],
						[
							-81.30684,
							41.22665
						],
						[
							-81.30653,
							41.22815
						],
						[
							-81.30624,
							41.22965
						],
						[
							-81.30594,
							41.23105
						],
						[
							-81.30363,
							41.23235
						],
						[
							-81.30334,
							41.23375
						],
						[
							-81.30113,
							41.23495
						],
						[
							-81.29884,
							41.23625
						],
						[
							-81.29654,
							41.23745
						],
						[
							-81.29434,
							41.23865
						],
						[
							-81.29234,
							41.23845
						],
						[
							-81.29015,
							41.23965
						],
						[
							-81.28814,
							41.23945
						],
						[
							-81.28593,
							41.24065
						],
						[
							-81.28393,
							41.24045
						],
						[
							-81.28174,
							41.24165
						],
						[
							-81.27973,
							41.24135
						],
						[
							-81.27743,
							41.24265
						],
						[
							-81.27554,
							41.24235
						],
						[
							-81.27364,
							41.24215
						],
						[
							-81.27163,
							41.24195
						],
						[
							-81.27134,
							41.24335
						],
						[
							-81.26904,
							41.24465
						],
						[
							-81.26713,
							41.24435
						],
						[
							-81.26484,
							41.24555
						],
						[
							-81.26263,
							41.24685
						],
						[
							-81.26234,
							41.24835
						],
						[
							-81.26192,
							41.24975
						],
						[
							-81.26163,
							41.25125
						],
						[
							-81.25944,
							41.25245
						],
						[
							-81.25903,
							41.25395
						],
						[
							-81.25683,
							41.25515
						],
						[
							-81.25483,
							41.25495
						],
						[
							-81.25294,
							41.25465
						],
						[
							-81.25263,
							41.25615
						],
						[
							-81.25224,
							41.25765
						],
						[
							-81.25423,
							41.25785
						],
						[
							-81.25394,
							41.25935
						],
						[
							-81.25163,
							41.26055
						],
						[
							-81.24934,
							41.26175
						],
						[
							-81.24714,
							41.26295
						],
						[
							-81.24512,
							41.26275
						],
						[
							-81.24293,
							41.26395
						],
						[
							-81.24264,
							41.26545
						],
						[
							-81.24033,
							41.26665
						],
						[
							-81.23803,
							41.26785
						],
						[
							-81.23583,
							41.26905
						],
						[
							-81.23353,
							41.27035
						],
						[
							-81.23324,
							41.27185
						],
						[
							-81.23293,
							41.27325
						],
						[
							-81.23063,
							41.27455
						],
						[
							-81.22874,
							41.27425
						],
						[
							-81.22832,
							41.27575
						],
						[
							-81.22803,
							41.27715
						],
						[
							-81.22773,
							41.27865
						],
						[
							-81.22742,
							41.28015
						],
						[
							-81.22713,
							41.28165
						],
						[
							-81.22674,
							41.28305
						],
						[
							-81.22453,
							41.28435
						],
						[
							-81.22224,
							41.28555
						],
						[
							-81.22033,
							41.28525
						],
						[
							-81.21833,
							41.28505
						],
						[
							-81.21644,
							41.28475
						],
						[
							-81.21444,
							41.28455
						],
						[
							-81.21223,
							41.28575
						],
						[
							-81.21194,
							41.28725
						],
						[
							-81.20963,
							41.28845
						],
						[
							-81.20733,
							41.28975
						],
						[
							-81.20704,
							41.29115
						],
						[
							-81.20673,
							41.29265
						],
						[
							-81.20443,
							41.29385
						],
						[
							-81.20414,
							41.29535
						],
						[
							-81.20184,
							41.29654
						],
						[
							-81.20153,
							41.29805
						],
						[
							-81.20123,
							41.29944
						],
						[
							-81.19894,
							41.30065
						],
						[
							-81.19863,
							41.30215
						],
						[
							-81.19633,
							41.30345
						],
						[
							-81.19604,
							41.30485
						],
						[
							-81.19573,
							41.30635
						],
						[
							-81.19733,
							41.30805
						],
						[
							-81.19514,
							41.30925
						],
						[
							-81.19483,
							41.31075
						],
						[
							-81.19253,
							41.31195
						],
						[
							-81.19064,
							41.31175
						],
						[
							-81.18833,
							41.31295
						],
						[
							-81.18633,
							41.31275
						],
						[
							-81.18403,
							41.31395
						],
						[
							-81.18214,
							41.31375
						],
						[
							-81.18183,
							41.31515
						],
						[
							-81.17953,
							41.31645
						],
						[
							-81.17733,
							41.31765
						],
						[
							-81.17503,
							41.31885
						],
						[
							-81.17474,
							41.32025
						],
						[
							-81.17243,
							41.32155
						],
						[
							-81.17213,
							41.32295
						],
						[
							-81.17184,
							41.32445
						],
						[
							-81.16953,
							41.32575
						],
						[
							-81.16923,
							41.32715
						],
						[
							-81.16894,
							41.32865
						],
						[
							-81.16663,
							41.32985
						],
						[
							-81.16433,
							41.33104
						],
						[
							-81.16604,
							41.33284
						],
						[
							-81.16563,
							41.33425
						],
						[
							-81.16534,
							41.33575
						],
						[
							-81.16503,
							41.33715
						],
						[
							-81.16473,
							41.33865
						],
						[
							-81.16444,
							41.34015
						],
						[
							-81.16404,
							41.34155
						],
						[
							-81.16373,
							41.34305
						],
						[
							-81.16343,
							41.34455
						],
						[
							-81.16314,
							41.34594
						],
						[
							-81.16273,
							41.34745
						],
						[
							-81.16244,
							41.34895
						],
						[
							-81.16213,
							41.35035
						],
						[
							-81.16183,
							41.35185
						],
						[
							-81.16154,
							41.35334
						],
						[
							-81.16113,
							41.35475
						],
						[
							-81.16084,
							41.35625
						],
						[
							-81.16053,
							41.35775
						],
						[
							-81.16213,
							41.35945
						],
						[
							-81.15993,
							41.36065
						],
						[
							-81.15794,
							41.36045
						],
						[
							-81.15563,
							41.36165
						],
						[
							-81.15733,
							41.36335
						],
						[
							-81.15704,
							41.36485
						],
						[
							-81.15864,
							41.36654
						],
						[
							-81.16022,
							41.36824
						],
						[
							-81.15794,
							41.36944
						],
						[
							-81.15574,
							41.37065
						],
						[
							-81.15343,
							41.37195
						],
						[
							-81.15313,
							41.37335
						],
						[
							-81.15083,
							41.37455
						],
						[
							-81.15243,
							41.37635
						],
						[
							-81.15214,
							41.37775
						],
						[
							-81.15414,
							41.37805
						],
						[
							-81.15633,
							41.37684
						],
						[
							-81.15803,
							41.37855
						],
						[
							-81.15763,
							41.37995
						],
						[
							-81.15733,
							41.38144
						],
						[
							-81.15704,
							41.38295
						],
						[
							-81.15673,
							41.38435
						],
						[
							-81.15833,
							41.38605
						],
						[
							-81.15803,
							41.38755
						],
						[
							-81.15774,
							41.38905
						],
						[
							-81.15733,
							41.39045
						],
						[
							-81.15903,
							41.39215
						],
						[
							-81.15873,
							41.39365
						],
						[
							-81.16033,
							41.39535
						],
						[
							-81.16193,
							41.39705
						],
						[
							-81.16163,
							41.39855
						],
						[
							-81.16134,
							41.40005
						],
						[
							-81.16093,
							41.40145
						],
						[
							-81.15873,
							41.40265
						],
						[
							-81.16033,
							41.40445
						],
						[
							-81.15803,
							41.40565
						],
						[
							-81.15774,
							41.40705
						],
						[
							-81.15932,
							41.40885
						],
						[
							-81.15903,
							41.41024
						],
						[
							-81.15873,
							41.41175
						],
						[
							-81.16033,
							41.41345
						],
						[
							-81.16003,
							41.41495
						]
					]
				]
			}
		},
		{
			"type": "Feature",
			"properties": {
				"locationID": "nli003",
				"Location/feature name (incl. historical names)": "Nile River",
				"Geometry type": "line",
				"Geography type": "feature",
				"Country": "",
				"Region": "",
				"State/Province": "",
				"County": "",
				"City": "",
				"Neighborhood (incl. boroughs)": "",
				"Street address": "",
				"Notes": "",
				"Source": "",
				"songs": [
					{
						"title": "Andrew Eldritch is Moving Back to Leeds",
						"album": "Goths",
						"albums": [
							"Goths"
						],
						"lyric": "\"Like a basket by the Nile hiding down among the reeds\""
					}
				]
			},
			"geometry": {
				"type": "MultiLineString",
				"coordinates": [
					[
						[
							30.38943,
							31.44189
						],
						[
							30.3958,
							31.44013
						],
						[
							30.50804,
							31.33583
						],
						[
							30.53388,
							31.18722
						],
						[
							30.63461,
							31.12275
						],
						[
							30.75027,
							30.97554
						],
						[
							30.79255,
							30.72263
						],
						[
							30.78809,
							30.70527
						],
						[
							30.8186,
							30.55026
						],
						[
							30.84888,
							30.5436
						],
						[
							30.85178,
							30.36162
						],
						[
							30.89966,
							30.33678
						],
						[
							30.92015,
							30.31437
						],
						[
							30.97514,
							30.23598
						],
						[
							31.13476,
							30.18037
						]
					],
					[
						[
							30.50129,
							7.75867
						],
						[
							30.56694,
							7.7675
						],
						[
							30.64805,
							8.17778
						],
						[
							30.64054,
							8.50305
						],
						[
							30.75582,
							8.57833
						],
						[
							30.8536,
							8.87194
						],
						[
							30.78915,
							8.97138
						],
						[
							30.80999,
							9.05027
						],
						[
							30.89888,
							9.09667
						],
						[
							30.95193,
							9.21583
						],
						[
							31.10694,
							9.33722
						],
						[
							31.14557,
							9.43536
						]
					],
					[
						[
							30.50129,
							7.75867
						],
						[
							30.49527,
							7.89722
						],
						[
							30.38934,
							8.04472
						],
						[
							30.32444,
							8.11166
						],
						[
							30.30582,
							8.19306
						],
						[
							30.36332,
							8.46277
						],
						[
							30.2736,
							8.54861
						],
						[
							30.31222,
							8.67388
						],
						[
							30.23554,
							8.73417
						],
						[
							30.2386,
							9.04806
						],
						[
							30.37054,
							9.22556
						],
						[
							30.32417,
							9.35417
						],
						[
							30.4844,
							9.52524
						],
						[
							31.02916,
							9.48749
						],
						[
							31.14557,
							9.43536
						]
					],
					[
						[
							30.50129,
							7.75867
						],
						[
							30.50527,
							7.66722
						],
						[
							30.67757,
							7.28481
						],
						[
							30.81665,
							7.07222
						],
						[
							31.19638,
							6.77361
						],
						[
							31.67214,
							5.92383
						],
						[
							31.77583,
							5.72
						],
						[
							31.79639,
							5.55055
						],
						[
							31.72582,
							5.10916
						],
						[
							31.51509,
							4.59426
						],
						[
							31.5111,
							4.31083
						],
						[
							31.60221,
							4.05471
						],
						[
							31.82167,
							3.80694
						],
						[
							31.85347,
							3.78471
						],
						[
							31.93208,
							3.68916
						],
						[
							31.94639,
							3.62166
						],
						[
							31.9511,
							3.59389
						],
						[
							32.02584,
							3.59139
						],
						[
							32.02643,
							3.59126
						],
						[
							31.93082,
							3.5075
						],
						[
							31.77305,
							3.5125
						],
						[
							31.60583,
							3.34639
						],
						[
							31.36332,
							2.86472
						],
						[
							31.4386,
							2.74861
						],
						[
							31.42222,
							2.61111
						],
						[
							31.52777,
							2.4925
						],
						[
							31.47268,
							2.40179
						],
						[
							31.47178,
							2.40015
						]
					],
					[
						[
							31.13476,
							30.18037
						],
						[
							31.10805,
							30.32444
						],
						[
							31.05666,
							30.36499
						],
						[
							31.10299,
							30.40089
						],
						[
							31.26666,
							30.62776
						],
						[
							31.21554,
							30.8311
						],
						[
							31.24555,
							30.95388
						],
						[
							31.40665,
							31.07388
						],
						[
							31.48638,
							31.17332
						],
						[
							31.63415,
							31.22417
						],
						[
							31.843,
							31.52381
						]
					],
					[
						[
							31.13476,
							30.18037
						],
						[
							31.23971,
							30.12444
						],
						[
							31.28097,
							29.89503
						],
						[
							31.26693,
							29.7186
						],
						[
							31.29916,
							29.66472
						],
						[
							31.26611,
							29.62221
						],
						[
							31.27943,
							29.54277
						],
						[
							31.20623,
							29.42795
						],
						[
							31.22943,
							29.38776
						],
						[
							31.21562,
							29.22139
						],
						[
							31.16867,
							29.15098
						],
						[
							30.95825,
							28.89314
						],
						[
							30.92252,
							28.85646
						],
						[
							30.88702,
							28.72378
						],
						[
							30.74697,
							28.24221
						],
						[
							30.74166,
							28.17222
						],
						[
							30.83638,
							28.03332
						],
						[
							30.83637,
							27.91736
						],
						[
							30.89277,
							27.77861
						],
						[
							30.85111,
							27.47137
						],
						[
							30.96629,
							27.34797
						],
						[
							31.11915,
							27.25916
						],
						[
							31.1161,
							27.1986
						],
						[
							31.18277,
							27.19343
						],
						[
							31.24066,
							27.16843
						],
						[
							31.30481,
							27.09954
						],
						[
							31.54693,
							26.7611
						],
						[
							31.71222,
							26.62637
						],
						[
							31.6986,
							26.55138
						],
						[
							31.80165,
							26.55249
						],
						[
							31.82416,
							26.41249
						],
						[
							32.00999,
							26.26167
						],
						[
							32.01859,
							26.17887
						],
						[
							32.05122,
							26.17005
						],
						[
							32.06332,
							26.21998
						],
						[
							32.13614,
							26.19456
						],
						[
							32.2811,
							26.02583
						],
						[
							32.63026,
							26.17554
						],
						[
							32.75971,
							26.10722
						],
						[
							32.78277,
							25.99582
						],
						[
							32.73026,
							25.87332
						],
						[
							32.7647,
							25.79444
						],
						[
							32.67165,
							25.76443
						],
						[
							32.59776,
							25.64193
						],
						[
							32.49609,
							25.59222
						],
						[
							32.47637,
							25.54638
						],
						[
							32.55082,
							25.42416
						],
						[
							32.58693,
							25.24555
						],
						[
							32.85943,
							25.08138
						],
						[
							32.88582,
							24.98083
						],
						[
							32.86276,
							24.90777
						],
						[
							32.9236,
							24.78722
						],
						[
							32.93359,
							24.65665
						],
						[
							32.8736,
							24.4986
						],
						[
							32.87773,
							23.98548
						],
						[
							32.86361,
							23.90078
						],
						[
							32.86463,
							23.87858
						],
						[
							32.87471,
							23.86446
						],
						[
							32.8979,
							23.82515
						],
						[
							32.90596,
							23.7959
						],
						[
							32.909,
							23.76968
						],
						[
							32.909,
							23.75052
						],
						[
							32.90596,
							23.69708
						],
						[
							32.89891,
							23.67389
						],
						[
							32.88782,
							23.64767
						],
						[
							32.87773,
							23.62549
						],
						[
							32.86563,
							23.59121
						],
						[
							32.86463,
							23.57103
						],
						[
							32.86966,
							23.54583
						],
						[
							32.90496,
							23.40669
						],
						[
							32.93016,
							23.34617
						],
						[
							32.9463,
							23.31694
						],
						[
							32.9463,
							23.29676
						],
						[
							32.93823,
							23.28971
						],
						[
							32.8848,
							23.25139
						],
						[
							32.8606,
							23.24231
						],
						[
							32.79202,
							23.17778
						],
						[
							32.75673,
							23.13846
						],
						[
							32.62665,
							22.92771
						],
						[
							32.57724,
							22.78452
						],
						[
							32.56817,
							22.76536
						],
						[
							32.55203,
							22.75428
						],
						[
							32.5238,
							22.74318
						],
						[
							32.4865,
							22.73209
						],
						[
							32.45423,
							22.7089
						],
						[
							32.41187,
							22.66755
						],
						[
							32.3907,
							22.62924
						],
						[
							32.37659,
							22.61613
						],
						[
							32.34935,
							22.61311
						],
						[
							32.32818,
							22.61613
						],
						[
							32.30701,
							22.62722
						],
						[
							32.28381,
							22.64941
						],
						[
							32.24146,
							22.70688
						],
						[
							32.22634,
							22.73108
						],
						[
							32.19609,
							22.7452
						],
						[
							32.18197,
							22.74924
						],
						[
							32.14467,
							22.75023
						],
						[
							32.1134,
							22.74015
						],
						[
							32.0408,
							22.70083
						],
						[
							31.94098,
							22.62117
						],
						[
							31.88754,
							22.56369
						],
						[
							31.8714,
							22.51127
						],
						[
							31.83914,
							22.45984
						],
						[
							31.82401,
							22.44774
						],
						[
							31.78267,
							22.43463
						],
						[
							31.69695,
							22.38017
						],
						[
							31.63445,
							22.32774
						],
						[
							31.59411,
							22.28741
						],
						[
							31.53663,
							22.23498
						],
						[
							31.49428,
							22.2071
						],
						[
							31.45697,
							22.18253
						],
						[
							31.40353,
							22.13211
						],
						[
							31.38639,
							22.09783
						],
						[
							31.3642,
							22.02524
						],
						[
							31.36319,
							21.96777
						],
						[
							31.35613,
							21.93549
						],
						[
							31.31176,
							21.86794
						],
						[
							31.28152,
							21.83365
						],
						[
							31.24925,
							21.80541
						],
						[
							31.21193,
							21.7792
						],
						[
							31.20488,
							21.77012
						],
						[
							31.20085,
							21.76104
						],
						[
							31.13531,
							21.64912
						],
						[
							31.09195,
							21.60678
						],
						[
							30.96666,
							21.44305
						],
						[
							30.96971,
							21.37111
						],
						[
							30.67304,
							21.17527
						],
						[
							30.71388,
							21.08277
						],
						[
							30.59777,
							21.01527
						],
						[
							30.5611,
							20.84638
						],
						[
							30.3611,
							20.81194
						],
						[
							30.33577,
							20.77676
						],
						[
							30.36722,
							20.7061
						],
						[
							30.32002,
							20.6425
						],
						[
							30.30749,
							20.55972
						],
						[
							30.39943,
							20.3486
						],
						[
							30.53999,
							20.33944
						],
						[
							30.58888,
							20.27667
						],
						[
							30.59583,
							19.99972
						],
						[
							30.55527,
							19.92639
						],
						[
							30.44579,
							19.92444
						],
						[
							30.3251,
							19.86908
						],
						[
							30.31385,
							19.79363
						],
						[
							30.37649,
							19.45254
						],
						[
							30.48788,
							19.20369
						],
						[
							30.46332,
							18.9411
						],
						[
							30.5336,
							18.74749
						],
						[
							30.70776,
							18.45832
						],
						[
							30.70971,
							18.28804
						],
						[
							30.80138,
							18.13971
						],
						[
							30.91361,
							18.12138
						],
						[
							30.97582,
							18.04638
						],
						[
							31.21805,
							17.98582
						],
						[
							31.33277,
							18.04499
						],
						[
							31.40971,
							18.02833
						],
						[
							31.77249,
							18.34943
						],
						[
							31.88804,
							18.56638
						],
						[
							31.98833,
							18.57278
						],
						[
							32.05415,
							18.62583
						],
						[
							32.0564,
							18.70648
						],
						[
							32.02664,
							18.76027
						],
						[
							32.06611,
							18.80417
						],
						[
							32.22582,
							18.90165
						],
						[
							32.35091,
							18.8876
						],
						[
							32.51081,
							19.1486
						],
						[
							32.66915,
							19.16166
						],
						[
							32.88888,
							19.45333
						],
						[
							33.06363,
							19.52097
						],
						[
							33.37801,
							19.41888
						],
						[
							33.43498,
							19.25638
						],
						[
							33.55276,
							19.1936
						],
						[
							33.56873,
							19.0277
						],
						[
							33.56907,
							18.73929
						],
						[
							33.63644,
							18.72004
						],
						[
							33.67241,
							18.69249
						],
						[
							33.68975,
							18.4881
						],
						[
							33.78242,
							18.3578
						],
						[
							33.92499,
							18.27471
						],
						[
							33.98053,
							17.62499
						],
						[
							33.91609,
							17.56249
						],
						[
							33.69859,
							17.10666
						],
						[
							33.73915,
							17.0061
						],
						[
							33.72026,
							16.93055
						],
						[
							33.58665,
							16.7575
						],
						[
							33.31609,
							16.66667
						],
						[
							33.11276,
							16.52666
						],
						[
							33.02253,
							16.53109
						],
						[
							32.87935,
							16.48848
						],
						[
							32.72503,
							16.34693
						],
						[
							32.59887,
							16.24165
						],
						[
							32.53804,
							16.12861
						],
						[
							32.55221,
							15.89583
						],
						[
							32.48513,
							15.62973
						],
						[
							32.48831,
							15.35999
						],
						[
							32.42165,
							14.95416
						],
						[
							32.22275,
							14.73943
						],
						[
							32.18137,
							14.62971
						],
						[
							32.16859,
							14.34166
						],
						[
							32.34609,
							13.89944
						],
						[
							32.52832,
							13.65
						],
						[
							32.61943,
							13.60749
						],
						[
							32.57305,
							13.3575
						],
						[
							32.64942,
							13.22638
						],
						[
							32.75777,
							13.14861
						],
						[
							32.8097,
							13.01445
						],
						[
							32.75083,
							12.9075
						],
						[
							32.80555,
							12.53583
						],
						[
							32.7262,
							12.22067
						],
						[
							32.74553,
							11.99472
						],
						[
							32.72249,
							11.91195
						],
						[
							32.7636,
							11.67833
						],
						[
							32.68359,
							11.50027
						],
						[
							32.65664,
							11.05833
						],
						[
							32.61692,
							10.98083
						],
						[
							32.30859,
							10.75083
						],
						[
							32.10443,
							10.53306
						],
						[
							32.09999,
							10.465
						],
						[
							32.23415,
							10.42277
						],
						[
							32.28276,
							10.155
						],
						[
							32.16776,
							9.97305
						],
						[
							31.88722,
							9.72527
						],
						[
							31.7311,
							9.66556
						],
						[
							31.5367,
							9.37445
						],
						[
							31.41472,
							9.34167
						],
						[
							31.14557,
							9.43536
						]
					],
					[
						[
							31.37361,
							2.19222
						],
						[
							31.55444,
							2.27805
						],
						[
							31.74637,
							2.29527
						],
						[
							31.82416,
							2.35416
						],
						[
							31.92166,
							2.35667
						],
						[
							32.15248,
							2.22611
						],
						[
							32.25526,
							2.25667
						],
						[
							32.31054,
							2.19527
						],
						[
							32.36249,
							1.95445
						],
						[
							32.27415,
							1.81306
						],
						[
							32.12026,
							1.7375
						],
						[
							32.09942,
							1.65055
						],
						[
							32.25743,
							1.66411
						],
						[
							32.30805,
							1.63889
						],
						[
							32.47777,
							1.55925
						],
						[
							32.55098,
							1.51914
						],
						[
							32.56784,
							1.49944
						],
						[
							32.57339,
							1.49389
						],
						[
							32.60472,
							1.46278
						],
						[
							32.61722,
							1.45389
						],
						[
							32.62806,
							1.45194
						],
						[
							32.64194,
							1.45194
						],
						[
							32.66027,
							1.45472
						],
						[
							32.70361,
							1.46694
						],
						[
							32.73499,
							1.48472
						],
						[
							32.75083,
							1.49639
						],
						[
							32.76583,
							1.5025
						],
						[
							32.79861,
							1.51139
						],
						[
							32.82943,
							1.51639
						],
						[
							32.84765,
							1.51725
						],
						[
							32.83631,
							1.45259
						],
						[
							32.8342,
							1.42198
						],
						[
							32.83631,
							1.3956
						],
						[
							32.86269,
							1.33914
						],
						[
							32.88279,
							1.32215
						],
						[
							32.9672,
							1.17028
						],
						[
							32.95442,
							0.93639
						],
						[
							33.04082,
							0.77556
						],
						[
							33.07888,
							0.56945
						],
						[
							33.18763,
							0.42633
						]
					]
				]
			}
		},
		{
			"type": "Feature",
			"properties": {
				"locationID": "nli004",
				"Location/feature name (incl. historical names)": "The Mississippi River",
				"Geometry type": "line",
				"Geography type": "feature",
				"Country": "USA",
				"Region": "",
				"State/Province": "",
				"County": "",
				"City": "",
				"Neighborhood (incl. boroughs)": "",
				"Street address": "",
				"Notes": "",
				"Source": "",
				"songs": [
					{
						"title": "New Britain",
						"album": "Full Force Galesburg",
						"albums": [
							"Full Force Galesburg"
						],
						"lyric": "\"The sun climbs the sky for us above the Mississippi / And I can feel you in my arms, but you're hardly even with me\""
					}
				]
			},
			"geometry": {
				"type": "MultiLineString",
				"coordinates": [
					[
						[
							-91.42937,
							40.37414
						],
						[
							-91.42746,
							40.37403
						],
						[
							-91.42535,
							40.37554
						],
						[
							-91.42136,
							40.37834
						],
						[
							-91.41936,
							40.37824
						],
						[
							-91.41736,
							40.37964
						],
						[
							-91.41547,
							40.37964
						],
						[
							-91.41347,
							40.37954
						],
						[
							-91.41136,
							40.38094
						],
						[
							-91.40756,
							40.38074
						],
						[
							-91.40546,
							40.38214
						],
						[
							-91.40356,
							40.38214
						],
						[
							-91.39966,
							40.38194
						],
						[
							-91.39777,
							40.38194
						],
						[
							-91.39566,
							40.38334
						],
						[
							-91.39375,
							40.38324
						],
						[
							-91.39166,
							40.38464
						],
						[
							-91.38975,
							40.38454
						],
						[
							-91.38776,
							40.38454
						],
						[
							-91.38576,
							40.38594
						],
						[
							-91.38387,
							40.38584
						],
						[
							-91.38176,
							40.38724
						],
						[
							-91.37976,
							40.38864
						],
						[
							-91.37965,
							40.39014
						],
						[
							-91.37756,
							40.39154
						],
						[
							-91.37556,
							40.39294
						],
						[
							-91.37546,
							40.39444
						],
						[
							-91.37736,
							40.39604
						],
						[
							-91.37717,
							40.39744
						],
						[
							-91.37695,
							40.40044
						],
						[
							-91.37676,
							40.40344
						],
						[
							-91.37866,
							40.40494
						],
						[
							-91.37856,
							40.40644
						],
						[
							-91.38036,
							40.40804
						],
						[
							-91.38226,
							40.40964
						],
						[
							-91.38216,
							40.41104
						],
						[
							-91.38187,
							40.41554
						],
						[
							-91.38367,
							40.41704
						],
						[
							-91.38345,
							40.42004
						],
						[
							-91.38536,
							40.42164
						],
						[
							-91.38516,
							40.42464
						],
						[
							-91.38696,
							40.42614
						],
						[
							-91.38686,
							40.42764
						],
						[
							-91.38876,
							40.42924
						],
						[
							-91.38837,
							40.43514
						],
						[
							-91.38815,
							40.43814
						],
						[
							-91.38786,
							40.44264
						],
						[
							-91.38776,
							40.44403
						],
						[
							-91.38956,
							40.44564
						],
						[
							-91.38927,
							40.45004
						],
						[
							-91.38905,
							40.45304
						],
						[
							-91.38705,
							40.45454
						],
						[
							-91.38496,
							40.45584
						],
						[
							-91.38496,
							40.45734
						],
						[
							-91.38286,
							40.45874
						],
						[
							-91.38277,
							40.46024
						],
						[
							-91.38236,
							40.46614
						],
						[
							-91.38036,
							40.46764
						],
						[
							-91.38026,
							40.46914
						],
						[
							-91.37816,
							40.47054
						],
						[
							-91.37807,
							40.47203
						],
						[
							-91.37605,
							40.47334
						],
						[
							-91.37596,
							40.47494
						],
						[
							-91.37585,
							40.47634
						],
						[
							-91.37376,
							40.47774
						],
						[
							-91.37366,
							40.47924
						],
						[
							-91.37337,
							40.48374
						],
						[
							-91.37315,
							40.48674
						],
						[
							-91.37276,
							40.49264
						],
						[
							-91.37466,
							40.49424
						],
						[
							-91.37427,
							40.50014
						],
						[
							-91.37616,
							40.50024
						],
						[
							-91.37807,
							40.50174
						],
						[
							-91.37785,
							40.50474
						],
						[
							-91.37965,
							40.50634
						],
						[
							-91.37956,
							40.50774
						],
						[
							-91.38145,
							40.50934
						],
						[
							-91.38126,
							40.51234
						],
						[
							-91.38306,
							40.51393
						],
						[
							-91.38286,
							40.51694
						],
						[
							-91.38477,
							40.51844
						],
						[
							-91.38466,
							40.51994
						],
						[
							-91.38657,
							40.51994
						],
						[
							-91.38646,
							40.52154
						],
						[
							-91.38837,
							40.52304
						],
						[
							-91.39017,
							40.52464
						],
						[
							-91.39206,
							40.52613
						],
						[
							-91.39597,
							40.52634
						],
						[
							-91.39786,
							40.52634
						],
						[
							-91.40176,
							40.52654
						],
						[
							-91.40376,
							40.52654
						],
						[
							-91.40565,
							40.52674
						],
						[
							-91.40745,
							40.52824
						],
						[
							-91.40945,
							40.52834
						],
						[
							-91.41136,
							40.52834
						],
						[
							-91.41325,
							40.52994
						],
						[
							-91.41516,
							40.53004
						],
						[
							-91.41705,
							40.53154
						],
						[
							-91.41907,
							40.53014
						],
						[
							-91.42096,
							40.53173
						],
						[
							-91.42085,
							40.53313
						],
						[
							-91.42265,
							40.53474
						],
						[
							-91.42456,
							40.53634
						],
						[
							-91.42436,
							40.53934
						],
						[
							-91.42616,
							40.54084
						],
						[
							-91.42606,
							40.54234
						],
						[
							-91.42796,
							40.54394
						],
						[
							-91.42757,
							40.54984
						],
						[
							-91.42735,
							40.55284
						],
						[
							-91.42535,
							40.55424
						],
						[
							-91.42516,
							40.55724
						],
						[
							-91.42306,
							40.55863
						],
						[
							-91.42296,
							40.56014
						],
						[
							-91.42487,
							40.56164
						],
						[
							-91.42467,
							40.56314
						],
						[
							-91.42065,
							40.56594
						],
						[
							-91.42046,
							40.56894
						],
						[
							-91.42226,
							40.57054
						],
						[
							-91.42217,
							40.57204
						],
						[
							-91.42186,
							40.57643
						],
						[
							-91.41997,
							40.57633
						],
						[
							-91.41786,
							40.57784
						],
						[
							-91.41396,
							40.57764
						],
						[
							-91.41007,
							40.57743
						],
						[
							-91.40816,
							40.57743
						],
						[
							-91.40627,
							40.57733
						],
						[
							-91.40416,
							40.57874
						],
						[
							-91.40227,
							40.57864
						],
						[
							-91.40025,
							40.57864
						],
						[
							-91.39825,
							40.57994
						],
						[
							-91.39806,
							40.58144
						],
						[
							-91.39996,
							40.58303
						],
						[
							-91.40185,
							40.58464
						],
						[
							-91.40176,
							40.58614
						],
						[
							-91.39966,
							40.58754
						],
						[
							-91.39946,
							40.59054
						],
						[
							-91.39746,
							40.59184
						],
						[
							-91.39535,
							40.59334
						],
						[
							-91.39346,
							40.59313
						],
						[
							-91.39156,
							40.59164
						],
						[
							-91.39166,
							40.59023
						],
						[
							-91.39186,
							40.58723
						],
						[
							-91.38995,
							40.58714
						],
						[
							-91.38786,
							40.58854
						],
						[
							-91.38756,
							40.59303
						],
						[
							-91.38556,
							40.59444
						],
						[
							-91.38345,
							40.59583
						],
						[
							-91.38336,
							40.59734
						],
						[
							-91.38136,
							40.59873
						],
						[
							-91.38126,
							40.60014
						],
						[
							-91.38306,
							40.60174
						],
						[
							-91.38296,
							40.60324
						],
						[
							-91.38097,
							40.60464
						],
						[
							-91.37886,
							40.60604
						],
						[
							-91.37706,
							40.60443
						],
						[
							-91.37717,
							40.60303
						],
						[
							-91.37526,
							40.60144
						],
						[
							-91.37326,
							40.60294
						],
						[
							-91.36935,
							40.60274
						],
						[
							-91.36726,
							40.60414
						],
						[
							-91.36536,
							40.60404
						],
						[
							-91.36327,
							40.60543
						],
						[
							-91.36127,
							40.60684
						],
						[
							-91.35916,
							40.60823
						],
						[
							-91.35905,
							40.60984
						],
						[
							-91.35706,
							40.61114
						],
						[
							-91.35497,
							40.61264
						],
						[
							-91.35297,
							40.61404
						],
						[
							-91.35286,
							40.61543
						],
						[
							-91.35075,
							40.61684
						],
						[
							-91.34886,
							40.61684
						],
						[
							-91.34306,
							40.61653
						],
						[
							-91.34106,
							40.61653
						],
						[
							-91.33907,
							40.61794
						],
						[
							-91.33696,
							40.61933
						],
						[
							-91.33507,
							40.61924
						],
						[
							-91.33316,
							40.61774
						],
						[
							-91.33125,
							40.61764
						],
						[
							-91.32916,
							40.61903
						],
						[
							-91.32716,
							40.62044
						],
						[
							-91.32506,
							40.62184
						],
						[
							-91.32306,
							40.62324
						],
						[
							-91.32106,
							40.62324
						],
						[
							-91.31906,
							40.62464
						],
						[
							-91.31126,
							40.62424
						],
						[
							-91.30926,
							40.62424
						],
						[
							-91.30536,
							40.62403
						],
						[
							-91.30336,
							40.62544
						],
						[
							-91.30125,
							40.62683
						],
						[
							-91.29936,
							40.62683
						],
						[
							-91.29726,
							40.62823
						],
						[
							-91.29526,
							40.62954
						],
						[
							-91.29336,
							40.62804
						],
						[
							-91.29146,
							40.62794
						],
						[
							-91.28937,
							40.62934
						],
						[
							-91.28746,
							40.62934
						],
						[
							-91.28546,
							40.62923
						],
						[
							-91.28346,
							40.63064
						],
						[
							-91.28146,
							40.63053
						],
						[
							-91.27947,
							40.63203
						],
						[
							-91.27736,
							40.63334
						],
						[
							-91.27536,
							40.63483
						],
						[
							-91.27525,
							40.63624
						],
						[
							-91.27316,
							40.63773
						],
						[
							-91.27125,
							40.63753
						],
						[
							-91.27116,
							40.63904
						],
						[
							-91.26906,
							40.64054
						],
						[
							-91.26706,
							40.64194
						],
						[
							-91.26495,
							40.64324
						],
						[
							-91.26466,
							40.64774
						],
						[
							-91.26266,
							40.64914
						],
						[
							-91.26076,
							40.64764
						],
						[
							-91.26096,
							40.64464
						],
						[
							-91.25906,
							40.64304
						],
						[
							-91.25716,
							40.64294
						],
						[
							-91.25526,
							40.64294
						],
						[
							-91.25336,
							40.64134
						],
						[
							-91.25356,
							40.63834
						],
						[
							-91.25166,
							40.63834
						],
						[
							-91.24776,
							40.63814
						],
						[
							-91.24575,
							40.63814
						],
						[
							-91.24387,
							40.63793
						],
						[
							-91.24187,
							40.63794
						],
						[
							-91.23985,
							40.63934
						],
						[
							-91.23776,
							40.64074
						],
						[
							-91.23386,
							40.64054
						],
						[
							-91.23196,
							40.64053
						],
						[
							-91.22805,
							40.64034
						],
						[
							-91.22596,
							40.64173
						],
						[
							-91.22205,
							40.64153
						],
						[
							-91.22015,
							40.64154
						],
						[
							-91.21626,
							40.64133
						],
						[
							-91.21435,
							40.63983
						],
						[
							-91.21246,
							40.63974
						],
						[
							-91.21055,
							40.63814
						],
						[
							-91.20866,
							40.63814
						],
						[
							-91.20666,
							40.63794
						],
						[
							-91.20486,
							40.63644
						],
						[
							-91.20286,
							40.63634
						],
						[
							-91.20086,
							40.63774
						],
						[
							-91.19886,
							40.63773
						],
						[
							-91.19685,
							40.63904
						],
						[
							-91.19485,
							40.63904
						],
						[
							-91.19285,
							40.64044
						],
						[
							-91.19085,
							40.64034
						],
						[
							-91.18885,
							40.64173
						],
						[
							-91.18676,
							40.64314
						],
						[
							-91.18465,
							40.64453
						],
						[
							-91.18265,
							40.64594
						],
						[
							-91.18446,
							40.64754
						],
						[
							-91.18246,
							40.64894
						],
						[
							-91.18035,
							40.65034
						],
						[
							-91.17846,
							40.65024
						],
						[
							-91.17645,
							40.65024
						],
						[
							-91.17635,
							40.65163
						],
						[
							-91.17436,
							40.65314
						],
						[
							-91.17245,
							40.65154
						],
						[
							-91.16856,
							40.65134
						],
						[
							-91.16665,
							40.65134
						],
						[
							-91.16465,
							40.65113
						],
						[
							-91.16276,
							40.65113
						],
						[
							-91.16065,
							40.65254
						],
						[
							-91.15865,
							40.65393
						],
						[
							-91.15655,
							40.65534
						],
						[
							-91.15466,
							40.65524
						],
						[
							-91.15255,
							40.65663
						],
						[
							-91.15235,
							40.65964
						],
						[
							-91.15025,
							40.66103
						],
						[
							-91.15025,
							40.66254
						],
						[
							-91.14816,
							40.66393
						],
						[
							-91.14805,
							40.66544
						],
						[
							-91.14596,
							40.66684
						],
						[
							-91.14405,
							40.66673
						],
						[
							-91.14196,
							40.66814
						],
						[
							-91.13995,
							40.66953
						],
						[
							-91.13786,
							40.67094
						],
						[
							-91.13586,
							40.67233
						],
						[
							-91.13375,
							40.67374
						],
						[
							-91.13175,
							40.67513
						],
						[
							-91.12965,
							40.67664
						],
						[
							-91.13145,
							40.67813
						],
						[
							-91.12945,
							40.67954
						],
						[
							-91.12936,
							40.68104
						],
						[
							-91.12725,
							40.68243
						],
						[
							-91.12525,
							40.68384
						],
						[
							-91.12315,
							40.68524
						],
						[
							-91.12295,
							40.68824
						],
						[
							-91.12095,
							40.68964
						],
						[
							-91.12086,
							40.69114
						],
						[
							-91.12066,
							40.69264
						],
						[
							-91.12055,
							40.69414
						],
						[
							-91.12246,
							40.69563
						],
						[
							-91.12205,
							40.70154
						],
						[
							-91.12385,
							40.70314
						],
						[
							-91.12345,
							40.70914
						],
						[
							-91.12135,
							40.71054
						],
						[
							-91.12125,
							40.71204
						],
						[
							-91.11925,
							40.71333
						],
						[
							-91.12106,
							40.71493
						],
						[
							-91.12095,
							40.71643
						],
						[
							-91.12286,
							40.71794
						],
						[
							-91.12266,
							40.72093
						],
						[
							-91.12246,
							40.72243
						],
						[
							-91.12235,
							40.72394
						],
						[
							-91.12235,
							40.72543
						],
						[
							-91.12215,
							40.72694
						],
						[
							-91.12015,
							40.72833
						],
						[
							-91.12005,
							40.72984
						],
						[
							-91.11796,
							40.73123
						],
						[
							-91.11985,
							40.73273
						],
						[
							-91.11976,
							40.73424
						],
						[
							-91.11765,
							40.73563
						],
						[
							-91.11735,
							40.74014
						],
						[
							-91.11526,
							40.74153
						],
						[
							-91.11515,
							40.74294
						],
						[
							-91.11315,
							40.74443
						],
						[
							-91.11105,
							40.74583
						],
						[
							-91.11095,
							40.74734
						],
						[
							-91.10885,
							40.74873
						],
						[
							-91.10845,
							40.75463
						],
						[
							-91.10645,
							40.75603
						],
						[
							-91.10435,
							40.75743
						],
						[
							-91.10426,
							40.75893
						],
						[
							-91.10226,
							40.76034
						],
						[
							-91.10206,
							40.76183
						],
						[
							-91.10006,
							40.76324
						],
						[
							-91.09995,
							40.76473
						],
						[
							-91.09785,
							40.76614
						],
						[
							-91.09776,
							40.76763
						],
						[
							-91.09965,
							40.76923
						],
						[
							-91.09756,
							40.77053
						],
						[
							-91.09736,
							40.77354
						],
						[
							-91.09525,
							40.77493
						],
						[
							-91.09475,
							40.78233
						],
						[
							-91.09455,
							40.78533
						],
						[
							-91.09635,
							40.78693
						],
						[
							-91.09626,
							40.78844
						],
						[
							-91.09605,
							40.79134
						],
						[
							-91.09795,
							40.79293
						],
						[
							-91.09756,
							40.79884
						],
						[
							-91.09736,
							40.80033
						],
						[
							-91.09714,
							40.80334
						],
						[
							-91.09905,
							40.80493
						],
						[
							-91.09885,
							40.80794
						],
						[
							-91.09875,
							40.80933
						],
						[
							-91.09855,
							40.81084
						],
						[
							-91.09855,
							40.81233
						],
						[
							-91.09846,
							40.81383
						],
						[
							-91.09826,
							40.81523
						],
						[
							-91.10015,
							40.81683
						],
						[
							-91.10006,
							40.81844
						],
						[
							-91.10186,
							40.81993
						],
						[
							-91.10165,
							40.82294
						],
						[
							-91.10355,
							40.82443
						],
						[
							-91.10345,
							40.82594
						],
						[
							-91.10325,
							40.82743
						],
						[
							-91.10325,
							40.82883
						],
						[
							-91.10316,
							40.83044
						],
						[
							-91.10296,
							40.83183
						],
						[
							-91.10296,
							40.83334
						],
						[
							-91.10274,
							40.83483
						],
						[
							-91.10255,
							40.83784
						],
						[
							-91.10055,
							40.83923
						],
						[
							-91.10046,
							40.84064
						],
						[
							-91.09835,
							40.84213
						],
						[
							-91.09826,
							40.84364
						],
						[
							-91.09615,
							40.84503
						],
						[
							-91.09415,
							40.84644
						],
						[
							-91.09205,
							40.84783
						],
						[
							-91.08996,
							40.84924
						],
						[
							-91.08796,
							40.85063
						],
						[
							-91.08585,
							40.85204
						],
						[
							-91.08395,
							40.85194
						],
						[
							-91.08186,
							40.85333
						],
						[
							-91.07986,
							40.85474
						],
						[
							-91.07564,
							40.85754
						],
						[
							-91.07365,
							40.85893
						],
						[
							-91.07165,
							40.85883
						],
						[
							-91.06956,
							40.86024
						],
						[
							-91.06756,
							40.86173
						],
						[
							-91.06335,
							40.86453
						],
						[
							-91.06335,
							40.86603
						],
						[
							-91.06126,
							40.86733
						],
						[
							-91.05915,
							40.86874
						],
						[
							-91.05906,
							40.87033
						],
						[
							-91.05705,
							40.87163
						],
						[
							-91.05505,
							40.87163
						],
						[
							-91.05296,
							40.87303
						],
						[
							-91.05096,
							40.87443
						],
						[
							-91.04896,
							40.87433
						],
						[
							-91.04696,
							40.87573
						],
						[
							-91.04275,
							40.87853
						],
						[
							-91.04075,
							40.87994
						],
						[
							-91.03866,
							40.88133
						],
						[
							-91.03855,
							40.88284
						],
						[
							-91.03645,
							40.88423
						],
						[
							-91.03445,
							40.88573
						],
						[
							-91.03236,
							40.88703
						],
						[
							-91.03025,
							40.88844
						],
						[
							-91.02825,
							40.88993
						],
						[
							-91.02625,
							40.88983
						],
						[
							-91.02425,
							40.89114
						],
						[
							-91.02406,
							40.89263
						],
						[
							-91.02206,
							40.89404
						],
						[
							-91.02006,
							40.89404
						],
						[
							-91.01806,
							40.89543
						],
						[
							-91.01595,
							40.89684
						],
						[
							-91.01585,
							40.89833
						],
						[
							-91.01376,
							40.89973
						],
						[
							-91.01365,
							40.90113
						],
						[
							-91.01165,
							40.90263
						],
						[
							-91.01156,
							40.90404
						],
						[
							-91.01136,
							40.90553
						],
						[
							-91.00935,
							40.90693
						],
						[
							-91.00925,
							40.90843
						],
						[
							-91.00715,
							40.90984
						],
						[
							-91.00706,
							40.91133
						],
						[
							-91.00495,
							40.91273
						],
						[
							-91.00295,
							40.91413
						],
						[
							-91.00085,
							40.91553
						],
						[
							-91.00075,
							40.91704
						],
						[
							-90.99865,
							40.91843
						],
						[
							-90.99676,
							40.91833
						],
						[
							-90.99255,
							40.92113
						],
						[
							-90.99065,
							40.92104
						],
						[
							-90.98855,
							40.92243
						],
						[
							-90.98666,
							40.92233
						],
						[
							-90.98455,
							40.92374
						],
						[
							-90.98446,
							40.92533
						],
						[
							-90.98235,
							40.92664
						],
						[
							-90.98045,
							40.92654
						],
						[
							-90.97835,
							40.92803
						],
						[
							-90.97625,
							40.92944
						],
						[
							-90.97616,
							40.93083
						],
						[
							-90.97416,
							40.93224
						],
						[
							-90.97395,
							40.93373
						],
						[
							-90.97195,
							40.93523
						],
						[
							-90.96986,
							40.93653
						],
						[
							-90.96975,
							40.93803
						],
						[
							-90.96766,
							40.93943
						],
						[
							-90.96755,
							40.94093
						],
						[
							-90.96946,
							40.94253
						],
						[
							-90.96525,
							40.94534
						],
						[
							-90.96516,
							40.94683
						],
						[
							-90.96316,
							40.94823
						],
						[
							-90.96105,
							40.94963
						],
						[
							-90.96094,
							40.95103
						],
						[
							-90.95885,
							40.95253
						],
						[
							-90.95866,
							40.95554
						],
						[
							-90.95666,
							40.95683
						],
						[
							-90.95646,
							40.95833
						],
						[
							-90.95835,
							40.95993
						],
						[
							-90.95815,
							40.96294
						],
						[
							-90.95995,
							40.96443
						],
						[
							-90.95956,
							40.97033
						],
						[
							-90.96136,
							40.97193
						],
						[
							-90.96125,
							40.97343
						],
						[
							-90.96325,
							40.97353
						],
						[
							-90.96505,
							40.97513
						],
						[
							-90.96496,
							40.97653
						],
						[
							-90.96685,
							40.97813
						],
						[
							-90.96865,
							40.97973
						],
						[
							-90.96815,
							40.98713
						],
						[
							-90.96995,
							40.98873
						],
						[
							-90.96975,
							40.99163
						],
						[
							-90.96766,
							40.99303
						],
						[
							-90.96766,
							40.99453
						],
						[
							-90.96744,
							40.99603
						],
						[
							-90.96935,
							40.99763
						],
						[
							-90.96905,
							41.00204
						],
						[
							-90.96696,
							41.00343
						],
						[
							-90.96685,
							41.00493
						],
						[
							-90.96865,
							41.00653
						],
						[
							-90.96856,
							41.00803
						],
						[
							-90.96835,
							41.01093
						],
						[
							-90.96806,
							41.01543
						],
						[
							-90.96986,
							41.01703
						],
						[
							-90.96975,
							41.01843
						],
						[
							-90.97166,
							41.02003
						],
						[
							-90.97146,
							41.02303
						],
						[
							-90.96725,
							41.02583
						],
						[
							-90.96525,
							41.02723
						],
						[
							-90.96105,
							41.03003
						],
						[
							-90.95895,
							41.03143
						],
						[
							-90.95695,
							41.03283
						],
						[
							-90.95686,
							41.03433
						],
						[
							-90.95666,
							41.03583
						],
						[
							-90.95666,
							41.03723
						],
						[
							-90.95646,
							41.03873
						],
						[
							-90.95635,
							41.04023
						],
						[
							-90.95435,
							41.04163
						],
						[
							-90.95425,
							41.04313
						],
						[
							-90.95405,
							41.04463
						],
						[
							-90.95376,
							41.04913
						],
						[
							-90.95365,
							41.05053
						],
						[
							-90.95545,
							41.05213
						],
						[
							-90.95736,
							41.05373
						],
						[
							-90.95525,
							41.05503
						],
						[
							-90.95506,
							41.05813
						],
						[
							-90.95495,
							41.05953
						],
						[
							-90.95475,
							41.06253
						],
						[
							-90.95866,
							41.06273
						],
						[
							-90.96055,
							41.06423
						],
						[
							-90.96046,
							41.06573
						],
						[
							-90.95835,
							41.06713
						],
						[
							-90.95815,
							41.07013
						],
						[
							-90.95995,
							41.07163
						],
						[
							-90.95985,
							41.07313
						],
						[
							-90.96175,
							41.07473
						],
						[
							-90.96165,
							41.07623
						],
						[
							-90.96145,
							41.07773
						],
						[
							-90.96136,
							41.07923
						],
						[
							-90.96325,
							41.08073
						],
						[
							-90.96305,
							41.08373
						],
						[
							-90.96485,
							41.08533
						],
						[
							-90.96465,
							41.08823
						],
						[
							-90.96654,
							41.08983
						],
						[
							-90.96835,
							41.09143
						],
						[
							-90.97025,
							41.09293
						],
						[
							-90.97205,
							41.09453
						],
						[
							-90.97195,
							41.09603
						],
						[
							-90.97385,
							41.09753
						],
						[
							-90.97375,
							41.09903
						],
						[
							-90.97555,
							41.10063
						],
						[
							-90.97546,
							41.10213
						],
						[
							-90.97735,
							41.10363
						],
						[
							-90.97726,
							41.10513
						],
						[
							-90.97706,
							41.10663
						],
						[
							-90.97506,
							41.10803
						],
						[
							-90.97495,
							41.10953
						],
						[
							-90.97675,
							41.11113
						],
						[
							-90.97645,
							41.11552
						],
						[
							-90.97825,
							41.11713
						],
						[
							-90.98016,
							41.11863
						],
						[
							-90.97996,
							41.12163
						],
						[
							-90.98176,
							41.12323
						],
						[
							-90.98165,
							41.12473
						],
						[
							-90.98356,
							41.12623
						],
						[
							-90.98334,
							41.12923
						],
						[
							-90.98515,
							41.13083
						],
						[
							-90.98315,
							41.13222
						],
						[
							-90.98495,
							41.13373
						],
						[
							-90.98486,
							41.13522
						],
						[
							-90.98666,
							41.13683
						],
						[
							-90.99255,
							41.13713
						],
						[
							-90.99445,
							41.13863
						],
						[
							-90.99635,
							41.14023
						],
						[
							-90.99615,
							41.14172
						],
						[
							-90.99606,
							41.14313
						],
						[
							-90.99795,
							41.14473
						],
						[
							-90.99786,
							41.14623
						],
						[
							-90.99966,
							41.14783
						],
						[
							-90.99955,
							41.14922
						],
						[
							-91.00146,
							41.15083
						],
						[
							-91.00135,
							41.15233
						],
						[
							-91.00315,
							41.15392
						],
						[
							-91.00506,
							41.15543
						],
						[
							-91.00495,
							41.15693
						],
						[
							-91.00686,
							41.15853
						],
						[
							-91.00866,
							41.16013
						],
						[
							-91.01046,
							41.16163
						],
						[
							-91.01046,
							41.16312
						],
						[
							-91.01224,
							41.16473
						],
						[
							-91.01426,
							41.16473
						],
						[
							-91.02015,
							41.16503
						],
						[
							-91.02195,
							41.16663
						],
						[
							-91.02395,
							41.16663
						],
						[
							-91.02595,
							41.16672
						],
						[
							-91.02775,
							41.16833
						],
						[
							-91.02975,
							41.16843
						],
						[
							-91.03175,
							41.16703
						],
						[
							-91.03596,
							41.16423
						],
						[
							-91.03776,
							41.16573
						],
						[
							-91.04156,
							41.16893
						],
						[
							-91.04336,
							41.17052
						],
						[
							-91.04525,
							41.17203
						],
						[
							-91.04705,
							41.17352
						],
						[
							-91.04905,
							41.17363
						],
						[
							-91.05096,
							41.17522
						],
						[
							-91.05276,
							41.17683
						],
						[
							-91.05265,
							41.17833
						],
						[
							-91.05456,
							41.17983
						],
						[
							-91.05445,
							41.18133
						],
						[
							-91.05425,
							41.18282
						],
						[
							-91.05616,
							41.18442
						],
						[
							-91.05805,
							41.18593
						],
						[
							-91.05985,
							41.18753
						],
						[
							-91.05975,
							41.18893
						],
						[
							-91.06165,
							41.19053
						],
						[
							-91.06145,
							41.19353
						],
						[
							-91.06335,
							41.19363
						],
						[
							-91.06525,
							41.19523
						],
						[
							-91.06515,
							41.19662
						],
						[
							-91.06695,
							41.19823
						],
						[
							-91.06686,
							41.19973
						],
						[
							-91.06875,
							41.20123
						],
						[
							-91.06866,
							41.20273
						],
						[
							-91.07046,
							41.20433
						],
						[
							-91.07035,
							41.20583
						],
						[
							-91.07226,
							41.20743
						],
						[
							-91.07215,
							41.20882
						],
						[
							-91.07415,
							41.20892
						],
						[
							-91.07595,
							41.21053
						],
						[
							-91.07586,
							41.21203
						],
						[
							-91.07775,
							41.21352
						],
						[
							-91.08166,
							41.21373
						],
						[
							-91.08355,
							41.21532
						],
						[
							-91.08335,
							41.21673
						],
						[
							-91.08715,
							41.21993
						],
						[
							-91.08895,
							41.22143
						],
						[
							-91.08886,
							41.22292
						],
						[
							-91.09086,
							41.22303
						],
						[
							-91.09266,
							41.22462
						],
						[
							-91.09455,
							41.22613
						],
						[
							-91.09435,
							41.22912
						],
						[
							-91.09626,
							41.23063
						],
						[
							-91.09605,
							41.23222
						],
						[
							-91.09795,
							41.23373
						],
						[
							-91.09776,
							41.23672
						],
						[
							-91.09765,
							41.23813
						],
						[
							-91.09556,
							41.23962
						],
						[
							-91.09545,
							41.24103
						],
						[
							-91.09335,
							41.24252
						],
						[
							-91.09306,
							41.24692
						],
						[
							-91.09095,
							41.24833
						],
						[
							-91.09086,
							41.24983
						],
						[
							-91.09275,
							41.25143
						],
						[
							-91.09266,
							41.25293
						],
						[
							-91.09055,
							41.25433
						],
						[
							-91.09045,
							41.25573
						],
						[
							-91.09005,
							41.26173
						],
						[
							-91.08996,
							41.26323
						],
						[
							-91.08965,
							41.26762
						],
						[
							-91.08946,
							41.26913
						],
						[
							-91.09135,
							41.27063
						],
						[
							-91.08926,
							41.27213
						],
						[
							-91.08915,
							41.27363
						],
						[
							-91.08706,
							41.27493
						],
						[
							-91.08506,
							41.27642
						],
						[
							-91.08295,
							41.27782
						],
						[
							-91.08276,
							41.28072
						],
						[
							-91.07856,
							41.28352
						],
						[
							-91.07845,
							41.28503
						],
						[
							-91.07645,
							41.28643
						],
						[
							-91.07825,
							41.28802
						],
						[
							-91.07795,
							41.29252
						],
						[
							-91.07586,
							41.29393
						],
						[
							-91.07575,
							41.29532
						],
						[
							-91.07375,
							41.29673
						],
						[
							-91.07355,
							41.29822
						],
						[
							-91.07325,
							41.30273
						],
						[
							-91.07125,
							41.30412
						],
						[
							-91.07305,
							41.30573
						],
						[
							-91.07095,
							41.30703
						],
						[
							-91.07085,
							41.30853
						],
						[
							-91.06875,
							41.30993
						],
						[
							-91.06846,
							41.31443
						],
						[
							-91.06647,
							41.31582
						],
						[
							-91.06625,
							41.31733
						],
						[
							-91.06425,
							41.31873
						],
						[
							-91.06216,
							41.32013
						],
						[
							-91.06196,
							41.32313
						],
						[
							-91.05985,
							41.32442
						],
						[
							-91.05956,
							41.32892
						],
						[
							-91.05536,
							41.33173
						],
						[
							-91.05526,
							41.33322
						],
						[
							-91.05325,
							41.33462
						],
						[
							-91.05305,
							41.33613
						],
						[
							-91.05285,
							41.33912
						],
						[
							-91.05476,
							41.34072
						],
						[
							-91.05446,
							41.34512
						],
						[
							-91.05437,
							41.34662
						],
						[
							-91.05415,
							41.34813
						],
						[
							-91.05606,
							41.34962
						],
						[
							-91.05595,
							41.35113
						],
						[
							-91.05586,
							41.35262
						],
						[
							-91.05775,
							41.35422
						],
						[
							-91.05566,
							41.35553
						],
						[
							-91.05547,
							41.35852
						],
						[
							-91.05335,
							41.35992
						],
						[
							-91.05316,
							41.36293
						],
						[
							-91.05105,
							41.36432
						],
						[
							-91.05086,
							41.36732
						],
						[
							-91.04877,
							41.36872
						],
						[
							-91.04866,
							41.37022
						],
						[
							-91.05057,
							41.37173
						],
						[
							-91.05035,
							41.37323
						],
						[
							-91.05035,
							41.37472
						],
						[
							-91.04826,
							41.37613
						],
						[
							-91.05006,
							41.37772
						],
						[
							-91.04976,
							41.38212
						],
						[
							-91.04967,
							41.38363
						],
						[
							-91.04756,
							41.38502
						],
						[
							-91.04736,
							41.38802
						],
						[
							-91.04526,
							41.38942
						],
						[
							-91.04517,
							41.39082
						],
						[
							-91.04317,
							41.39082
						],
						[
							-91.04317,
							41.39222
						],
						[
							-91.04295,
							41.39373
						],
						[
							-91.04497,
							41.39383
						],
						[
							-91.04866,
							41.39692
						],
						[
							-91.04846,
							41.39992
						],
						[
							-91.04636,
							41.40132
						],
						[
							-91.04607,
							41.40583
						],
						[
							-91.04396,
							41.40722
						],
						[
							-91.04196,
							41.40863
						],
						[
							-91.03996,
							41.40852
						],
						[
							-91.03577,
							41.41132
						],
						[
							-91.03377,
							41.41272
						],
						[
							-91.02975,
							41.41253
						],
						[
							-91.02766,
							41.41402
						],
						[
							-91.02556,
							41.41543
						],
						[
							-91.02367,
							41.41533
						],
						[
							-91.02156,
							41.41672
						],
						[
							-91.01765,
							41.41652
						],
						[
							-91.01556,
							41.41792
						],
						[
							-91.01356,
							41.41782
						],
						[
							-91.01157,
							41.41782
						],
						[
							-91.01137,
							41.42072
						],
						[
							-91.00935,
							41.42062
						],
						[
							-91.00746,
							41.42062
						],
						[
							-91.00346,
							41.42042
						],
						[
							-91.00146,
							41.42182
						],
						[
							-90.99747,
							41.42162
						],
						[
							-90.99545,
							41.42162
						],
						[
							-90.99155,
							41.42142
						],
						[
							-90.98965,
							41.41993
						],
						[
							-90.98765,
							41.41972
						],
						[
							-90.98565,
							41.42123
						],
						[
							-90.98376,
							41.41962
						],
						[
							-90.98176,
							41.41952
						],
						[
							-90.97805,
							41.41642
						],
						[
							-90.97625,
							41.41482
						],
						[
							-90.97436,
							41.41322
						],
						[
							-90.97236,
							41.41312
						],
						[
							-90.97036,
							41.41312
						],
						[
							-90.96856,
							41.41153
						],
						[
							-90.96455,
							41.41132
						],
						[
							-90.96255,
							41.41282
						],
						[
							-90.96046,
							41.41412
						],
						[
							-90.95846,
							41.41412
						],
						[
							-90.95646,
							41.41402
						],
						[
							-90.95446,
							41.41543
						],
						[
							-90.95045,
							41.41523
						],
						[
							-90.94845,
							41.41523
						],
						[
							-90.94656,
							41.41502
						],
						[
							-90.94456,
							41.41502
						],
						[
							-90.93865,
							41.41473
						],
						[
							-90.93655,
							41.41613
						],
						[
							-90.93265,
							41.41592
						],
						[
							-90.93066,
							41.41592
						],
						[
							-90.92475,
							41.41563
						],
						[
							-90.92265,
							41.41703
						],
						[
							-90.92065,
							41.41692
						],
						[
							-90.91865,
							41.41692
						],
						[
							-90.91665,
							41.41833
						],
						[
							-90.91456,
							41.41972
						],
						[
							-90.91256,
							41.41952
						],
						[
							-90.91045,
							41.42103
						],
						[
							-90.90255,
							41.42062
						],
						[
							-90.90066,
							41.42062
						],
						[
							-90.89275,
							41.42022
						],
						[
							-90.89075,
							41.42013
						],
						[
							-90.88876,
							41.42012
						],
						[
							-90.88676,
							41.42152
						],
						[
							-90.88476,
							41.42133
						],
						[
							-90.88276,
							41.42133
						],
						[
							-90.87885,
							41.42113
						],
						[
							-90.87675,
							41.42252
						],
						[
							-90.87475,
							41.42242
						],
						[
							-90.87275,
							41.42242
						],
						[
							-90.87075,
							41.42382
						],
						[
							-90.86866,
							41.42522
						],
						[
							-90.86665,
							41.42513
						],
						[
							-90.86455,
							41.42653
						],
						[
							-90.86245,
							41.42793
						],
						[
							-90.86045,
							41.42933
						],
						[
							-90.85834,
							41.43073
						],
						[
							-90.85635,
							41.43063
						],
						[
							-90.85615,
							41.43362
						],
						[
							-90.85406,
							41.43493
						],
						[
							-90.85195,
							41.43632
						],
						[
							-90.84985,
							41.43783
						],
						[
							-90.84776,
							41.43912
						],
						[
							-90.84585,
							41.43902
						],
						[
							-90.84376,
							41.44053
						],
						[
							-90.83976,
							41.44033
						],
						[
							-90.83585,
							41.44012
						],
						[
							-90.83385,
							41.44013
						],
						[
							-90.83195,
							41.43993
						],
						[
							-90.83006,
							41.43842
						],
						[
							-90.82615,
							41.43823
						],
						[
							-90.82415,
							41.43823
						],
						[
							-90.81235,
							41.43763
						],
						[
							-90.81045,
							41.43603
						],
						[
							-90.80836,
							41.43753
						],
						[
							-90.80636,
							41.43742
						],
						[
							-90.79845,
							41.43703
						],
						[
							-90.79665,
							41.43552
						],
						[
							-90.78675,
							41.43503
						],
						[
							-90.78464,
							41.43642
						],
						[
							-90.78275,
							41.43642
						],
						[
							-90.77485,
							41.43603
						],
						[
							-90.77285,
							41.43603
						],
						[
							-90.77085,
							41.43583
						],
						[
							-90.76896,
							41.43583
						],
						[
							-90.76495,
							41.43562
						],
						[
							-90.76286,
							41.43703
						],
						[
							-90.76105,
							41.43543
						],
						[
							-90.75895,
							41.43683
						],
						[
							-90.75695,
							41.43673
						],
						[
							-90.75515,
							41.43523
						],
						[
							-90.74915,
							41.43493
						],
						[
							-90.74715,
							41.43632
						],
						[
							-90.74116,
							41.43603
						],
						[
							-90.73925,
							41.43603
						],
						[
							-90.73725,
							41.43593
						],
						[
							-90.73515,
							41.43733
						],
						[
							-90.73305,
							41.43873
						],
						[
							-90.73095,
							41.44013
						],
						[
							-90.72706,
							41.43993
						],
						[
							-90.72495,
							41.44133
						],
						[
							-90.72105,
							41.44112
						],
						[
							-90.71896,
							41.44253
						],
						[
							-90.71696,
							41.44253
						],
						[
							-90.71485,
							41.44382
						],
						[
							-90.71295,
							41.44373
						],
						[
							-90.71094,
							41.44373
						],
						[
							-90.70885,
							41.44513
						],
						[
							-90.70485,
							41.44492
						],
						[
							-90.70305,
							41.44333
						],
						[
							-90.69905,
							41.44313
						],
						[
							-90.69714,
							41.44313
						],
						[
							-90.69504,
							41.44453
						],
						[
							-90.69104,
							41.44433
						],
						[
							-90.68895,
							41.44572
						],
						[
							-90.68704,
							41.44562
						],
						[
							-90.68495,
							41.44703
						],
						[
							-90.68294,
							41.44693
						],
						[
							-90.68285,
							41.44843
						],
						[
							-90.68074,
							41.44983
						],
						[
							-90.67874,
							41.44973
						],
						[
							-90.67665,
							41.45113
						],
						[
							-90.67275,
							41.45093
						],
						[
							-90.67064,
							41.45232
						],
						[
							-90.66675,
							41.45213
						],
						[
							-90.66464,
							41.45353
						],
						[
							-90.66065,
							41.45332
						],
						[
							-90.65875,
							41.45332
						],
						[
							-90.65865,
							41.45473
						],
						[
							-90.65654,
							41.45623
						],
						[
							-90.65445,
							41.45753
						],
						[
							-90.65234,
							41.45903
						],
						[
							-90.65225,
							41.46053
						],
						[
							-90.65015,
							41.46183
						],
						[
							-90.64804,
							41.46323
						],
						[
							-90.64595,
							41.46463
						],
						[
							-90.64384,
							41.46603
						],
						[
							-90.63965,
							41.46883
						],
						[
							-90.63954,
							41.47033
						],
						[
							-90.63745,
							41.47172
						],
						[
							-90.63554,
							41.47163
						],
						[
							-90.63135,
							41.47443
						],
						[
							-90.62935,
							41.47433
						],
						[
							-90.62514,
							41.47713
						],
						[
							-90.62314,
							41.47852
						],
						[
							-90.62094,
							41.47993
						],
						[
							-90.61905,
							41.47983
						],
						[
							-90.61694,
							41.48122
						],
						[
							-90.61064,
							41.48543
						],
						[
							-90.61055,
							41.48692
						],
						[
							-90.60844,
							41.48833
						],
						[
							-90.60634,
							41.48962
						],
						[
							-90.60425,
							41.49103
						],
						[
							-90.60414,
							41.49252
						],
						[
							-90.60205,
							41.49393
						],
						[
							-90.60185,
							41.49692
						],
						[
							-90.60164,
							41.49992
						],
						[
							-90.59955,
							41.50123
						],
						[
							-90.59935,
							41.50272
						],
						[
							-90.59924,
							41.50423
						],
						[
							-90.59505,
							41.50703
						],
						[
							-90.59314,
							41.50693
						],
						[
							-90.59105,
							41.50833
						],
						[
							-90.58705,
							41.50812
						],
						[
							-90.58505,
							41.50812
						],
						[
							-90.58304,
							41.50943
						],
						[
							-90.58104,
							41.50943
						],
						[
							-90.57515,
							41.50912
						],
						[
							-90.57324,
							41.50753
						],
						[
							-90.57115,
							41.50893
						],
						[
							-90.56935,
							41.50742
						],
						[
							-90.56735,
							41.50722
						],
						[
							-90.56544,
							41.50573
						],
						[
							-90.56154,
							41.50552
						],
						[
							-90.55365,
							41.50513
						],
						[
							-90.55165,
							41.50513
						],
						[
							-90.54775,
							41.50493
						],
						[
							-90.54564,
							41.50633
						],
						[
							-90.53375,
							41.50573
						],
						[
							-90.53185,
							41.50573
						],
						[
							-90.52985,
							41.50552
						],
						[
							-90.52785,
							41.50553
						],
						[
							-90.52574,
							41.50693
						],
						[
							-90.52185,
							41.50673
						],
						[
							-90.52174,
							41.50822
						],
						[
							-90.51964,
							41.50963
						],
						[
							-90.50975,
							41.50913
						],
						[
							-90.50775,
							41.50913
						],
						[
							-90.50584,
							41.50893
						],
						[
							-90.50384,
							41.50893
						],
						[
							-90.49985,
							41.50873
						],
						[
							-90.49594,
							41.50853
						],
						[
							-90.49385,
							41.50993
						],
						[
							-90.48795,
							41.50963
						],
						[
							-90.48583,
							41.51102
						],
						[
							-90.48384,
							41.51093
						],
						[
							-90.48175,
							41.51243
						],
						[
							-90.47974,
							41.51223
						],
						[
							-90.47584,
							41.51202
						],
						[
							-90.47384,
							41.51203
						],
						[
							-90.47184,
							41.51183
						],
						[
							-90.46973,
							41.51333
						],
						[
							-90.46774,
							41.51472
						],
						[
							-90.46554,
							41.51603
						],
						[
							-90.46523,
							41.52053
						],
						[
							-90.46314,
							41.52193
						],
						[
							-90.46304,
							41.52343
						],
						[
							-90.46093,
							41.52483
						],
						[
							-90.46073,
							41.52773
						],
						[
							-90.45864,
							41.52913
						],
						[
							-90.45844,
							41.53062
						],
						[
							-90.45423,
							41.53342
						],
						[
							-90.45414,
							41.53493
						],
						[
							-90.45203,
							41.53632
						],
						[
							-90.44994,
							41.53773
						],
						[
							-90.44984,
							41.53923
						],
						[
							-90.44773,
							41.54053
						],
						[
							-90.44764,
							41.54213
						],
						[
							-90.44744,
							41.54503
						],
						[
							-90.44524,
							41.54643
						],
						[
							-90.44325,
							41.54783
						],
						[
							-90.43903,
							41.55063
						],
						[
							-90.43694,
							41.55193
						],
						[
							-90.43484,
							41.55333
						],
						[
							-90.43473,
							41.55483
						],
						[
							-90.43253,
							41.55623
						],
						[
							-90.43233,
							41.55923
						],
						[
							-90.42814,
							41.56203
						],
						[
							-90.42603,
							41.56343
						],
						[
							-90.42414,
							41.56332
						],
						[
							-90.42203,
							41.56473
						],
						[
							-90.42004,
							41.56463
						],
						[
							-90.41793,
							41.56603
						],
						[
							-90.41593,
							41.56593
						],
						[
							-90.41384,
							41.56733
						],
						[
							-90.41184,
							41.56723
						],
						[
							-90.41174,
							41.56873
						],
						[
							-90.40963,
							41.57013
						],
						[
							-90.40754,
							41.57143
						],
						[
							-90.40574,
							41.56992
						],
						[
							-90.40374,
							41.56983
						],
						[
							-90.40163,
							41.57123
						],
						[
							-90.40354,
							41.57283
						],
						[
							-90.40334,
							41.57423
						],
						[
							-90.40124,
							41.57563
						],
						[
							-90.39933,
							41.57563
						],
						[
							-90.39724,
							41.57693
						],
						[
							-90.39524,
							41.57693
						],
						[
							-90.39333,
							41.57533
						],
						[
							-90.39344,
							41.57383
						],
						[
							-90.39153,
							41.57373
						],
						[
							-90.38944,
							41.57513
						],
						[
							-90.38545,
							41.57493
						],
						[
							-90.38334,
							41.57633
						],
						[
							-90.37354,
							41.57583
						],
						[
							-90.37334,
							41.57732
						],
						[
							-90.36944,
							41.57713
						],
						[
							-90.36733,
							41.57853
						],
						[
							-90.36533,
							41.57843
						],
						[
							-90.36324,
							41.57983
						],
						[
							-90.36124,
							41.57973
						],
						[
							-90.35703,
							41.58253
						],
						[
							-90.35694,
							41.58403
						],
						[
							-90.35494,
							41.58392
						],
						[
							-90.35073,
							41.58672
						],
						[
							-90.34864,
							41.58813
						],
						[
							-90.34664,
							41.58953
						],
						[
							-90.34844,
							41.59112
						],
						[
							-90.34834,
							41.59253
						],
						[
							-90.34814,
							41.59403
						],
						[
							-90.34794,
							41.59702
						],
						[
							-90.34783,
							41.59843
						],
						[
							-90.34763,
							41.60003
						],
						[
							-90.34734,
							41.60442
						],
						[
							-90.34713,
							41.60593
						],
						[
							-90.34693,
							41.60883
						],
						[
							-90.34884,
							41.61043
						],
						[
							-90.34864,
							41.61192
						],
						[
							-90.35053,
							41.61353
						],
						[
							-90.35033,
							41.61652
						],
						[
							-90.35224,
							41.61653
						],
						[
							-90.35204,
							41.61953
						],
						[
							-90.34994,
							41.62093
						],
						[
							-90.34983,
							41.62243
						],
						[
							-90.34963,
							41.62382
						],
						[
							-90.34943,
							41.62682
						],
						[
							-90.35123,
							41.62843
						],
						[
							-90.35094,
							41.63283
						],
						[
							-90.35073,
							41.63443
						],
						[
							-90.35033,
							41.64033
						],
						[
							-90.35014,
							41.64183
						],
						[
							-90.35004,
							41.64323
						],
						[
							-90.34794,
							41.64463
						],
						[
							-90.34983,
							41.64623
						],
						[
							-90.34963,
							41.64773
						],
						[
							-90.34954,
							41.64922
						],
						[
							-90.34744,
							41.65063
						],
						[
							-90.34724,
							41.65353
						],
						[
							-90.34513,
							41.65493
						],
						[
							-90.34493,
							41.65642
						],
						[
							-90.34464,
							41.66093
						],
						[
							-90.34444,
							41.66232
						],
						[
							-90.34434,
							41.66383
						],
						[
							-90.34624,
							41.66543
						],
						[
							-90.34614,
							41.66692
						],
						[
							-90.34594,
							41.66843
						],
						[
							-90.34583,
							41.66993
						],
						[
							-90.34374,
							41.67123
						],
						[
							-90.34354,
							41.67422
						],
						[
							-90.34333,
							41.67573
						],
						[
							-90.34124,
							41.67712
						],
						[
							-90.34104,
							41.68013
						],
						[
							-90.34094,
							41.68153
						],
						[
							-90.34074,
							41.68303
						],
						[
							-90.34264,
							41.68462
						],
						[
							-90.34243,
							41.68763
						],
						[
							-90.34223,
							41.68903
						],
						[
							-90.34214,
							41.69053
						],
						[
							-90.34003,
							41.69192
						],
						[
							-90.33984,
							41.69492
						],
						[
							-90.33773,
							41.69623
						],
						[
							-90.33753,
							41.69772
						],
						[
							-90.33744,
							41.69923
						],
						[
							-90.33324,
							41.70203
						],
						[
							-90.33514,
							41.70363
						],
						[
							-90.33504,
							41.70512
						],
						[
							-90.33283,
							41.70653
						],
						[
							-90.33254,
							41.71093
						],
						[
							-90.33234,
							41.71243
						],
						[
							-90.33224,
							41.71393
						],
						[
							-90.33013,
							41.71532
						],
						[
							-90.32993,
							41.71833
						],
						[
							-90.32784,
							41.71963
						],
						[
							-90.32964,
							41.72123
						],
						[
							-90.32945,
							41.72423
						],
						[
							-90.32923,
							41.72562
						],
						[
							-90.32914,
							41.72713
						],
						[
							-90.32883,
							41.73163
						],
						[
							-90.32674,
							41.73302
						],
						[
							-90.32653,
							41.73443
						],
						[
							-90.32624,
							41.73893
						],
						[
							-90.32804,
							41.74052
						],
						[
							-90.32784,
							41.74353
						],
						[
							-90.32764,
							41.74493
						],
						[
							-90.32554,
							41.74633
						],
						[
							-90.32543,
							41.74783
						],
						[
							-90.32334,
							41.74923
						],
						[
							-90.32323,
							41.75073
						],
						[
							-90.32114,
							41.75213
						],
						[
							-90.31904,
							41.75353
						],
						[
							-90.31693,
							41.75483
						],
						[
							-90.31484,
							41.75623
						],
						[
							-90.31664,
							41.75783
						],
						[
							-90.31454,
							41.75922
						],
						[
							-90.31034,
							41.76202
						],
						[
							-90.30823,
							41.76333
						],
						[
							-90.30615,
							41.76482
						],
						[
							-90.30604,
							41.76632
						],
						[
							-90.30393,
							41.76762
						],
						[
							-90.30193,
							41.76752
						],
						[
							-90.29984,
							41.76893
						],
						[
							-90.29784,
							41.76883
						],
						[
							-90.29574,
							41.77023
						],
						[
							-90.29563,
							41.77173
						],
						[
							-90.28764,
							41.77132
						],
						[
							-90.28553,
							41.77273
						],
						[
							-90.28164,
							41.77253
						],
						[
							-90.27964,
							41.77253
						],
						[
							-90.27764,
							41.77243
						],
						[
							-90.27374,
							41.77222
						],
						[
							-90.27165,
							41.77363
						],
						[
							-90.26763,
							41.77343
						],
						[
							-90.26174,
							41.77312
						],
						[
							-90.25954,
							41.77453
						],
						[
							-90.25753,
							41.77443
						],
						[
							-90.25553,
							41.77582
						],
						[
							-90.25344,
							41.77713
						],
						[
							-90.25133,
							41.77862
						],
						[
							-90.24934,
							41.77852
						],
						[
							-90.24723,
							41.77993
						],
						[
							-90.24503,
							41.78123
						],
						[
							-90.24494,
							41.78273
						],
						[
							-90.24073,
							41.78553
						],
						[
							-90.24053,
							41.78852
						],
						[
							-90.24033,
							41.78992
						],
						[
							-90.23844,
							41.78992
						],
						[
							-90.23043,
							41.78953
						],
						[
							-90.22834,
							41.79092
						],
						[
							-90.22634,
							41.79082
						],
						[
							-90.22424,
							41.79223
						],
						[
							-90.22234,
							41.79213
						],
						[
							-90.22034,
							41.79192
						],
						[
							-90.21813,
							41.79343
						],
						[
							-90.21613,
							41.79472
						],
						[
							-90.21394,
							41.79612
						],
						[
							-90.21204,
							41.79612
						],
						[
							-90.21004,
							41.79602
						],
						[
							-90.20794,
							41.79732
						],
						[
							-90.20594,
							41.79732
						],
						[
							-90.20394,
							41.79712
						],
						[
							-90.20184,
							41.79852
						],
						[
							-90.19784,
							41.79832
						],
						[
							-90.19154,
							41.80253
						],
						[
							-90.18943,
							41.80392
						],
						[
							-90.18734,
							41.80533
						],
						[
							-90.18723,
							41.80682
						],
						[
							-90.18504,
							41.80823
						],
						[
							-90.18473,
							41.81273
						],
						[
							-90.18453,
							41.81412
						],
						[
							-90.18644,
							41.81573
						],
						[
							-90.18633,
							41.81723
						],
						[
							-90.18424,
							41.81852
						],
						[
							-90.18203,
							41.81992
						],
						[
							-90.17994,
							41.82132
						],
						[
							-90.17963,
							41.82583
						],
						[
							-90.17944,
							41.82722
						],
						[
							-90.17924,
							41.83022
						],
						[
							-90.17713,
							41.83162
						],
						[
							-90.17893,
							41.83322
						],
						[
							-90.17684,
							41.83452
						],
						[
							-90.17873,
							41.83622
						],
						[
							-90.17864,
							41.83762
						],
						[
							-90.18044,
							41.83922
						],
						[
							-90.18034,
							41.84072
						],
						[
							-90.17823,
							41.84212
						],
						[
							-90.17614,
							41.84343
						],
						[
							-90.17594,
							41.84492
						],
						[
							-90.17584,
							41.84643
						],
						[
							-90.17164,
							41.84922
						],
						[
							-90.17153,
							41.85072
						],
						[
							-90.16944,
							41.85212
						],
						[
							-90.16924,
							41.85363
						],
						[
							-90.16914,
							41.85502
						],
						[
							-90.17094,
							41.85663
						],
						[
							-90.17063,
							41.86113
						],
						[
							-90.17043,
							41.86252
						],
						[
							-90.17024,
							41.86552
						],
						[
							-90.17004,
							41.86702
						],
						[
							-90.16793,
							41.86842
						],
						[
							-90.16784,
							41.86992
						],
						[
							-90.16573,
							41.87122
						],
						[
							-90.16564,
							41.87272
						],
						[
							-90.16544,
							41.87423
						],
						[
							-90.16523,
							41.87722
						],
						[
							-90.16514,
							41.87872
						],
						[
							-90.16703,
							41.87872
						],
						[
							-90.16904,
							41.87893
						],
						[
							-90.16883,
							41.88182
						],
						[
							-90.16863,
							41.88332
						],
						[
							-90.16834,
							41.88782
						],
						[
							-90.16814,
							41.88923
						],
						[
							-90.16793,
							41.89222
						],
						[
							-90.16773,
							41.89373
						],
						[
							-90.16744,
							41.89812
						],
						[
							-90.16724,
							41.89962
						],
						[
							-90.16703,
							41.90262
						],
						[
							-90.16694,
							41.90413
						],
						[
							-90.16674,
							41.90552
						],
						[
							-90.16254,
							41.90832
						],
						[
							-90.15833,
							41.91112
						],
						[
							-90.15624,
							41.91253
						],
						[
							-90.15614,
							41.91402
						],
						[
							-90.15594,
							41.91552
						],
						[
							-90.15574,
							41.91842
						],
						[
							-90.15554,
							41.91993
						],
						[
							-90.15543,
							41.92132
						],
						[
							-90.15534,
							41.92292
						],
						[
							-90.15514,
							41.92442
						],
						[
							-90.15493,
							41.92733
						],
						[
							-90.15473,
							41.92882
						],
						[
							-90.15444,
							41.93332
						],
						[
							-90.15424,
							41.93472
						],
						[
							-90.15403,
							41.93772
						],
						[
							-90.15394,
							41.93922
						],
						[
							-90.15374,
							41.94072
						],
						[
							-90.15363,
							41.94212
						],
						[
							-90.15344,
							41.94513
						],
						[
							-90.15324,
							41.94662
						],
						[
							-90.15314,
							41.94812
						],
						[
							-90.15293,
							41.95102
						],
						[
							-90.15273,
							41.95252
						],
						[
							-90.15253,
							41.95542
						],
						[
							-90.15234,
							41.95702
						],
						[
							-90.15224,
							41.95852
						],
						[
							-90.15203,
							41.96142
						],
						[
							-90.15183,
							41.96292
						],
						[
							-90.15154,
							41.96732
						],
						[
							-90.15134,
							41.96882
						],
						[
							-90.15113,
							41.97182
						],
						[
							-90.15093,
							41.97332
						],
						[
							-90.15073,
							41.97622
						],
						[
							-90.15054,
							41.97772
						],
						[
							-90.15044,
							41.97922
						],
						[
							-90.15023,
							41.98212
						],
						[
							-90.15003,
							41.98372
						],
						[
							-90.14974,
							41.98812
						],
						[
							-90.14954,
							41.98962
						],
						[
							-90.14933,
							41.99252
						],
						[
							-90.14913,
							41.99402
						],
						[
							-90.14884,
							41.99852
						],
						[
							-90.14864,
							42.00002
						],
						[
							-90.14843,
							42.00292
						],
						[
							-90.14823,
							42.00442
						],
						[
							-90.14794,
							42.00892
						],
						[
							-90.14774,
							42.01032
						],
						[
							-90.14754,
							42.01332
						],
						[
							-90.14733,
							42.01482
						],
						[
							-90.14704,
							42.01922
						],
						[
							-90.14684,
							42.02072
						],
						[
							-90.14665,
							42.02372
						],
						[
							-90.14643,
							42.02522
						],
						[
							-90.14614,
							42.02962
						],
						[
							-90.14594,
							42.03112
						],
						[
							-90.14574,
							42.03412
						],
						[
							-90.14553,
							42.03562
						],
						[
							-90.14524,
							42.04002
						],
						[
							-90.14704,
							42.04162
						],
						[
							-90.14893,
							42.04312
						],
						[
							-90.15084,
							42.04472
						],
						[
							-90.15264,
							42.04632
						],
						[
							-90.15453,
							42.04792
						],
						[
							-90.15633,
							42.04952
						],
						[
							-90.15824,
							42.05102
						],
						[
							-90.16013,
							42.05262
						],
						[
							-90.16193,
							42.05422
						],
						[
							-90.16384,
							42.05582
						],
						[
							-90.16364,
							42.05732
						],
						[
							-90.16354,
							42.05872
						],
						[
							-90.16334,
							42.06172
						],
						[
							-90.16314,
							42.06322
						],
						[
							-90.16294,
							42.06611
						],
						[
							-90.16274,
							42.06771
						],
						[
							-90.16464,
							42.06922
						],
						[
							-90.16454,
							42.07072
						],
						[
							-90.16434,
							42.07222
						],
						[
							-90.16424,
							42.07372
						],
						[
							-90.16613,
							42.07522
						],
						[
							-90.16793,
							42.07682
						],
						[
							-90.16764,
							42.08132
						],
						[
							-90.16744,
							42.08281
						],
						[
							-90.16724,
							42.08571
						],
						[
							-90.16514,
							42.08712
						],
						[
							-90.16494,
							42.08861
						],
						[
							-90.16474,
							42.09152
						],
						[
							-90.16454,
							42.09302
						],
						[
							-90.16424,
							42.09752
						],
						[
							-90.16404,
							42.09902
						],
						[
							-90.16393,
							42.10041
						],
						[
							-90.16373,
							42.10342
						],
						[
							-90.16354,
							42.10492
						],
						[
							-90.16334,
							42.10792
						],
						[
							-90.16314,
							42.10932
						],
						[
							-90.16294,
							42.11232
						],
						[
							-90.16474,
							42.11392
						],
						[
							-90.16663,
							42.11541
						],
						[
							-90.16854,
							42.11702
						],
						[
							-90.17034,
							42.11862
						],
						[
							-90.17223,
							42.12021
						],
						[
							-90.17414,
							42.12172
						],
						[
							-90.17594,
							42.12332
						],
						[
							-90.17974,
							42.12652
						],
						[
							-90.18154,
							42.12812
						],
						[
							-90.18554,
							42.12832
						],
						[
							-90.18754,
							42.12832
						],
						[
							-90.18954,
							42.12851
						],
						[
							-90.19154,
							42.12862
						],
						[
							-90.19353,
							42.12861
						],
						[
							-90.19944,
							42.12892
						],
						[
							-90.20324,
							42.13211
						],
						[
							-90.20504,
							42.13372
						],
						[
							-90.20693,
							42.13532
						],
						[
							-90.20884,
							42.13681
						],
						[
							-90.21064,
							42.13842
						],
						[
							-90.21253,
							42.13991
						],
						[
							-90.21433,
							42.14151
						],
						[
							-90.21624,
							42.14311
						],
						[
							-90.21813,
							42.14472
						],
						[
							-90.21993,
							42.14621
						],
						[
							-90.22184,
							42.14791
						],
						[
							-90.22373,
							42.14942
						],
						[
							-90.22553,
							42.15101
						],
						[
							-90.22744,
							42.15261
						],
						[
							-90.22933,
							42.15412
						],
						[
							-90.23113,
							42.15571
						],
						[
							-90.23493,
							42.15892
						],
						[
							-90.23673,
							42.16052
						],
						[
							-90.23864,
							42.16201
						],
						[
							-90.24053,
							42.16361
						],
						[
							-90.24233,
							42.16522
						],
						[
							-90.24424,
							42.16681
						],
						[
							-90.24613,
							42.16832
						],
						[
							-90.25603,
							42.16881
						],
						[
							-90.25803,
							42.16892
						],
						[
							-90.26804,
							42.16941
						],
						[
							-90.27204,
							42.16961
						],
						[
							-90.27404,
							42.16961
						],
						[
							-90.27793,
							42.16982
						],
						[
							-90.27984,
							42.17141
						],
						[
							-90.28173,
							42.17302
						],
						[
							-90.28353,
							42.17462
						],
						[
							-90.28544,
							42.17611
						],
						[
							-90.28924,
							42.17932
						],
						[
							-90.29104,
							42.18091
						],
						[
							-90.29504,
							42.18112
						],
						[
							-90.29903,
							42.18132
						],
						[
							-90.30103,
							42.18131
						],
						[
							-90.31104,
							42.18181
						],
						[
							-90.31304,
							42.18191
						],
						[
							-90.31484,
							42.18351
						],
						[
							-90.31673,
							42.18501
						],
						[
							-90.31864,
							42.18662
						],
						[
							-90.32044,
							42.18821
						],
						[
							-90.32233,
							42.18981
						],
						[
							-90.32424,
							42.19132
						],
						[
							-90.32604,
							42.19291
						],
						[
							-90.32984,
							42.19611
						],
						[
							-90.33164,
							42.19761
						],
						[
							-90.33544,
							42.20082
						],
						[
							-90.33724,
							42.20241
						],
						[
							-90.33913,
							42.20391
						],
						[
							-90.34104,
							42.20561
						],
						[
							-90.34293,
							42.20712
						],
						[
							-90.34473,
							42.20871
						],
						[
							-90.34664,
							42.21031
						],
						[
							-90.34864,
							42.21031
						],
						[
							-90.35453,
							42.21061
						],
						[
							-90.35864,
							42.21081
						],
						[
							-90.36054,
							42.21091
						],
						[
							-90.36854,
							42.21131
						],
						[
							-90.37043,
							42.21291
						],
						[
							-90.37234,
							42.21441
						],
						[
							-90.37414,
							42.21601
						],
						[
							-90.37603,
							42.21761
						],
						[
							-90.37794,
							42.21911
						],
						[
							-90.37985,
							42.22071
						],
						[
							-90.38163,
							42.22231
						],
						[
							-90.38354,
							42.22381
						],
						[
							-90.38545,
							42.22541
						],
						[
							-90.38723,
							42.22701
						],
						[
							-90.39105,
							42.23021
						],
						[
							-90.39474,
							42.23331
						],
						[
							-90.39665,
							42.2349
						],
						[
							-90.39843,
							42.23651
						],
						[
							-90.40034,
							42.23801
						],
						[
							-90.40224,
							42.23961
						],
						[
							-90.40414,
							42.24121
						],
						[
							-90.40594,
							42.24281
						],
						[
							-90.40784,
							42.24431
						],
						[
							-90.41164,
							42.24751
						],
						[
							-90.41344,
							42.24901
						],
						[
							-90.41914,
							42.25381
						],
						[
							-90.42284,
							42.25691
						],
						[
							-90.42474,
							42.25851
						],
						[
							-90.42654,
							42.26011
						],
						[
							-90.42643,
							42.26151
						],
						[
							-90.42623,
							42.26451
						],
						[
							-90.42603,
							42.26601
						],
						[
							-90.42594,
							42.26751
						],
						[
							-90.42564,
							42.27191
						],
						[
							-90.42544,
							42.27341
						],
						[
							-90.42513,
							42.2779
						],
						[
							-90.42504,
							42.27941
						],
						[
							-90.42484,
							42.28081
						],
						[
							-90.42454,
							42.28531
						],
						[
							-90.42434,
							42.28681
						],
						[
							-90.42423,
							42.2882
						],
						[
							-90.42394,
							42.29271
						],
						[
							-90.42374,
							42.29421
						],
						[
							-90.42353,
							42.29711
						],
						[
							-90.42333,
							42.29861
						],
						[
							-90.42304,
							42.3031
						],
						[
							-90.42284,
							42.30601
						],
						[
							-90.42263,
							42.30751
						],
						[
							-90.42243,
							42.31041
						],
						[
							-90.42223,
							42.31201
						],
						[
							-90.42184,
							42.31791
						],
						[
							-90.42164,
							42.31941
						],
						[
							-90.42153,
							42.3208
						],
						[
							-90.42133,
							42.32381
						],
						[
							-90.42114,
							42.32531
						],
						[
							-90.42104,
							42.32681
						],
						[
							-90.42083,
							42.32981
						],
						[
							-90.42454,
							42.3329
						],
						[
							-90.42643,
							42.3344
						],
						[
							-90.43024,
							42.3376
						],
						[
							-90.43203,
							42.33921
						],
						[
							-90.43394,
							42.34081
						],
						[
							-90.43584,
							42.3423
						],
						[
							-90.43763,
							42.3439
						],
						[
							-90.43954,
							42.34551
						],
						[
							-90.44144,
							42.347
						],
						[
							-90.44334,
							42.34861
						],
						[
							-90.44524,
							42.3502
						],
						[
							-90.44704,
							42.35181
						],
						[
							-90.44894,
							42.3533
						],
						[
							-90.45084,
							42.3549
						],
						[
							-90.45264,
							42.35651
						],
						[
							-90.45464,
							42.3581
						],
						[
							-90.45834,
							42.36121
						],
						[
							-90.46204,
							42.3643
						],
						[
							-90.46394,
							42.36591
						],
						[
							-90.46584,
							42.3675
						],
						[
							-90.46774,
							42.3691
						],
						[
							-90.46964,
							42.3706
						],
						[
							-90.47144,
							42.3722
						],
						[
							-90.47524,
							42.3754
						],
						[
							-90.47714,
							42.37691
						],
						[
							-90.47894,
							42.3785
						],
						[
							-90.48084,
							42.3801
						],
						[
							-90.48274,
							42.38161
						],
						[
							-90.48464,
							42.3832
						],
						[
							-90.48644,
							42.3848
						],
						[
							-90.48834,
							42.3863
						],
						[
							-90.49024,
							42.3879
						],
						[
							-90.49404,
							42.39111
						],
						[
							-90.49584,
							42.3927
						],
						[
							-90.49773,
							42.3942
						],
						[
							-90.49964,
							42.39581
						],
						[
							-90.50153,
							42.3973
						],
						[
							-90.50344,
							42.3989
						],
						[
							-90.50524,
							42.40051
						],
						[
							-90.50713,
							42.40211
						],
						[
							-90.50904,
							42.4037
						],
						[
							-90.51093,
							42.4052
						],
						[
							-90.51894,
							42.4056
						],
						[
							-90.52094,
							42.4056
						],
						[
							-90.52294,
							42.4057
						],
						[
							-90.52494,
							42.40591
						],
						[
							-90.52694,
							42.40591
						],
						[
							-90.53094,
							42.4061
						],
						[
							-90.53654,
							42.4108
						],
						[
							-90.54253,
							42.4111
						],
						[
							-90.54444,
							42.4127
						],
						[
							-90.54644,
							42.4128
						],
						[
							-90.54833,
							42.4143
						],
						[
							-90.55033,
							42.41441
						],
						[
							-90.55213,
							42.416
						],
						[
							-90.55424,
							42.41611
						],
						[
							-90.55604,
							42.4176
						],
						[
							-90.55793,
							42.4192
						],
						[
							-90.56735,
							42.4271
						],
						[
							-90.56924,
							42.4286
						],
						[
							-90.57114,
							42.4302
						],
						[
							-90.57295,
							42.4318
						],
						[
							-90.57484,
							42.4333
						],
						[
							-90.58054,
							42.4381
						],
						[
							-90.58244,
							42.4396
						],
						[
							-90.58643,
							42.4398
						],
						[
							-90.58834,
							42.4414
						],
						[
							-90.59234,
							42.4416
						],
						[
							-90.59414,
							42.4431
						],
						[
							-90.59614,
							42.4432
						],
						[
							-90.60184,
							42.448
						],
						[
							-90.60384,
							42.448
						],
						[
							-90.60764,
							42.4512
						],
						[
							-90.60944,
							42.4527
						],
						[
							-90.61144,
							42.4529
						],
						[
							-90.61344,
							42.4529
						],
						[
							-90.61544,
							42.453
						],
						[
							-90.61733,
							42.4546
						],
						[
							-90.61924,
							42.4561
						],
						[
							-90.62113,
							42.4577
						],
						[
							-90.62293,
							42.4593
						],
						[
							-90.62704,
							42.4595
						],
						[
							-90.63075,
							42.46259
						],
						[
							-90.63264,
							42.4641
						],
						[
							-90.63454,
							42.4657
						],
						[
							-90.63854,
							42.4659
						],
						[
							-90.64234,
							42.4691
						],
						[
							-90.64423,
							42.4706
						],
						[
							-90.64823,
							42.4708
						],
						[
							-90.65003,
							42.4724
						],
						[
							-90.65194,
							42.4739
						],
						[
							-90.65383,
							42.4755
						],
						[
							-90.65354,
							42.48
						],
						[
							-90.65334,
							42.4814
						],
						[
							-90.65524,
							42.48299
						],
						[
							-90.65514,
							42.4845
						],
						[
							-90.65484,
							42.4889
						],
						[
							-90.65464,
							42.4904
						],
						[
							-90.65253,
							42.4918
						],
						[
							-90.65234,
							42.4948
						],
						[
							-90.65023,
							42.49619
						],
						[
							-90.65003,
							42.4976
						],
						[
							-90.64994,
							42.4992
						],
						[
							-90.64983,
							42.50059
						],
						[
							-90.64774,
							42.502
						],
						[
							-90.64764,
							42.50349
						],
						[
							-90.64553,
							42.5048
						],
						[
							-90.64533,
							42.50639
						],
						[
							-90.64524,
							42.5079
						],
						[
							-90.64314,
							42.50919
						],
						[
							-90.64304,
							42.5107
						],
						[
							-90.64283,
							42.5122
						],
						[
							-90.64234,
							42.5196
						],
						[
							-90.64014,
							42.521
						],
						[
							-90.63804,
							42.5224
						],
						[
							-90.63784,
							42.5254
						],
						[
							-90.63773,
							42.52679
						],
						[
							-90.63753,
							42.5283
						],
						[
							-90.63734,
							42.5313
						],
						[
							-90.63924,
							42.5329
						],
						[
							-90.64114,
							42.53439
						],
						[
							-90.64304,
							42.53599
						],
						[
							-90.64484,
							42.53759
						],
						[
							-90.64674,
							42.5392
						],
						[
							-90.64864,
							42.54069
						],
						[
							-90.65244,
							42.5439
						],
						[
							-90.65434,
							42.54539
						],
						[
							-90.65813,
							42.5486
						],
						[
							-90.65994,
							42.55009
						],
						[
							-90.66373,
							42.5533
						],
						[
							-90.66564,
							42.55489
						],
						[
							-90.66753,
							42.55639
						],
						[
							-90.66944,
							42.55799
						],
						[
							-90.67133,
							42.55949
						],
						[
							-90.67313,
							42.56109
						],
						[
							-90.67304,
							42.5626
						],
						[
							-90.67493,
							42.56419
						],
						[
							-90.67464,
							42.56859
						],
						[
							-90.67443,
							42.5701
						],
						[
							-90.67434,
							42.57159
						],
						[
							-90.67623,
							42.5732
						],
						[
							-90.67614,
							42.57459
						],
						[
							-90.67994,
							42.5778
						],
						[
							-90.68183,
							42.5793
						],
						[
							-90.68163,
							42.58079
						],
						[
							-90.68134,
							42.58529
						],
						[
							-90.68124,
							42.58669
						],
						[
							-90.68115,
							42.58829
						],
						[
							-90.68093,
							42.58969
						],
						[
							-90.68064,
							42.59409
						],
						[
							-90.68444,
							42.59729
						],
						[
							-90.68624,
							42.5989
						],
						[
							-90.68813,
							42.60039
						],
						[
							-90.69004,
							42.60199
						],
						[
							-90.68973,
							42.60639
						],
						[
							-90.68964,
							42.60789
						],
						[
							-90.68943,
							42.60939
						],
						[
							-90.68914,
							42.61389
						],
						[
							-90.68894,
							42.6168
						],
						[
							-90.68874,
							42.61829
						],
						[
							-90.69254,
							42.62149
						],
						[
							-90.69443,
							42.62299
						],
						[
							-90.69634,
							42.62459
						],
						[
							-90.69823,
							42.62609
						],
						[
							-90.69814,
							42.62769
						],
						[
							-90.69795,
							42.62909
						],
						[
							-90.69784,
							42.63059
						],
						[
							-90.69973,
							42.63219
						],
						[
							-90.70164,
							42.63369
						],
						[
							-90.70544,
							42.63689
						],
						[
							-90.70734,
							42.63839
						],
						[
							-90.70924,
							42.64
						],
						[
							-90.71114,
							42.64159
						],
						[
							-90.71304,
							42.64319
						],
						[
							-90.71494,
							42.64469
						],
						[
							-90.71674,
							42.64629
						],
						[
							-90.71864,
							42.64789
						],
						[
							-90.72054,
							42.64949
						],
						[
							-90.72254,
							42.64949
						],
						[
							-90.73054,
							42.64989
						],
						[
							-90.73264,
							42.64989
						],
						[
							-90.74264,
							42.65039
						],
						[
							-90.74464,
							42.65039
						],
						[
							-90.75063,
							42.65069
						],
						[
							-90.75674,
							42.65099
						],
						[
							-90.75874,
							42.65099
						],
						[
							-90.76473,
							42.65129
						],
						[
							-90.77074,
							42.65159
						],
						[
							-90.77274,
							42.65159
						],
						[
							-90.77474,
							42.65169
						],
						[
							-90.77854,
							42.6549
						],
						[
							-90.78043,
							42.65639
						],
						[
							-90.78234,
							42.65799
						],
						[
							-90.79234,
							42.65848
						],
						[
							-90.79433,
							42.65848
						],
						[
							-90.79833,
							42.6587
						],
						[
							-90.80233,
							42.65889
						],
						[
							-90.80444,
							42.65889
						],
						[
							-90.80843,
							42.65909
						],
						[
							-90.81223,
							42.66228
						],
						[
							-90.81414,
							42.66379
						],
						[
							-90.81603,
							42.66539
						],
						[
							-90.81783,
							42.66689
						],
						[
							-90.82194,
							42.6671
						],
						[
							-90.82993,
							42.66749
						],
						[
							-90.83193,
							42.66749
						],
						[
							-90.83994,
							42.66788
						],
						[
							-90.84194,
							42.66799
						],
						[
							-90.84394,
							42.66799
						],
						[
							-90.85404,
							42.66849
						],
						[
							-90.85604,
							42.66849
						],
						[
							-90.86204,
							42.66878
						],
						[
							-90.86404,
							42.66889
						],
						[
							-90.86594,
							42.67049
						],
						[
							-90.86784,
							42.67199
						],
						[
							-90.86974,
							42.67359
						],
						[
							-90.87174,
							42.67369
						],
						[
							-90.87374,
							42.67369
						],
						[
							-90.88184,
							42.67409
						],
						[
							-90.88384,
							42.67409
						],
						[
							-90.88984,
							42.67439
						],
						[
							-90.89384,
							42.67459
						],
						[
							-90.89584,
							42.67459
						],
						[
							-90.89784,
							42.67479
						],
						[
							-90.89994,
							42.67489
						],
						[
							-90.90194,
							42.67489
						],
						[
							-90.90794,
							42.67519
						],
						[
							-90.90994,
							42.67519
						],
						[
							-90.91393,
							42.67539
						],
						[
							-90.92194,
							42.67579
						],
						[
							-90.92403,
							42.67579
						],
						[
							-90.92594,
							42.67739
						],
						[
							-90.92774,
							42.67899
						],
						[
							-90.92974,
							42.68049
						],
						[
							-90.93574,
							42.68079
						],
						[
							-90.93774,
							42.68079
						],
						[
							-90.94773,
							42.68129
						],
						[
							-90.94964,
							42.68279
						],
						[
							-90.95344,
							42.68599
						],
						[
							-90.95533,
							42.68749
						],
						[
							-90.95724,
							42.68909
						],
						[
							-90.95924,
							42.68919
						],
						[
							-90.96124,
							42.68919
						],
						[
							-90.96503,
							42.69239
						],
						[
							-90.96694,
							42.69388
						],
						[
							-90.96894,
							42.69398
						],
						[
							-90.97083,
							42.69559
						],
						[
							-90.97463,
							42.69879
						],
						[
							-90.97663,
							42.69879
						],
						[
							-90.98074,
							42.69899
						],
						[
							-90.98264,
							42.70048
						],
						[
							-90.98444,
							42.70208
						],
						[
							-90.98653,
							42.70219
						],
						[
							-90.98853,
							42.70218
						],
						[
							-90.99233,
							42.70539
						],
						[
							-90.99424,
							42.70699
						],
						[
							-90.99613,
							42.70849
						],
						[
							-90.99993,
							42.71169
						],
						[
							-91.00184,
							42.71319
						],
						[
							-91.00584,
							42.71338
						],
						[
							-91.00784,
							42.71339
						],
						[
							-91.01183,
							42.71358
						],
						[
							-91.01383,
							42.71369
						],
						[
							-91.01574,
							42.71528
						],
						[
							-91.01763,
							42.71679
						],
						[
							-91.02143,
							42.71999
						],
						[
							-91.02334,
							42.72149
						],
						[
							-91.02523,
							42.72309
						],
						[
							-91.02714,
							42.72458
						],
						[
							-91.02903,
							42.72619
						],
						[
							-91.03094,
							42.72769
						],
						[
							-91.03474,
							42.73089
						],
						[
							-91.03664,
							42.73239
						],
						[
							-91.04064,
							42.73259
						],
						[
							-91.04673,
							42.73288
						],
						[
							-91.04874,
							42.73288
						],
						[
							-91.05074,
							42.73299
						],
						[
							-91.05454,
							42.73619
						],
						[
							-91.05643,
							42.73768
						],
						[
							-91.05834,
							42.73929
						],
						[
							-91.06023,
							42.74079
						],
						[
							-91.06214,
							42.74238
						],
						[
							-91.06403,
							42.74399
						],
						[
							-91.06594,
							42.74549
						],
						[
							-91.06583,
							42.74699
						],
						[
							-91.06554,
							42.75148
						],
						[
							-91.06333,
							42.75279
						],
						[
							-91.06304,
							42.75728
						],
						[
							-91.06493,
							42.75888
						],
						[
							-91.06684,
							42.76039
						],
						[
							-91.07064,
							42.76359
						],
						[
							-91.07034,
							42.76799
						],
						[
							-91.07024,
							42.76948
						],
						[
							-91.07214,
							42.77099
						],
						[
							-91.07204,
							42.77249
						],
						[
							-91.07183,
							42.77549
						],
						[
							-91.07163,
							42.77698
						],
						[
							-91.07134,
							42.78138
						],
						[
							-91.07323,
							42.78299
						],
						[
							-91.07514,
							42.78458
						],
						[
							-91.07703,
							42.78608
						],
						[
							-91.07894,
							42.78769
						],
						[
							-91.08083,
							42.78919
						],
						[
							-91.08274,
							42.79078
						],
						[
							-91.08254,
							42.79378
						],
						[
							-91.08244,
							42.79518
						],
						[
							-91.08224,
							42.79818
						],
						[
							-91.08604,
							42.80138
						],
						[
							-91.08593,
							42.80278
						],
						[
							-91.08564,
							42.80729
						],
						[
							-91.08553,
							42.80868
						],
						[
							-91.08534,
							42.81018
						],
						[
							-91.08504,
							42.81469
						],
						[
							-91.08483,
							42.81758
						],
						[
							-91.08454,
							42.82208
						],
						[
							-91.08424,
							42.82648
						],
						[
							-91.08404,
							42.82798
						],
						[
							-91.08353,
							42.83538
						],
						[
							-91.08324,
							42.83989
						],
						[
							-91.08303,
							42.84128
						],
						[
							-91.08303,
							42.84278
						],
						[
							-91.08283,
							42.84429
						],
						[
							-91.08254,
							42.84878
						],
						[
							-91.08213,
							42.85468
						],
						[
							-91.08193,
							42.85768
						],
						[
							-91.08173,
							42.85908
						],
						[
							-91.08144,
							42.86358
						],
						[
							-91.08334,
							42.86518
						],
						[
							-91.08524,
							42.86668
						],
						[
							-91.08913,
							42.86978
						],
						[
							-91.09104,
							42.87139
						],
						[
							-91.09293,
							42.87288
						],
						[
							-91.09673,
							42.87609
						],
						[
							-91.09864,
							42.87758
						],
						[
							-91.10053,
							42.87918
						],
						[
							-91.10244,
							42.88068
						],
						[
							-91.10624,
							42.88388
						],
						[
							-91.10813,
							42.88539
						],
						[
							-91.11013,
							42.88548
						],
						[
							-91.11204,
							42.88708
						],
						[
							-91.11393,
							42.88868
						],
						[
							-91.11584,
							42.89018
						],
						[
							-91.11994,
							42.89038
						],
						[
							-91.12194,
							42.89039
						],
						[
							-91.12794,
							42.89068
						],
						[
							-91.13184,
							42.89378
						],
						[
							-91.13374,
							42.89538
						],
						[
							-91.13564,
							42.89688
						],
						[
							-91.13753,
							42.89848
						],
						[
							-91.13944,
							42.89998
						],
						[
							-91.14324,
							42.90318
						],
						[
							-91.14513,
							42.90468
						],
						[
							-91.14704,
							42.90628
						],
						[
							-91.14665,
							42.91217
						],
						[
							-91.14643,
							42.91518
						],
						[
							-91.14623,
							42.91668
						],
						[
							-91.14623,
							42.91818
						],
						[
							-91.14803,
							42.91968
						],
						[
							-91.15003,
							42.92128
						],
						[
							-91.14994,
							42.92268
						],
						[
							-91.14974,
							42.92418
						],
						[
							-91.14954,
							42.92718
						],
						[
							-91.14933,
							42.93018
						],
						[
							-91.14874,
							42.93898
						],
						[
							-91.14854,
							42.94198
						],
						[
							-91.14834,
							42.94348
						],
						[
							-91.14814,
							42.94648
						],
						[
							-91.14784,
							42.95088
						],
						[
							-91.14754,
							42.95538
						],
						[
							-91.14733,
							42.95828
						],
						[
							-91.14724,
							42.95977
						],
						[
							-91.14704,
							42.96128
						],
						[
							-91.14904,
							42.96278
						],
						[
							-91.15284,
							42.96598
						],
						[
							-91.15473,
							42.96748
						],
						[
							-91.15444,
							42.97198
						],
						[
							-91.15434,
							42.97338
						],
						[
							-91.15424,
							42.97498
						],
						[
							-91.15403,
							42.97638
						],
						[
							-91.15354,
							42.98378
						],
						[
							-91.15324,
							42.98828
						],
						[
							-91.15514,
							42.98978
						],
						[
							-91.15894,
							42.99298
						],
						[
							-91.16084,
							42.99448
						],
						[
							-91.16274,
							42.99607
						],
						[
							-91.16474,
							42.99758
						],
						[
							-91.16654,
							42.99918
						],
						[
							-91.16854,
							43.00077
						],
						[
							-91.16834,
							43.00368
						],
						[
							-91.16814,
							43.00518
						],
						[
							-91.16804,
							43.00668
						],
						[
							-91.16994,
							43.00828
						],
						[
							-91.17194,
							43.00978
						],
						[
							-91.17173,
							43.01268
						],
						[
							-91.17153,
							43.01428
						],
						[
							-91.17114,
							43.02018
						],
						[
							-91.17104,
							43.02168
						],
						[
							-91.17083,
							43.02458
						],
						[
							-91.17043,
							43.03058
						],
						[
							-91.17024,
							43.03198
						],
						[
							-91.17014,
							43.03347
						],
						[
							-91.17014,
							43.03498
						],
						[
							-91.16994,
							43.03648
						],
						[
							-91.16973,
							43.03938
						],
						[
							-91.16924,
							43.04688
						],
						[
							-91.16914,
							43.04828
						],
						[
							-91.16894,
							43.05127
						],
						[
							-91.16874,
							43.05278
						],
						[
							-91.16863,
							43.05418
						],
						[
							-91.17063,
							43.05578
						],
						[
							-91.17254,
							43.05738
						],
						[
							-91.17443,
							43.05888
						],
						[
							-91.17434,
							43.06038
						],
						[
							-91.17403,
							43.06488
						],
						[
							-91.17384,
							43.06628
						],
						[
							-91.17374,
							43.06778
						],
						[
							-91.17353,
							43.07077
						],
						[
							-91.17284,
							43.08118
						],
						[
							-91.17274,
							43.08268
						],
						[
							-91.17464,
							43.08418
						],
						[
							-91.17654,
							43.08577
						],
						[
							-91.17844,
							43.08727
						],
						[
							-91.17823,
							43.09027
						],
						[
							-91.17814,
							43.09178
						],
						[
							-91.17783,
							43.09618
						],
						[
							-91.17774,
							43.09768
						],
						[
							-91.17754,
							43.09918
						],
						[
							-91.17724,
							43.10358
						],
						[
							-91.17913,
							43.10518
						],
						[
							-91.17893,
							43.10807
						],
						[
							-91.17884,
							43.10968
						],
						[
							-91.17823,
							43.11848
						],
						[
							-91.17814,
							43.11998
						],
						[
							-91.18003,
							43.12158
						],
						[
							-91.17974,
							43.12598
						],
						[
							-91.17954,
							43.12748
						],
						[
							-91.17954,
							43.12898
						],
						[
							-91.17934,
							43.13038
						],
						[
							-91.17913,
							43.13338
						],
						[
							-91.17884,
							43.13787
						],
						[
							-91.17873,
							43.13927
						],
						[
							-91.17864,
							43.14088
						],
						[
							-91.17844,
							43.14378
						],
						[
							-91.17823,
							43.14517
						],
						[
							-91.17823,
							43.14677
						],
						[
							-91.17803,
							43.14817
						],
						[
							-91.17754,
							43.15557
						],
						[
							-91.17733,
							43.15858
						],
						[
							-91.17724,
							43.16007
						],
						[
							-91.17693,
							43.16448
						],
						[
							-91.17684,
							43.16597
						],
						[
							-91.17464,
							43.16737
						],
						[
							-91.17043,
							43.17017
						],
						[
							-91.16824,
							43.17157
						],
						[
							-91.16404,
							43.17437
						],
						[
							-91.16184,
							43.17577
						],
						[
							-91.15763,
							43.17857
						],
						[
							-91.15543,
							43.17997
						],
						[
							-91.15524,
							43.18298
						],
						[
							-91.15104,
							43.18578
						],
						[
							-91.14884,
							43.18717
						],
						[
							-91.14463,
							43.18997
						],
						[
							-91.14243,
							43.19138
						],
						[
							-91.13824,
							43.19418
						],
						[
							-91.13604,
							43.19557
						],
						[
							-91.13184,
							43.19838
						],
						[
							-91.12963,
							43.19978
						],
						[
							-91.12543,
							43.20258
						],
						[
							-91.12324,
							43.20397
						],
						[
							-91.11904,
							43.20677
						],
						[
							-91.11684,
							43.20818
						],
						[
							-91.11263,
							43.21098
						],
						[
							-91.11043,
							43.21237
						],
						[
							-91.10833,
							43.21378
						],
						[
							-91.10813,
							43.21677
						],
						[
							-91.10793,
							43.21828
						],
						[
							-91.10793,
							43.21977
						],
						[
							-91.10774,
							43.22118
						],
						[
							-91.10744,
							43.22567
						],
						[
							-91.10323,
							43.22847
						],
						[
							-91.10104,
							43.22987
						],
						[
							-91.09893,
							43.23127
						],
						[
							-91.09673,
							43.23267
						],
						[
							-91.09254,
							43.23547
						],
						[
							-91.09243,
							43.23698
						],
						[
							-91.09023,
							43.23837
						],
						[
							-91.09014,
							43.23978
						],
						[
							-91.08804,
							43.24117
						],
						[
							-91.08794,
							43.24267
						],
						[
							-91.08573,
							43.24407
						],
						[
							-91.08564,
							43.24558
						],
						[
							-91.08353,
							43.24697
						],
						[
							-91.08324,
							43.25147
						],
						[
							-91.08303,
							43.25297
						],
						[
							-91.08303,
							43.25437
						],
						[
							-91.08283,
							43.25588
						],
						[
							-91.08274,
							43.25737
						],
						[
							-91.08244,
							43.26177
						],
						[
							-91.08234,
							43.26328
						],
						[
							-91.08204,
							43.26767
						],
						[
							-91.08184,
							43.26917
						],
						[
							-91.08144,
							43.27507
						],
						[
							-91.08123,
							43.27808
						],
						[
							-91.08103,
							43.28108
						],
						[
							-91.08083,
							43.28257
						],
						[
							-91.08054,
							43.28697
						],
						[
							-91.08013,
							43.29287
						],
						[
							-91.07984,
							43.29737
						],
						[
							-91.07964,
							43.29877
						],
						[
							-91.07964,
							43.30037
						],
						[
							-91.07945,
							43.30177
						],
						[
							-91.08134,
							43.30338
						],
						[
							-91.08123,
							43.30477
						],
						[
							-91.08314,
							43.30637
						],
						[
							-91.08303,
							43.30788
						],
						[
							-91.08504,
							43.30947
						],
						[
							-91.08494,
							43.31087
						],
						[
							-91.08683,
							43.31248
						],
						[
							-91.08874,
							43.31407
						],
						[
							-91.08854,
							43.31697
						],
						[
							-91.09043,
							43.31857
						],
						[
							-91.09034,
							43.32007
						],
						[
							-91.09223,
							43.32157
						],
						[
							-91.09214,
							43.32307
						],
						[
							-91.09403,
							43.32457
						],
						[
							-91.09594,
							43.32617
						],
						[
							-91.09783,
							43.32777
						],
						[
							-91.09983,
							43.32927
						],
						[
							-91.10363,
							43.33247
						],
						[
							-91.10554,
							43.33398
						],
						[
							-91.10744,
							43.33557
						],
						[
							-91.10944,
							43.33707
						],
						[
							-91.11134,
							43.33868
						],
						[
							-91.11324,
							43.34027
						],
						[
							-91.11513,
							43.34177
						],
						[
							-91.11724,
							43.34187
						],
						[
							-91.11913,
							43.34337
						],
						[
							-91.12113,
							43.34358
						],
						[
							-91.12304,
							43.34507
						],
						[
							-91.12513,
							43.34518
						],
						[
							-91.12704,
							43.34677
						],
						[
							-91.12904,
							43.34677
						],
						[
							-91.13094,
							43.34837
						],
						[
							-91.13294,
							43.34847
						],
						[
							-91.13494,
							43.34997
						],
						[
							-91.13694,
							43.35007
						],
						[
							-91.13883,
							43.35167
						],
						[
							-91.14083,
							43.35177
						],
						[
							-91.14283,
							43.35327
						],
						[
							-91.14484,
							43.35337
						],
						[
							-91.14674,
							43.35487
						],
						[
							-91.14884,
							43.35497
						],
						[
							-91.15073,
							43.35657
						],
						[
							-91.15273,
							43.35667
						],
						[
							-91.15464,
							43.35817
						],
						[
							-91.16074,
							43.35847
						],
						[
							-91.16274,
							43.35847
						],
						[
							-91.17083,
							43.35887
						],
						[
							-91.17284,
							43.36037
						],
						[
							-91.17484,
							43.36047
						],
						[
							-91.17673,
							43.36208
						],
						[
							-91.17873,
							43.36217
						],
						[
							-91.18073,
							43.36367
						],
						[
							-91.18273,
							43.36377
						],
						[
							-91.18464,
							43.36527
						],
						[
							-91.18874,
							43.36547
						],
						[
							-91.19064,
							43.36707
						],
						[
							-91.19254,
							43.36857
						],
						[
							-91.19643,
							43.37167
						],
						[
							-91.20023,
							43.37487
						],
						[
							-91.20214,
							43.37637
						],
						[
							-91.20414,
							43.37797
						],
						[
							-91.20603,
							43.37947
						],
						[
							-91.20794,
							43.38107
						],
						[
							-91.21183,
							43.38417
						],
						[
							-91.21374,
							43.38577
						],
						[
							-91.21354,
							43.38867
						],
						[
							-91.21543,
							43.39027
						],
						[
							-91.21534,
							43.39167
						],
						[
							-91.21723,
							43.39327
						],
						[
							-91.21714,
							43.39477
						],
						[
							-91.21903,
							43.39637
						],
						[
							-91.21894,
							43.39787
						],
						[
							-91.22083,
							43.39937
						],
						[
							-91.22074,
							43.40086
						],
						[
							-91.22274,
							43.40247
						],
						[
							-91.22263,
							43.40387
						],
						[
							-91.22454,
							43.40547
						],
						[
							-91.22443,
							43.40697
						],
						[
							-91.22634,
							43.40857
						],
						[
							-91.22623,
							43.40997
						],
						[
							-91.22814,
							43.41157
						],
						[
							-91.22804,
							43.41297
						],
						[
							-91.22994,
							43.41457
						],
						[
							-91.22984,
							43.41607
						],
						[
							-91.23174,
							43.41756
						],
						[
							-91.23174,
							43.41907
						],
						[
							-91.23364,
							43.42067
						],
						[
							-91.23354,
							43.42217
						],
						[
							-91.23543,
							43.42367
						],
						[
							-91.23534,
							43.42517
						],
						[
							-91.23724,
							43.42677
						],
						[
							-91.23714,
							43.42827
						],
						[
							-91.23904,
							43.42977
						],
						[
							-91.23893,
							43.43127
						],
						[
							-91.24084,
							43.43277
						],
						[
							-91.24073,
							43.43437
						],
						[
							-91.24274,
							43.43587
						],
						[
							-91.24253,
							43.43727
						],
						[
							-91.24453,
							43.43887
						],
						[
							-91.24444,
							43.44037
						],
						[
							-91.24633,
							43.44196
						],
						[
							-91.24824,
							43.44347
						],
						[
							-91.25013,
							43.44507
						],
						[
							-91.25214,
							43.44656
						],
						[
							-91.25594,
							43.44977
						],
						[
							-91.25784,
							43.45126
						],
						[
							-91.25983,
							43.45287
						],
						[
							-91.26174,
							43.45437
						],
						[
							-91.26364,
							43.45597
						],
						[
							-91.26564,
							43.45747
						],
						[
							-91.26944,
							43.46066
						],
						[
							-91.27134,
							43.46217
						],
						[
							-91.27335,
							43.46367
						],
						[
							-91.27715,
							43.46687
						],
						[
							-91.27914,
							43.46847
						],
						[
							-91.28105,
							43.46997
						],
						[
							-91.28294,
							43.47156
						],
						[
							-91.28275,
							43.47456
						],
						[
							-91.28264,
							43.47597
						],
						[
							-91.28235,
							43.48047
						],
						[
							-91.28224,
							43.48186
						],
						[
							-91.28195,
							43.48637
						],
						[
							-91.27974,
							43.48766
						],
						[
							-91.27765,
							43.48917
						],
						[
							-91.27545,
							43.49057
						],
						[
							-91.27124,
							43.49337
						],
						[
							-91.26904,
							43.49477
						],
						[
							-91.26695,
							43.49616
						],
						[
							-91.26474,
							43.49757
						],
						[
							-91.26265,
							43.49896
						],
						[
							-91.26045,
							43.50037
						],
						[
							-91.25834,
							43.50176
						],
						[
							-91.25623,
							43.50317
						],
						[
							-91.25404,
							43.50457
						],
						[
							-91.24984,
							43.50737
						],
						[
							-91.24764,
							43.50877
						],
						[
							-91.24554,
							43.51017
						],
						[
							-91.24335,
							43.51157
						],
						[
							-91.24123,
							43.51297
						],
						[
							-91.23904,
							43.51437
						],
						[
							-91.23484,
							43.51717
						],
						[
							-91.23864,
							43.52036
						],
						[
							-91.23845,
							43.52326
						],
						[
							-91.24033,
							43.52486
						],
						[
							-91.24025,
							43.52637
						],
						[
							-91.24013,
							43.52776
						],
						[
							-91.24004,
							43.52927
						],
						[
							-91.23983,
							43.53227
						],
						[
							-91.24374,
							43.53536
						],
						[
							-91.24354,
							43.53686
						],
						[
							-91.24335,
							43.53986
						],
						[
							-91.24323,
							43.54127
						],
						[
							-91.24275,
							43.54867
						],
						[
							-91.24244,
							43.55317
						],
						[
							-91.24025,
							43.55456
						],
						[
							-91.23814,
							43.55597
						],
						[
							-91.23795,
							43.55897
						],
						[
							-91.23783,
							43.56036
						],
						[
							-91.23754,
							43.56487
						],
						[
							-91.23735,
							43.56627
						],
						[
							-91.23685,
							43.57367
						],
						[
							-91.23673,
							43.57516
						],
						[
							-91.23645,
							43.57967
						],
						[
							-91.23634,
							43.58106
						],
						[
							-91.23604,
							43.58556
						],
						[
							-91.23584,
							43.58697
						],
						[
							-91.23784,
							43.58856
						],
						[
							-91.23774,
							43.59007
						],
						[
							-91.23964,
							43.59156
						],
						[
							-91.23955,
							43.59316
						],
						[
							-91.24144,
							43.59466
						],
						[
							-91.24124,
							43.59756
						],
						[
							-91.24095,
							43.60207
						],
						[
							-91.24074,
							43.60506
						],
						[
							-91.24034,
							43.61096
						],
						[
							-91.24025,
							43.61247
						],
						[
							-91.24005,
							43.61386
						],
						[
							-91.23964,
							43.61976
						],
						[
							-91.23924,
							43.62576
						],
						[
							-91.24115,
							43.62727
						],
						[
							-91.24104,
							43.62877
						],
						[
							-91.24295,
							43.63036
						],
						[
							-91.24275,
							43.63337
						],
						[
							-91.24254,
							43.63627
						],
						[
							-91.24225,
							43.64076
						],
						[
							-91.24414,
							43.64226
						],
						[
							-91.24405,
							43.64377
						],
						[
							-91.24594,
							43.64526
						],
						[
							-91.24585,
							43.64677
						],
						[
							-91.24785,
							43.64837
						],
						[
							-91.24765,
							43.65127
						],
						[
							-91.24745,
							43.65276
						],
						[
							-91.24945,
							43.65437
						],
						[
							-91.24904,
							43.66026
						],
						[
							-91.24884,
							43.66176
						],
						[
							-91.24875,
							43.66327
						],
						[
							-91.24844,
							43.66766
						],
						[
							-91.24835,
							43.66917
						],
						[
							-91.24814,
							43.67216
						],
						[
							-91.24774,
							43.67806
						],
						[
							-91.24765,
							43.67956
						],
						[
							-91.24745,
							43.68097
						],
						[
							-91.24745,
							43.68247
						],
						[
							-91.24734,
							43.68397
						],
						[
							-91.24715,
							43.68546
						],
						[
							-91.24704,
							43.68686
						],
						[
							-91.24675,
							43.69137
						],
						[
							-91.24634,
							43.69727
						],
						[
							-91.24625,
							43.69877
						],
						[
							-91.24594,
							43.70316
						],
						[
							-91.24574,
							43.70617
						],
						[
							-91.24554,
							43.70766
						],
						[
							-91.24544,
							43.70906
						],
						[
							-91.24504,
							43.71506
						],
						[
							-91.24495,
							43.71657
						],
						[
							-91.24434,
							43.72536
						],
						[
							-91.24414,
							43.72687
						],
						[
							-91.24405,
							43.72836
						],
						[
							-91.24374,
							43.73276
						],
						[
							-91.24365,
							43.73426
						],
						[
							-91.24344,
							43.73716
						],
						[
							-91.24335,
							43.73876
						],
						[
							-91.24324,
							43.74017
						],
						[
							-91.24295,
							43.74466
						],
						[
							-91.24284,
							43.74606
						],
						[
							-91.24275,
							43.74766
						],
						[
							-91.24254,
							43.74907
						],
						[
							-91.24225,
							43.75356
						],
						[
							-91.24214,
							43.75496
						],
						[
							-91.24194,
							43.75796
						],
						[
							-91.23984,
							43.75936
						],
						[
							-91.23964,
							43.76086
						],
						[
							-91.23944,
							43.76376
						],
						[
							-91.23904,
							43.76976
						],
						[
							-91.24095,
							43.77126
						],
						[
							-91.24484,
							43.77436
						],
						[
							-91.24475,
							43.77586
						],
						[
							-91.24675,
							43.77596
						],
						[
							-91.24875,
							43.77746
						],
						[
							-91.25064,
							43.77906
						],
						[
							-91.25264,
							43.78066
						],
						[
							-91.25464,
							43.78066
						],
						[
							-91.25455,
							43.78216
						],
						[
							-91.25644,
							43.78376
						],
						[
							-91.25844,
							43.78526
						],
						[
							-91.26035,
							43.78686
						],
						[
							-91.26224,
							43.78836
						],
						[
							-91.26215,
							43.78986
						],
						[
							-91.26414,
							43.79146
						],
						[
							-91.26404,
							43.79296
						],
						[
							-91.26595,
							43.79446
						],
						[
							-91.26784,
							43.79606
						],
						[
							-91.26775,
							43.79756
						],
						[
							-91.26744,
							43.80196
						],
						[
							-91.26715,
							43.80646
						],
						[
							-91.26674,
							43.81235
						],
						[
							-91.26654,
							43.81386
						],
						[
							-91.26854,
							43.81536
						],
						[
							-91.26825,
							43.81976
						],
						[
							-91.27205,
							43.82296
						],
						[
							-91.27185,
							43.82586
						],
						[
							-91.27385,
							43.82746
						],
						[
							-91.27574,
							43.82896
						],
						[
							-91.27554,
							43.83196
						],
						[
							-91.27745,
							43.83346
						],
						[
							-91.27945,
							43.83506
						],
						[
							-91.27934,
							43.83655
						],
						[
							-91.28125,
							43.83816
						],
						[
							-91.28114,
							43.83956
						],
						[
							-91.28305,
							43.84116
						],
						[
							-91.28294,
							43.84266
						],
						[
							-91.28494,
							43.84415
						],
						[
							-91.28485,
							43.84566
						],
						[
							-91.28674,
							43.84716
						],
						[
							-91.28865,
							43.84876
						],
						[
							-91.29065,
							43.85026
						],
						[
							-91.29054,
							43.85186
						],
						[
							-91.29245,
							43.85336
						],
						[
							-91.29445,
							43.85345
						],
						[
							-91.29645,
							43.85496
						],
						[
							-91.29834,
							43.85656
						],
						[
							-91.30034,
							43.85806
						],
						[
							-91.30014,
							43.86107
						],
						[
							-91.30205,
							43.86256
						],
						[
							-91.30194,
							43.86406
						],
						[
							-91.30385,
							43.86566
						],
						[
							-91.30774,
							43.86876
						],
						[
							-91.30974,
							43.87036
						],
						[
							-91.31165,
							43.87186
						],
						[
							-91.31354,
							43.87346
						],
						[
							-91.31555,
							43.87496
						],
						[
							-91.31534,
							43.87796
						],
						[
							-91.31724,
							43.87946
						],
						[
							-91.31705,
							43.88246
						],
						[
							-91.31894,
							43.88406
						],
						[
							-91.32094,
							43.88556
						],
						[
							-91.32085,
							43.88705
						],
						[
							-91.32274,
							43.88856
						],
						[
							-91.32265,
							43.89006
						],
						[
							-91.32454,
							43.89166
						],
						[
							-91.32655,
							43.89316
						],
						[
							-91.32845,
							43.89476
						],
						[
							-91.33056,
							43.89486
						],
						[
							-91.33245,
							43.89635
						],
						[
							-91.33456,
							43.89646
						],
						[
							-91.33645,
							43.89806
						],
						[
							-91.33845,
							43.89816
						],
						[
							-91.34045,
							43.89966
						],
						[
							-91.34235,
							43.90126
						],
						[
							-91.34205,
							43.90566
						],
						[
							-91.33996,
							43.90706
						],
						[
							-91.34185,
							43.90866
						],
						[
							-91.34396,
							43.90866
						],
						[
							-91.34596,
							43.90876
						],
						[
							-91.34556,
							43.91466
						],
						[
							-91.34745,
							43.91626
						],
						[
							-91.34736,
							43.91775
						],
						[
							-91.34714,
							43.92065
						],
						[
							-91.34705,
							43.92216
						],
						[
							-91.35096,
							43.92525
						],
						[
							-91.35285,
							43.92686
						],
						[
							-91.35485,
							43.92836
						],
						[
							-91.35676,
							43.92995
						],
						[
							-91.35876,
							43.93146
						],
						[
							-91.36065,
							43.93306
						],
						[
							-91.36256,
							43.93465
						],
						[
							-91.36256,
							43.93606
						],
						[
							-91.36445,
							43.93766
						],
						[
							-91.36436,
							43.93916
						],
						[
							-91.36825,
							43.94226
						],
						[
							-91.37015,
							43.94376
						],
						[
							-91.37215,
							43.94536
						],
						[
							-91.37196,
							43.94675
						],
						[
							-91.37185,
							43.94825
						],
						[
							-91.37385,
							43.94986
						],
						[
							-91.37165,
							43.95126
						],
						[
							-91.37365,
							43.95286
						],
						[
							-91.37565,
							43.95286
						],
						[
							-91.37775,
							43.95295
						],
						[
							-91.37965,
							43.95446
						],
						[
							-91.38175,
							43.95456
						],
						[
							-91.38366,
							43.95616
						],
						[
							-91.38755,
							43.95925
						],
						[
							-91.38946,
							43.96086
						],
						[
							-91.39146,
							43.96236
						],
						[
							-91.39535,
							43.96546
						],
						[
							-91.39726,
							43.96706
						],
						[
							-91.39925,
							43.96856
						],
						[
							-91.40336,
							43.96876
						],
						[
							-91.40536,
							43.96876
						],
						[
							-91.40736,
							43.97036
						],
						[
							-91.41135,
							43.97055
						],
						[
							-91.41335,
							43.97206
						],
						[
							-91.41524,
							43.97355
						],
						[
							-91.41515,
							43.97516
						],
						[
							-91.41505,
							43.97655
						],
						[
							-91.41476,
							43.98106
						],
						[
							-91.41676,
							43.98255
						],
						[
							-91.41865,
							43.98416
						],
						[
							-91.42065,
							43.98565
						],
						[
							-91.42255,
							43.98726
						],
						[
							-91.42455,
							43.98875
						],
						[
							-91.42655,
							43.98886
						],
						[
							-91.42846,
							43.99045
						],
						[
							-91.43046,
							43.99196
						],
						[
							-91.43235,
							43.99356
						],
						[
							-91.43435,
							43.99506
						],
						[
							-91.43635,
							43.99515
						],
						[
							-91.43835,
							43.99665
						],
						[
							-91.43825,
							43.99816
						],
						[
							-91.44015,
							43.99975
						],
						[
							-91.44215,
							44.00126
						],
						[
							-91.44405,
							44.00286
						],
						[
							-91.44616,
							44.00296
						],
						[
							-91.44805,
							44.00446
						],
						[
							-91.45216,
							44.00466
						],
						[
							-91.45425,
							44.00466
						],
						[
							-91.45805,
							44.00786
						],
						[
							-91.45805,
							44.00925
						],
						[
							-91.46415,
							44.00956
						],
						[
							-91.46615,
							44.00956
						],
						[
							-91.47036,
							44.00976
						],
						[
							-91.47425,
							44.01285
						],
						[
							-91.47416,
							44.01436
						],
						[
							-91.47616,
							44.01436
						],
						[
							-91.47805,
							44.01596
						],
						[
							-91.48016,
							44.01596
						],
						[
							-91.48235,
							44.01466
						],
						[
							-91.48435,
							44.01476
						],
						[
							-91.48646,
							44.01476
						],
						[
							-91.48835,
							44.01635
						],
						[
							-91.48826,
							44.01786
						],
						[
							-91.48785,
							44.02376
						],
						[
							-91.49175,
							44.02685
						],
						[
							-91.49165,
							44.02826
						],
						[
							-91.49355,
							44.02986
						],
						[
							-91.49566,
							44.02986
						],
						[
							-91.49766,
							44.03145
						],
						[
							-91.49955,
							44.03306
						],
						[
							-91.50155,
							44.03306
						],
						[
							-91.50365,
							44.03316
						],
						[
							-91.50555,
							44.03476
						],
						[
							-91.50535,
							44.03766
						],
						[
							-91.50735,
							44.03926
						],
						[
							-91.50935,
							44.03936
						],
						[
							-91.51156,
							44.03785
						],
						[
							-91.51565,
							44.03805
						],
						[
							-91.51765,
							44.03805
						],
						[
							-91.51965,
							44.03965
						],
						[
							-91.52166,
							44.03975
						],
						[
							-91.52366,
							44.04136
						],
						[
							-91.52566,
							44.04136
						],
						[
							-91.52766,
							44.04296
						],
						[
							-91.52966,
							44.04306
						],
						[
							-91.53175,
							44.04306
						],
						[
							-91.53185,
							44.04156
						],
						[
							-91.53396,
							44.04016
						],
						[
							-91.54015,
							44.04046
						],
						[
							-91.54024,
							44.03885
						],
						[
							-91.54246,
							44.03756
						],
						[
							-91.54446,
							44.03756
						],
						[
							-91.54645,
							44.03766
						],
						[
							-91.55085,
							44.03486
						],
						[
							-91.55276,
							44.03646
						],
						[
							-91.55476,
							44.03796
						],
						[
							-91.55665,
							44.03956
						],
						[
							-91.55865,
							44.04106
						],
						[
							-91.55645,
							44.04245
						],
						[
							-91.55445,
							44.04236
						],
						[
							-91.55225,
							44.04375
						],
						[
							-91.55205,
							44.04676
						],
						[
							-91.55395,
							44.04836
						],
						[
							-91.55186,
							44.04976
						],
						[
							-91.55175,
							44.05125
						],
						[
							-91.55375,
							44.05125
						],
						[
							-91.55585,
							44.05136
						],
						[
							-91.55595,
							44.04986
						],
						[
							-91.55816,
							44.04845
						],
						[
							-91.56025,
							44.04706
						],
						[
							-91.56235,
							44.04716
						],
						[
							-91.56435,
							44.04715
						],
						[
							-91.56635,
							44.04876
						],
						[
							-91.56625,
							44.05025
						],
						[
							-91.56605,
							44.05175
						],
						[
							-91.56805,
							44.05326
						],
						[
							-91.56795,
							44.05476
						],
						[
							-91.57004,
							44.05476
						],
						[
							-91.57206,
							44.05486
						],
						[
							-91.57426,
							44.05345
						],
						[
							-91.57455,
							44.04906
						],
						[
							-91.57665,
							44.04766
						],
						[
							-91.57865,
							44.04916
						],
						[
							-91.58065,
							44.04925
						],
						[
							-91.58085,
							44.04626
						],
						[
							-91.58305,
							44.04486
						],
						[
							-91.58495,
							44.04646
						],
						[
							-91.58695,
							44.04796
						],
						[
							-91.58895,
							44.04806
						],
						[
							-91.58906,
							44.04655
						],
						[
							-91.59126,
							44.04516
						],
						[
							-91.59135,
							44.04375
						],
						[
							-91.58935,
							44.04216
						],
						[
							-91.58955,
							44.03916
						],
						[
							-91.58765,
							44.03766
						],
						[
							-91.58976,
							44.03625
						],
						[
							-91.59185,
							44.03625
						],
						[
							-91.59376,
							44.03786
						],
						[
							-91.59576,
							44.03946
						],
						[
							-91.59565,
							44.04086
						],
						[
							-91.59756,
							44.04236
						],
						[
							-91.59956,
							44.04396
						],
						[
							-91.60145,
							44.04556
						],
						[
							-91.60345,
							44.04706
						],
						[
							-91.60535,
							44.04866
						],
						[
							-91.60516,
							44.05156
						],
						[
							-91.60716,
							44.05316
						],
						[
							-91.60915,
							44.05316
						],
						[
							-91.61536,
							44.05345
						],
						[
							-91.61736,
							44.05506
						],
						[
							-91.61935,
							44.05506
						],
						[
							-91.62145,
							44.05516
						],
						[
							-91.62337,
							44.05665
						],
						[
							-91.62546,
							44.05676
						],
						[
							-91.62736,
							44.05826
						],
						[
							-91.62945,
							44.05836
						],
						[
							-91.63136,
							44.05996
						],
						[
							-91.63345,
							44.05996
						],
						[
							-91.63547,
							44.06006
						],
						[
							-91.63747,
							44.06166
						],
						[
							-91.63936,
							44.06316
						],
						[
							-91.64136,
							44.06466
						],
						[
							-91.64326,
							44.06626
						],
						[
							-91.64716,
							44.06936
						],
						[
							-91.64706,
							44.07086
						],
						[
							-91.64906,
							44.07236
						],
						[
							-91.65095,
							44.07396
						],
						[
							-91.65295,
							44.07545
						],
						[
							-91.65495,
							44.07556
						],
						[
							-91.65697,
							44.07716
						],
						[
							-91.65686,
							44.07866
						],
						[
							-91.65897,
							44.07865
						],
						[
							-91.66086,
							44.08026
						],
						[
							-91.66286,
							44.08176
						],
						[
							-91.66476,
							44.08326
						],
						[
							-91.66676,
							44.08486
						],
						[
							-91.66866,
							44.08646
						],
						[
							-91.66856,
							44.08786
						],
						[
							-91.67065,
							44.08796
						],
						[
							-91.67256,
							44.08956
						],
						[
							-91.67245,
							44.09096
						],
						[
							-91.67445,
							44.09256
						],
						[
							-91.67645,
							44.09405
						],
						[
							-91.67625,
							44.09556
						],
						[
							-91.67836,
							44.09566
						],
						[
							-91.68036,
							44.09716
						],
						[
							-91.68246,
							44.09576
						],
						[
							-91.68446,
							44.09736
						],
						[
							-91.68646,
							44.09736
						],
						[
							-91.69266,
							44.09766
						],
						[
							-91.69466,
							44.09766
						],
						[
							-91.69876,
							44.09786
						],
						[
							-91.70087,
							44.09785
						],
						[
							-91.70287,
							44.09796
						],
						[
							-91.70486,
							44.09956
						],
						[
							-91.70686,
							44.09956
						],
						[
							-91.70886,
							44.10116
						],
						[
							-91.71086,
							44.10266
						],
						[
							-91.71275,
							44.10426
						],
						[
							-91.71266,
							44.10576
						],
						[
							-91.71466,
							44.10726
						],
						[
							-91.71455,
							44.10875
						],
						[
							-91.71646,
							44.11036
						],
						[
							-91.71846,
							44.11185
						],
						[
							-91.72057,
							44.11185
						],
						[
							-91.72246,
							44.11345
						],
						[
							-91.72446,
							44.11506
						],
						[
							-91.72636,
							44.11655
						],
						[
							-91.73045,
							44.11676
						],
						[
							-91.73256,
							44.11676
						],
						[
							-91.73467,
							44.11686
						],
						[
							-91.73656,
							44.11835
						],
						[
							-91.73856,
							44.11996
						],
						[
							-91.74046,
							44.12156
						],
						[
							-91.74246,
							44.12306
						],
						[
							-91.74446,
							44.12316
						],
						[
							-91.74657,
							44.12316
						],
						[
							-91.74846,
							44.12475
						],
						[
							-91.75046,
							44.12636
						],
						[
							-91.75246,
							44.12776
						],
						[
							-91.75236,
							44.12936
						],
						[
							-91.75426,
							44.13086
						],
						[
							-91.75636,
							44.13096
						],
						[
							-91.76025,
							44.13406
						],
						[
							-91.76016,
							44.13546
						],
						[
							-91.76205,
							44.13705
						],
						[
							-91.76405,
							44.13856
						],
						[
							-91.76616,
							44.13866
						],
						[
							-91.76807,
							44.14016
						],
						[
							-91.77007,
							44.14176
						],
						[
							-91.77196,
							44.14326
						],
						[
							-91.77406,
							44.14335
						],
						[
							-91.77595,
							44.14496
						],
						[
							-91.77795,
							44.14646
						],
						[
							-91.78186,
							44.14956
						],
						[
							-91.78386,
							44.15116
						],
						[
							-91.78577,
							44.15266
						],
						[
							-91.78786,
							44.15275
						],
						[
							-91.78996,
							44.15276
						],
						[
							-91.79185,
							44.15436
						],
						[
							-91.79385,
							44.15596
						],
						[
							-91.79585,
							44.15745
						],
						[
							-91.79787,
							44.15745
						],
						[
							-91.79987,
							44.15905
						],
						[
							-91.80176,
							44.16066
						],
						[
							-91.80376,
							44.16066
						],
						[
							-91.80576,
							44.16225
						],
						[
							-91.80776,
							44.16376
						],
						[
							-91.80975,
							44.16386
						],
						[
							-91.81177,
							44.16546
						],
						[
							-91.81377,
							44.16696
						],
						[
							-91.81566,
							44.16856
						],
						[
							-91.81766,
							44.17006
						],
						[
							-91.81956,
							44.17155
						],
						[
							-91.82156,
							44.17315
						],
						[
							-91.82146,
							44.17466
						],
						[
							-91.82346,
							44.17616
						],
						[
							-91.82536,
							44.17765
						],
						[
							-91.82526,
							44.17916
						],
						[
							-91.82726,
							44.18076
						],
						[
							-91.82926,
							44.18086
						],
						[
							-91.83125,
							44.18236
						],
						[
							-91.83328,
							44.18386
						],
						[
							-91.83317,
							44.18536
						],
						[
							-91.83508,
							44.18696
						],
						[
							-91.83508,
							44.18846
						],
						[
							-91.83697,
							44.18996
						],
						[
							-91.83686,
							44.19146
						],
						[
							-91.83888,
							44.19295
						],
						[
							-91.84077,
							44.19456
						],
						[
							-91.84277,
							44.19616
						],
						[
							-91.84476,
							44.19765
						],
						[
							-91.84667,
							44.19916
						],
						[
							-91.84867,
							44.20076
						],
						[
							-91.85056,
							44.20226
						],
						[
							-91.85256,
							44.20376
						],
						[
							-91.85456,
							44.20536
						],
						[
							-91.85647,
							44.20696
						],
						[
							-91.86047,
							44.20996
						],
						[
							-91.86237,
							44.21155
						],
						[
							-91.86626,
							44.21466
						],
						[
							-91.86826,
							44.21616
						],
						[
							-91.87026,
							44.21776
						],
						[
							-91.87017,
							44.21915
						],
						[
							-91.87206,
							44.22076
						],
						[
							-91.87406,
							44.22236
						],
						[
							-91.87807,
							44.22536
						],
						[
							-91.87997,
							44.22696
						],
						[
							-91.88207,
							44.22706
						],
						[
							-91.88407,
							44.22706
						],
						[
							-91.88996,
							44.23176
						],
						[
							-91.89397,
							44.23476
						],
						[
							-91.89376,
							44.23775
						],
						[
							-91.89367,
							44.23926
						],
						[
							-91.89147,
							44.24066
						],
						[
							-91.89136,
							44.24206
						],
						[
							-91.88927,
							44.24356
						],
						[
							-91.88906,
							44.24646
						],
						[
							-91.88877,
							44.25097
						],
						[
							-91.88857,
							44.25386
						],
						[
							-91.89446,
							44.25856
						],
						[
							-91.89646,
							44.26006
						],
						[
							-91.89846,
							44.26166
						],
						[
							-91.90237,
							44.26476
						],
						[
							-91.90437,
							44.26476
						],
						[
							-91.90636,
							44.26636
						],
						[
							-91.90836,
							44.26786
						],
						[
							-91.91027,
							44.26946
						],
						[
							-91.91236,
							44.26946
						],
						[
							-91.91438,
							44.27106
						],
						[
							-91.91627,
							44.27266
						],
						[
							-91.91616,
							44.27405
						],
						[
							-91.91818,
							44.27566
						],
						[
							-91.92027,
							44.27576
						],
						[
							-91.92017,
							44.27716
						],
						[
							-91.92207,
							44.27875
						],
						[
							-91.92187,
							44.28165
						],
						[
							-91.92387,
							44.28326
						],
						[
							-91.92356,
							44.28766
						],
						[
							-91.92356,
							44.28916
						],
						[
							-91.92336,
							44.29056
						],
						[
							-91.92536,
							44.29216
						],
						[
							-91.92736,
							44.29366
						],
						[
							-91.92707,
							44.29816
						],
						[
							-91.92497,
							44.29956
						],
						[
							-91.92477,
							44.30256
						],
						[
							-91.92257,
							44.30396
						],
						[
							-91.92046,
							44.30536
						],
						[
							-91.92027,
							44.30826
						],
						[
							-91.91997,
							44.31276
						],
						[
							-91.92197,
							44.31426
						],
						[
							-91.92387,
							44.31586
						],
						[
							-91.92597,
							44.31586
						],
						[
							-91.92557,
							44.32176
						],
						[
							-91.92957,
							44.32496
						],
						[
							-91.93147,
							44.32646
						],
						[
							-91.93346,
							44.32796
						],
						[
							-91.93546,
							44.32956
						],
						[
							-91.93746,
							44.32956
						],
						[
							-91.93737,
							44.33105
						],
						[
							-91.93937,
							44.33266
						],
						[
							-91.94137,
							44.33416
						],
						[
							-91.94327,
							44.33566
						],
						[
							-91.94327,
							44.33716
						],
						[
							-91.94517,
							44.33876
						],
						[
							-91.94727,
							44.33886
						],
						[
							-91.94927,
							44.33886
						],
						[
							-91.95127,
							44.34036
						],
						[
							-91.95108,
							44.34336
						],
						[
							-91.95097,
							44.34486
						],
						[
							-91.95297,
							44.34646
						],
						[
							-91.95508,
							44.34646
						],
						[
							-91.95897,
							44.34956
						],
						[
							-91.96097,
							44.35106
						],
						[
							-91.96287,
							44.35267
						],
						[
							-91.96487,
							44.35416
						],
						[
							-91.96687,
							44.35576
						],
						[
							-91.96678,
							44.35715
						],
						[
							-91.96878,
							44.35876
						],
						[
							-91.97067,
							44.36036
						],
						[
							-91.97287,
							44.35886
						],
						[
							-91.97478,
							44.36036
						],
						[
							-91.97877,
							44.36356
						],
						[
							-91.98088,
							44.36206
						],
						[
							-91.98297,
							44.36216
						],
						[
							-91.98517,
							44.36076
						],
						[
							-91.98718,
							44.36086
						],
						[
							-91.98927,
							44.36086
						],
						[
							-91.99127,
							44.36096
						],
						[
							-91.99347,
							44.35956
						],
						[
							-91.99547,
							44.35956
						],
						[
							-91.99768,
							44.35815
						],
						[
							-91.99968,
							44.35976
						],
						[
							-91.99748,
							44.36116
						],
						[
							-91.99538,
							44.36256
						],
						[
							-91.99327,
							44.36256
						],
						[
							-91.99118,
							44.36396
						],
						[
							-91.99307,
							44.36546
						],
						[
							-91.99518,
							44.36556
						],
						[
							-91.99727,
							44.36556
						],
						[
							-91.99918,
							44.36716
						],
						[
							-92.00128,
							44.36716
						],
						[
							-92.00337,
							44.36726
						],
						[
							-92.00528,
							44.36876
						],
						[
							-92.00737,
							44.36886
						],
						[
							-92.00937,
							44.37046
						],
						[
							-92.01128,
							44.37196
						],
						[
							-92.01327,
							44.37346
						],
						[
							-92.01527,
							44.37506
						],
						[
							-92.01727,
							44.37516
						],
						[
							-92.01927,
							44.37666
						],
						[
							-92.02127,
							44.37826
						],
						[
							-92.02327,
							44.37976
						],
						[
							-92.02518,
							44.38126
						],
						[
							-92.02728,
							44.38136
						],
						[
							-92.02928,
							44.38286
						],
						[
							-92.03128,
							44.38296
						],
						[
							-92.03328,
							44.38456
						],
						[
							-92.03537,
							44.38456
						],
						[
							-92.03737,
							44.38466
						],
						[
							-92.03947,
							44.38466
						],
						[
							-92.04147,
							44.38627
						],
						[
							-92.04138,
							44.38776
						],
						[
							-92.04327,
							44.38926
						],
						[
							-92.04547,
							44.38786
						],
						[
							-92.04747,
							44.38946
						],
						[
							-92.04947,
							44.38946
						],
						[
							-92.05147,
							44.39096
						],
						[
							-92.05138,
							44.39246
						],
						[
							-92.05338,
							44.39406
						],
						[
							-92.05728,
							44.39716
						],
						[
							-92.05937,
							44.39716
						],
						[
							-92.06348,
							44.39737
						],
						[
							-92.06558,
							44.39737
						],
						[
							-92.06947,
							44.40046
						],
						[
							-92.07147,
							44.40196
						],
						[
							-92.07347,
							44.40206
						],
						[
							-92.07547,
							44.40366
						],
						[
							-92.07747,
							44.40516
						],
						[
							-92.07738,
							44.40665
						],
						[
							-92.07948,
							44.40666
						],
						[
							-92.08357,
							44.40686
						],
						[
							-92.08557,
							44.40836
						],
						[
							-92.08757,
							44.40846
						],
						[
							-92.08957,
							44.40996
						],
						[
							-92.09167,
							44.41006
						],
						[
							-92.09378,
							44.40866
						],
						[
							-92.09587,
							44.40866
						],
						[
							-92.09798,
							44.40876
						],
						[
							-92.09987,
							44.41026
						],
						[
							-92.10408,
							44.41047
						],
						[
							-92.10608,
							44.41047
						],
						[
							-92.11017,
							44.41066
						],
						[
							-92.11218,
							44.41216
						],
						[
							-92.11427,
							44.41226
						],
						[
							-92.11627,
							44.41226
						],
						[
							-92.11847,
							44.41086
						],
						[
							-92.12058,
							44.41086
						],
						[
							-92.12468,
							44.41106
						],
						[
							-92.12668,
							44.41106
						],
						[
							-92.13088,
							44.41125
						],
						[
							-92.13298,
							44.41137
						],
						[
							-92.13707,
							44.41137
						],
						[
							-92.13908,
							44.41146
						],
						[
							-92.14109,
							44.41305
						],
						[
							-92.14318,
							44.41306
						],
						[
							-92.14529,
							44.41176
						],
						[
							-92.14738,
							44.41176
						],
						[
							-92.14938,
							44.41327
						],
						[
							-92.15348,
							44.41346
						],
						[
							-92.15559,
							44.41196
						],
						[
							-92.15978,
							44.41216
						],
						[
							-92.16178,
							44.41366
						],
						[
							-92.16378,
							44.41366
						],
						[
							-92.16589,
							44.41376
						],
						[
							-92.16788,
							44.41526
						],
						[
							-92.16999,
							44.41386
						],
						[
							-92.17199,
							44.41546
						],
						[
							-92.17399,
							44.41556
						],
						[
							-92.17608,
							44.41556
						],
						[
							-92.17808,
							44.41716
						],
						[
							-92.18018,
							44.41716
						],
						[
							-92.18218,
							44.41726
						],
						[
							-92.18429,
							44.41726
						],
						[
							-92.18629,
							44.41736
						],
						[
							-92.18838,
							44.41736
						],
						[
							-92.19248,
							44.41756
						],
						[
							-92.19468,
							44.41616
						],
						[
							-92.19668,
							44.41626
						],
						[
							-92.19868,
							44.41776
						],
						[
							-92.20078,
							44.41776
						],
						[
							-92.20269,
							44.41936
						],
						[
							-92.20478,
							44.41936
						],
						[
							-92.20678,
							44.42096
						],
						[
							-92.20888,
							44.42106
						],
						[
							-92.21088,
							44.42106
						],
						[
							-92.21288,
							44.42256
						],
						[
							-92.21499,
							44.42267
						],
						[
							-92.21708,
							44.42126
						],
						[
							-92.21918,
							44.42136
						],
						[
							-92.22118,
							44.42136
						],
						[
							-92.22318,
							44.42296
						],
						[
							-92.22529,
							44.42296
						],
						[
							-92.22729,
							44.42306
						],
						[
							-92.22938,
							44.42306
						],
						[
							-92.23138,
							44.42466
						],
						[
							-92.23338,
							44.42466
						],
						[
							-92.23539,
							44.42626
						],
						[
							-92.23739,
							44.42776
						],
						[
							-92.24148,
							44.42796
						],
						[
							-92.24348,
							44.42946
						],
						[
							-92.24328,
							44.43236
						],
						[
							-92.24528,
							44.43396
						],
						[
							-92.24728,
							44.43546
						],
						[
							-92.24929,
							44.43706
						],
						[
							-92.25129,
							44.43856
						],
						[
							-92.25118,
							44.44006
						],
						[
							-92.25318,
							44.44166
						],
						[
							-92.25309,
							44.44307
						],
						[
							-92.25509,
							44.44456
						],
						[
							-92.25489,
							44.44756
						],
						[
							-92.25689,
							44.44906
						],
						[
							-92.25889,
							44.44916
						],
						[
							-92.26089,
							44.45067
						],
						[
							-92.26298,
							44.45076
						],
						[
							-92.26498,
							44.45236
						],
						[
							-92.26708,
							44.45086
						],
						[
							-92.26908,
							44.45246
						],
						[
							-92.27108,
							44.45396
						],
						[
							-92.27299,
							44.45556
						],
						[
							-92.27299,
							44.45696
						],
						[
							-92.27688,
							44.46006
						],
						[
							-92.27679,
							44.46156
						],
						[
							-92.27679,
							44.46306
						],
						[
							-92.27459,
							44.46446
						],
						[
							-92.27448,
							44.46586
						],
						[
							-92.27859,
							44.46606
						],
						[
							-92.28068,
							44.46606
						],
						[
							-92.28268,
							44.46766
						],
						[
							-92.28248,
							44.47066
						],
						[
							-92.28849,
							44.47516
						],
						[
							-92.28808,
							44.48106
						],
						[
							-92.29208,
							44.48426
						],
						[
							-92.29198,
							44.48566
						],
						[
							-92.29398,
							44.48726
						],
						[
							-92.29599,
							44.48875
						],
						[
							-92.29578,
							44.49176
						],
						[
							-92.29778,
							44.49326
						],
						[
							-92.29739,
							44.49916
						],
						[
							-92.29739,
							44.50066
						],
						[
							-92.29929,
							44.50216
						],
						[
							-92.29929,
							44.50366
						],
						[
							-92.299,
							44.50816
						],
						[
							-92.29888,
							44.50966
						],
						[
							-92.29869,
							44.51256
						],
						[
							-92.29869,
							44.51407
						],
						[
							-92.29849,
							44.51696
						],
						[
							-92.30049,
							44.51856
						],
						[
							-92.30039,
							44.51996
						],
						[
							-92.30019,
							44.52296
						],
						[
							-92.30218,
							44.52446
						],
						[
							-92.30418,
							44.52606
						],
						[
							-92.3062,
							44.52756
						],
						[
							-92.30598,
							44.53056
						],
						[
							-92.30798,
							44.53206
						],
						[
							-92.30778,
							44.53506
						],
						[
							-92.3118,
							44.53806
						],
						[
							-92.3138,
							44.53966
						],
						[
							-92.3158,
							44.54116
						],
						[
							-92.31969,
							44.54426
						],
						[
							-92.32179,
							44.54436
						],
						[
							-92.3239,
							44.54436
						],
						[
							-92.3259,
							44.54446
						],
						[
							-92.3279,
							44.54606
						],
						[
							-92.32999,
							44.54606
						],
						[
							-92.33199,
							44.54767
						],
						[
							-92.33398,
							44.54767
						],
						[
							-92.33609,
							44.54776
						],
						[
							-92.3382,
							44.54776
						],
						[
							-92.34019,
							44.54936
						],
						[
							-92.34428,
							44.54936
						],
						[
							-92.34839,
							44.54956
						],
						[
							-92.35039,
							44.55106
						],
						[
							-92.35249,
							44.55116
						],
						[
							-92.35458,
							44.55116
						],
						[
							-92.3566,
							44.55126
						],
						[
							-92.35869,
							44.55125
						],
						[
							-92.36079,
							44.55136
						],
						[
							-92.36269,
							44.55296
						],
						[
							-92.36479,
							44.55296
						],
						[
							-92.3669,
							44.55306
						],
						[
							-92.3689,
							44.55306
						],
						[
							-92.37099,
							44.55316
						],
						[
							-92.37309,
							44.55316
						],
						[
							-92.3772,
							44.55336
						],
						[
							-92.37929,
							44.55336
						],
						[
							-92.38339,
							44.55356
						],
						[
							-92.38539,
							44.55506
						],
						[
							-92.3875,
							44.55506
						],
						[
							-92.39159,
							44.55526
						],
						[
							-92.39359,
							44.55676
						],
						[
							-92.39558,
							44.55676
						],
						[
							-92.39769,
							44.55685
						],
						[
							-92.40189,
							44.55706
						],
						[
							-92.40599,
							44.55706
						],
						[
							-92.4081,
							44.55716
						],
						[
							-92.41009,
							44.55716
						],
						[
							-92.41209,
							44.55877
						],
						[
							-92.41419,
							44.55886
						],
						[
							-92.41629,
							44.55886
						],
						[
							-92.4182,
							44.56046
						],
						[
							-92.4202,
							44.56196
						],
						[
							-92.42229,
							44.56196
						],
						[
							-92.42639,
							44.56216
						],
						[
							-92.4285,
							44.56216
						],
						[
							-92.43059,
							44.56226
						],
						[
							-92.43259,
							44.56226
						],
						[
							-92.43459,
							44.56386
						],
						[
							-92.43669,
							44.56386
						],
						[
							-92.4388,
							44.56396
						],
						[
							-92.4408,
							44.56396
						],
						[
							-92.4428,
							44.56556
						],
						[
							-92.44489,
							44.56566
						],
						[
							-92.447,
							44.56566
						],
						[
							-92.449,
							44.56576
						],
						[
							-92.451,
							44.56726
						],
						[
							-92.4531,
							44.56736
						],
						[
							-92.45519,
							44.56737
						],
						[
							-92.45719,
							44.56746
						],
						[
							-92.4593,
							44.56746
						],
						[
							-92.4634,
							44.56766
						],
						[
							-92.46549,
							44.56766
						],
						[
							-92.46749,
							44.56926
						],
						[
							-92.4696,
							44.56926
						],
						[
							-92.4716,
							44.56936
						],
						[
							-92.4737,
							44.56936
						],
						[
							-92.47579,
							44.56946
						],
						[
							-92.47779,
							44.56946
						],
						[
							-92.48,
							44.56807
						],
						[
							-92.482,
							44.56817
						],
						[
							-92.48409,
							44.56817
						],
						[
							-92.4883,
							44.56836
						],
						[
							-92.49239,
							44.56836
						],
						[
							-92.4965,
							44.56856
						],
						[
							-92.4986,
							44.56856
						],
						[
							-92.50069,
							44.56866
						],
						[
							-92.50269,
							44.56866
						],
						[
							-92.50469,
							44.57026
						],
						[
							-92.5068,
							44.57026
						],
						[
							-92.5088,
							44.57176
						],
						[
							-92.5108,
							44.57336
						],
						[
							-92.51279,
							44.57486
						],
						[
							-92.51479,
							44.57496
						],
						[
							-92.5169,
							44.57496
						],
						[
							-92.521,
							44.57516
						],
						[
							-92.52309,
							44.57516
						],
						[
							-92.5252,
							44.57526
						],
						[
							-92.5272,
							44.57676
						],
						[
							-92.5292,
							44.57686
						],
						[
							-92.5313,
							44.57686
						],
						[
							-92.53539,
							44.57706
						],
						[
							-92.5396,
							44.57706
						],
						[
							-92.5417,
							44.57716
						],
						[
							-92.5436,
							44.57866
						],
						[
							-92.5436,
							44.58016
						],
						[
							-92.54749,
							44.58326
						],
						[
							-92.54949,
							44.58476
						],
						[
							-92.55149,
							44.58636
						],
						[
							-92.5555,
							44.58936
						],
						[
							-92.5575,
							44.59096
						],
						[
							-92.5574,
							44.59246
						],
						[
							-92.55939,
							44.59396
						],
						[
							-92.5593,
							44.59536
						],
						[
							-92.5613,
							44.59696
						],
						[
							-92.5633,
							44.59846
						],
						[
							-92.56539,
							44.59856
						],
						[
							-92.5675,
							44.59856
						],
						[
							-92.5695,
							44.59866
						],
						[
							-92.57149,
							44.60016
						],
						[
							-92.57349,
							44.60177
						],
						[
							-92.57549,
							44.60326
						],
						[
							-92.5776,
							44.60336
						],
						[
							-92.5796,
							44.60336
						],
						[
							-92.5817,
							44.60345
						],
						[
							-92.58379,
							44.60345
						],
						[
							-92.58579,
							44.60496
						],
						[
							-92.58779,
							44.60656
						],
						[
							-92.58981,
							44.60806
						],
						[
							-92.5918,
							44.60816
						],
						[
							-92.5939,
							44.60816
						],
						[
							-92.598,
							44.60836
						],
						[
							-92.6001,
							44.60836
						],
						[
							-92.6021,
							44.60986
						],
						[
							-92.6042,
							44.60996
						],
						[
							-92.60619,
							44.60995
						],
						[
							-92.6083,
							44.61006
						],
						[
							-92.6103,
							44.61156
						],
						[
							-92.6124,
							44.61166
						],
						[
							-92.61441,
							44.61166
						],
						[
							-92.61649,
							44.61176
						],
						[
							-92.6185,
							44.61326
						],
						[
							-92.6206,
							44.61336
						],
						[
							-92.6226,
							44.61486
						],
						[
							-92.62251,
							44.61636
						],
						[
							-92.62229,
							44.61936
						],
						[
							-92.6223,
							44.62076
						],
						[
							-92.6201,
							44.62226
						],
						[
							-92.62001,
							44.62366
						],
						[
							-92.62001,
							44.62516
						],
						[
							-92.61981,
							44.62816
						],
						[
							-92.6196,
							44.63116
						],
						[
							-92.62361,
							44.63416
						],
						[
							-92.62561,
							44.63576
						],
						[
							-92.62561,
							44.63717
						],
						[
							-92.6275,
							44.63866
						],
						[
							-92.62961,
							44.63876
						],
						[
							-92.63161,
							44.64026
						],
						[
							-92.63361,
							44.64186
						],
						[
							-92.6356,
							44.64336
						],
						[
							-92.6376,
							44.64496
						],
						[
							-92.63971,
							44.64496
						],
						[
							-92.64171,
							44.64646
						],
						[
							-92.64371,
							44.64656
						],
						[
							-92.64571,
							44.64806
						],
						[
							-92.64781,
							44.64806
						],
						[
							-92.6519,
							44.64826
						],
						[
							-92.65401,
							44.64825
						],
						[
							-92.65611,
							44.64836
						],
						[
							-92.65811,
							44.64986
						],
						[
							-92.65801,
							44.65136
						],
						[
							-92.66,
							44.65286
						],
						[
							-92.662,
							44.65446
						],
						[
							-92.6618,
							44.65736
						],
						[
							-92.6618,
							44.65886
						],
						[
							-92.6638,
							44.66047
						],
						[
							-92.66371,
							44.66186
						],
						[
							-92.66571,
							44.66336
						],
						[
							-92.66771,
							44.66496
						],
						[
							-92.66971,
							44.66646
						],
						[
							-92.6696,
							44.66797
						],
						[
							-92.6716,
							44.66946
						],
						[
							-92.6736,
							44.67106
						],
						[
							-92.67561,
							44.67106
						],
						[
							-92.6777,
							44.67256
						],
						[
							-92.6797,
							44.67416
						],
						[
							-92.6837,
							44.67716
						],
						[
							-92.68361,
							44.67866
						],
						[
							-92.68561,
							44.68026
						],
						[
							-92.6855,
							44.68166
						],
						[
							-92.6875,
							44.68326
						],
						[
							-92.6895,
							44.68476
						],
						[
							-92.69151,
							44.68626
						],
						[
							-92.69351,
							44.68776
						],
						[
							-92.69551,
							44.68937
						],
						[
							-92.69951,
							44.69236
						],
						[
							-92.7016,
							44.69246
						],
						[
							-92.70361,
							44.69407
						],
						[
							-92.70561,
							44.69407
						],
						[
							-92.70761,
							44.69556
						],
						[
							-92.70961,
							44.69716
						],
						[
							-92.71361,
							44.70016
						],
						[
							-92.71561,
							44.70176
						],
						[
							-92.7196,
							44.70476
						],
						[
							-92.7216,
							44.70636
						],
						[
							-92.72371,
							44.70636
						],
						[
							-92.72571,
							44.70796
						],
						[
							-92.72771,
							44.70936
						],
						[
							-92.72971,
							44.71096
						],
						[
							-92.73171,
							44.71106
						],
						[
							-92.7337,
							44.71256
						],
						[
							-92.73581,
							44.71256
						],
						[
							-92.73781,
							44.71416
						],
						[
							-92.73981,
							44.71566
						],
						[
							-92.74191,
							44.71576
						],
						[
							-92.74391,
							44.71726
						],
						[
							-92.746,
							44.71737
						],
						[
							-92.748,
							44.71886
						],
						[
							-92.75,
							44.71886
						],
						[
							-92.75211,
							44.71896
						],
						[
							-92.7541,
							44.72046
						],
						[
							-92.75621,
							44.72056
						],
						[
							-92.76021,
							44.72356
						],
						[
							-92.76221,
							44.72516
						],
						[
							-92.76421,
							44.72666
						],
						[
							-92.7662,
							44.72666
						],
						[
							-92.76831,
							44.72826
						],
						[
							-92.77031,
							44.72826
						],
						[
							-92.7724,
							44.72836
						],
						[
							-92.7744,
							44.72986
						],
						[
							-92.77651,
							44.72996
						],
						[
							-92.7805,
							44.73296
						],
						[
							-92.78251,
							44.73306
						],
						[
							-92.78461,
							44.73456
						],
						[
							-92.78661,
							44.73466
						],
						[
							-92.78861,
							44.73616
						],
						[
							-92.79072,
							44.73616
						],
						[
							-92.79281,
							44.73626
						],
						[
							-92.79481,
							44.73776
						],
						[
							-92.79461,
							44.74077
						],
						[
							-92.79661,
							44.74226
						],
						[
							-92.79871,
							44.74236
						],
						[
							-92.80082,
							44.74236
						],
						[
							-92.80291,
							44.74245
						],
						[
							-92.80491,
							44.74256
						],
						[
							-92.80701,
							44.74256
						],
						[
							-92.80901,
							44.74406
						],
						[
							-92.81112,
							44.74416
						],
						[
							-92.81321,
							44.74416
						],
						[
							-92.81521,
							44.74426
						],
						[
							-92.81731,
							44.74426
						],
						[
							-92.81942,
							44.74436
						],
						[
							-92.82151,
							44.74436
						],
						[
							-92.82351,
							44.74446
						],
						[
							-92.82561,
							44.74446
						],
						[
							-92.82772,
							44.74456
						],
						[
							-92.82972,
							44.74606
						],
						[
							-92.83181,
							44.74616
						],
						[
							-92.83381,
							44.74616
						],
						[
							-92.83591,
							44.74627
						],
						[
							-92.83802,
							44.74627
						],
						[
							-92.84002,
							44.74636
						],
						[
							-92.84211,
							44.74636
						],
						[
							-92.84422,
							44.74646
						],
						[
							-92.84632,
							44.74646
						],
						[
							-92.84832,
							44.74656
						],
						[
							-92.85232,
							44.74956
						],
						[
							-92.85441,
							44.75116
						],
						[
							-92.85641,
							44.75266
						],
						[
							-92.85841,
							44.75426
						],
						[
							-92.86042,
							44.75567
						],
						[
							-92.86242,
							44.75726
						],
						[
							-92.86642,
							44.76026
						],
						[
							-92.86842,
							44.76186
						],
						[
							-92.87241,
							44.76486
						],
						[
							-92.87441,
							44.76646
						],
						[
							-92.88041,
							44.77096
						],
						[
							-92.88241,
							44.77256
						],
						[
							-92.88642,
							44.77556
						],
						[
							-92.88851,
							44.77566
						],
						[
							-92.89062,
							44.77566
						],
						[
							-92.89262,
							44.77576
						],
						[
							-92.89471,
							44.77576
						],
						[
							-92.89681,
							44.77586
						],
						[
							-92.89892,
							44.77586
						],
						[
							-92.90092,
							44.77596
						],
						[
							-92.90301,
							44.77596
						],
						[
							-92.90722,
							44.77616
						],
						[
							-92.90931,
							44.77616
						],
						[
							-92.91131,
							44.77626
						],
						[
							-92.91552,
							44.77626
						],
						[
							-92.91752,
							44.77636
						],
						[
							-92.91961,
							44.77636
						],
						[
							-92.92172,
							44.77646
						],
						[
							-92.92382,
							44.77506
						],
						[
							-92.92591,
							44.77506
						],
						[
							-92.92811,
							44.77366
						],
						[
							-92.93011,
							44.77366
						],
						[
							-92.93232,
							44.77226
						],
						[
							-92.93441,
							44.77226
						],
						[
							-92.93861,
							44.76946
						],
						[
							-92.94082,
							44.76806
						],
						[
							-92.94091,
							44.76656
						],
						[
							-92.94302,
							44.76516
						],
						[
							-92.94522,
							44.76366
						],
						[
							-92.94733,
							44.76226
						],
						[
							-92.94942,
							44.76086
						],
						[
							-92.95161,
							44.75937
						],
						[
							-92.95372,
							44.75796
						],
						[
							-92.95583,
							44.75806
						],
						[
							-92.95792,
							44.75806
						],
						[
							-92.96002,
							44.75816
						],
						[
							-92.96202,
							44.75816
						],
						[
							-92.96413,
							44.75825
						],
						[
							-92.96613,
							44.75976
						],
						[
							-92.96822,
							44.75976
						],
						[
							-92.97021,
							44.76136
						],
						[
							-92.97221,
							44.76286
						],
						[
							-92.97432,
							44.76286
						],
						[
							-92.97643,
							44.76295
						],
						[
							-92.97842,
							44.76446
						],
						[
							-92.98042,
							44.76456
						],
						[
							-92.98253,
							44.76456
						],
						[
							-92.98462,
							44.76466
						],
						[
							-92.98862,
							44.76765
						],
						[
							-92.99072,
							44.76776
						],
						[
							-92.99283,
							44.76776
						],
						[
							-92.99483,
							44.76786
						],
						[
							-92.99692,
							44.76786
						],
						[
							-92.99902,
							44.76796
						],
						[
							-93.00111,
							44.76796
						],
						[
							-93.00313,
							44.76806
						],
						[
							-93.00522,
							44.76806
						],
						[
							-93.00922,
							44.77106
						],
						[
							-93.01122,
							44.77266
						],
						[
							-93.01321,
							44.77416
						],
						[
							-93.01532,
							44.77576
						],
						[
							-93.01512,
							44.77866
						],
						[
							-93.01712,
							44.78016
						],
						[
							-93.01712,
							44.78166
						],
						[
							-93.01912,
							44.78326
						],
						[
							-93.01892,
							44.78616
						],
						[
							-93.01892,
							44.78766
						],
						[
							-93.01872,
							44.79056
						],
						[
							-93.01662,
							44.79207
						],
						[
							-93.01653,
							44.79346
						],
						[
							-93.01442,
							44.79496
						],
						[
							-93.01433,
							44.79636
						],
						[
							-93.01211,
							44.79786
						],
						[
							-93.01211,
							44.79936
						],
						[
							-93.00992,
							44.80076
						],
						[
							-93.00992,
							44.80216
						],
						[
							-93.00772,
							44.80366
						],
						[
							-93.00772,
							44.80516
						],
						[
							-93.00761,
							44.80656
						],
						[
							-93.00742,
							44.80956
						],
						[
							-93.00742,
							44.81106
						],
						[
							-93.00722,
							44.81396
						],
						[
							-93.00722,
							44.81546
						],
						[
							-93.00922,
							44.81696
						],
						[
							-93.00912,
							44.81846
						],
						[
							-93.00912,
							44.81997
						],
						[
							-93.00693,
							44.82136
						],
						[
							-93.00682,
							44.82286
						],
						[
							-93.00682,
							44.82436
						],
						[
							-93.00662,
							44.82735
						],
						[
							-93.00662,
							44.82876
						],
						[
							-93.00632,
							44.83326
						],
						[
							-93.00632,
							44.83476
						],
						[
							-93.00623,
							44.83616
						],
						[
							-93.00623,
							44.83766
						],
						[
							-93.00603,
							44.84056
						],
						[
							-93.00803,
							44.84215
						],
						[
							-93.00803,
							44.84356
						],
						[
							-93.00783,
							44.84656
						],
						[
							-93.00783,
							44.84806
						],
						[
							-93.00983,
							44.84956
						],
						[
							-93.00963,
							44.85255
						],
						[
							-93.00963,
							44.85396
						],
						[
							-93.00942,
							44.85696
						],
						[
							-93.00932,
							44.85846
						],
						[
							-93.00932,
							44.85995
						],
						[
							-93.01132,
							44.86146
						],
						[
							-93.01122,
							44.86297
						],
						[
							-93.01122,
							44.86436
						],
						[
							-93.01112,
							44.86586
						],
						[
							-93.01312,
							44.86745
						],
						[
							-93.01302,
							44.86886
						],
						[
							-93.01302,
							44.87036
						],
						[
							-93.01502,
							44.87186
						],
						[
							-93.01482,
							44.87486
						],
						[
							-93.01482,
							44.87636
						],
						[
							-93.01472,
							44.87786
						],
						[
							-93.01672,
							44.87936
						],
						[
							-93.01662,
							44.88086
						],
						[
							-93.01662,
							44.88226
						],
						[
							-93.01862,
							44.88386
						],
						[
							-93.01852,
							44.88526
						],
						[
							-93.02052,
							44.88686
						],
						[
							-93.02252,
							44.88836
						],
						[
							-93.02463,
							44.88846
						],
						[
							-93.02863,
							44.89146
						],
						[
							-93.03062,
							44.89306
						],
						[
							-93.03271,
							44.89456
						],
						[
							-93.03873,
							44.89905
						],
						[
							-93.03862,
							44.90056
						],
						[
							-93.04062,
							44.90216
						],
						[
							-93.04062,
							44.90356
						],
						[
							-93.04262,
							44.90506
						],
						[
							-93.04462,
							44.90665
						],
						[
							-93.04861,
							44.90966
						],
						[
							-93.04861,
							44.91116
						],
						[
							-93.05063,
							44.91266
						],
						[
							-93.05042,
							44.91566
						],
						[
							-93.05042,
							44.91706
						],
						[
							-93.05012,
							44.92155
						],
						[
							-93.05012,
							44.92296
						],
						[
							-93.05002,
							44.92456
						],
						[
							-93.05002,
							44.92596
						],
						[
							-93.04982,
							44.92896
						],
						[
							-93.04982,
							44.93046
						],
						[
							-93.05382,
							44.93346
						],
						[
							-93.05582,
							44.93506
						],
						[
							-93.05982,
							44.93806
						],
						[
							-93.06193,
							44.93816
						],
						[
							-93.06593,
							44.94115
						],
						[
							-93.06803,
							44.94126
						],
						[
							-93.07223,
							44.94126
						],
						[
							-93.07433,
							44.94136
						],
						[
							-93.07633,
							44.94136
						],
						[
							-93.07853,
							44.93996
						],
						[
							-93.08064,
							44.94006
						],
						[
							-93.08263,
							44.94006
						],
						[
							-93.08483,
							44.93866
						],
						[
							-93.08692,
							44.93866
						],
						[
							-93.08903,
							44.93726
						],
						[
							-93.09122,
							44.93586
						],
						[
							-93.09333,
							44.93436
						],
						[
							-93.09553,
							44.93296
						],
						[
							-93.09763,
							44.93146
						],
						[
							-93.09972,
							44.93006
						],
						[
							-93.10194,
							44.92866
						],
						[
							-93.10413,
							44.92715
						],
						[
							-93.10413,
							44.92576
						],
						[
							-93.10633,
							44.92436
						],
						[
							-93.10842,
							44.92286
						],
						[
							-93.10853,
							44.92136
						],
						[
							-93.11063,
							44.91996
						],
						[
							-93.11283,
							44.91856
						],
						[
							-93.11483,
							44.91856
						],
						[
							-93.11703,
							44.91716
						],
						[
							-93.11913,
							44.91576
						],
						[
							-93.12122,
							44.91576
						],
						[
							-93.12344,
							44.91436
						],
						[
							-93.12344,
							44.91286
						],
						[
							-93.12563,
							44.91146
						],
						[
							-93.12573,
							44.90996
						],
						[
							-93.12573,
							44.90846
						],
						[
							-93.12792,
							44.90706
						],
						[
							-93.12792,
							44.90556
						],
						[
							-93.12803,
							44.90416
						],
						[
							-93.13013,
							44.90266
						],
						[
							-93.13233,
							44.90126
						],
						[
							-93.13442,
							44.89976
						],
						[
							-93.13663,
							44.89836
						],
						[
							-93.13872,
							44.89696
						],
						[
							-93.14092,
							44.89546
						],
						[
							-93.14513,
							44.89266
						],
						[
							-93.14722,
							44.89266
						],
						[
							-93.14942,
							44.89126
						],
						[
							-93.15153,
							44.88985
						],
						[
							-93.15363,
							44.88985
						],
						[
							-93.15572,
							44.88996
						],
						[
							-93.15783,
							44.88846
						],
						[
							-93.15994,
							44.88856
						],
						[
							-93.16413,
							44.88856
						],
						[
							-93.16824,
							44.88876
						],
						[
							-93.17033,
							44.88876
						],
						[
							-93.17243,
							44.88885
						],
						[
							-93.17652,
							44.88885
						],
						[
							-93.17863,
							44.88896
						],
						[
							-93.18073,
							44.89046
						],
						[
							-93.18273,
							44.89056
						],
						[
							-93.18673,
							44.89355
						],
						[
							-93.18883,
							44.89506
						],
						[
							-93.19083,
							44.89656
						],
						[
							-93.19073,
							44.89806
						],
						[
							-93.19273,
							44.89966
						],
						[
							-93.19473,
							44.90116
						],
						[
							-93.19683,
							44.90116
						],
						[
							-93.19883,
							44.90266
						],
						[
							-93.20094,
							44.90426
						],
						[
							-93.20072,
							44.90726
						],
						[
							-93.20072,
							44.90866
						],
						[
							-93.20052,
							44.91166
						],
						[
							-93.20052,
							44.91305
						],
						[
							-93.20043,
							44.91456
						],
						[
							-93.20243,
							44.91606
						],
						[
							-93.20243,
							44.91756
						],
						[
							-93.20223,
							44.92056
						],
						[
							-93.20013,
							44.92196
						],
						[
							-93.20003,
							44.92345
						],
						[
							-93.20003,
							44.92496
						],
						[
							-93.19982,
							44.92786
						],
						[
							-93.20193,
							44.92946
						],
						[
							-93.20162,
							44.93386
						],
						[
							-93.20162,
							44.93526
						],
						[
							-93.20142,
							44.93826
						],
						[
							-93.20142,
							44.93976
						],
						[
							-93.20133,
							44.94126
						],
						[
							-93.20342,
							44.94276
						],
						[
							-93.20333,
							44.94426
						],
						[
							-93.20733,
							44.94726
						],
						[
							-93.20933,
							44.94886
						],
						[
							-93.21143,
							44.95036
						],
						[
							-93.21343,
							44.95186
						],
						[
							-93.21552,
							44.95186
						],
						[
							-93.21752,
							44.95346
						],
						[
							-93.21743,
							44.95486
						],
						[
							-93.21943,
							44.95646
						],
						[
							-93.22154,
							44.95646
						],
						[
							-93.22143,
							44.95795
						],
						[
							-93.22143,
							44.95936
						],
						[
							-93.22343,
							44.96096
						],
						[
							-93.22553,
							44.96096
						],
						[
							-93.22753,
							44.96256
						],
						[
							-93.22953,
							44.96406
						],
						[
							-93.23164,
							44.96406
						],
						[
							-93.23373,
							44.96416
						],
						[
							-93.23772,
							44.96715
						],
						[
							-93.23763,
							44.96866
						],
						[
							-93.23763,
							44.97016
						],
						[
							-93.24163,
							44.97316
						],
						[
							-93.24374,
							44.97326
						],
						[
							-93.24583,
							44.97326
						],
						[
							-93.24793,
							44.97336
						],
						[
							-93.24993,
							44.97475
						],
						[
							-93.25193,
							44.97636
						],
						[
							-93.25404,
							44.97646
						],
						[
							-93.25604,
							44.97786
						],
						[
							-93.25813,
							44.97796
						],
						[
							-93.26213,
							44.98096
						],
						[
							-93.26424,
							44.98256
						],
						[
							-93.26823,
							44.98556
						],
						[
							-93.27034,
							44.98556
						],
						[
							-93.27023,
							44.98706
						],
						[
							-93.27223,
							44.98866
						],
						[
							-93.27423,
							44.99016
						],
						[
							-93.27423,
							44.99166
						],
						[
							-93.27414,
							44.99306
						],
						[
							-93.27414,
							44.99456
						],
						[
							-93.27403,
							44.99606
						],
						[
							-93.27403,
							44.99756
						],
						[
							-93.27603,
							44.99906
						],
						[
							-93.27583,
							45.00206
						],
						[
							-93.27583,
							45.00346
						],
						[
							-93.27574,
							45.00496
						],
						[
							-93.27574,
							45.00645
						],
						[
							-93.27554,
							45.00937
						],
						[
							-93.27554,
							45.01086
						],
						[
							-93.27544,
							45.01236
						],
						[
							-93.27743,
							45.01386
						],
						[
							-93.27743,
							45.01536
						],
						[
							-93.27724,
							45.01826
						],
						[
							-93.27724,
							45.01976
						],
						[
							-93.27713,
							45.02125
						],
						[
							-93.27913,
							45.02276
						],
						[
							-93.27913,
							45.02426
						],
						[
							-93.28114,
							45.02576
						],
						[
							-93.28104,
							45.02726
						],
						[
							-93.28314,
							45.02876
						],
						[
							-93.28294,
							45.03176
						],
						[
							-93.28294,
							45.03326
						],
						[
							-93.28273,
							45.03616
						],
						[
							-93.28273,
							45.03766
						],
						[
							-93.28264,
							45.03916
						],
						[
							-93.28264,
							45.04056
						],
						[
							-93.28244,
							45.04356
						],
						[
							-93.28244,
							45.04506
						],
						[
							-93.28233,
							45.04656
						],
						[
							-93.28024,
							45.04796
						],
						[
							-93.28014,
							45.04946
						],
						[
							-93.28213,
							45.05096
						],
						[
							-93.28213,
							45.05246
						],
						[
							-93.28194,
							45.05536
						],
						[
							-93.28194,
							45.05686
						],
						[
							-93.28174,
							45.05986
						],
						[
							-93.28174,
							45.06126
						],
						[
							-93.28163,
							45.06276
						],
						[
							-93.28163,
							45.06426
						],
						[
							-93.28143,
							45.06726
						],
						[
							-93.28143,
							45.06866
						],
						[
							-93.28123,
							45.07165
						],
						[
							-93.27913,
							45.07306
						],
						[
							-93.27904,
							45.07456
						],
						[
							-93.27904,
							45.07606
						],
						[
							-93.27893,
							45.07746
						],
						[
							-93.28093,
							45.07906
						],
						[
							-93.28093,
							45.08056
						],
						[
							-93.28073,
							45.08346
						],
						[
							-93.28073,
							45.08496
						],
						[
							-93.28064,
							45.08646
						],
						[
							-93.28064,
							45.08796
						],
						[
							-93.28044,
							45.09086
						],
						[
							-93.28044,
							45.09236
						],
						[
							-93.28033,
							45.09386
						],
						[
							-93.28033,
							45.09526
						],
						[
							-93.28014,
							45.09826
						],
						[
							-93.28014,
							45.09976
						],
						[
							-93.28003,
							45.10116
						],
						[
							-93.28204,
							45.10276
						],
						[
							-93.28404,
							45.10426
						],
						[
							-93.28613,
							45.10576
						],
						[
							-93.28813,
							45.10726
						],
						[
							-93.28804,
							45.10876
						],
						[
							-93.29013,
							45.11026
						],
						[
							-93.29213,
							45.11185
						],
						[
							-93.29414,
							45.11336
						],
						[
							-93.29414,
							45.11486
						],
						[
							-93.29614,
							45.11636
						],
						[
							-93.29593,
							45.11926
						],
						[
							-93.29803,
							45.12086
						],
						[
							-93.30003,
							45.12236
						],
						[
							-93.29994,
							45.12376
						],
						[
							-93.29994,
							45.12526
						],
						[
							-93.29974,
							45.12826
						],
						[
							-93.29974,
							45.12976
						],
						[
							-93.29964,
							45.13116
						],
						[
							-93.30164,
							45.13276
						],
						[
							-93.30164,
							45.13425
						],
						[
							-93.30363,
							45.13576
						],
						[
							-93.30354,
							45.13716
						],
						[
							-93.30563,
							45.13866
						],
						[
							-93.30763,
							45.14026
						],
						[
							-93.31163,
							45.14326
						],
						[
							-93.31374,
							45.14336
						],
						[
							-93.31584,
							45.14336
						],
						[
							-93.31793,
							45.14486
						],
						[
							-93.31993,
							45.14646
						],
						[
							-93.32193,
							45.14796
						],
						[
							-93.32404,
							45.14796
						],
						[
							-93.32604,
							45.14956
						],
						[
							-93.32814,
							45.14956
						],
						[
							-93.33014,
							45.15106
						],
						[
							-93.33223,
							45.15105
						],
						[
							-93.33424,
							45.15266
						],
						[
							-93.33633,
							45.15266
						],
						[
							-93.33844,
							45.15426
						],
						[
							-93.34044,
							45.15566
						],
						[
							-93.34244,
							45.15726
						],
						[
							-93.34444,
							45.15876
						],
						[
							-93.34654,
							45.16026
						],
						[
							-93.34854,
							45.16176
						],
						[
							-93.34854,
							45.16326
						],
						[
							-93.35054,
							45.16476
						],
						[
							-93.35254,
							45.16636
						],
						[
							-93.35454,
							45.16786
						],
						[
							-93.35664,
							45.16936
						],
						[
							-93.35654,
							45.17086
						],
						[
							-93.35854,
							45.17236
						],
						[
							-93.36064,
							45.17236
						],
						[
							-93.36264,
							45.17396
						],
						[
							-93.36684,
							45.17396
						],
						[
							-93.36884,
							45.17556
						],
						[
							-93.37094,
							45.17556
						],
						[
							-93.37303,
							45.17566
						],
						[
							-93.37503,
							45.17715
						],
						[
							-93.37714,
							45.17866
						],
						[
							-93.38113,
							45.18166
						],
						[
							-93.38113,
							45.18316
						],
						[
							-93.38313,
							45.18465
						],
						[
							-93.38524,
							45.18476
						],
						[
							-93.38924,
							45.18776
						],
						[
							-93.39134,
							45.18936
						],
						[
							-93.39554,
							45.18936
						],
						[
							-93.39754,
							45.19086
						],
						[
							-93.39964,
							45.19096
						],
						[
							-93.40164,
							45.19246
						],
						[
							-93.40373,
							45.19246
						],
						[
							-93.40573,
							45.19407
						],
						[
							-93.40784,
							45.19556
						],
						[
							-93.40984,
							45.19566
						],
						[
							-93.41194,
							45.19716
						],
						[
							-93.41183,
							45.19866
						],
						[
							-93.41383,
							45.20006
						],
						[
							-93.41594,
							45.20166
						],
						[
							-93.41583,
							45.20316
						],
						[
							-93.41784,
							45.20466
						],
						[
							-93.41783,
							45.20616
						],
						[
							-93.41983,
							45.20766
						],
						[
							-93.41983,
							45.20916
						],
						[
							-93.42385,
							45.21216
						],
						[
							-93.42585,
							45.21366
						],
						[
							-93.42794,
							45.21376
						],
						[
							-93.43005,
							45.21526
						],
						[
							-93.43214,
							45.21526
						],
						[
							-93.43415,
							45.21536
						],
						[
							-93.43624,
							45.21536
						],
						[
							-93.43835,
							45.21546
						],
						[
							-93.44054,
							45.21396
						],
						[
							-93.44265,
							45.21396
						],
						[
							-93.44474,
							45.21406
						],
						[
							-93.45074,
							45.21856
						],
						[
							-93.45295,
							45.21866
						],
						[
							-93.45495,
							45.21866
						],
						[
							-93.45704,
							45.21876
						],
						[
							-93.45915,
							45.22026
						],
						[
							-93.46114,
							45.22176
						],
						[
							-93.46325,
							45.22185
						],
						[
							-93.46525,
							45.22336
						],
						[
							-93.46944,
							45.22336
						],
						[
							-93.47155,
							45.22346
						],
						[
							-93.47364,
							45.22346
						],
						[
							-93.47575,
							45.22356
						],
						[
							-93.47784,
							45.22356
						],
						[
							-93.47985,
							45.22366
						],
						[
							-93.48194,
							45.22516
						],
						[
							-93.48405,
							45.22516
						],
						[
							-93.48804,
							45.22816
						],
						[
							-93.49015,
							45.22976
						],
						[
							-93.49215,
							45.23126
						],
						[
							-93.49204,
							45.23276
						],
						[
							-93.49415,
							45.23426
						],
						[
							-93.49404,
							45.23576
						],
						[
							-93.49615,
							45.23726
						],
						[
							-93.49815,
							45.23726
						],
						[
							-93.50024,
							45.23875
						],
						[
							-93.50234,
							45.23886
						],
						[
							-93.50445,
							45.23886
						],
						[
							-93.50645,
							45.24036
						],
						[
							-93.50845,
							45.24196
						],
						[
							-93.51055,
							45.24346
						],
						[
							-93.51255,
							45.24496
						],
						[
							-93.51464,
							45.24496
						],
						[
							-93.51664,
							45.24646
						],
						[
							-93.51874,
							45.24656
						],
						[
							-93.52074,
							45.24806
						],
						[
							-93.52285,
							45.24956
						],
						[
							-93.52485,
							45.25106
						],
						[
							-93.52694,
							45.25116
						],
						[
							-93.52904,
							45.25116
						],
						[
							-93.53115,
							45.25126
						],
						[
							-93.53324,
							45.25126
						],
						[
							-93.53524,
							45.25276
						],
						[
							-93.53735,
							45.25286
						],
						[
							-93.53934,
							45.25436
						],
						[
							-93.54145,
							45.25586
						],
						[
							-93.54134,
							45.25735
						],
						[
							-93.54345,
							45.25886
						],
						[
							-93.54745,
							45.26186
						],
						[
							-93.54745,
							45.26336
						],
						[
							-93.54734,
							45.26486
						],
						[
							-93.54934,
							45.26636
						],
						[
							-93.54934,
							45.26776
						],
						[
							-93.54925,
							45.26936
						],
						[
							-93.55134,
							45.27086
						],
						[
							-93.55125,
							45.27226
						],
						[
							-93.55125,
							45.27376
						],
						[
							-93.55105,
							45.27676
						],
						[
							-93.55105,
							45.27826
						],
						[
							-93.55305,
							45.27976
						],
						[
							-93.55305,
							45.28116
						],
						[
							-93.55294,
							45.28266
						],
						[
							-93.55494,
							45.28426
						],
						[
							-93.55494,
							45.28566
						],
						[
							-93.55694,
							45.28715
						],
						[
							-93.55904,
							45.28876
						],
						[
							-93.55894,
							45.29016
						],
						[
							-93.55894,
							45.29166
						],
						[
							-93.56095,
							45.29316
						],
						[
							-93.56084,
							45.29466
						],
						[
							-93.56295,
							45.29616
						],
						[
							-93.56495,
							45.29776
						],
						[
							-93.56915,
							45.29776
						],
						[
							-93.57125,
							45.29636
						],
						[
							-93.57345,
							45.29486
						],
						[
							-93.57554,
							45.29496
						],
						[
							-93.57554,
							45.29346
						],
						[
							-93.57775,
							45.29206
						],
						[
							-93.57984,
							45.29206
						],
						[
							-93.58195,
							45.29216
						],
						[
							-93.58604,
							45.29216
						],
						[
							-93.58825,
							45.29226
						],
						[
							-93.59234,
							45.29226
						],
						[
							-93.59444,
							45.29236
						],
						[
							-93.59655,
							45.29236
						],
						[
							-93.59875,
							45.29096
						],
						[
							-93.60084,
							45.29095
						],
						[
							-93.60294,
							45.29106
						],
						[
							-93.60494,
							45.29106
						],
						[
							-93.60706,
							45.29116
						],
						[
							-93.61125,
							45.29116
						],
						[
							-93.61336,
							45.29126
						],
						[
							-93.61755,
							45.29126
						],
						[
							-93.61955,
							45.29285
						],
						[
							-93.62375,
							45.29285
						],
						[
							-93.62585,
							45.29436
						],
						[
							-93.62794,
							45.29446
						],
						[
							-93.63005,
							45.29446
						],
						[
							-93.63205,
							45.29456
						],
						[
							-93.63625,
							45.29456
						],
						[
							-93.63835,
							45.29466
						],
						[
							-93.64046,
							45.29465
						],
						[
							-93.64265,
							45.29326
						],
						[
							-93.64465,
							45.29326
						],
						[
							-93.64676,
							45.29336
						],
						[
							-93.65095,
							45.29336
						],
						[
							-93.65305,
							45.29346
						],
						[
							-93.65515,
							45.29346
						],
						[
							-93.65735,
							45.29206
						],
						[
							-93.65935,
							45.29356
						],
						[
							-93.65935,
							45.29506
						],
						[
							-93.66345,
							45.29506
						],
						[
							-93.66556,
							45.29666
						],
						[
							-93.66975,
							45.29666
						],
						[
							-93.67184,
							45.29676
						],
						[
							-93.67606,
							45.29676
						],
						[
							-93.67806,
							45.29686
						],
						[
							-93.68014,
							45.29836
						],
						[
							-93.68214,
							45.29986
						],
						[
							-93.68636,
							45.29986
						],
						[
							-93.68845,
							45.29996
						],
						[
							-93.69055,
							45.29856
						],
						[
							-93.69275,
							45.29706
						],
						[
							-93.69486,
							45.29565
						],
						[
							-93.69694,
							45.29565
						],
						[
							-93.69916,
							45.29426
						],
						[
							-93.70125,
							45.29426
						],
						[
							-93.70335,
							45.29436
						],
						[
							-93.70544,
							45.29285
						],
						[
							-93.70755,
							45.29296
						],
						[
							-93.70966,
							45.29146
						],
						[
							-93.71175,
							45.29146
						],
						[
							-93.71596,
							45.29166
						],
						[
							-93.71805,
							45.29166
						],
						[
							-93.72015,
							45.29316
						],
						[
							-93.72215,
							45.29316
						],
						[
							-93.72426,
							45.29465
						],
						[
							-93.72635,
							45.29476
						],
						[
							-93.73055,
							45.29476
						],
						[
							-93.73265,
							45.29486
						],
						[
							-93.73476,
							45.29486
						],
						[
							-93.73685,
							45.29496
						],
						[
							-93.73885,
							45.29496
						],
						[
							-93.74106,
							45.29356
						],
						[
							-93.74315,
							45.29356
						],
						[
							-93.74526,
							45.29216
						],
						[
							-93.74945,
							45.29216
						],
						[
							-93.75156,
							45.29226
						],
						[
							-93.75375,
							45.29076
						],
						[
							-93.75575,
							45.29076
						],
						[
							-93.75786,
							45.29086
						],
						[
							-93.75995,
							45.29086
						],
						[
							-93.76205,
							45.29096
						],
						[
							-93.76414,
							45.29095
						],
						[
							-93.76616,
							45.29246
						],
						[
							-93.76836,
							45.29246
						],
						[
							-93.77036,
							45.29256
						],
						[
							-93.77245,
							45.29406
						],
						[
							-93.77445,
							45.29556
						],
						[
							-93.77656,
							45.29706
						],
						[
							-93.77866,
							45.29706
						],
						[
							-93.78066,
							45.29866
						],
						[
							-93.78486,
							45.29866
						],
						[
							-93.78686,
							45.30025
						],
						[
							-93.78896,
							45.30176
						],
						[
							-93.79096,
							45.30327
						],
						[
							-93.79305,
							45.30326
						],
						[
							-93.79507,
							45.30476
						],
						[
							-93.79716,
							45.30486
						],
						[
							-93.79926,
							45.30636
						],
						[
							-93.80126,
							45.30786
						],
						[
							-93.80335,
							45.30936
						],
						[
							-93.80546,
							45.30946
						],
						[
							-93.80746,
							45.31096
						],
						[
							-93.80956,
							45.31096
						],
						[
							-93.81156,
							45.31247
						],
						[
							-93.81365,
							45.31246
						],
						[
							-93.81576,
							45.31396
						],
						[
							-93.81776,
							45.31556
						],
						[
							-93.81986,
							45.31706
						],
						[
							-93.81976,
							45.31856
						],
						[
							-93.82175,
							45.32006
						],
						[
							-93.82175,
							45.32156
						],
						[
							-93.82375,
							45.32296
						],
						[
							-93.82786,
							45.32606
						],
						[
							-93.82996,
							45.32756
						],
						[
							-93.83196,
							45.32906
						],
						[
							-93.83405,
							45.33056
						],
						[
							-93.83605,
							45.33216
						],
						[
							-93.83807,
							45.33366
						],
						[
							-93.84235,
							45.33366
						],
						[
							-93.84435,
							45.33375
						],
						[
							-93.84646,
							45.33376
						],
						[
							-93.84856,
							45.33385
						],
						[
							-93.85076,
							45.33236
						],
						[
							-93.85285,
							45.33236
						],
						[
							-93.85496,
							45.33246
						],
						[
							-93.85706,
							45.33096
						],
						[
							-93.85915,
							45.33096
						],
						[
							-93.86115,
							45.33256
						],
						[
							-93.86337,
							45.33256
						],
						[
							-93.86736,
							45.33556
						],
						[
							-93.86945,
							45.33716
						],
						[
							-93.87145,
							45.33855
						],
						[
							-93.87356,
							45.34016
						],
						[
							-93.87566,
							45.34016
						],
						[
							-93.87966,
							45.34316
						],
						[
							-93.88175,
							45.34327
						],
						[
							-93.88386,
							45.34466
						],
						[
							-93.88596,
							45.34626
						],
						[
							-93.88796,
							45.34775
						],
						[
							-93.88786,
							45.34926
						],
						[
							-93.88996,
							45.35076
						],
						[
							-93.88985,
							45.35216
						],
						[
							-93.88985,
							45.35366
						],
						[
							-93.89185,
							45.35525
						],
						[
							-93.89185,
							45.35666
						],
						[
							-93.89176,
							45.35816
						],
						[
							-93.89385,
							45.35966
						],
						[
							-93.89587,
							45.36116
						],
						[
							-93.89796,
							45.36266
						],
						[
							-93.89996,
							45.36426
						],
						[
							-93.90206,
							45.36426
						],
						[
							-93.90415,
							45.36577
						],
						[
							-93.90617,
							45.36726
						],
						[
							-93.90826,
							45.36736
						],
						[
							-93.91236,
							45.37026
						],
						[
							-93.91436,
							45.37186
						],
						[
							-93.91436,
							45.37326
						],
						[
							-93.91647,
							45.37485
						],
						[
							-93.91636,
							45.37636
						],
						[
							-93.91846,
							45.37776
						],
						[
							-93.91836,
							45.37926
						],
						[
							-93.92046,
							45.38076
						],
						[
							-93.92247,
							45.38086
						],
						[
							-93.92455,
							45.38086
						],
						[
							-93.92667,
							45.38096
						],
						[
							-93.93086,
							45.38096
						],
						[
							-93.93297,
							45.38106
						],
						[
							-93.93927,
							45.38106
						],
						[
							-93.94136,
							45.38256
						],
						[
							-93.94347,
							45.38116
						],
						[
							-93.94557,
							45.38116
						],
						[
							-93.94766,
							45.37976
						],
						[
							-93.94986,
							45.37826
						],
						[
							-93.95197,
							45.37686
						],
						[
							-93.95207,
							45.37536
						],
						[
							-93.95416,
							45.37396
						],
						[
							-93.95627,
							45.37396
						],
						[
							-93.95837,
							45.37546
						],
						[
							-93.96037,
							45.37696
						],
						[
							-93.96246,
							45.37706
						],
						[
							-93.96446,
							45.37856
						],
						[
							-93.96666,
							45.37855
						],
						[
							-93.96657,
							45.38006
						],
						[
							-93.96657,
							45.38157
						],
						[
							-93.96857,
							45.38306
						],
						[
							-93.97067,
							45.38456
						],
						[
							-93.97267,
							45.38605
						],
						[
							-93.97476,
							45.38605
						],
						[
							-93.97676,
							45.38756
						],
						[
							-93.97897,
							45.38766
						],
						[
							-93.98297,
							45.39066
						],
						[
							-93.98506,
							45.39216
						],
						[
							-93.98497,
							45.39366
						],
						[
							-93.98706,
							45.39516
						],
						[
							-93.98906,
							45.39666
						],
						[
							-93.99327,
							45.39666
						],
						[
							-93.99536,
							45.39676
						],
						[
							-93.99747,
							45.39826
						],
						[
							-94.00166,
							45.39825
						],
						[
							-94.00366,
							45.39986
						],
						[
							-94.00577,
							45.39986
						],
						[
							-94.00787,
							45.39996
						],
						[
							-94.00996,
							45.40146
						],
						[
							-94.01416,
							45.40146
						],
						[
							-94.01627,
							45.40156
						],
						[
							-94.01837,
							45.40006
						],
						[
							-94.02046,
							45.40016
						],
						[
							-94.02467,
							45.40017
						],
						[
							-94.02676,
							45.40166
						],
						[
							-94.02876,
							45.40166
						],
						[
							-94.03087,
							45.40326
						],
						[
							-94.03297,
							45.40476
						],
						[
							-94.03497,
							45.40626
						],
						[
							-94.03706,
							45.40776
						],
						[
							-94.03906,
							45.40926
						],
						[
							-94.04117,
							45.41076
						],
						[
							-94.04317,
							45.41226
						],
						[
							-94.04527,
							45.41376
						],
						[
							-94.04517,
							45.41526
						],
						[
							-94.04727,
							45.41676
						],
						[
							-94.04927,
							45.41826
						],
						[
							-94.05136,
							45.41976
						],
						[
							-94.05336,
							45.42126
						],
						[
							-94.05336,
							45.42276
						],
						[
							-94.05327,
							45.42426
						],
						[
							-94.05327,
							45.42576
						],
						[
							-94.05527,
							45.42726
						],
						[
							-94.05527,
							45.42866
						],
						[
							-94.05737,
							45.43026
						],
						[
							-94.05937,
							45.43026
						],
						[
							-94.06157,
							45.42876
						],
						[
							-94.06366,
							45.42886
						],
						[
							-94.06576,
							45.42736
						],
						[
							-94.06787,
							45.42886
						],
						[
							-94.06996,
							45.42896
						],
						[
							-94.07196,
							45.43036
						],
						[
							-94.07196,
							45.43196
						],
						[
							-94.07398,
							45.43336
						],
						[
							-94.07606,
							45.43346
						],
						[
							-94.07817,
							45.43346
						],
						[
							-94.08026,
							45.43356
						],
						[
							-94.08237,
							45.43356
						],
						[
							-94.08447,
							45.43506
						],
						[
							-94.08647,
							45.43657
						],
						[
							-94.08856,
							45.43806
						],
						[
							-94.08847,
							45.43956
						],
						[
							-94.09056,
							45.44106
						],
						[
							-94.09056,
							45.44256
						],
						[
							-94.09256,
							45.44407
						],
						[
							-94.09467,
							45.44406
						],
						[
							-94.09678,
							45.44556
						],
						[
							-94.09887,
							45.44556
						],
						[
							-94.10087,
							45.44716
						],
						[
							-94.10297,
							45.44716
						],
						[
							-94.10508,
							45.44866
						],
						[
							-94.10497,
							45.45016
						],
						[
							-94.10708,
							45.45166
						],
						[
							-94.10697,
							45.45316
						],
						[
							-94.10697,
							45.45605
						],
						[
							-94.10688,
							45.45756
						],
						[
							-94.10688,
							45.45896
						],
						[
							-94.10677,
							45.46046
						],
						[
							-94.10677,
							45.46196
						],
						[
							-94.10668,
							45.46346
						],
						[
							-94.10668,
							45.46496
						],
						[
							-94.10868,
							45.46646
						],
						[
							-94.11077,
							45.46796
						],
						[
							-94.11068,
							45.46936
						],
						[
							-94.11068,
							45.47086
						],
						[
							-94.11268,
							45.47246
						],
						[
							-94.11477,
							45.47387
						],
						[
							-94.11887,
							45.47696
						],
						[
							-94.12098,
							45.47845
						],
						[
							-94.12307,
							45.47846
						],
						[
							-94.12507,
							45.47996
						],
						[
							-94.12717,
							45.48146
						],
						[
							-94.12928,
							45.48156
						],
						[
							-94.13128,
							45.48306
						],
						[
							-94.13348,
							45.48306
						],
						[
							-94.13547,
							45.48456
						],
						[
							-94.13758,
							45.48607
						],
						[
							-94.13958,
							45.48756
						],
						[
							-94.14167,
							45.48906
						],
						[
							-94.14367,
							45.49056
						],
						[
							-94.14367,
							45.49206
						],
						[
							-94.14358,
							45.49356
						],
						[
							-94.14358,
							45.49646
						],
						[
							-94.14347,
							45.49795
						],
						[
							-94.14347,
							45.49946
						],
						[
							-94.14547,
							45.50096
						],
						[
							-94.14547,
							45.50246
						],
						[
							-94.14538,
							45.50386
						],
						[
							-94.14538,
							45.50686
						],
						[
							-94.14527,
							45.50836
						],
						[
							-94.14527,
							45.50976
						],
						[
							-94.14307,
							45.51126
						],
						[
							-94.14307,
							45.51276
						],
						[
							-94.14518,
							45.51426
						],
						[
							-94.14507,
							45.51566
						],
						[
							-94.14718,
							45.51726
						],
						[
							-94.14707,
							45.51866
						],
						[
							-94.14918,
							45.52016
						],
						[
							-94.15127,
							45.52026
						],
						[
							-94.15337,
							45.52026
						],
						[
							-94.15537,
							45.52176
						],
						[
							-94.15537,
							45.52476
						],
						[
							-94.15528,
							45.52626
						],
						[
							-94.15528,
							45.52766
						],
						[
							-94.15728,
							45.52916
						],
						[
							-94.15728,
							45.53066
						],
						[
							-94.15717,
							45.53216
						],
						[
							-94.15717,
							45.53516
						],
						[
							-94.15708,
							45.53656
						],
						[
							-94.15498,
							45.53805
						],
						[
							-94.15278,
							45.53946
						],
						[
							-94.15278,
							45.54095
						],
						[
							-94.15267,
							45.54246
						],
						[
							-94.15267,
							45.54536
						],
						[
							-94.15258,
							45.54686
						],
						[
							-94.15258,
							45.54836
						],
						[
							-94.15247,
							45.54986
						],
						[
							-94.15247,
							45.55125
						],
						[
							-94.15238,
							45.55266
						],
						[
							-94.15238,
							45.55426
						],
						[
							-94.15438,
							45.55576
						],
						[
							-94.15647,
							45.55726
						],
						[
							-94.15858,
							45.55726
						],
						[
							-94.16067,
							45.55876
						],
						[
							-94.16268,
							45.56026
						],
						[
							-94.16477,
							45.56186
						],
						[
							-94.16477,
							45.56326
						],
						[
							-94.16677,
							45.56476
						],
						[
							-94.16888,
							45.56626
						],
						[
							-94.16877,
							45.56776
						],
						[
							-94.16877,
							45.56926
						],
						[
							-94.17077,
							45.57075
						],
						[
							-94.17077,
							45.57367
						],
						[
							-94.17068,
							45.57516
						],
						[
							-94.17277,
							45.57666
						],
						[
							-94.17268,
							45.57816
						],
						[
							-94.17268,
							45.58106
						],
						[
							-94.17257,
							45.58256
						],
						[
							-94.17257,
							45.58406
						],
						[
							-94.17457,
							45.58556
						],
						[
							-94.17667,
							45.58706
						],
						[
							-94.17878,
							45.58866
						],
						[
							-94.18078,
							45.59006
						],
						[
							-94.18287,
							45.59156
						],
						[
							-94.18497,
							45.59156
						],
						[
							-94.18697,
							45.59316
						],
						[
							-94.18908,
							45.59316
						],
						[
							-94.19327,
							45.59616
						],
						[
							-94.19527,
							45.59766
						],
						[
							-94.19527,
							45.59916
						],
						[
							-94.19727,
							45.60066
						],
						[
							-94.19727,
							45.60216
						],
						[
							-94.19938,
							45.60366
						],
						[
							-94.19927,
							45.60516
						],
						[
							-94.20138,
							45.60666
						],
						[
							-94.20338,
							45.60816
						],
						[
							-94.20338,
							45.61106
						],
						[
							-94.20538,
							45.61266
						],
						[
							-94.20538,
							45.61406
						],
						[
							-94.20527,
							45.61556
						],
						[
							-94.20527,
							45.61706
						],
						[
							-94.20518,
							45.61846
						],
						[
							-94.20518,
							45.62146
						],
						[
							-94.20507,
							45.62295
						],
						[
							-94.20507,
							45.62585
						],
						[
							-94.20498,
							45.62736
						],
						[
							-94.20498,
							45.62886
						],
						[
							-94.20487,
							45.63026
						],
						[
							-94.20698,
							45.63186
						],
						[
							-94.20687,
							45.63325
						],
						[
							-94.20687,
							45.63476
						],
						[
							-94.20898,
							45.63627
						],
						[
							-94.20887,
							45.63776
						],
						[
							-94.20887,
							45.63926
						],
						[
							-94.20878,
							45.64066
						],
						[
							-94.20878,
							45.64366
						],
						[
							-94.20658,
							45.64506
						],
						[
							-94.20658,
							45.64656
						],
						[
							-94.20437,
							45.64806
						],
						[
							-94.20437,
							45.64946
						],
						[
							-94.20217,
							45.65096
						],
						[
							-94.20428,
							45.65246
						],
						[
							-94.20417,
							45.65396
						],
						[
							-94.20417,
							45.65686
						],
						[
							-94.20408,
							45.65836
						],
						[
							-94.20408,
							45.65986
						],
						[
							-94.20397,
							45.66137
						],
						[
							-94.20188,
							45.66276
						],
						[
							-94.20188,
							45.66427
						],
						[
							-94.19967,
							45.66566
						],
						[
							-94.19758,
							45.66716
						],
						[
							-94.19538,
							45.66856
						],
						[
							-94.19327,
							45.67006
						],
						[
							-94.19317,
							45.67156
						],
						[
							-94.19108,
							45.67296
						],
						[
							-94.19308,
							45.67446
						],
						[
							-94.19527,
							45.67446
						],
						[
							-94.19727,
							45.67596
						],
						[
							-94.19938,
							45.67606
						],
						[
							-94.20147,
							45.67756
						],
						[
							-94.20138,
							45.67896
						],
						[
							-94.20138,
							45.68046
						],
						[
							-94.20348,
							45.68196
						],
						[
							-94.20338,
							45.68346
						],
						[
							-94.20338,
							45.68496
						],
						[
							-94.20538,
							45.68646
						],
						[
							-94.20538,
							45.68936
						],
						[
							-94.20527,
							45.69086
						],
						[
							-94.20738,
							45.69236
						],
						[
							-94.20727,
							45.69385
						],
						[
							-94.20727,
							45.69526
						],
						[
							-94.20938,
							45.69676
						],
						[
							-94.20929,
							45.69836
						],
						[
							-94.21138,
							45.69986
						],
						[
							-94.21129,
							45.70126
						],
						[
							-94.21349,
							45.70126
						],
						[
							-94.21549,
							45.70286
						],
						[
							-94.21757,
							45.70436
						],
						[
							-94.21959,
							45.70586
						],
						[
							-94.22168,
							45.70736
						],
						[
							-94.22168,
							45.70886
						],
						[
							-94.22368,
							45.71026
						],
						[
							-94.22368,
							45.71326
						],
						[
							-94.22148,
							45.71476
						],
						[
							-94.21938,
							45.71616
						],
						[
							-94.21718,
							45.71616
						],
						[
							-94.21718,
							45.71766
						],
						[
							-94.21509,
							45.71906
						],
						[
							-94.21498,
							45.72056
						],
						[
							-94.21498,
							45.72196
						],
						[
							-94.21489,
							45.72346
						],
						[
							-94.21698,
							45.72496
						],
						[
							-94.21909,
							45.72646
						],
						[
							-94.22118,
							45.72656
						],
						[
							-94.22539,
							45.72655
						],
						[
							-94.22748,
							45.72666
						],
						[
							-94.22958,
							45.72666
						],
						[
							-94.23169,
							45.72816
						],
						[
							-94.23378,
							45.72816
						],
						[
							-94.23589,
							45.72826
						],
						[
							-94.23798,
							45.72826
						],
						[
							-94.24008,
							45.72976
						],
						[
							-94.24219,
							45.72976
						],
						[
							-94.24419,
							45.73126
						],
						[
							-94.24628,
							45.73276
						],
						[
							-94.24838,
							45.73286
						],
						[
							-94.25049,
							45.73426
						],
						[
							-94.25258,
							45.73576
						],
						[
							-94.25458,
							45.73586
						],
						[
							-94.25879,
							45.73886
						],
						[
							-94.25879,
							45.74036
						],
						[
							-94.26079,
							45.74186
						],
						[
							-94.26079,
							45.74326
						],
						[
							-94.26288,
							45.74476
						],
						[
							-94.26279,
							45.74627
						],
						[
							-94.26488,
							45.74776
						],
						[
							-94.26688,
							45.74936
						],
						[
							-94.26688,
							45.75226
						],
						[
							-94.26678,
							45.75376
						],
						[
							-94.26678,
							45.75516
						],
						[
							-94.26668,
							45.75666
						],
						[
							-94.26668,
							45.75966
						],
						[
							-94.26659,
							45.76105
						],
						[
							-94.27078,
							45.76406
						],
						[
							-94.27278,
							45.76566
						],
						[
							-94.27278,
							45.76706
						],
						[
							-94.27269,
							45.76856
						],
						[
							-94.27269,
							45.77146
						],
						[
							-94.27469,
							45.77306
						],
						[
							-94.27469,
							45.77446
						],
						[
							-94.27678,
							45.77596
						],
						[
							-94.27878,
							45.77746
						],
						[
							-94.28088,
							45.77756
						],
						[
							-94.28299,
							45.77906
						],
						[
							-94.28719,
							45.77906
						],
						[
							-94.28928,
							45.77916
						],
						[
							-94.29138,
							45.78056
						],
						[
							-94.29349,
							45.78066
						],
						[
							-94.29558,
							45.78066
						],
						[
							-94.29768,
							45.78216
						],
						[
							-94.29979,
							45.78216
						],
						[
							-94.30188,
							45.78366
						],
						[
							-94.30388,
							45.78516
						],
						[
							-94.30608,
							45.78525
						],
						[
							-94.30808,
							45.78676
						],
						[
							-94.31229,
							45.78976
						],
						[
							-94.31428,
							45.79126
						],
						[
							-94.31428,
							45.79275
						],
						[
							-94.31418,
							45.79416
						],
						[
							-94.31628,
							45.79565
						],
						[
							-94.31628,
							45.79726
						],
						[
							-94.31839,
							45.79866
						],
						[
							-94.32048,
							45.79866
						],
						[
							-94.32259,
							45.79876
						],
						[
							-94.32468,
							45.79876
						],
						[
							-94.32678,
							45.79886
						],
						[
							-94.32889,
							45.80025
						],
						[
							-94.33098,
							45.80036
						],
						[
							-94.33308,
							45.80186
						],
						[
							-94.33519,
							45.80186
						],
						[
							-94.33719,
							45.80336
						],
						[
							-94.34347,
							45.80786
						],
						[
							-94.34549,
							45.80936
						],
						[
							-94.34549,
							45.81086
						],
						[
							-94.34758,
							45.81235
						],
						[
							-94.34749,
							45.81386
						],
						[
							-94.34958,
							45.81527
						],
						[
							-94.35158,
							45.81686
						],
						[
							-94.35368,
							45.81836
						],
						[
							-94.35368,
							45.81976
						],
						[
							-94.35579,
							45.82126
						],
						[
							-94.35779,
							45.82287
						],
						[
							-94.3578,
							45.82426
						],
						[
							-94.35569,
							45.82576
						],
						[
							-94.35349,
							45.82726
						],
						[
							-94.35129,
							45.82866
						],
						[
							-94.34918,
							45.83006
						],
						[
							-94.34918,
							45.83156
						],
						[
							-94.34699,
							45.83295
						],
						[
							-94.34699,
							45.83456
						],
						[
							-94.34688,
							45.83596
						],
						[
							-94.34688,
							45.83746
						],
						[
							-94.34898,
							45.83896
						],
						[
							-94.34888,
							45.84046
						],
						[
							-94.35098,
							45.84186
						],
						[
							-94.35099,
							45.84336
						],
						[
							-94.35298,
							45.84486
						],
						[
							-94.35299,
							45.84636
						],
						[
							-94.3551,
							45.84786
						],
						[
							-94.35499,
							45.84936
						],
						[
							-94.35499,
							45.85086
						],
						[
							-94.35709,
							45.85236
						],
						[
							-94.35699,
							45.85386
						],
						[
							-94.35699,
							45.85525
						],
						[
							-94.35909,
							45.85676
						],
						[
							-94.35899,
							45.85826
						],
						[
							-94.35899,
							45.86116
						],
						[
							-94.35889,
							45.86266
						],
						[
							-94.35679,
							45.86406
						],
						[
							-94.35459,
							45.86556
						],
						[
							-94.35249,
							45.86706
						],
						[
							-94.35239,
							45.86856
						],
						[
							-94.35239,
							45.87146
						],
						[
							-94.35229,
							45.87286
						],
						[
							-94.35439,
							45.87446
						],
						[
							-94.35648,
							45.87596
						],
						[
							-94.35639,
							45.87746
						],
						[
							-94.35848,
							45.87886
						],
						[
							-94.35848,
							45.88036
						],
						[
							-94.3605,
							45.88196
						],
						[
							-94.3605,
							45.88486
						],
						[
							-94.36249,
							45.88636
						],
						[
							-94.36249,
							45.88786
						],
						[
							-94.36459,
							45.88936
						],
						[
							-94.36449,
							45.89075
						],
						[
							-94.36449,
							45.89226
						],
						[
							-94.36659,
							45.89376
						],
						[
							-94.36649,
							45.89526
						],
						[
							-94.36649,
							45.89676
						],
						[
							-94.36858,
							45.89676
						],
						[
							-94.37069,
							45.89825
						],
						[
							-94.37058,
							45.89976
						],
						[
							-94.37269,
							45.90126
						],
						[
							-94.37269,
							45.90276
						],
						[
							-94.37479,
							45.90426
						],
						[
							-94.37679,
							45.90576
						],
						[
							-94.37679,
							45.90716
						],
						[
							-94.37888,
							45.90866
						],
						[
							-94.37879,
							45.91016
						],
						[
							-94.3809,
							45.91166
						],
						[
							-94.3809,
							45.91316
						],
						[
							-94.38299,
							45.91466
						],
						[
							-94.3829,
							45.91616
						],
						[
							-94.3829,
							45.91756
						],
						[
							-94.38279,
							45.91906
						],
						[
							-94.38279,
							45.92206
						],
						[
							-94.38479,
							45.92356
						],
						[
							-94.38689,
							45.92506
						],
						[
							-94.38689,
							45.92646
						],
						[
							-94.38899,
							45.92806
						],
						[
							-94.39098,
							45.92956
						],
						[
							-94.39098,
							45.93246
						],
						[
							-94.39089,
							45.93396
						],
						[
							-94.39089,
							45.93536
						],
						[
							-94.39078,
							45.93686
						],
						[
							-94.39078,
							45.93986
						],
						[
							-94.39069,
							45.94136
						],
						[
							-94.39069,
							45.94426
						],
						[
							-94.39059,
							45.94575
						],
						[
							-94.39059,
							45.94726
						],
						[
							-94.3905,
							45.94866
						],
						[
							-94.3905,
							45.95166
						],
						[
							-94.39039,
							45.95316
						],
						[
							-94.38828,
							45.95456
						],
						[
							-94.38819,
							45.95606
						],
						[
							-94.38609,
							45.95746
						],
						[
							-94.38389,
							45.95896
						],
						[
							-94.38389,
							45.96046
						],
						[
							-94.38178,
							45.96186
						],
						[
							-94.37959,
							45.96326
						],
						[
							-94.37739,
							45.96476
						],
						[
							-94.37319,
							45.96476
						],
						[
							-94.37099,
							45.96616
						],
						[
							-94.37099,
							45.96915
						],
						[
							-94.3688,
							45.97056
						],
						[
							-94.3688,
							45.97195
						],
						[
							-94.36659,
							45.97346
						],
						[
							-94.36449,
							45.97496
						],
						[
							-94.36439,
							45.97636
						],
						[
							-94.36439,
							45.97936
						],
						[
							-94.3643,
							45.98086
						],
						[
							-94.3643,
							45.98376
						],
						[
							-94.36419,
							45.98526
						],
						[
							-94.36419,
							45.98676
						],
						[
							-94.36408,
							45.98816
						],
						[
							-94.36408,
							45.99116
						],
						[
							-94.36399,
							45.99266
						],
						[
							-94.36399,
							45.99416
						],
						[
							-94.3661,
							45.99566
						],
						[
							-94.36599,
							45.99706
						],
						[
							-94.36599,
							46.00006
						],
						[
							-94.36588,
							46.00146
						],
						[
							-94.36588,
							46.00296
						],
						[
							-94.36579,
							46.00446
						],
						[
							-94.36579,
							46.00596
						],
						[
							-94.36359,
							46.00736
						],
						[
							-94.36149,
							46.00886
						],
						[
							-94.35929,
							46.01026
						],
						[
							-94.35929,
							46.01176
						],
						[
							-94.35709,
							46.01326
						],
						[
							-94.35709,
							46.01466
						],
						[
							-94.3549,
							46.01616
						],
						[
							-94.3549,
							46.01756
						],
						[
							-94.35268,
							46.01906
						],
						[
							-94.35268,
							46.02056
						],
						[
							-94.35059,
							46.02196
						],
						[
							-94.3484,
							46.02346
						],
						[
							-94.3484,
							46.02496
						],
						[
							-94.34618,
							46.02626
						],
						[
							-94.34618,
							46.02776
						],
						[
							-94.34609,
							46.02926
						],
						[
							-94.34609,
							46.03077
						],
						[
							-94.34598,
							46.03226
						],
						[
							-94.34598,
							46.03516
						],
						[
							-94.34809,
							46.03666
						],
						[
							-94.34589,
							46.03816
						],
						[
							-94.34589,
							46.03956
						],
						[
							-94.34579,
							46.04106
						],
						[
							-94.34579,
							46.04256
						],
						[
							-94.34359,
							46.04406
						],
						[
							-94.34359,
							46.04696
						],
						[
							-94.34139,
							46.04846
						],
						[
							-94.34139,
							46.04986
						],
						[
							-94.34129,
							46.05136
						],
						[
							-94.34129,
							46.05286
						],
						[
							-94.34119,
							46.05426
						],
						[
							-94.33909,
							46.05576
						],
						[
							-94.339,
							46.05726
						],
						[
							-94.339,
							46.06016
						],
						[
							-94.33889,
							46.06166
						],
						[
							-94.33889,
							46.06316
						],
						[
							-94.33878,
							46.06456
						],
						[
							-94.34089,
							46.06615
						],
						[
							-94.34089,
							46.06906
						],
						[
							-94.3408,
							46.07056
						],
						[
							-94.3408,
							46.07196
						],
						[
							-94.33858,
							46.07346
						],
						[
							-94.33858,
							46.07496
						],
						[
							-94.33639,
							46.07636
						],
						[
							-94.3343,
							46.07786
						],
						[
							-94.33419,
							46.07937
						],
						[
							-94.33419,
							46.08076
						],
						[
							-94.33408,
							46.08226
						],
						[
							-94.33408,
							46.08526
						],
						[
							-94.33399,
							46.08666
						],
						[
							-94.33399,
							46.08816
						],
						[
							-94.33388,
							46.08966
						],
						[
							-94.33599,
							46.09116
						],
						[
							-94.33599,
							46.09406
						],
						[
							-94.33799,
							46.09556
						],
						[
							-94.34219,
							46.09856
						],
						[
							-94.3464,
							46.10155
						],
						[
							-94.3484,
							46.10306
						],
						[
							-94.3484,
							46.10606
						],
						[
							-94.35049,
							46.10756
						],
						[
							-94.3504,
							46.10906
						],
						[
							-94.35249,
							46.11046
						],
						[
							-94.35459,
							46.11196
						],
						[
							-94.35448,
							46.11346
						],
						[
							-94.35448,
							46.11496
						],
						[
							-94.35659,
							46.11646
						],
						[
							-94.35648,
							46.11796
						],
						[
							-94.35859,
							46.11946
						],
						[
							-94.3607,
							46.11946
						],
						[
							-94.36279,
							46.12096
						],
						[
							-94.36489,
							46.12106
						],
						[
							-94.36909,
							46.12407
						],
						[
							-94.36909,
							46.12546
						],
						[
							-94.37109,
							46.12696
						],
						[
							-94.37319,
							46.12846
						],
						[
							-94.37319,
							46.12996
						],
						[
							-94.37949,
							46.13446
						],
						[
							-94.37939,
							46.13596
						],
						[
							-94.37939,
							46.13746
						],
						[
							-94.37719,
							46.13885
						],
						[
							-94.37719,
							46.14036
						],
						[
							-94.37708,
							46.14187
						],
						[
							-94.37708,
							46.14476
						],
						[
							-94.37489,
							46.14616
						],
						[
							-94.37489,
							46.14766
						],
						[
							-94.37479,
							46.14916
						],
						[
							-94.37479,
							46.15207
						],
						[
							-94.37679,
							46.15356
						],
						[
							-94.37679,
							46.15655
						],
						[
							-94.3746,
							46.15806
						],
						[
							-94.3746,
							46.15945
						],
						[
							-94.37238,
							46.16096
						],
						[
							-94.37238,
							46.16237
						],
						[
							-94.37019,
							46.16386
						],
						[
							-94.37019,
							46.16536
						],
						[
							-94.37009,
							46.16676
						],
						[
							-94.37219,
							46.16836
						],
						[
							-94.37219,
							46.16976
						],
						[
							-94.37209,
							46.17126
						],
						[
							-94.37209,
							46.17276
						],
						[
							-94.37199,
							46.17426
						],
						[
							-94.37199,
							46.17716
						],
						[
							-94.37409,
							46.17866
						],
						[
							-94.37399,
							46.18016
						],
						[
							-94.37609,
							46.18166
						],
						[
							-94.37609,
							46.18316
						],
						[
							-94.37598,
							46.18456
						],
						[
							-94.37809,
							46.18606
						],
						[
							-94.37809,
							46.18756
						],
						[
							-94.38229,
							46.19056
						],
						[
							-94.38219,
							46.19196
						],
						[
							-94.38429,
							46.19356
						],
						[
							-94.38639,
							46.19496
						],
						[
							-94.3885,
							46.19656
						],
						[
							-94.38839,
							46.19806
						],
						[
							-94.3905,
							46.19946
						],
						[
							-94.39259,
							46.20106
						],
						[
							-94.39469,
							46.20256
						],
						[
							-94.3968,
							46.20396
						],
						[
							-94.39889,
							46.20546
						],
						[
							-94.3988,
							46.20696
						],
						[
							-94.40089,
							46.20846
						],
						[
							-94.40089,
							46.20996
						],
						[
							-94.4008,
							46.21146
						],
						[
							-94.4008,
							46.21446
						],
						[
							-94.40069,
							46.21586
						],
						[
							-94.40069,
							46.21737
						],
						[
							-94.39849,
							46.21876
						],
						[
							-94.39849,
							46.22166
						],
						[
							-94.39838,
							46.22316
						],
						[
							-94.39838,
							46.22465
						],
						[
							-94.39829,
							46.22616
						],
						[
							-94.39619,
							46.22755
						],
						[
							-94.3961,
							46.22906
						],
						[
							-94.3961,
							46.23056
						],
						[
							-94.39388,
							46.23196
						],
						[
							-94.39388,
							46.23346
						],
						[
							-94.39168,
							46.23496
						],
						[
							-94.39168,
							46.23786
						],
						[
							-94.39159,
							46.23936
						],
						[
							-94.38949,
							46.24077
						],
						[
							-94.38729,
							46.24077
						],
						[
							-94.38519,
							46.24216
						],
						[
							-94.3809,
							46.24216
						],
						[
							-94.37879,
							46.24366
						],
						[
							-94.3744,
							46.24646
						],
						[
							-94.37229,
							46.24796
						],
						[
							-94.37009,
							46.24936
						],
						[
							-94.37009,
							46.25086
						],
						[
							-94.3679,
							46.25236
						],
						[
							-94.36568,
							46.25376
						],
						[
							-94.36359,
							46.25526
						],
						[
							-94.3614,
							46.25666
						],
						[
							-94.35918,
							46.25806
						],
						[
							-94.35918,
							46.26105
						],
						[
							-94.35909,
							46.26256
						],
						[
							-94.35699,
							46.26397
						],
						[
							-94.35479,
							46.26546
						],
						[
							-94.35259,
							46.26687
						],
						[
							-94.35049,
							46.26836
						],
						[
							-94.34829,
							46.26976
						],
						[
							-94.34618,
							46.27125
						],
						[
							-94.34399,
							46.27266
						],
						[
							-94.34399,
							46.27416
						],
						[
							-94.34179,
							46.27556
						],
						[
							-94.33959,
							46.27707
						],
						[
							-94.33749,
							46.27846
						],
						[
							-94.33529,
							46.27996
						],
						[
							-94.33529,
							46.28136
						],
						[
							-94.33309,
							46.28286
						],
						[
							-94.33089,
							46.28426
						],
						[
							-94.3287,
							46.28576
						],
						[
							-94.32659,
							46.28716
						],
						[
							-94.32649,
							46.28866
						],
						[
							-94.32439,
							46.29006
						],
						[
							-94.32439,
							46.29156
						],
						[
							-94.3222,
							46.29306
						],
						[
							-94.31998,
							46.29306
						],
						[
							-94.31789,
							46.29297
						],
						[
							-94.31579,
							46.29297
						],
						[
							-94.31368,
							46.29436
						],
						[
							-94.30939,
							46.29436
						],
						[
							-94.30498,
							46.29716
						],
						[
							-94.30289,
							46.29866
						],
						[
							-94.30069,
							46.30016
						],
						[
							-94.29858,
							46.30156
						],
						[
							-94.29639,
							46.30306
						],
						[
							-94.29419,
							46.30446
						],
						[
							-94.29198,
							46.30596
						],
						[
							-94.28989,
							46.30586
						],
						[
							-94.28359,
							46.30586
						],
						[
							-94.28139,
							46.30576
						],
						[
							-94.27928,
							46.30576
						],
						[
							-94.27708,
							46.30726
						],
						[
							-94.27498,
							46.30716
						],
						[
							-94.27278,
							46.30866
						],
						[
							-94.27068,
							46.30856
						],
						[
							-94.26639,
							46.30856
						],
						[
							-94.26428,
							46.30996
						],
						[
							-94.26208,
							46.31136
						],
						[
							-94.25998,
							46.31286
						],
						[
							-94.25989,
							46.31437
						],
						[
							-94.25768,
							46.31576
						],
						[
							-94.25558,
							46.31726
						],
						[
							-94.25339,
							46.31866
						],
						[
							-94.25128,
							46.31866
						],
						[
							-94.24908,
							46.32006
						],
						[
							-94.24689,
							46.32156
						],
						[
							-94.24478,
							46.32296
						],
						[
							-94.24258,
							46.32446
						],
						[
							-94.24039,
							46.32586
						],
						[
							-94.23828,
							46.32735
						],
						[
							-94.23608,
							46.32876
						],
						[
							-94.23178,
							46.32876
						],
						[
							-94.22978,
							46.32726
						],
						[
							-94.22759,
							46.32716
						],
						[
							-94.22548,
							46.32866
						],
						[
							-94.22328,
							46.33006
						],
						[
							-94.22328,
							46.33156
						],
						[
							-94.22317,
							46.33296
						],
						[
							-94.22098,
							46.33446
						],
						[
							-94.22098,
							46.33596
						],
						[
							-94.21878,
							46.33736
						],
						[
							-94.21667,
							46.33886
						],
						[
							-94.21658,
							46.34036
						],
						[
							-94.21439,
							46.34176
						],
						[
							-94.21228,
							46.34316
						],
						[
							-94.21219,
							46.34466
						],
						[
							-94.21008,
							46.34607
						],
						[
							-94.20998,
							46.34756
						],
						[
							-94.20998,
							46.34906
						],
						[
							-94.20988,
							46.35056
						],
						[
							-94.20988,
							46.35196
						],
						[
							-94.20978,
							46.35346
						],
						[
							-94.20978,
							46.35646
						],
						[
							-94.20969,
							46.35786
						],
						[
							-94.20969,
							46.36086
						],
						[
							-94.20749,
							46.36226
						],
						[
							-94.20528,
							46.36376
						],
						[
							-94.20319,
							46.36376
						],
						[
							-94.20099,
							46.36366
						],
						[
							-94.19888,
							46.36516
						],
						[
							-94.19669,
							46.36506
						],
						[
							-94.19458,
							46.36656
						],
						[
							-94.19238,
							46.36796
						],
						[
							-94.19019,
							46.36946
						],
						[
							-94.18808,
							46.37086
						],
						[
							-94.18588,
							46.37226
						],
						[
							-94.18368,
							46.37376
						],
						[
							-94.18149,
							46.37516
						],
						[
							-94.17938,
							46.37666
						],
						[
							-94.17718,
							46.37806
						],
						[
							-94.17499,
							46.37956
						],
						[
							-94.17288,
							46.38096
						],
						[
							-94.17069,
							46.38247
						],
						[
							-94.17058,
							46.38386
						],
						[
							-94.17058,
							46.38536
						],
						[
							-94.17049,
							46.38686
						],
						[
							-94.17258,
							46.38836
						],
						[
							-94.17258,
							46.39126
						],
						[
							-94.17038,
							46.39276
						],
						[
							-94.16818,
							46.39416
						],
						[
							-94.16399,
							46.39416
						],
						[
							-94.15958,
							46.39696
						],
						[
							-94.15958,
							46.39846
						],
						[
							-94.15949,
							46.39996
						],
						[
							-94.15949,
							46.40146
						],
						[
							-94.15729,
							46.40286
						],
						[
							-94.15729,
							46.40426
						],
						[
							-94.15718,
							46.40577
						],
						[
							-94.15498,
							46.40726
						],
						[
							-94.15288,
							46.40866
						],
						[
							-94.15279,
							46.41016
						],
						[
							-94.15068,
							46.41156
						],
						[
							-94.14848,
							46.41306
						],
						[
							-94.14628,
							46.41446
						],
						[
							-94.14628,
							46.41596
						],
						[
							-94.14617,
							46.41746
						],
						[
							-94.14187,
							46.42036
						],
						[
							-94.14178,
							46.42186
						],
						[
							-94.14178,
							46.42326
						],
						[
							-94.14167,
							46.42476
						],
						[
							-94.13958,
							46.42625
						],
						[
							-94.13737,
							46.42766
						],
						[
							-94.13517,
							46.42766
						],
						[
							-94.13308,
							46.42756
						],
						[
							-94.12887,
							46.42756
						],
						[
							-94.12667,
							46.42896
						],
						[
							-94.12447,
							46.43046
						],
						[
							-94.12228,
							46.43185
						],
						[
							-94.12017,
							46.43326
						],
						[
							-94.11797,
							46.43476
						],
						[
							-94.11578,
							46.43616
						],
						[
							-94.11358,
							46.43766
						],
						[
							-94.11147,
							46.43756
						],
						[
							-94.10717,
							46.43756
						],
						[
							-94.10508,
							46.43747
						],
						[
							-94.10297,
							46.43896
						],
						[
							-94.10078,
							46.43896
						],
						[
							-94.09858,
							46.44036
						],
						[
							-94.09647,
							46.44176
						],
						[
							-94.09428,
							46.44326
						],
						[
							-94.09208,
							46.44466
						],
						[
							-94.08988,
							46.44616
						],
						[
							-94.08778,
							46.44756
						],
						[
							-94.08558,
							46.44756
						],
						[
							-94.08338,
							46.44896
						],
						[
							-94.08128,
							46.44896
						],
						[
							-94.07908,
							46.45036
						],
						[
							-94.07697,
							46.45186
						],
						[
							-94.07478,
							46.45325
						],
						[
							-94.07258,
							46.45476
						],
						[
							-94.07038,
							46.45616
						],
						[
							-94.06827,
							46.45766
						],
						[
							-94.06817,
							46.45906
						],
						[
							-94.06817,
							46.46056
						],
						[
							-94.07017,
							46.46206
						],
						[
							-94.07227,
							46.46355
						],
						[
							-94.07447,
							46.46355
						],
						[
							-94.07647,
							46.46506
						],
						[
							-94.07868,
							46.46666
						],
						[
							-94.08068,
							46.46806
						],
						[
							-94.08277,
							46.46966
						],
						[
							-94.08277,
							46.47116
						],
						[
							-94.08268,
							46.47256
						],
						[
							-94.08477,
							46.47406
						],
						[
							-94.08477,
							46.47555
						],
						[
							-94.08677,
							46.47706
						],
						[
							-94.08898,
							46.47706
						],
						[
							-94.09527,
							46.48156
						],
						[
							-94.09727,
							46.48315
						],
						[
							-94.09727,
							46.48456
						],
						[
							-94.09507,
							46.48606
						],
						[
							-94.09287,
							46.48746
						],
						[
							-94.09078,
							46.48886
						],
						[
							-94.09068,
							46.49036
						],
						[
							-94.08848,
							46.49186
						],
						[
							-94.08848,
							46.49476
						],
						[
							-94.08628,
							46.49616
						],
						[
							-94.08617,
							46.49766
						],
						[
							-94.08407,
							46.49916
						],
						[
							-94.08398,
							46.50056
						],
						[
							-94.08178,
							46.50196
						],
						[
							-94.07958,
							46.50346
						],
						[
							-94.07748,
							46.50496
						],
						[
							-94.07528,
							46.50486
						],
						[
							-94.07528,
							46.50635
						],
						[
							-94.07308,
							46.50786
						],
						[
							-94.07308,
							46.50925
						],
						[
							-94.07297,
							46.51076
						],
						[
							-94.07297,
							46.51226
						],
						[
							-94.07287,
							46.51366
						],
						[
							-94.07497,
							46.51516
						],
						[
							-94.07497,
							46.51666
						],
						[
							-94.07708,
							46.51816
						],
						[
							-94.07697,
							46.51966
						],
						[
							-94.07697,
							46.52106
						],
						[
							-94.07908,
							46.52266
						],
						[
							-94.07897,
							46.52405
						],
						[
							-94.07897,
							46.52556
						],
						[
							-94.07888,
							46.52706
						],
						[
							-94.07888,
							46.52996
						],
						[
							-94.07667,
							46.53145
						],
						[
							-94.07447,
							46.53136
						],
						[
							-94.07238,
							46.53136
						],
						[
							-94.07027,
							46.52986
						],
						[
							-94.06817,
							46.52986
						],
						[
							-94.06597,
							46.52976
						],
						[
							-94.06177,
							46.52976
						],
						[
							-94.05958,
							46.52965
						],
						[
							-94.05738,
							46.53116
						],
						[
							-94.05527,
							46.53256
						],
						[
							-94.05517,
							46.53406
						],
						[
							-94.05297,
							46.53556
						],
						[
							-94.05297,
							46.53696
						],
						[
							-94.05288,
							46.53846
						],
						[
							-94.05077,
							46.53995
						],
						[
							-94.04858,
							46.54136
						],
						[
							-94.04638,
							46.54136
						],
						[
							-94.04427,
							46.54126
						],
						[
							-94.04217,
							46.54126
						],
						[
							-94.03997,
							46.54116
						],
						[
							-94.03577,
							46.54116
						],
						[
							-94.03357,
							46.54256
						],
						[
							-94.03137,
							46.54406
						],
						[
							-94.03137,
							46.54545
						],
						[
							-94.03127,
							46.54696
						],
						[
							-94.03346,
							46.54696
						],
						[
							-94.03546,
							46.54845
						],
						[
							-94.03767,
							46.54845
						],
						[
							-94.03976,
							46.54856
						],
						[
							-94.04397,
							46.55156
						],
						[
							-94.04176,
							46.55306
						],
						[
							-94.04176,
							46.55445
						],
						[
							-94.04167,
							46.55596
						],
						[
							-94.04167,
							46.55746
						],
						[
							-94.03947,
							46.55886
						],
						[
							-94.03737,
							46.55886
						],
						[
							-94.03526,
							46.55735
						],
						[
							-94.03317,
							46.55736
						],
						[
							-94.03096,
							46.55726
						],
						[
							-94.02876,
							46.55865
						],
						[
							-94.02446,
							46.55866
						],
						[
							-94.02237,
							46.56006
						],
						[
							-94.02017,
							46.56006
						],
						[
							-94.01817,
							46.55855
						],
						[
							-94.01596,
							46.55855
						],
						[
							-94.01176,
							46.55556
						],
						[
							-94.00967,
							46.55545
						],
						[
							-94.00546,
							46.55246
						],
						[
							-94.00337,
							46.55246
						],
						[
							-93.99916,
							46.54946
						],
						[
							-93.99707,
							46.54935
						],
						[
							-93.99496,
							46.54796
						],
						[
							-93.99277,
							46.54785
						],
						[
							-93.98857,
							46.54786
						],
						[
							-93.98637,
							46.54776
						],
						[
							-93.98216,
							46.54776
						],
						[
							-93.98007,
							46.54616
						],
						[
							-93.97586,
							46.54316
						],
						[
							-93.97157,
							46.54316
						],
						[
							-93.96947,
							46.54306
						],
						[
							-93.96736,
							46.54306
						],
						[
							-93.96527,
							46.54156
						],
						[
							-93.96317,
							46.54156
						],
						[
							-93.96097,
							46.54145
						],
						[
							-93.95886,
							46.54145
						],
						[
							-93.95677,
							46.54136
						],
						[
							-93.95458,
							46.54136
						],
						[
							-93.95236,
							46.54275
						],
						[
							-93.94817,
							46.54275
						],
						[
							-93.94597,
							46.54265
						],
						[
							-93.94177,
							46.54265
						],
						[
							-93.93956,
							46.54406
						],
						[
							-93.93527,
							46.54406
						],
						[
							-93.93306,
							46.54546
						],
						[
							-93.93097,
							46.54546
						],
						[
							-93.92877,
							46.54686
						],
						[
							-93.92877,
							46.54835
						],
						[
							-93.92656,
							46.54975
						],
						[
							-93.92227,
							46.54975
						],
						[
							-93.92017,
							46.54966
						],
						[
							-93.91797,
							46.54966
						],
						[
							-93.91586,
							46.54956
						],
						[
							-93.91367,
							46.55106
						],
						[
							-93.91147,
							46.55246
						],
						[
							-93.90936,
							46.55396
						],
						[
							-93.90717,
							46.55535
						],
						[
							-93.90286,
							46.55535
						],
						[
							-93.90077,
							46.55526
						],
						[
							-93.89856,
							46.55665
						],
						[
							-93.89636,
							46.55665
						],
						[
							-93.89427,
							46.55806
						],
						[
							-93.89208,
							46.55955
						],
						[
							-93.89197,
							46.56106
						],
						[
							-93.88977,
							46.56246
						],
						[
							-93.88766,
							46.56385
						],
						[
							-93.88547,
							46.56536
						],
						[
							-93.88326,
							46.56536
						],
						[
							-93.88107,
							46.56676
						],
						[
							-93.87896,
							46.56665
						],
						[
							-93.87676,
							46.56816
						],
						[
							-93.87457,
							46.56955
						],
						[
							-93.87246,
							46.56956
						],
						[
							-93.86807,
							46.57235
						],
						[
							-93.86596,
							46.57235
						],
						[
							-93.86376,
							46.57386
						],
						[
							-93.86166,
							46.57386
						],
						[
							-93.85946,
							46.57376
						],
						[
							-93.85735,
							46.57376
						],
						[
							-93.85516,
							46.57515
						],
						[
							-93.85296,
							46.57666
						],
						[
							-93.85085,
							46.57656
						],
						[
							-93.84866,
							46.57795
						],
						[
							-93.84656,
							46.57795
						],
						[
							-93.84435,
							46.57946
						],
						[
							-93.84216,
							46.57936
						],
						[
							-93.84006,
							46.57936
						],
						[
							-93.83785,
							46.58075
						],
						[
							-93.83576,
							46.58075
						],
						[
							-93.83356,
							46.58065
						],
						[
							-93.82716,
							46.58065
						],
						[
							-93.82507,
							46.58055
						],
						[
							-93.82296,
							46.58055
						],
						[
							-93.82076,
							46.58195
						],
						[
							-93.81857,
							46.58195
						],
						[
							-93.81646,
							46.58185
						],
						[
							-93.81435,
							46.58185
						],
						[
							-93.81216,
							46.58326
						],
						[
							-93.80785,
							46.58325
						],
						[
							-93.80576,
							46.58316
						],
						[
							-93.80357,
							46.58316
						],
						[
							-93.80146,
							46.58455
						],
						[
							-93.79716,
							46.58455
						],
						[
							-93.79507,
							46.58445
						],
						[
							-93.79285,
							46.58445
						],
						[
							-93.79066,
							46.58586
						],
						[
							-93.78857,
							46.58585
						],
						[
							-93.78635,
							46.58725
						],
						[
							-93.78416,
							46.58875
						],
						[
							-93.78196,
							46.59015
						],
						[
							-93.77985,
							46.59015
						],
						[
							-93.77766,
							46.59165
						],
						[
							-93.77335,
							46.59146
						],
						[
							-93.77126,
							46.59145
						],
						[
							-93.76907,
							46.59285
						],
						[
							-93.76476,
							46.59285
						],
						[
							-93.76266,
							46.59275
						],
						[
							-93.75835,
							46.59275
						],
						[
							-93.75626,
							46.59115
						],
						[
							-93.75205,
							46.59115
						],
						[
							-93.74985,
							46.59105
						],
						[
							-93.74777,
							46.59105
						],
						[
							-93.74566,
							46.59095
						],
						[
							-93.73927,
							46.59095
						],
						[
							-93.73705,
							46.59085
						],
						[
							-93.73496,
							46.59085
						],
						[
							-93.73286,
							46.59075
						],
						[
							-93.73066,
							46.59075
						],
						[
							-93.72846,
							46.59215
						],
						[
							-93.72416,
							46.59215
						],
						[
							-93.72205,
							46.59205
						],
						[
							-93.71777,
							46.59205
						],
						[
							-93.71355,
							46.59185
						],
						[
							-93.70705,
							46.59185
						],
						[
							-93.70496,
							46.59175
						],
						[
							-93.70285,
							46.59175
						],
						[
							-93.70065,
							46.59165
						],
						[
							-93.69215,
							46.59165
						],
						[
							-93.68785,
							46.59146
						],
						[
							-93.68366,
							46.59145
						],
						[
							-93.68146,
							46.59135
						],
						[
							-93.67935,
							46.59135
						],
						[
							-93.67725,
							46.59125
						],
						[
							-93.67505,
							46.59125
						],
						[
							-93.67296,
							46.58976
						],
						[
							-93.67094,
							46.58825
						],
						[
							-93.66875,
							46.58675
						],
						[
							-93.66675,
							46.58515
						],
						[
							-93.66035,
							46.58515
						],
						[
							-93.65816,
							46.58505
						],
						[
							-93.65395,
							46.58505
						],
						[
							-93.65175,
							46.58495
						],
						[
							-93.64966,
							46.58495
						],
						[
							-93.64755,
							46.58485
						],
						[
							-93.64535,
							46.58485
						],
						[
							-93.64316,
							46.58635
						],
						[
							-93.64095,
							46.58775
						],
						[
							-93.64095,
							46.58915
						],
						[
							-93.64085,
							46.59065
						],
						[
							-93.64085,
							46.59215
						],
						[
							-93.64075,
							46.59355
						],
						[
							-93.63855,
							46.59505
						],
						[
							-93.63635,
							46.59645
						],
						[
							-93.63635,
							46.59795
						],
						[
							-93.63846,
							46.59945
						],
						[
							-93.63835,
							46.60095
						],
						[
							-93.64046,
							46.60095
						],
						[
							-93.64255,
							46.60245
						],
						[
							-93.64255,
							46.60395
						],
						[
							-93.64035,
							46.60535
						],
						[
							-93.64026,
							46.60685
						],
						[
							-93.64235,
							46.60835
						],
						[
							-93.64235,
							46.60984
						],
						[
							-93.64226,
							46.61135
						],
						[
							-93.64435,
							46.61285
						],
						[
							-93.64426,
							46.61425
						],
						[
							-93.64426,
							46.61575
						],
						[
							-93.64406,
							46.61875
						],
						[
							-93.64406,
							46.62165
						],
						[
							-93.64185,
							46.62315
						],
						[
							-93.63965,
							46.62304
						],
						[
							-93.63756,
							46.62304
						],
						[
							-93.63535,
							46.62295
						],
						[
							-93.63335,
							46.62145
						],
						[
							-93.62906,
							46.62145
						],
						[
							-93.62685,
							46.62285
						],
						[
							-93.62676,
							46.62425
						],
						[
							-93.62884,
							46.62585
						],
						[
							-93.62884,
							46.62725
						],
						[
							-93.63086,
							46.62885
						],
						[
							-93.63086,
							46.63025
						],
						[
							-93.63075,
							46.63175
						],
						[
							-93.62856,
							46.63314
						],
						[
							-93.62856,
							46.63465
						],
						[
							-93.62636,
							46.63605
						],
						[
							-93.62415,
							46.63755
						],
						[
							-93.62405,
							46.63895
						],
						[
							-93.62186,
							46.64035
						],
						[
							-93.61975,
							46.64185
						],
						[
							-93.61745,
							46.64325
						],
						[
							-93.61745,
							46.64475
						],
						[
							-93.61736,
							46.64625
						],
						[
							-93.61525,
							46.64765
						],
						[
							-93.61295,
							46.64914
						],
						[
							-93.61086,
							46.64904
						],
						[
							-93.60875,
							46.64904
						],
						[
							-93.60866,
							46.65045
						],
						[
							-93.60866,
							46.65195
						],
						[
							-93.60855,
							46.65345
						],
						[
							-93.60635,
							46.65485
						],
						[
							-93.60625,
							46.65635
						],
						[
							-93.60625,
							46.65785
						],
						[
							-93.60835,
							46.65785
						],
						[
							-93.61046,
							46.65934
						],
						[
							-93.61046,
							46.66085
						],
						[
							-93.61035,
							46.66235
						],
						[
							-93.60596,
							46.66515
						],
						[
							-93.60385,
							46.66515
						],
						[
							-93.60165,
							46.66504
						],
						[
							-93.59746,
							46.66505
						],
						[
							-93.59525,
							46.66645
						],
						[
							-93.59505,
							46.66945
						],
						[
							-93.59296,
							46.66935
						],
						[
							-93.59076,
							46.67075
						],
						[
							-93.58855,
							46.67225
						],
						[
							-93.58855,
							46.67375
						],
						[
							-93.58415,
							46.67655
						],
						[
							-93.58195,
							46.67804
						],
						[
							-93.57975,
							46.67794
						],
						[
							-93.57764,
							46.67794
						],
						[
							-93.57554,
							46.67785
						],
						[
							-93.57335,
							46.67784
						],
						[
							-93.57125,
							46.67635
						],
						[
							-93.56915,
							46.67625
						],
						[
							-93.56484,
							46.67625
						],
						[
							-93.56045,
							46.67904
						],
						[
							-93.55825,
							46.68045
						],
						[
							-93.55604,
							46.68195
						],
						[
							-93.55384,
							46.68335
						],
						[
							-93.55175,
							46.68335
						],
						[
							-93.54964,
							46.68325
						],
						[
							-93.54745,
							46.68325
						],
						[
							-93.54545,
							46.68175
						],
						[
							-93.54325,
							46.68174
						],
						[
							-93.54104,
							46.68315
						],
						[
							-93.53895,
							46.68305
						],
						[
							-93.53675,
							46.68305
						],
						[
							-93.53454,
							46.68444
						],
						[
							-93.53234,
							46.68595
						],
						[
							-93.53025,
							46.68585
						],
						[
							-93.52595,
							46.68585
						],
						[
							-93.51934,
							46.69004
						],
						[
							-93.51504,
							46.69004
						],
						[
							-93.51295,
							46.68995
						],
						[
							-93.51075,
							46.69135
						],
						[
							-93.50864,
							46.69135
						],
						[
							-93.50645,
							46.69275
						],
						[
							-93.50425,
							46.69275
						],
						[
							-93.50204,
							46.69415
						],
						[
							-93.49984,
							46.69565
						],
						[
							-93.49775,
							46.69555
						],
						[
							-93.49554,
							46.69695
						],
						[
							-93.49334,
							46.69844
						],
						[
							-93.48895,
							46.70124
						],
						[
							-93.48675,
							46.70275
						],
						[
							-93.48664,
							46.70425
						],
						[
							-93.48225,
							46.70705
						],
						[
							-93.48014,
							46.70705
						],
						[
							-93.47805,
							46.70694
						],
						[
							-93.47584,
							46.70694
						],
						[
							-93.47364,
							46.70835
						],
						[
							-93.47155,
							46.70835
						],
						[
							-93.46934,
							46.70974
						],
						[
							-93.46714,
							46.71125
						],
						[
							-93.46494,
							46.71115
						],
						[
							-93.46075,
							46.71115
						],
						[
							-93.45855,
							46.71244
						],
						[
							-93.45634,
							46.71395
						],
						[
							-93.45414,
							46.71534
						],
						[
							-93.45194,
							46.71685
						],
						[
							-93.45185,
							46.71825
						],
						[
							-93.44964,
							46.71965
						],
						[
							-93.44744,
							46.72115
						],
						[
							-93.44535,
							46.72105
						],
						[
							-93.44524,
							46.72255
						],
						[
							-93.44305,
							46.72405
						],
						[
							-93.44085,
							46.72395
						],
						[
							-93.43874,
							46.72395
						],
						[
							-93.43435,
							46.72675
						],
						[
							-93.43224,
							46.72675
						],
						[
							-93.43005,
							46.72815
						],
						[
							-93.42784,
							46.72815
						],
						[
							-93.42123,
							46.73235
						],
						[
							-93.41684,
							46.73534
						],
						[
							-93.41484,
							46.73375
						],
						[
							-93.41264,
							46.73375
						],
						[
							-93.41054,
							46.73365
						],
						[
							-93.40834,
							46.73515
						],
						[
							-93.40393,
							46.73795
						],
						[
							-93.40173,
							46.73795
						],
						[
							-93.39964,
							46.73785
						],
						[
							-93.39954,
							46.73935
						],
						[
							-93.39734,
							46.74075
						],
						[
							-93.39723,
							46.74224
						],
						[
							-93.39723,
							46.74374
						],
						[
							-93.39714,
							46.74524
						],
						[
							-93.39714,
							46.74664
						],
						[
							-93.39703,
							46.74815
						],
						[
							-93.39484,
							46.74954
						],
						[
							-93.39273,
							46.74955
						],
						[
							-93.39053,
							46.74944
						],
						[
							-93.38834,
							46.75095
						],
						[
							-93.38614,
							46.75235
						],
						[
							-93.38614,
							46.75384
						],
						[
							-93.38594,
							46.75674
						],
						[
							-93.38803,
							46.75824
						],
						[
							-93.38794,
							46.75975
						],
						[
							-93.38794,
							46.76125
						],
						[
							-93.38574,
							46.76265
						],
						[
							-93.38353,
							46.76254
						],
						[
							-93.38133,
							46.76405
						],
						[
							-93.37914,
							46.76545
						],
						[
							-93.37694,
							46.76695
						],
						[
							-93.37694,
							46.76834
						],
						[
							-93.37683,
							46.76984
						],
						[
							-93.37683,
							46.77134
						],
						[
							-93.37454,
							46.77275
						],
						[
							-93.37454,
							46.77425
						],
						[
							-93.37233,
							46.77565
						],
						[
							-93.37013,
							46.77564
						],
						[
							-93.36804,
							46.77554
						],
						[
							-93.36583,
							46.77554
						],
						[
							-93.36363,
							46.77694
						],
						[
							-93.36363,
							46.77845
						],
						[
							-93.36144,
							46.77985
						],
						[
							-93.35933,
							46.77834
						],
						[
							-93.35713,
							46.77824
						],
						[
							-93.35504,
							46.77824
						],
						[
							-93.35283,
							46.77964
						],
						[
							-93.35063,
							46.78114
						],
						[
							-93.34404,
							46.78534
						],
						[
							-93.34393,
							46.78684
						],
						[
							-93.34393,
							46.78834
						],
						[
							-93.34163,
							46.78974
						],
						[
							-93.33943,
							46.79115
						],
						[
							-93.33524,
							46.79115
						],
						[
							-93.33504,
							46.79404
						],
						[
							-93.33504,
							46.79544
						],
						[
							-93.33484,
							46.79844
						],
						[
							-93.33484,
							46.79994
						],
						[
							-93.33693,
							46.80145
						],
						[
							-93.33894,
							46.80294
						],
						[
							-93.34103,
							46.80444
						],
						[
							-93.34094,
							46.80595
						],
						[
							-93.34094,
							46.80744
						],
						[
							-93.34084,
							46.80894
						],
						[
							-93.34084,
							46.81034
						],
						[
							-93.34074,
							46.81184
						],
						[
							-93.34294,
							46.81194
						],
						[
							-93.34494,
							46.81345
						],
						[
							-93.34053,
							46.81625
						],
						[
							-93.34053,
							46.81774
						],
						[
							-93.34253,
							46.81924
						],
						[
							-93.34474,
							46.81924
						],
						[
							-93.34903,
							46.81944
						],
						[
							-93.35124,
							46.81794
						],
						[
							-93.35333,
							46.81944
						],
						[
							-93.35324,
							46.82095
						],
						[
							-93.35104,
							46.82234
						],
						[
							-93.35094,
							46.82384
						],
						[
							-93.35094,
							46.82524
						],
						[
							-93.34874,
							46.82674
						],
						[
							-93.34854,
							46.82964
						],
						[
							-93.34854,
							46.83115
						],
						[
							-93.34834,
							46.83405
						],
						[
							-93.34613,
							46.83554
						],
						[
							-93.34404,
							46.83544
						],
						[
							-93.34193,
							46.83544
						],
						[
							-93.33962,
							46.83684
						],
						[
							-93.33962,
							46.83834
						],
						[
							-93.34173,
							46.83984
						],
						[
							-93.34583,
							46.84294
						],
						[
							-93.34792,
							46.84444
						],
						[
							-93.35003,
							46.84594
						],
						[
							-93.35422,
							46.84894
						],
						[
							-93.35622,
							46.85044
						],
						[
							-93.35842,
							46.85044
						],
						[
							-93.36053,
							46.85204
						],
						[
							-93.36264,
							46.85204
						],
						[
							-93.36472,
							46.85355
						],
						[
							-93.36464,
							46.85504
						],
						[
							-93.36463,
							46.85654
						],
						[
							-93.36243,
							46.85794
						],
						[
							-93.36224,
							46.86084
						],
						[
							-93.36224,
							46.86234
						],
						[
							-93.36202,
							46.86534
						],
						[
							-93.36423,
							46.86534
						],
						[
							-93.36633,
							46.86684
						],
						[
							-93.36623,
							46.86824
						],
						[
							-93.36623,
							46.86984
						],
						[
							-93.36603,
							46.87274
						],
						[
							-93.36603,
							46.87425
						],
						[
							-93.36382,
							46.87564
						],
						[
							-93.36362,
							46.87854
						],
						[
							-93.36362,
							46.88004
						],
						[
							-93.36573,
							46.88155
						],
						[
							-93.36553,
							46.88454
						],
						[
							-93.35892,
							46.88874
						],
						[
							-93.35673,
							46.89024
						],
						[
							-93.35453,
							46.89024
						],
						[
							-93.35453,
							46.89164
						],
						[
							-93.35442,
							46.89314
						],
						[
							-93.35442,
							46.89454
						],
						[
							-93.35223,
							46.89604
						],
						[
							-93.35003,
							46.89604
						],
						[
							-93.34792,
							46.89594
						],
						[
							-93.34772,
							46.89884
						],
						[
							-93.34553,
							46.90024
						],
						[
							-93.34342,
							46.90024
						],
						[
							-93.34122,
							46.90015
						],
						[
							-93.33913,
							46.90015
						],
						[
							-93.33692,
							46.90164
						],
						[
							-93.33683,
							46.90304
						],
						[
							-93.33463,
							46.90444
						],
						[
							-93.33244,
							46.90595
						],
						[
							-93.33022,
							46.90734
						],
						[
							-93.32803,
							46.90874
						],
						[
							-93.32583,
							46.91024
						],
						[
							-93.32363,
							46.91164
						],
						[
							-93.32352,
							46.91304
						],
						[
							-93.32133,
							46.91454
						],
						[
							-93.31693,
							46.91734
						],
						[
							-93.31463,
							46.91884
						],
						[
							-93.31243,
							46.92024
						],
						[
							-93.31243,
							46.92174
						],
						[
							-93.31023,
							46.92314
						],
						[
							-93.31013,
							46.92464
						],
						[
							-93.30793,
							46.92604
						],
						[
							-93.30573,
							46.92604
						],
						[
							-93.30573,
							46.92744
						],
						[
							-93.30553,
							46.93044
						],
						[
							-93.30763,
							46.93194
						],
						[
							-93.30543,
							46.93334
						],
						[
							-93.30332,
							46.93334
						],
						[
							-93.30323,
							46.93484
						],
						[
							-93.29884,
							46.93764
						],
						[
							-93.29873,
							46.93914
						],
						[
							-93.29873,
							46.94054
						],
						[
							-93.30084,
							46.94214
						],
						[
							-93.30073,
							46.94353
						],
						[
							-93.29853,
							46.94504
						],
						[
							-93.29633,
							46.94494
						],
						[
							-93.29423,
							46.94494
						],
						[
							-93.29414,
							46.94634
						],
						[
							-93.29414,
							46.94784
						],
						[
							-93.29403,
							46.94934
						],
						[
							-93.29183,
							46.95074
						],
						[
							-93.28764,
							46.94774
						],
						[
							-93.28553,
							46.94764
						],
						[
							-93.28333,
							46.94764
						],
						[
							-93.28333,
							46.94913
						],
						[
							-93.28313,
							46.95204
						],
						[
							-93.28522,
							46.95354
						],
						[
							-93.28513,
							46.95503
						],
						[
							-93.28294,
							46.95644
						],
						[
							-93.28294,
							46.95793
						],
						[
							-93.28283,
							46.95943
						],
						[
							-93.28702,
							46.96244
						],
						[
							-93.28902,
							46.96394
						],
						[
							-93.29113,
							46.96544
						],
						[
							-93.29113,
							46.96694
						],
						[
							-93.29092,
							46.96994
						],
						[
							-93.28873,
							46.97134
						],
						[
							-93.28873,
							46.97274
						],
						[
							-93.28862,
							46.97424
						],
						[
							-93.28642,
							46.97563
						],
						[
							-93.28853,
							46.97724
						],
						[
							-93.28632,
							46.97864
						],
						[
							-93.28412,
							46.97854
						],
						[
							-93.28203,
							46.97854
						],
						[
							-93.28192,
							46.98004
						],
						[
							-93.28612,
							46.98304
						],
						[
							-93.28592,
							46.98604
						],
						[
							-93.28592,
							46.98744
						],
						[
							-93.28803,
							46.98894
						],
						[
							-93.28572,
							46.99034
						],
						[
							-93.28361,
							46.99033
						],
						[
							-93.28142,
							46.99024
						],
						[
							-93.27933,
							46.99023
						],
						[
							-93.27922,
							46.99174
						],
						[
							-93.27922,
							46.99324
						],
						[
							-93.27911,
							46.99464
						],
						[
							-93.27692,
							46.99603
						],
						[
							-93.27472,
							46.99603
						],
						[
							-93.27252,
							46.99744
						],
						[
							-93.27042,
							46.99744
						],
						[
							-93.26822,
							46.99883
						],
						[
							-93.26592,
							47.00024
						],
						[
							-93.26592,
							47.00173
						],
						[
							-93.26372,
							47.00324
						],
						[
							-93.26352,
							47.00614
						],
						[
							-93.26352,
							47.00754
						],
						[
							-93.26562,
							47.00903
						],
						[
							-93.26762,
							47.01064
						],
						[
							-93.26762,
							47.01214
						],
						[
							-93.26743,
							47.01504
						],
						[
							-93.27162,
							47.01804
						],
						[
							-93.27151,
							47.01954
						],
						[
							-93.27573,
							47.02254
						],
						[
							-93.27792,
							47.02264
						],
						[
							-93.28001,
							47.02264
						],
						[
							-93.28223,
							47.02274
						],
						[
							-93.28432,
							47.02274
						],
						[
							-93.28651,
							47.02284
						],
						[
							-93.29082,
							47.02284
						],
						[
							-93.29292,
							47.02294
						],
						[
							-93.29503,
							47.02444
						],
						[
							-93.29723,
							47.02444
						],
						[
							-93.29932,
							47.02454
						],
						[
							-93.30151,
							47.02313
						],
						[
							-93.30373,
							47.02314
						],
						[
							-93.30792,
							47.02614
						],
						[
							-93.30782,
							47.02764
						],
						[
							-93.31203,
							47.03064
						],
						[
							-93.31412,
							47.03074
						],
						[
							-93.31632,
							47.03074
						],
						[
							-93.31842,
							47.03084
						],
						[
							-93.32053,
							47.03233
						],
						[
							-93.32262,
							47.03384
						],
						[
							-93.32252,
							47.03534
						],
						[
							-93.32252,
							47.03674
						],
						[
							-93.32461,
							47.03684
						],
						[
							-93.32883,
							47.03984
						],
						[
							-93.33102,
							47.03983
						],
						[
							-93.33312,
							47.03994
						],
						[
							-93.33533,
							47.03854
						],
						[
							-93.33742,
							47.04004
						],
						[
							-93.33733,
							47.04154
						],
						[
							-93.33952,
							47.04154
						],
						[
							-93.34161,
							47.04164
						],
						[
							-93.34372,
							47.04304
						],
						[
							-93.34372,
							47.04453
						],
						[
							-93.34583,
							47.04604
						],
						[
							-93.34782,
							47.04754
						],
						[
							-93.34782,
							47.04904
						],
						[
							-93.35202,
							47.05204
						],
						[
							-93.35413,
							47.05213
						],
						[
							-93.35632,
							47.05213
						],
						[
							-93.35841,
							47.05224
						],
						[
							-93.36272,
							47.05224
						],
						[
							-93.36491,
							47.05234
						],
						[
							-93.36702,
							47.05234
						],
						[
							-93.36922,
							47.05244
						],
						[
							-93.37132,
							47.05393
						],
						[
							-93.37343,
							47.05403
						],
						[
							-93.37772,
							47.05403
						],
						[
							-93.37993,
							47.05414
						],
						[
							-93.38202,
							47.05414
						],
						[
							-93.38412,
							47.05564
						],
						[
							-93.38412,
							47.05714
						],
						[
							-93.38612,
							47.05864
						],
						[
							-93.38612,
							47.06014
						],
						[
							-93.38821,
							47.06164
						],
						[
							-93.38802,
							47.06464
						],
						[
							-93.38802,
							47.06604
						],
						[
							-93.38792,
							47.06754
						],
						[
							-93.38792,
							47.06904
						],
						[
							-93.38773,
							47.07194
						],
						[
							-93.38773,
							47.07334
						],
						[
							-93.38982,
							47.07494
						],
						[
							-93.39181,
							47.07644
						],
						[
							-93.39181,
							47.07784
						],
						[
							-93.38962,
							47.07934
						],
						[
							-93.38953,
							47.08074
						],
						[
							-93.38953,
							47.08224
						],
						[
							-93.38722,
							47.08364
						],
						[
							-93.38722,
							47.08514
						],
						[
							-93.38711,
							47.08664
						],
						[
							-93.38711,
							47.08814
						],
						[
							-93.38922,
							47.08814
						],
						[
							-93.39133,
							47.08964
						],
						[
							-93.39133,
							47.09113
						],
						[
							-93.39122,
							47.09264
						],
						[
							-93.38892,
							47.09404
						],
						[
							-93.38683,
							47.09394
						],
						[
							-93.38672,
							47.09544
						],
						[
							-93.38672,
							47.09694
						],
						[
							-93.38882,
							47.09844
						],
						[
							-93.38872,
							47.09994
						],
						[
							-93.39092,
							47.09994
						],
						[
							-93.39513,
							47.10294
						],
						[
							-93.39282,
							47.10444
						],
						[
							-93.39062,
							47.10584
						],
						[
							-93.39062,
							47.10734
						],
						[
							-93.39043,
							47.11024
						],
						[
							-93.39043,
							47.11174
						],
						[
							-93.39252,
							47.11324
						],
						[
							-93.39243,
							47.11474
						],
						[
							-93.39452,
							47.11623
						],
						[
							-93.39442,
							47.11764
						],
						[
							-93.39442,
							47.11914
						],
						[
							-93.39651,
							47.12064
						],
						[
							-93.39862,
							47.12213
						],
						[
							-93.39851,
							47.12363
						],
						[
							-93.40273,
							47.12664
						],
						[
							-93.40262,
							47.12814
						],
						[
							-93.40262,
							47.12953
						],
						[
							-93.40242,
							47.13254
						],
						[
							-93.40242,
							47.13404
						],
						[
							-93.40233,
							47.13554
						],
						[
							-93.40442,
							47.13703
						],
						[
							-93.40433,
							47.13844
						],
						[
							-93.40211,
							47.13994
						],
						[
							-93.40211,
							47.14133
						],
						[
							-93.40192,
							47.14433
						],
						[
							-93.40411,
							47.14584
						],
						[
							-93.40613,
							47.14734
						],
						[
							-93.41241,
							47.15184
						],
						[
							-93.41232,
							47.15334
						],
						[
							-93.41443,
							47.15484
						],
						[
							-93.41443,
							47.15634
						],
						[
							-93.41421,
							47.15934
						],
						[
							-93.41421,
							47.16074
						],
						[
							-93.41412,
							47.16223
						],
						[
							-93.41412,
							47.16364
						],
						[
							-93.41193,
							47.16514
						],
						[
							-93.40982,
							47.16364
						],
						[
							-93.40762,
							47.16354
						],
						[
							-93.40543,
							47.16354
						],
						[
							-93.40323,
							47.16494
						],
						[
							-93.40323,
							47.16643
						],
						[
							-93.40532,
							47.16794
						],
						[
							-93.40743,
							47.16944
						],
						[
							-93.40951,
							47.16944
						],
						[
							-93.41162,
							47.17104
						],
						[
							-93.41592,
							47.17104
						],
						[
							-93.41801,
							47.17264
						],
						[
							-93.42023,
							47.17264
						],
						[
							-93.42442,
							47.17564
						],
						[
							-93.42651,
							47.17574
						],
						[
							-93.42862,
							47.17724
						],
						[
							-93.42642,
							47.17863
						],
						[
							-93.42632,
							47.18014
						],
						[
							-93.43053,
							47.18314
						],
						[
							-93.43272,
							47.18324
						],
						[
							-93.43481,
							47.18464
						],
						[
							-93.43692,
							47.18474
						],
						[
							-93.43903,
							47.18624
						],
						[
							-93.44122,
							47.18624
						],
						[
							-93.44333,
							47.18634
						],
						[
							-93.44553,
							47.18634
						],
						[
							-93.44772,
							47.18644
						],
						[
							-93.44981,
							47.18643
						],
						[
							-93.45403,
							47.18944
						],
						[
							-93.45622,
							47.18954
						],
						[
							-93.45833,
							47.19104
						],
						[
							-93.46042,
							47.19103
						],
						[
							-93.46262,
							47.19113
						],
						[
							-93.46472,
							47.19114
						],
						[
							-93.46683,
							47.19264
						],
						[
							-93.46903,
							47.19273
						],
						[
							-93.47111,
							47.19424
						],
						[
							-93.47533,
							47.19723
						],
						[
							-93.47742,
							47.19874
						],
						[
							-93.47732,
							47.20024
						],
						[
							-93.47942,
							47.20174
						],
						[
							-93.47942,
							47.20323
						],
						[
							-93.48141,
							47.20474
						],
						[
							-93.48141,
							47.20614
						],
						[
							-93.48132,
							47.20764
						],
						[
							-93.48341,
							47.20914
						],
						[
							-93.48341,
							47.21063
						],
						[
							-93.48332,
							47.21204
						],
						[
							-93.48543,
							47.21353
						],
						[
							-93.48752,
							47.21513
						],
						[
							-93.48962,
							47.21664
						],
						[
							-93.49171,
							47.21664
						],
						[
							-93.49393,
							47.21813
						],
						[
							-93.49602,
							47.21974
						],
						[
							-93.49802,
							47.22124
						],
						[
							-93.50021,
							47.22273
						],
						[
							-93.50232,
							47.22274
						],
						[
							-93.50442,
							47.22424
						],
						[
							-93.50652,
							47.22434
						],
						[
							-93.50873,
							47.22584
						],
						[
							-93.51082,
							47.22584
						],
						[
							-93.51292,
							47.22733
						],
						[
							-93.51512,
							47.22744
						],
						[
							-93.51723,
							47.22893
						],
						[
							-93.51932,
							47.22893
						],
						[
							-93.52142,
							47.23044
						],
						[
							-93.52362,
							47.23054
						],
						[
							-93.52573,
							47.23054
						],
						[
							-93.52801,
							47.22913
						],
						[
							-93.53012,
							47.22914
						],
						[
							-93.53232,
							47.22923
						],
						[
							-93.53451,
							47.22924
						],
						[
							-93.53651,
							47.23074
						],
						[
							-93.53873,
							47.23074
						],
						[
							-93.54092,
							47.23084
						],
						[
							-93.54301,
							47.23083
						],
						[
							-93.54523,
							47.23094
						],
						[
							-93.54951,
							47.23094
						],
						[
							-93.55173,
							47.22954
						],
						[
							-93.55393,
							47.22954
						],
						[
							-93.55602,
							47.22964
						],
						[
							-93.56023,
							47.23264
						],
						[
							-93.56232,
							47.23414
						],
						[
							-93.56653,
							47.23714
						],
						[
							-93.56873,
							47.23724
						],
						[
							-93.57292,
							47.24023
						],
						[
							-93.57503,
							47.24024
						],
						[
							-93.57722,
							47.24184
						],
						[
							-93.57931,
							47.24323
						],
						[
							-93.58131,
							47.24484
						],
						[
							-93.58353,
							47.24484
						],
						[
							-93.58562,
							47.24634
						],
						[
							-93.58781,
							47.24644
						],
						[
							-93.59203,
							47.24943
						],
						[
							-93.59633,
							47.24944
						],
						[
							-93.59842,
							47.25104
						],
						[
							-93.60053,
							47.25104
						],
						[
							-93.60272,
							47.25114
						],
						[
							-93.60492,
							47.25114
						],
						[
							-93.60712,
							47.24964
						],
						[
							-93.60922,
							47.24974
						],
						[
							-93.61133,
							47.25124
						],
						[
							-93.61352,
							47.25274
						],
						[
							-93.61342,
							47.25424
						],
						[
							-93.61552,
							47.25424
						],
						[
							-93.61762,
							47.25574
						],
						[
							-93.61983,
							47.25724
						],
						[
							-93.62192,
							47.25884
						],
						[
							-93.62833,
							47.25884
						],
						[
							-93.63052,
							47.25744
						],
						[
							-93.63283,
							47.25604
						],
						[
							-93.63502,
							47.25454
						],
						[
							-93.63722,
							47.25314
						],
						[
							-93.64215,
							47.24898
						],
						[
							-93.65513,
							47.25079
						],
						[
							-93.66816,
							47.25101
						],
						[
							-93.68713,
							47.24814
						],
						[
							-93.68932,
							47.24674
						],
						[
							-93.69154,
							47.24524
						],
						[
							-93.69373,
							47.24384
						],
						[
							-93.69383,
							47.24234
						],
						[
							-93.69823,
							47.23954
						],
						[
							-93.70033,
							47.23954
						],
						[
							-93.70252,
							47.23964
						],
						[
							-93.70473,
							47.23963
						],
						[
							-93.70682,
							47.24114
						],
						[
							-93.70673,
							47.24265
						],
						[
							-93.71102,
							47.24265
						],
						[
							-93.71323,
							47.24124
						],
						[
							-93.71543,
							47.24134
						],
						[
							-93.71763,
							47.23985
						],
						[
							-93.71983,
							47.23985
						],
						[
							-93.71983,
							47.23844
						],
						[
							-93.72202,
							47.23705
						],
						[
							-93.72643,
							47.23705
						],
						[
							-93.72852,
							47.23714
						],
						[
							-93.73074,
							47.23714
						],
						[
							-93.73293,
							47.23574
						],
						[
							-93.73724,
							47.23574
						],
						[
							-93.73933,
							47.23735
						],
						[
							-93.74152,
							47.23734
						],
						[
							-93.74374,
							47.23584
						],
						[
							-93.75033,
							47.23164
						],
						[
							-93.75253,
							47.23015
						],
						[
							-93.75472,
							47.22875
						],
						[
							-93.75703,
							47.22724
						],
						[
							-93.75922,
							47.22584
						],
						[
							-93.75922,
							47.22434
						],
						[
							-93.76144,
							47.22295
						],
						[
							-93.76363,
							47.22145
						],
						[
							-93.76583,
							47.22004
						],
						[
							-93.76814,
							47.21864
						],
						[
							-93.76814,
							47.21714
						],
						[
							-93.76823,
							47.21574
						],
						[
							-93.76823,
							47.21424
						],
						[
							-93.77264,
							47.21144
						],
						[
							-93.77273,
							47.20995
						],
						[
							-93.77492,
							47.20844
						],
						[
							-93.77712,
							47.20844
						],
						[
							-93.77923,
							47.21005
						],
						[
							-93.78133,
							47.21144
						],
						[
							-93.78342,
							47.21154
						],
						[
							-93.78553,
							47.21304
						],
						[
							-93.78773,
							47.21305
						],
						[
							-93.78992,
							47.21315
						],
						[
							-93.79192,
							47.21464
						],
						[
							-93.79414,
							47.21464
						],
						[
							-93.79833,
							47.21764
						],
						[
							-93.79833,
							47.21914
						],
						[
							-93.79823,
							47.22065
						],
						[
							-93.79823,
							47.22205
						],
						[
							-93.80033,
							47.22364
						],
						[
							-93.80022,
							47.22505
						],
						[
							-93.80022,
							47.22654
						],
						[
							-93.80013,
							47.22804
						],
						[
							-93.80222,
							47.22955
						],
						[
							-93.80222,
							47.23095
						],
						[
							-93.80433,
							47.23254
						],
						[
							-93.80643,
							47.23394
						],
						[
							-93.80643,
							47.23544
						],
						[
							-93.80624,
							47.23835
						],
						[
							-93.80624,
							47.23985
						],
						[
							-93.80613,
							47.24134
						],
						[
							-93.80613,
							47.24284
						],
						[
							-93.80602,
							47.24434
						],
						[
							-93.80602,
							47.24575
						],
						[
							-93.80593,
							47.24725
						],
						[
							-93.80593,
							47.24865
						],
						[
							-93.80373,
							47.25015
						],
						[
							-93.80152,
							47.25154
						],
						[
							-93.80143,
							47.25304
						],
						[
							-93.79703,
							47.25584
						],
						[
							-93.79263,
							47.25584
						],
						[
							-93.79263,
							47.25724
						],
						[
							-93.79043,
							47.25875
						],
						[
							-93.78823,
							47.25874
						],
						[
							-93.78612,
							47.25864
						],
						[
							-93.78384,
							47.26004
						],
						[
							-93.78384,
							47.26154
						],
						[
							-93.78593,
							47.26305
						],
						[
							-93.78584,
							47.26454
						],
						[
							-93.78362,
							47.26595
						],
						[
							-93.78362,
							47.26744
						],
						[
							-93.78142,
							47.26885
						],
						[
							-93.78133,
							47.27034
						],
						[
							-93.78133,
							47.27184
						],
						[
							-93.78342,
							47.27335
						],
						[
							-93.78123,
							47.27474
						],
						[
							-93.77892,
							47.27625
						],
						[
							-93.77673,
							47.27764
						],
						[
							-93.77673,
							47.27914
						],
						[
							-93.77883,
							47.28064
						],
						[
							-93.77872,
							47.28204
						],
						[
							-93.78092,
							47.28355
						],
						[
							-93.78083,
							47.28504
						],
						[
							-93.78713,
							47.28954
						],
						[
							-93.78933,
							47.28964
						],
						[
							-93.79353,
							47.29264
						],
						[
							-93.79572,
							47.29264
						],
						[
							-93.79783,
							47.29414
						],
						[
							-93.79993,
							47.29424
						],
						[
							-93.80203,
							47.29575
						],
						[
							-93.80422,
							47.29424
						],
						[
							-93.80643,
							47.29435
						],
						[
							-93.81072,
							47.29435
						],
						[
							-93.81283,
							47.29584
						],
						[
							-93.81503,
							47.29595
						],
						[
							-93.81933,
							47.29595
						],
						[
							-93.82153,
							47.29605
						],
						[
							-93.82363,
							47.29604
						],
						[
							-93.82583,
							47.29615
						],
						[
							-93.82793,
							47.29755
						],
						[
							-93.83003,
							47.29914
						],
						[
							-93.83222,
							47.29914
						],
						[
							-93.83433,
							47.30064
						],
						[
							-93.83424,
							47.30214
						],
						[
							-93.83633,
							47.30364
						],
						[
							-93.83633,
							47.30505
						],
						[
							-93.83843,
							47.30654
						],
						[
							-93.84052,
							47.30814
						],
						[
							-93.84274,
							47.30815
						],
						[
							-93.84483,
							47.30964
						],
						[
							-93.84473,
							47.31105
						],
						[
							-93.84473,
							47.31255
						],
						[
							-93.84893,
							47.31554
						],
						[
							-93.85113,
							47.31414
						],
						[
							-93.85332,
							47.31424
						],
						[
							-93.85543,
							47.31575
						],
						[
							-93.85532,
							47.31715
						],
						[
							-93.85743,
							47.31864
						],
						[
							-93.85973,
							47.31724
						],
						[
							-93.86193,
							47.31584
						],
						[
							-93.86623,
							47.31585
						],
						[
							-93.86832,
							47.31735
						],
						[
							-93.87043,
							47.31884
						],
						[
							-93.87463,
							47.32185
						],
						[
							-93.87682,
							47.32195
						],
						[
							-93.87904,
							47.32194
						],
						[
							-93.88123,
							47.32054
						],
						[
							-93.88332,
							47.32054
						],
						[
							-93.88554,
							47.31914
						],
						[
							-93.88773,
							47.31765
						],
						[
							-93.88783,
							47.31625
						],
						[
							-93.89002,
							47.31475
						],
						[
							-93.89013,
							47.31334
						],
						[
							-93.89013,
							47.31185
						],
						[
							-93.89024,
							47.31034
						],
						[
							-93.89243,
							47.30895
						],
						[
							-93.89463,
							47.30745
						],
						[
							-93.89683,
							47.30605
						],
						[
							-93.89683,
							47.30454
						],
						[
							-93.89902,
							47.30315
						],
						[
							-93.90133,
							47.30174
						],
						[
							-93.90353,
							47.30024
						],
						[
							-93.90572,
							47.29885
						],
						[
							-93.91003,
							47.29884
						],
						[
							-93.91222,
							47.29755
						],
						[
							-93.91444,
							47.29755
						],
						[
							-93.91663,
							47.29615
						],
						[
							-93.91872,
							47.29755
						],
						[
							-93.92083,
							47.29915
						],
						[
							-93.92293,
							47.30055
						],
						[
							-93.92513,
							47.30065
						],
						[
							-93.92722,
							47.30214
						],
						[
							-93.92722,
							47.30365
						],
						[
							-93.92933,
							47.30505
						],
						[
							-93.93143,
							47.30505
						],
						[
							-93.93363,
							47.30365
						],
						[
							-93.93583,
							47.30374
						],
						[
							-93.93793,
							47.30374
						],
						[
							-93.94013,
							47.30525
						],
						[
							-93.94222,
							47.30674
						],
						[
							-93.94213,
							47.30825
						],
						[
							-93.94213,
							47.30964
						],
						[
							-93.94202,
							47.31115
						],
						[
							-93.94422,
							47.31265
						],
						[
							-93.94843,
							47.31565
						],
						[
							-93.95052,
							47.31575
						],
						[
							-93.95274,
							47.31575
						],
						[
							-93.95483,
							47.31725
						],
						[
							-93.95702,
							47.31725
						],
						[
							-93.95693,
							47.31874
						],
						[
							-93.95902,
							47.32025
						],
						[
							-93.96124,
							47.32174
						],
						[
							-93.96113,
							47.32325
						],
						[
							-93.96532,
							47.32625
						],
						[
							-93.96752,
							47.32624
						],
						[
							-93.96963,
							47.32775
						],
						[
							-93.97173,
							47.32935
						],
						[
							-93.97173,
							47.33075
						],
						[
							-93.97382,
							47.33225
						],
						[
							-93.97804,
							47.33525
						],
						[
							-93.98023,
							47.33535
						],
						[
							-93.98232,
							47.33675
						],
						[
							-93.98443,
							47.33685
						],
						[
							-93.98882,
							47.33685
						],
						[
							-93.98873,
							47.33834
						],
						[
							-93.99082,
							47.33985
						],
						[
							-93.99303,
							47.33985
						],
						[
							-93.99723,
							47.34285
						],
						[
							-93.99943,
							47.34295
						],
						[
							-94.00374,
							47.34295
						],
						[
							-94.00594,
							47.34304
						],
						[
							-94.01024,
							47.34304
						],
						[
							-94.01233,
							47.34455
						],
						[
							-94.01454,
							47.34465
						],
						[
							-94.01663,
							47.34615
						],
						[
							-94.01883,
							47.34615
						],
						[
							-94.02513,
							47.35064
						],
						[
							-94.02734,
							47.35064
						],
						[
							-94.02724,
							47.35215
						],
						[
							-94.02934,
							47.35365
						],
						[
							-94.02934,
							47.35515
						],
						[
							-94.03143,
							47.35665
						],
						[
							-94.03363,
							47.35665
						],
						[
							-94.03574,
							47.35675
						],
						[
							-94.03574,
							47.35815
						],
						[
							-94.03563,
							47.35965
						],
						[
							-94.03784,
							47.36115
						],
						[
							-94.03773,
							47.36264
						],
						[
							-94.03984,
							47.36415
						],
						[
							-94.03984,
							47.36565
						],
						[
							-94.03973,
							47.36705
						],
						[
							-94.04184,
							47.36855
						],
						[
							-94.04184,
							47.37005
						],
						[
							-94.04393,
							47.37155
						],
						[
							-94.04393,
							47.37304
						],
						[
							-94.04384,
							47.37445
						],
						[
							-94.04384,
							47.37595
						],
						[
							-94.04373,
							47.37735
						],
						[
							-94.04153,
							47.37885
						],
						[
							-94.04153,
							47.38025
						],
						[
							-94.04144,
							47.38175
						],
						[
							-94.04364,
							47.38324
						],
						[
							-94.04344,
							47.38615
						],
						[
							-94.04344,
							47.38775
						],
						[
							-94.04553,
							47.38915
						],
						[
							-94.04553,
							47.39064
						],
						[
							-94.04544,
							47.39215
						],
						[
							-94.04544,
							47.39365
						],
						[
							-94.04533,
							47.39505
						],
						[
							-94.04533,
							47.39655
						],
						[
							-94.04314,
							47.39794
						],
						[
							-94.04303,
							47.39945
						],
						[
							-94.04082,
							47.40094
						],
						[
							-94.03863,
							47.40235
						],
						[
							-94.03652,
							47.40225
						],
						[
							-94.03423,
							47.40375
						],
						[
							-94.03204,
							47.40515
						],
						[
							-94.03204,
							47.40664
						],
						[
							-94.03193,
							47.40805
						],
						[
							-94.03404,
							47.40965
						],
						[
							-94.03843,
							47.40965
						],
						[
							-94.04054,
							47.41114
						],
						[
							-94.04273,
							47.41114
						],
						[
							-94.04693,
							47.41415
						],
						[
							-94.04682,
							47.41565
						],
						[
							-94.04903,
							47.41715
						],
						[
							-94.05112,
							47.41864
						],
						[
							-94.05103,
							47.42015
						],
						[
							-94.05103,
							47.42165
						],
						[
							-94.05523,
							47.42465
						],
						[
							-94.05523,
							47.42605
						],
						[
							-94.06153,
							47.43055
						],
						[
							-94.06362,
							47.43205
						],
						[
							-94.06583,
							47.43354
						],
						[
							-94.06792,
							47.43515
						],
						[
							-94.06783,
							47.43655
						],
						[
							-94.07003,
							47.43805
						],
						[
							-94.07633,
							47.44255
						],
						[
							-94.07853,
							47.44405
						],
						[
							-94.08064,
							47.44555
						],
						[
							-94.08273,
							47.44705
						],
						[
							-94.08692,
							47.45005
						],
						[
							-94.08913,
							47.45005
						],
						[
							-94.09123,
							47.45165
						],
						[
							-94.09334,
							47.45314
						],
						[
							-94.09553,
							47.45455
						],
						[
							-94.09764,
							47.45605
						],
						[
							-94.09973,
							47.45615
						],
						[
							-94.10414,
							47.45615
						],
						[
							-94.10634,
							47.45625
						],
						[
							-94.11064,
							47.45625
						],
						[
							-94.11273,
							47.45635
						],
						[
							-94.11714,
							47.45635
						],
						[
							-94.11923,
							47.45645
						],
						[
							-94.12143,
							47.45645
						],
						[
							-94.12364,
							47.45504
						],
						[
							-94.12804,
							47.45504
						],
						[
							-94.13023,
							47.45365
						],
						[
							-94.13454,
							47.45365
						],
						[
							-94.13673,
							47.45225
						],
						[
							-94.13893,
							47.45224
						],
						[
							-94.14114,
							47.45085
						],
						[
							-94.14334,
							47.44935
						],
						[
							-94.14554,
							47.44795
						],
						[
							-94.14774,
							47.44645
						],
						[
							-94.14993,
							47.44505
						],
						[
							-94.15213,
							47.44505
						],
						[
							-94.15434,
							47.44365
						],
						[
							-94.15654,
							47.44374
						],
						[
							-94.16084,
							47.44374
						],
						[
							-94.16304,
							47.44235
						],
						[
							-94.16524,
							47.44085
						],
						[
							-94.16743,
							47.44085
						],
						[
							-94.16963,
							47.44094
						],
						[
							-94.17394,
							47.44094
						],
						[
							-94.17613,
							47.44104
						],
						[
							-94.18044,
							47.44104
						],
						[
							-94.18263,
							47.44114
						],
						[
							-94.18483,
							47.43965
						],
						[
							-94.18694,
							47.43975
						],
						[
							-94.18913,
							47.43825
						],
						[
							-94.19133,
							47.43824
						],
						[
							-94.24043,
							47.42704
						],
						[
							-94.3141,
							47.41234
						],
						[
							-94.33469,
							47.41555
						],
						[
							-94.33716,
							47.41515
						],
						[
							-94.34135,
							47.41815
						],
						[
							-94.34355,
							47.41965
						],
						[
							-94.34566,
							47.41975
						],
						[
							-94.34775,
							47.42115
						],
						[
							-94.34995,
							47.42125
						],
						[
							-94.35216,
							47.42125
						],
						[
							-94.35425,
							47.42275
						],
						[
							-94.35644,
							47.42285
						],
						[
							-94.36075,
							47.42285
						],
						[
							-94.36285,
							47.42425
						],
						[
							-94.36505,
							47.42435
						],
						[
							-94.36725,
							47.42434
						],
						[
							-94.36935,
							47.42445
						],
						[
							-94.37155,
							47.42445
						],
						[
							-94.37366,
							47.42594
						],
						[
							-94.37366,
							47.42745
						],
						[
							-94.37575,
							47.42895
						],
						[
							-94.37794,
							47.42895
						],
						[
							-94.38005,
							47.43045
						],
						[
							-94.38225,
							47.43045
						],
						[
							-94.38435,
							47.43195
						],
						[
							-94.38646,
							47.43195
						],
						[
							-94.38875,
							47.43055
						],
						[
							-94.38875,
							47.42905
						],
						[
							-94.39095,
							47.42765
						],
						[
							-94.39305,
							47.42905
						],
						[
							-94.39525,
							47.43055
						],
						[
							-94.39735,
							47.43055
						],
						[
							-94.39955,
							47.43064
						],
						[
							-94.40385,
							47.43064
						],
						[
							-94.40605,
							47.43225
						],
						[
							-94.40595,
							47.43364
						],
						[
							-94.40595,
							47.43515
						],
						[
							-94.40805,
							47.43665
						],
						[
							-94.40805,
							47.43805
						],
						[
							-94.41225,
							47.44105
						],
						[
							-94.41446,
							47.44114
						],
						[
							-94.41875,
							47.44114
						],
						[
							-94.42094,
							47.43975
						],
						[
							-94.42316,
							47.43975
						],
						[
							-94.42535,
							47.43835
						],
						[
							-94.42744,
							47.43975
						],
						[
							-94.42744,
							47.44125
						],
						[
							-94.42966,
							47.44125
						],
						[
							-94.43175,
							47.44135
						],
						[
							-94.43394,
							47.44135
						],
						[
							-94.43605,
							47.44285
						],
						[
							-94.43605,
							47.44435
						],
						[
							-94.43816,
							47.44574
						],
						[
							-94.44035,
							47.44585
						],
						[
							-94.44246,
							47.44735
						],
						[
							-94.44455,
							47.44875
						],
						[
							-94.44675,
							47.44735
						],
						[
							-94.44896,
							47.44735
						],
						[
							-94.45116,
							47.44745
						],
						[
							-94.45325,
							47.44745
						],
						[
							-94.45544,
							47.44895
						],
						[
							-94.45975,
							47.44895
						],
						[
							-94.46195,
							47.44905
						],
						[
							-94.46626,
							47.44905
						],
						[
							-94.46835,
							47.45055
						],
						[
							-94.47056,
							47.45204
						],
						[
							-94.47266,
							47.45204
						],
						[
							-94.47486,
							47.45215
						],
						[
							-94.47697,
							47.45215
						],
						[
							-94.47926,
							47.45065
						],
						[
							-94.48145,
							47.44924
						],
						[
							-94.48367,
							47.44775
						],
						[
							-94.48576,
							47.44785
						],
						[
							-94.48789,
							47.44733
						],
						[
							-94.49017,
							47.44785
						],
						[
							-94.49226,
							47.44795
						],
						[
							-94.49445,
							47.44795
						],
						[
							-94.49667,
							47.44645
						],
						[
							-94.50095,
							47.44644
						],
						[
							-94.50317,
							47.44655
						],
						[
							-94.50967,
							47.44655
						],
						[
							-94.51176,
							47.44665
						],
						[
							-94.51836,
							47.44664
						],
						[
							-94.52045,
							47.44674
						],
						[
							-94.52486,
							47.44674
						],
						[
							-94.52862,
							47.42433
						],
						[
							-94.52654,
							47.40435
						],
						[
							-94.54566,
							47.39674
						],
						[
							-94.56344,
							47.39258
						],
						[
							-94.58486,
							47.39454
						],
						[
							-94.58841,
							47.40586
						],
						[
							-94.6033,
							47.41816
						],
						[
							-94.61701,
							47.42698
						],
						[
							-94.64227,
							47.42745
						],
						[
							-94.64436,
							47.42745
						],
						[
							-94.64656,
							47.42755
						],
						[
							-94.64877,
							47.42755
						],
						[
							-94.65086,
							47.42894
						],
						[
							-94.65306,
							47.42904
						],
						[
							-94.65737,
							47.42904
						],
						[
							-94.65947,
							47.43055
						],
						[
							-94.66167,
							47.43205
						],
						[
							-94.66387,
							47.43055
						],
						[
							-94.66607,
							47.42915
						],
						[
							-94.66818,
							47.42915
						],
						[
							-94.67037,
							47.43064
						],
						[
							-94.67248,
							47.43215
						],
						[
							-94.67467,
							47.43215
						],
						[
							-94.67678,
							47.43225
						],
						[
							-94.67898,
							47.43074
						],
						[
							-94.68117,
							47.42935
						],
						[
							-94.68337,
							47.42784
						],
						[
							-94.68557,
							47.42784
						],
						[
							-94.68767,
							47.42935
						],
						[
							-94.68987,
							47.43084
						],
						[
							-94.68978,
							47.43235
						],
						[
							-94.68978,
							47.43385
						],
						[
							-94.69187,
							47.43525
						],
						[
							-94.69407,
							47.43534
						],
						[
							-94.69837,
							47.43534
						],
						[
							-94.69848,
							47.43385
						],
						[
							-94.70068,
							47.43245
						],
						[
							-94.70278,
							47.43395
						],
						[
							-94.70498,
							47.43395
						],
						[
							-94.70918,
							47.43695
						],
						[
							-94.71137,
							47.43845
						],
						[
							-94.71557,
							47.44145
						],
						[
							-94.71778,
							47.44284
						],
						[
							-94.71557,
							47.44435
						],
						[
							-94.71337,
							47.44574
						],
						[
							-94.71117,
							47.44725
						],
						[
							-94.71117,
							47.44875
						],
						[
							-94.71328,
							47.45025
						],
						[
							-94.71537,
							47.45165
						],
						[
							-94.71537,
							47.45314
						],
						[
							-94.71748,
							47.45465
						],
						[
							-94.71748,
							47.45755
						],
						[
							-94.71737,
							47.45905
						],
						[
							-94.71737,
							47.46205
						],
						[
							-94.71728,
							47.46344
						],
						[
							-94.71728,
							47.46495
						],
						[
							-94.71937,
							47.46645
						],
						[
							-94.72158,
							47.46795
						],
						[
							-94.72367,
							47.46944
						],
						[
							-94.72587,
							47.47084
						],
						[
							-94.72578,
							47.47235
						],
						[
							-94.72797,
							47.47385
						],
						[
							-94.73008,
							47.47534
						],
						[
							-94.73008,
							47.47685
						],
						[
							-94.72997,
							47.47825
						],
						[
							-94.73217,
							47.47975
						],
						[
							-94.73647,
							47.47975
						],
						[
							-94.73858,
							47.48124
						],
						[
							-94.74078,
							47.48135
						],
						[
							-94.74297,
							47.48284
						],
						[
							-94.74508,
							47.48435
						],
						[
							-94.74717,
							47.48574
						],
						[
							-94.74938,
							47.48584
						],
						[
							-94.75147,
							47.48735
						],
						[
							-94.75367,
							47.48735
						],
						[
							-94.75577,
							47.48885
						],
						[
							-94.75797,
							47.49034
						],
						[
							-94.76008,
							47.49175
						],
						[
							-94.76228,
							47.49185
						],
						[
							-94.76878,
							47.49185
						],
						[
							-94.77097,
							47.49195
						],
						[
							-94.77528,
							47.49194
						],
						[
							-94.78178,
							47.49195
						],
						[
							-94.78388,
							47.49205
						],
						[
							-94.79047,
							47.49205
						],
						[
							-94.79267,
							47.49065
						],
						[
							-94.79917,
							47.49065
						],
						[
							-94.80138,
							47.48925
						],
						[
							-94.80138,
							47.48774
						],
						[
							-94.80359,
							47.48774
						],
						[
							-94.80579,
							47.48635
						],
						[
							-94.81229,
							47.48635
						],
						[
							-94.81438,
							47.48785
						],
						[
							-94.81659,
							47.48785
						],
						[
							-94.81879,
							47.48795
						],
						[
							-94.82518,
							47.48795
						],
						[
							-94.82738,
							47.48804
						],
						[
							-94.83388,
							47.48805
						],
						[
							-94.8369,
							47.48616
						],
						[
							-94.87338,
							47.46334
						],
						[
							-94.87558,
							47.46195
						],
						[
							-94.87778,
							47.46044
						],
						[
							-94.87999,
							47.45905
						],
						[
							-94.88219,
							47.45755
						],
						[
							-94.88219,
							47.45615
						],
						[
							-94.88438,
							47.45465
						],
						[
							-94.88658,
							47.45324
						],
						[
							-94.88658,
							47.45175
						],
						[
							-94.88878,
							47.45025
						],
						[
							-94.88878,
							47.44735
						],
						[
							-94.88889,
							47.44585
						],
						[
							-94.88889,
							47.44294
						],
						[
							-94.89109,
							47.44145
						],
						[
							-94.89329,
							47.44004
						],
						[
							-94.89539,
							47.44155
						],
						[
							-94.89979,
							47.44155
						],
						[
							-94.90189,
							47.44305
						],
						[
							-94.90409,
							47.44455
						],
						[
							-94.9062,
							47.44605
						],
						[
							-94.91048,
							47.44605
						],
						[
							-94.9127,
							47.44754
						],
						[
							-94.91479,
							47.44754
						],
						[
							-94.91698,
							47.44904
						],
						[
							-94.9192,
							47.44905
						],
						[
							-94.92129,
							47.44915
						],
						[
							-94.92348,
							47.44764
						],
						[
							-94.9257,
							47.44764
						],
						[
							-94.92779,
							47.44915
						],
						[
							-94.92999,
							47.45065
						],
						[
							-94.93209,
							47.45065
						],
						[
							-94.93429,
							47.45215
						],
						[
							-94.93859,
							47.45215
						],
						[
							-94.94079,
							47.45224
						],
						[
							-94.94299,
							47.45075
						],
						[
							-94.94509,
							47.45075
						],
						[
							-94.94729,
							47.44925
						],
						[
							-94.94949,
							47.44935
						],
						[
							-94.95159,
							47.44935
						],
						[
							-94.9539,
							47.44795
						],
						[
							-94.95599,
							47.44644
						],
						[
							-94.95818,
							47.44644
						],
						[
							-94.9604,
							47.44505
						],
						[
							-94.96259,
							47.44355
						],
						[
							-94.96259,
							47.44205
						],
						[
							-94.96479,
							47.44065
						],
						[
							-94.96479,
							47.43765
						],
						[
							-94.9649,
							47.43614
						],
						[
							-94.96709,
							47.43475
						],
						[
							-94.96918,
							47.43325
						],
						[
							-94.96929,
							47.43184
						],
						[
							-94.97149,
							47.43045
						],
						[
							-94.9736,
							47.43045
						],
						[
							-94.97579,
							47.42894
						],
						[
							-94.97579,
							47.42745
						],
						[
							-94.97588,
							47.42604
						],
						[
							-94.97588,
							47.42455
						],
						[
							-94.9781,
							47.42305
						],
						[
							-94.98029,
							47.42165
						],
						[
							-94.98238,
							47.42165
						],
						[
							-94.9846,
							47.42314
						],
						[
							-94.98669,
							47.42314
						],
						[
							-94.98888,
							47.42165
						],
						[
							-94.9911,
							47.42175
						],
						[
							-94.9933,
							47.42025
						],
						[
							-94.99538,
							47.42025
						],
						[
							-94.9976,
							47.42175
						],
						[
							-94.9997,
							47.42324
						],
						[
							-94.9997,
							47.42475
						],
						[
							-94.99749,
							47.42614
						],
						[
							-94.9975,
							47.42765
						],
						[
							-94.9996,
							47.42915
						],
						[
							-94.9996,
							47.43055
						],
						[
							-95.0018,
							47.43205
						],
						[
							-95.00389,
							47.43205
						],
						[
							-95.0061,
							47.43215
						],
						[
							-95.01039,
							47.43215
						],
						[
							-95.0126,
							47.43064
						],
						[
							-95.0148,
							47.43064
						],
						[
							-95.01689,
							47.43225
						],
						[
							-95.0213,
							47.43225
						],
						[
							-95.02339,
							47.43074
						],
						[
							-95.0256,
							47.42935
						],
						[
							-95.0257,
							47.42785
						],
						[
							-95.0278,
							47.42784
						],
						[
							-95.03,
							47.42935
						],
						[
							-95.02989,
							47.43085
						],
						[
							-95.0321,
							47.43084
						],
						[
							-95.03419,
							47.43235
						],
						[
							-95.03419,
							47.43385
						],
						[
							-95.03639,
							47.43385
						],
						[
							-95.03861,
							47.43235
						],
						[
							-95.04511,
							47.43235
						],
						[
							-95.0472,
							47.43385
						],
						[
							-95.04939,
							47.43534
						],
						[
							-95.0515,
							47.43685
						],
						[
							-95.0515,
							47.43834
						],
						[
							-95.0558,
							47.43834
						],
						[
							-95.0558,
							47.43685
						],
						[
							-95.058,
							47.43544
						],
						[
							-95.0602,
							47.43544
						],
						[
							-95.06239,
							47.43395
						],
						[
							-95.06459,
							47.43405
						],
						[
							-95.0668,
							47.43254
						],
						[
							-95.0668,
							47.42955
						],
						[
							-95.069,
							47.42815
						],
						[
							-95.069,
							47.42665
						],
						[
							-95.0712,
							47.42524
						],
						[
							-95.0734,
							47.42375
						],
						[
							-95.0734,
							47.42224
						],
						[
							-95.07559,
							47.42085
						],
						[
							-95.07559,
							47.41935
						],
						[
							-95.0778,
							47.41795
						],
						[
							-95.0778,
							47.41645
						],
						[
							-95.08,
							47.41504
						],
						[
							-95.0822,
							47.41505
						],
						[
							-95.08431,
							47.41355
						],
						[
							-95.0865,
							47.41505
						],
						[
							-95.09081,
							47.41504
						],
						[
							-95.093,
							47.41655
						],
						[
							-95.09509,
							47.41805
						],
						[
							-95.09729,
							47.41955
						],
						[
							-95.0994,
							47.41955
						],
						[
							-95.10159,
							47.42105
						],
						[
							-95.1037,
							47.42105
						],
						[
							-95.1059,
							47.42255
						],
						[
							-95.108,
							47.42405
						],
						[
							-95.11009,
							47.42555
						],
						[
							-95.11231,
							47.42695
						],
						[
							-95.1188,
							47.42695
						],
						[
							-95.121,
							47.42845
						],
						[
							-95.1209,
							47.42994
						],
						[
							-95.12309,
							47.43145
						],
						[
							-95.1252,
							47.43145
						],
						[
							-95.1274,
							47.43005
						],
						[
							-95.1339,
							47.43005
						],
						[
							-95.13609,
							47.42865
						],
						[
							-95.13829,
							47.42865
						],
						[
							-95.13829,
							47.42565
						],
						[
							-95.1362,
							47.42415
						],
						[
							-95.1384,
							47.42275
						],
						[
							-95.1384,
							47.41835
						],
						[
							-95.14059,
							47.41685
						],
						[
							-95.14059,
							47.41545
						],
						[
							-95.1407,
							47.41395
						],
						[
							-95.14279,
							47.41255
						],
						[
							-95.14279,
							47.41105
						],
						[
							-95.1429,
							47.40955
						],
						[
							-95.1429,
							47.40805
						],
						[
							-95.1451,
							47.40654
						],
						[
							-95.1451,
							47.40225
						],
						[
							-95.14729,
							47.40075
						],
						[
							-95.14729,
							47.39925
						],
						[
							-95.1474,
							47.39785
						],
						[
							-95.1474,
							47.39345
						],
						[
							-95.14749,
							47.39195
						],
						[
							-95.14749,
							47.39045
						],
						[
							-95.1497,
							47.38905
						],
						[
							-95.1497,
							47.38755
						],
						[
							-95.14749,
							47.38604
						],
						[
							-95.14749,
							47.38455
						],
						[
							-95.1497,
							47.38314
						],
						[
							-95.1498,
							47.38165
						],
						[
							-95.1519,
							47.38025
						],
						[
							-95.1541,
							47.37875
						],
						[
							-95.1541,
							47.37725
						],
						[
							-95.1563,
							47.37585
						],
						[
							-95.15849,
							47.37435
						],
						[
							-95.15849,
							47.37285
						],
						[
							-95.1586,
							47.37135
						],
						[
							-95.16069,
							47.36995
						],
						[
							-95.1629,
							47.36995
						],
						[
							-95.1651,
							47.36855
						],
						[
							-95.1651,
							47.36565
						],
						[
							-95.1673,
							47.36415
						],
						[
							-95.1673,
							47.36125
						],
						[
							-95.16949,
							47.35975
						],
						[
							-95.1696,
							47.35825
						],
						[
							-95.17169,
							47.35675
						],
						[
							-95.17169,
							47.35385
						],
						[
							-95.1739,
							47.35245
						],
						[
							-95.1783,
							47.34945
						],
						[
							-95.1805,
							47.34805
						],
						[
							-95.187,
							47.34805
						],
						[
							-95.18919,
							47.34815
						],
						[
							-95.1978,
							47.34815
						],
						[
							-95.1978,
							47.34665
						],
						[
							-95.2,
							47.34515
						],
						[
							-95.2,
							47.34375
						],
						[
							-95.20219,
							47.34225
						],
						[
							-95.2044,
							47.34085
						],
						[
							-95.20661,
							47.33935
						],
						[
							-95.20881,
							47.33795
						],
						[
							-95.20881,
							47.33345
						],
						[
							-95.21101,
							47.33205
						],
						[
							-95.21101,
							47.33055
						],
						[
							-95.2132,
							47.32905
						],
						[
							-95.2154,
							47.32765
						],
						[
							-95.21751,
							47.32766
						],
						[
							-95.2197,
							47.32625
						],
						[
							-95.2241,
							47.32325
						],
						[
							-95.22631,
							47.32185
						],
						[
							-95.2349,
							47.32185
						],
						[
							-95.2371,
							47.32045
						],
						[
							-95.2371,
							47.31895
						],
						[
							-95.23931,
							47.31755
						],
						[
							-95.23931,
							47.31605
						],
						[
							-95.24151,
							47.31455
						],
						[
							-95.24151,
							47.31305
						],
						[
							-95.2459,
							47.31025
						],
						[
							-95.2459,
							47.30285
						],
						[
							-95.24381,
							47.30135
						],
						[
							-95.24381,
							47.29845
						],
						[
							-95.24171,
							47.29695
						],
						[
							-95.23951,
							47.29545
						],
						[
							-95.2396,
							47.29395
						],
						[
							-95.2374,
							47.29396
						],
						[
							-95.2353,
							47.29255
						],
						[
							-95.2331,
							47.29105
						],
						[
							-95.23101,
							47.28945
						],
						[
							-95.23101,
							47.28805
						],
						[
							-95.2289,
							47.28655
						],
						[
							-95.2289,
							47.28515
						],
						[
							-95.22671,
							47.28366
						],
						[
							-95.2289,
							47.28215
						],
						[
							-95.2289,
							47.28065
						],
						[
							-95.22901,
							47.27925
						],
						[
							-95.2311,
							47.27775
						],
						[
							-95.23121,
							47.27626
						],
						[
							-95.2333,
							47.27485
						],
						[
							-95.2333,
							47.27335
						],
						[
							-95.23341,
							47.27185
						],
						[
							-95.23551,
							47.27045
						],
						[
							-95.23341,
							47.26895
						],
						[
							-95.23341,
							47.26745
						],
						[
							-95.2313,
							47.26595
						],
						[
							-95.2313,
							47.26156
						],
						[
							-95.22921,
							47.26005
						],
						[
							-95.22921,
							47.25715
						],
						[
							-95.23141,
							47.25566
						],
						[
							-95.23141,
							47.25425
						],
						[
							-95.2293,
							47.25275
						],
						[
							-95.2271,
							47.25125
						],
						[
							-95.225,
							47.24975
						],
						[
							-95.22071,
							47.24685
						],
						[
							-95.2186,
							47.24685
						],
						[
							-95.21641,
							47.24675
						],
						[
							-95.21641,
							47.24536
						],
						[
							-95.2143,
							47.24385
						],
						[
							-95.2143,
							47.24235
						],
						[
							-95.21221,
							47.24086
						],
						[
							-95.21,
							47.23935
						],
						[
							-95.21,
							47.23645
						],
						[
							-95.21011,
							47.23495
						]
					],
					[
						[
							-90.13382,
							38.85134
						],
						[
							-90.13562,
							38.85285
						],
						[
							-90.13542,
							38.85434
						],
						[
							-90.13721,
							38.85594
						],
						[
							-90.14081,
							38.85914
						],
						[
							-90.14261,
							38.85914
						],
						[
							-90.14461,
							38.85925
						],
						[
							-90.14632,
							38.86084
						],
						[
							-90.15012,
							38.86104
						],
						[
							-90.15192,
							38.86264
						],
						[
							-90.15172,
							38.86564
						],
						[
							-90.15152,
							38.86715
						],
						[
							-90.15332,
							38.86865
						],
						[
							-90.15321,
							38.87014
						],
						[
							-90.15501,
							38.87175
						],
						[
							-90.15692,
							38.87185
						],
						[
							-90.15872,
							38.87344
						],
						[
							-90.16042,
							38.87505
						],
						[
							-90.16222,
							38.87664
						],
						[
							-90.16402,
							38.87814
						],
						[
							-90.16591,
							38.87824
						],
						[
							-90.16771,
							38.87985
						],
						[
							-90.16962,
							38.87994
						],
						[
							-90.17131,
							38.88154
						],
						[
							-90.17311,
							38.88314
						],
						[
							-90.17502,
							38.88324
						],
						[
							-90.17682,
							38.88474
						],
						[
							-90.18062,
							38.88494
						],
						[
							-90.18422,
							38.88815
						],
						[
							-90.18611,
							38.88825
						],
						[
							-90.18782,
							38.88974
						],
						[
							-90.18971,
							38.88994
						],
						[
							-90.19151,
							38.89144
						],
						[
							-90.19531,
							38.89164
						],
						[
							-90.20072,
							38.89644
						],
						[
							-90.20241,
							38.89804
						],
						[
							-90.20432,
							38.89804
						],
						[
							-90.20612,
							38.89965
						],
						[
							-90.20802,
							38.89974
						],
						[
							-90.20982,
							38.90135
						],
						[
							-90.21172,
							38.90144
						],
						[
							-90.21352,
							38.90305
						],
						[
							-90.21522,
							38.90464
						],
						[
							-90.21513,
							38.90605
						],
						[
							-90.21702,
							38.90615
						],
						[
							-90.22242,
							38.91094
						],
						[
							-90.22413,
							38.91255
						],
						[
							-90.22593,
							38.91404
						],
						[
							-90.22772,
							38.91564
						],
						[
							-90.23153,
							38.91584
						],
						[
							-90.23332,
							38.91744
						],
						[
							-90.23522,
							38.91754
						],
						[
							-90.23702,
							38.91914
						],
						[
							-90.23891,
							38.91924
						],
						[
							-90.24071,
							38.92074
						],
						[
							-90.24252,
							38.92234
						],
						[
							-90.24423,
							38.92395
						],
						[
							-90.24612,
							38.92405
						],
						[
							-90.24792,
							38.92564
						],
						[
							-90.24992,
							38.92424
						],
						[
							-90.25172,
							38.92575
						],
						[
							-90.25552,
							38.92594
						],
						[
							-90.25732,
							38.92754
						],
						[
							-90.25922,
							38.92764
						],
						[
							-90.26102,
							38.92925
						],
						[
							-90.26292,
							38.92935
						],
						[
							-90.26472,
							38.93094
						],
						[
							-90.26662,
							38.93105
						],
						[
							-90.26832,
							38.93254
						],
						[
							-90.27032,
							38.93274
						],
						[
							-90.27212,
							38.93274
						],
						[
							-90.27392,
							38.93434
						],
						[
							-90.27962,
							38.93464
						],
						[
							-90.28342,
							38.93485
						],
						[
							-90.28532,
							38.93485
						],
						[
							-90.28722,
							38.93504
						],
						[
							-90.28912,
							38.93514
						],
						[
							-90.29122,
							38.93374
						],
						[
							-90.29502,
							38.93395
						],
						[
							-90.29693,
							38.93395
						],
						[
							-90.31022,
							38.93464
						],
						[
							-90.31222,
							38.93324
						],
						[
							-90.31982,
							38.93364
						],
						[
							-90.32162,
							38.93525
						],
						[
							-90.32542,
							38.93544
						],
						[
							-90.32722,
							38.93694
						],
						[
							-90.33482,
							38.93734
						],
						[
							-90.33842,
							38.94054
						],
						[
							-90.34022,
							38.94064
						],
						[
							-90.34202,
							38.94214
						],
						[
							-90.34392,
							38.94224
						],
						[
							-90.34573,
							38.94384
						],
						[
							-90.34762,
							38.94394
						],
						[
							-90.34942,
							38.94554
						],
						[
							-90.35133,
							38.94554
						],
						[
							-90.35313,
							38.94714
						],
						[
							-90.35502,
							38.94724
						],
						[
							-90.35682,
							38.94884
						],
						[
							-90.35873,
							38.94894
						],
						[
							-90.36053,
							38.95054
						],
						[
							-90.36233,
							38.95204
						],
						[
							-90.36413,
							38.95215
						],
						[
							-90.36593,
							38.95374
						],
						[
							-90.36973,
							38.95394
						],
						[
							-90.37173,
							38.95404
						],
						[
							-90.37342,
							38.95564
						],
						[
							-90.37533,
							38.95575
						],
						[
							-90.37733,
							38.95574
						],
						[
							-90.37902,
							38.95735
						],
						[
							-90.38093,
							38.95744
						],
						[
							-90.38273,
							38.95905
						],
						[
							-90.38462,
							38.95915
						],
						[
							-90.38653,
							38.95914
						],
						[
							-90.38833,
							38.96084
						],
						[
							-90.39033,
							38.95944
						],
						[
							-90.39213,
							38.96104
						],
						[
							-90.39402,
							38.96104
						],
						[
							-90.39593,
							38.96114
						],
						[
							-90.39773,
							38.96275
						],
						[
							-90.40533,
							38.96315
						],
						[
							-90.40713,
							38.96475
						],
						[
							-90.40902,
							38.96485
						],
						[
							-90.41102,
							38.96334
						],
						[
							-90.41293,
							38.96344
						],
						[
							-90.41482,
							38.96364
						],
						[
							-90.41672,
							38.96364
						],
						[
							-90.41853,
							38.96524
						],
						[
							-90.42052,
							38.96384
						],
						[
							-90.42812,
							38.96424
						],
						[
							-90.43201,
							38.96444
						],
						[
							-90.43381,
							38.96454
						],
						[
							-90.43572,
							38.96454
						],
						[
							-90.44723,
							38.96514
						],
						[
							-90.45103,
							38.96534
						],
						[
							-90.45292,
							38.96534
						],
						[
							-90.45483,
							38.96544
						],
						[
							-90.45672,
							38.96565
						],
						[
							-90.45863,
							38.96565
						],
						[
							-90.46052,
							38.96575
						],
						[
							-90.46452,
							38.96294
						],
						[
							-90.46642,
							38.96305
						],
						[
							-90.46842,
							38.96164
						],
						[
							-90.47033,
							38.96174
						],
						[
							-90.47242,
							38.96034
						],
						[
							-90.47253,
							38.95884
						],
						[
							-90.47652,
							38.95604
						],
						[
							-90.47662,
							38.95454
						],
						[
							-90.47872,
							38.95314
						],
						[
							-90.47883,
							38.95175
						],
						[
							-90.47903,
							38.94875
						],
						[
							-90.48103,
							38.94735
						],
						[
							-90.48112,
							38.94584
						],
						[
							-90.48322,
							38.94445
						],
						[
							-90.48522,
							38.94304
						],
						[
							-90.48533,
							38.94155
						],
						[
							-90.48733,
							38.94014
						],
						[
							-90.48933,
							38.93885
						],
						[
							-90.48942,
							38.93734
						],
						[
							-90.48762,
							38.93574
						],
						[
							-90.48972,
							38.93435
						],
						[
							-90.49372,
							38.93154
						],
						[
							-90.49573,
							38.93015
						],
						[
							-90.49583,
							38.92865
						],
						[
							-90.49792,
							38.92724
						],
						[
							-90.49992,
							38.92584
						],
						[
							-90.50012,
							38.92284
						],
						[
							-90.50202,
							38.92304
						],
						[
							-90.50402,
							38.92154
						],
						[
							-90.50414,
							38.92015
						],
						[
							-90.50623,
							38.91874
						],
						[
							-90.50822,
							38.91725
						],
						[
							-90.51022,
							38.91594
						],
						[
							-90.51033,
							38.91445
						],
						[
							-90.51233,
							38.91304
						],
						[
							-90.51253,
							38.91005
						],
						[
							-90.51463,
							38.90865
						],
						[
							-90.51483,
							38.90574
						],
						[
							-90.51683,
							38.90435
						],
						[
							-90.51694,
							38.90284
						],
						[
							-90.51894,
							38.90145
						],
						[
							-90.51914,
							38.89994
						],
						[
							-90.52113,
							38.89855
						],
						[
							-90.52123,
							38.89704
						],
						[
							-90.52322,
							38.89565
						],
						[
							-90.52333,
							38.89424
						],
						[
							-90.52533,
							38.89274
						],
						[
							-90.52364,
							38.89125
						],
						[
							-90.52563,
							38.88984
						],
						[
							-90.52573,
							38.88835
						],
						[
							-90.52763,
							38.88845
						],
						[
							-90.52773,
							38.88694
						],
						[
							-90.52972,
							38.88555
						],
						[
							-90.52992,
							38.88255
						],
						[
							-90.53014,
							38.88105
						],
						[
							-90.53033,
							38.87815
						],
						[
							-90.53062,
							38.87365
						],
						[
							-90.53462,
							38.87085
						],
						[
							-90.53673,
							38.86944
						],
						[
							-90.54053,
							38.86965
						],
						[
							-90.54253,
							38.86824
						],
						[
							-90.55012,
							38.86865
						],
						[
							-90.55203,
							38.86865
						],
						[
							-90.55403,
							38.86724
						],
						[
							-90.55972,
							38.86754
						],
						[
							-90.56174,
							38.86624
						],
						[
							-90.56374,
							38.86474
						],
						[
							-90.56754,
							38.86495
						],
						[
							-90.56743,
							38.86644
						],
						[
							-90.56934,
							38.86654
						],
						[
							-90.57114,
							38.86805
						],
						[
							-90.57313,
							38.86664
						],
						[
							-90.57503,
							38.86675
						],
						[
							-90.57703,
							38.86544
						],
						[
							-90.57893,
							38.86544
						],
						[
							-90.58083,
							38.86564
						],
						[
							-90.58273,
							38.86564
						],
						[
							-90.58463,
							38.86575
						],
						[
							-90.59033,
							38.86605
						],
						[
							-90.59242,
							38.86464
						],
						[
							-90.59413,
							38.86624
						],
						[
							-90.59602,
							38.86624
						],
						[
							-90.59793,
							38.86634
						],
						[
							-90.59973,
							38.86795
						],
						[
							-90.60353,
							38.86814
						],
						[
							-90.60533,
							38.86965
						],
						[
							-90.60722,
							38.86985
						],
						[
							-90.60902,
							38.87135
						],
						[
							-90.61662,
							38.87175
						],
						[
							-90.61842,
							38.87335
						],
						[
							-90.62022,
							38.87484
						],
						[
							-90.62202,
							38.87645
						],
						[
							-90.62183,
							38.87795
						],
						[
							-90.62363,
							38.87944
						],
						[
							-90.62354,
							38.88095
						],
						[
							-90.62534,
							38.88255
						],
						[
							-90.62523,
							38.88405
						],
						[
							-90.62703,
							38.88565
						],
						[
							-90.62692,
							38.88704
						],
						[
							-90.62883,
							38.88714
						],
						[
							-90.63063,
							38.88874
						],
						[
							-90.63252,
							38.88884
						],
						[
							-90.63432,
							38.89045
						],
						[
							-90.63623,
							38.89045
						],
						[
							-90.63792,
							38.89205
						],
						[
							-90.63983,
							38.89215
						],
						[
							-90.64343,
							38.89534
						],
						[
							-90.64532,
							38.89544
						],
						[
							-90.64723,
							38.89544
						],
						[
							-90.65263,
							38.90025
						],
						[
							-90.65253,
							38.90165
						],
						[
							-90.65433,
							38.90325
						],
						[
							-90.65424,
							38.90474
						],
						[
							-90.65593,
							38.90635
						],
						[
							-90.65773,
							38.90785
						],
						[
							-90.65762,
							38.90934
						],
						[
							-90.65733,
							38.91385
						],
						[
							-90.65913,
							38.91535
						],
						[
							-90.65903,
							38.91694
						],
						[
							-90.66083,
							38.91845
						],
						[
							-90.66063,
							38.91995
						],
						[
							-90.66052,
							38.92144
						],
						[
							-90.66412,
							38.92465
						],
						[
							-90.66603,
							38.92465
						],
						[
							-90.66592,
							38.92614
						],
						[
							-90.66773,
							38.92775
						],
						[
							-90.66743,
							38.93225
						],
						[
							-90.66724,
							38.93364
						],
						[
							-90.66904,
							38.93525
						],
						[
							-90.66893,
							38.93675
						],
						[
							-90.67073,
							38.93834
						],
						[
							-90.67062,
							38.93985
						],
						[
							-90.67242,
							38.94135
						],
						[
							-90.67233,
							38.94284
						],
						[
							-90.67413,
							38.94445
						],
						[
							-90.67403,
							38.94584
						],
						[
							-90.67583,
							38.94754
						],
						[
							-90.67563,
							38.94905
						],
						[
							-90.67743,
							38.95054
						],
						[
							-90.67732,
							38.95195
						],
						[
							-90.67723,
							38.95355
						],
						[
							-90.67903,
							38.95504
						],
						[
							-90.67893,
							38.95655
						],
						[
							-90.68072,
							38.95815
						],
						[
							-90.68053,
							38.96115
						],
						[
							-90.67844,
							38.96254
						],
						[
							-90.67822,
							38.96544
						],
						[
							-90.67773,
							38.97294
						],
						[
							-90.67763,
							38.97435
						],
						[
							-90.67743,
							38.97585
						],
						[
							-90.67732,
							38.97734
						],
						[
							-90.67703,
							38.98185
						],
						[
							-90.67883,
							38.98345
						],
						[
							-90.67873,
							38.98494
						],
						[
							-90.68053,
							38.98645
						],
						[
							-90.68044,
							38.98795
						],
						[
							-90.68224,
							38.98954
						],
						[
							-90.68202,
							38.99104
						],
						[
							-90.68382,
							38.99265
						],
						[
							-90.68373,
							38.99404
						],
						[
							-90.68553,
							38.99565
						],
						[
							-90.68542,
							38.99714
						],
						[
							-90.68722,
							38.99874
						],
						[
							-90.68713,
							39.00025
						],
						[
							-90.68893,
							39.00174
						],
						[
							-90.68874,
							39.00475
						],
						[
							-90.69043,
							39.00634
						],
						[
							-90.69032,
							39.00775
						],
						[
							-90.69023,
							39.00934
						],
						[
							-90.69203,
							39.01085
						],
						[
							-90.69192,
							39.01234
						],
						[
							-90.69373,
							39.01394
						],
						[
							-90.69363,
							39.01545
						],
						[
							-90.69544,
							39.01694
						],
						[
							-90.69533,
							39.01844
						],
						[
							-90.69713,
							39.02005
						],
						[
							-90.69693,
							39.02155
						],
						[
							-90.69682,
							39.02294
						],
						[
							-90.69862,
							39.02455
						],
						[
							-90.69833,
							39.02905
						],
						[
							-90.70013,
							39.03064
						],
						[
							-90.70003,
							39.03205
						],
						[
							-90.70183,
							39.03365
						],
						[
							-90.70174,
							39.03514
						],
						[
							-90.70152,
							39.03665
						],
						[
							-90.70332,
							39.03824
						],
						[
							-90.70312,
							39.04125
						],
						[
							-90.70493,
							39.04274
						],
						[
							-90.70473,
							39.04574
						],
						[
							-90.70653,
							39.04724
						],
						[
							-90.70644,
							39.04885
						],
						[
							-90.70633,
							39.05024
						],
						[
							-90.70613,
							39.05175
						],
						[
							-90.70573,
							39.05764
						],
						[
							-90.70373,
							39.05905
						],
						[
							-90.70363,
							39.06054
						],
						[
							-90.70163,
							39.06195
						],
						[
							-90.70143,
							39.06344
						],
						[
							-90.70113,
							39.06794
						],
						[
							-90.69913,
							39.06935
						],
						[
							-90.69904,
							39.07084
						],
						[
							-90.69704,
							39.07224
						],
						[
							-90.69693,
							39.07364
						],
						[
							-90.69482,
							39.07505
						],
						[
							-90.69473,
							39.07655
						],
						[
							-90.69273,
							39.07795
						],
						[
							-90.69263,
							39.07944
						],
						[
							-90.69063,
							39.08084
						],
						[
							-90.69054,
							39.08235
						],
						[
							-90.68852,
							39.08374
						],
						[
							-90.68832,
							39.08524
						],
						[
							-90.68632,
							39.08664
						],
						[
							-90.68623,
							39.08815
						],
						[
							-90.68424,
							39.08954
						],
						[
							-90.68404,
							39.09255
						],
						[
							-90.68393,
							39.09394
						],
						[
							-90.68373,
							39.09545
						],
						[
							-90.68362,
							39.09694
						],
						[
							-90.68314,
							39.10434
						],
						[
							-90.68292,
							39.10735
						],
						[
							-90.68472,
							39.10894
						],
						[
							-90.68452,
							39.11034
						],
						[
							-90.68993,
							39.11515
						],
						[
							-90.68984,
							39.11664
						],
						[
							-90.69164,
							39.11814
						],
						[
							-90.69153,
							39.11964
						],
						[
							-90.69333,
							39.12124
						],
						[
							-90.69324,
							39.12275
						],
						[
							-90.69502,
							39.12425
						],
						[
							-90.69682,
							39.12584
						],
						[
							-90.69673,
							39.12734
						],
						[
							-90.69853,
							39.12894
						],
						[
							-90.70023,
							39.13054
						],
						[
							-90.70393,
							39.13365
						],
						[
							-90.70563,
							39.13524
						],
						[
							-90.70753,
							39.13674
						],
						[
							-90.70734,
							39.13824
						],
						[
							-90.70914,
							39.13984
						],
						[
							-90.70903,
							39.14134
						],
						[
							-90.71083,
							39.14294
						],
						[
							-90.71072,
							39.14434
						],
						[
							-90.71433,
							39.14755
						],
						[
							-90.71613,
							39.14914
						],
						[
							-90.71593,
							39.15214
						],
						[
							-90.71773,
							39.15364
						],
						[
							-90.71764,
							39.15514
						],
						[
							-90.71944,
							39.15674
						],
						[
							-90.71933,
							39.15824
						],
						[
							-90.71913,
							39.15964
						],
						[
							-90.71883,
							39.16414
						],
						[
							-90.72063,
							39.16575
						],
						[
							-90.72034,
							39.17015
						],
						[
							-90.72012,
							39.17164
						],
						[
							-90.71983,
							39.17614
						],
						[
							-90.71973,
							39.17754
						],
						[
							-90.72153,
							39.17914
						],
						[
							-90.72144,
							39.18064
						],
						[
							-90.72113,
							39.18515
						],
						[
							-90.72282,
							39.18675
						],
						[
							-90.72282,
							39.18814
						],
						[
							-90.72263,
							39.18964
						],
						[
							-90.72443,
							39.19124
						],
						[
							-90.72414,
							39.19574
						],
						[
							-90.72392,
							39.19864
						],
						[
							-90.72372,
							39.20164
						],
						[
							-90.72353,
							39.20314
						],
						[
							-90.72353,
							39.20454
						],
						[
							-90.72333,
							39.20614
						],
						[
							-90.72313,
							39.20905
						],
						[
							-90.72493,
							39.21064
						],
						[
							-90.72482,
							39.21214
						],
						[
							-90.72662,
							39.21364
						],
						[
							-90.72653,
							39.21514
						],
						[
							-90.72623,
							39.21964
						],
						[
							-90.72603,
							39.22115
						],
						[
							-90.72583,
							39.22404
						],
						[
							-90.72763,
							39.22564
						],
						[
							-90.72704,
							39.23455
						],
						[
							-90.72873,
							39.23615
						],
						[
							-90.73053,
							39.23774
						],
						[
							-90.73244,
							39.23934
						],
						[
							-90.73413,
							39.24094
						],
						[
							-90.73593,
							39.24244
						],
						[
							-90.73782,
							39.24404
						],
						[
							-90.73762,
							39.24554
						],
						[
							-90.73943,
							39.24704
						],
						[
							-90.74123,
							39.24864
						],
						[
							-90.74113,
							39.25015
						],
						[
							-90.74294,
							39.25174
						],
						[
							-90.74474,
							39.25324
						],
						[
							-90.74463,
							39.25474
						],
						[
							-90.74643,
							39.25634
						],
						[
							-90.74632,
							39.25784
						],
						[
							-90.74812,
							39.25944
						],
						[
							-90.74792,
							39.26234
						],
						[
							-90.74972,
							39.26394
						],
						[
							-90.74963,
							39.26545
						],
						[
							-90.75143,
							39.26694
						],
						[
							-90.75324,
							39.26854
						],
						[
							-90.75313,
							39.27004
						],
						[
							-90.75493,
							39.27164
						],
						[
							-90.75674,
							39.27314
						],
						[
							-90.75853,
							39.27474
						],
						[
							-90.75843,
							39.27625
						],
						[
							-90.76023,
							39.27784
						],
						[
							-90.76003,
							39.27934
						],
						[
							-90.76194,
							39.28085
						],
						[
							-90.76363,
							39.28244
						],
						[
							-90.76354,
							39.28394
						],
						[
							-90.76534,
							39.28544
						],
						[
							-90.76714,
							39.28704
						],
						[
							-90.76904,
							39.28864
						],
						[
							-90.77074,
							39.29024
						],
						[
							-90.77064,
							39.29174
						],
						[
							-90.77254,
							39.29324
						],
						[
							-90.77424,
							39.29485
						],
						[
							-90.77604,
							39.29644
						],
						[
							-90.77793,
							39.29804
						],
						[
							-90.78144,
							39.30114
						],
						[
							-90.78333,
							39.30274
						],
						[
							-90.78513,
							39.30425
						],
						[
							-90.78684,
							39.30584
						],
						[
							-90.78873,
							39.30744
						],
						[
							-90.79054,
							39.30895
						],
						[
							-90.79594,
							39.31374
						],
						[
							-90.79774,
							39.31524
						],
						[
							-90.79964,
							39.31535
						],
						[
							-90.80143,
							39.31694
						],
						[
							-90.80524,
							39.31714
						],
						[
							-90.80703,
							39.31864
						],
						[
							-90.81063,
							39.32184
						],
						[
							-90.81243,
							39.32334
						],
						[
							-90.81603,
							39.32655
						],
						[
							-90.81803,
							39.32655
						],
						[
							-90.81983,
							39.32814
						],
						[
							-90.82154,
							39.32974
						],
						[
							-90.82343,
							39.33134
						],
						[
							-90.82523,
							39.33294
						],
						[
							-90.82703,
							39.33444
						],
						[
							-90.83064,
							39.33764
						],
						[
							-90.83244,
							39.33914
						],
						[
							-90.83604,
							39.34234
						],
						[
							-90.83794,
							39.34234
						],
						[
							-90.83974,
							39.34394
						],
						[
							-90.84164,
							39.34404
						],
						[
							-90.84344,
							39.34564
						],
						[
							-90.84534,
							39.34724
						],
						[
							-90.84884,
							39.35034
						],
						[
							-90.85084,
							39.35044
						],
						[
							-90.85253,
							39.35194
						],
						[
							-90.85453,
							39.35204
						],
						[
							-90.85633,
							39.35365
						],
						[
							-90.85824,
							39.35375
						],
						[
							-90.86004,
							39.35524
						],
						[
							-90.86184,
							39.35694
						],
						[
							-90.86364,
							39.35844
						],
						[
							-90.86544,
							39.36004
						],
						[
							-90.86724,
							39.36154
						],
						[
							-90.86913,
							39.36164
						],
						[
							-90.87093,
							39.36324
						],
						[
							-90.87293,
							39.36334
						],
						[
							-90.87473,
							39.36494
						],
						[
							-90.87653,
							39.36644
						],
						[
							-90.87833,
							39.36804
						],
						[
							-90.88024,
							39.36814
						],
						[
							-90.88204,
							39.36964
						],
						[
							-90.88393,
							39.36974
						],
						[
							-90.88753,
							39.37294
						],
						[
							-90.88934,
							39.37444
						],
						[
							-90.89294,
							39.37764
						],
						[
							-90.89484,
							39.37764
						],
						[
							-90.89674,
							39.37924
						],
						[
							-90.89864,
							39.37934
						],
						[
							-90.90044,
							39.38094
						],
						[
							-90.90234,
							39.38104
						],
						[
							-90.90414,
							39.38255
						],
						[
							-90.90604,
							39.38264
						],
						[
							-90.90784,
							39.38414
						],
						[
							-90.90984,
							39.38434
						],
						[
							-90.91164,
							39.38584
						],
						[
							-90.91523,
							39.38905
						],
						[
							-90.91703,
							39.39054
						],
						[
							-90.92063,
							39.39375
						],
						[
							-90.92243,
							39.39524
						],
						[
							-90.92423,
							39.39684
						],
						[
							-90.92614,
							39.39694
						],
						[
							-90.92794,
							39.39854
						],
						[
							-90.92983,
							39.39854
						],
						[
							-90.93174,
							39.40014
						],
						[
							-90.93363,
							39.40025
						],
						[
							-90.93543,
							39.40184
						],
						[
							-90.93734,
							39.40194
						],
						[
							-90.93914,
							39.40344
						],
						[
							-90.94103,
							39.40354
						],
						[
							-90.94283,
							39.40514
						],
						[
							-90.94474,
							39.40514
						],
						[
							-90.94674,
							39.40524
						],
						[
							-90.94843,
							39.40684
						],
						[
							-90.95044,
							39.40694
						],
						[
							-90.95223,
							39.40844
						],
						[
							-90.95415,
							39.40854
						],
						[
							-90.95595,
							39.41014
						],
						[
							-90.95784,
							39.41024
						],
						[
							-90.95964,
							39.41184
						],
						[
							-90.96164,
							39.41194
						],
						[
							-90.96344,
							39.41345
						],
						[
							-90.96535,
							39.41354
						],
						[
							-90.96715,
							39.41514
						],
						[
							-90.96904,
							39.41524
						],
						[
							-90.97084,
							39.41674
						],
						[
							-90.97464,
							39.41694
						],
						[
							-90.97644,
							39.41854
						],
						[
							-90.97844,
							39.41854
						],
						[
							-90.98024,
							39.42014
						],
						[
							-90.98215,
							39.42024
						],
						[
							-90.98395,
							39.42175
						],
						[
							-90.98584,
							39.42184
						],
						[
							-90.98944,
							39.42504
						],
						[
							-90.99135,
							39.42504
						],
						[
							-90.99324,
							39.42674
						],
						[
							-90.99515,
							39.42674
						],
						[
							-90.99695,
							39.42835
						],
						[
							-90.99884,
							39.42835
						],
						[
							-91.00064,
							39.42994
						],
						[
							-91.00455,
							39.43015
						],
						[
							-91.00635,
							39.43164
						],
						[
							-91.00995,
							39.43485
						],
						[
							-91.01184,
							39.43494
						],
						[
							-91.01375,
							39.43494
						],
						[
							-91.01555,
							39.43654
						],
						[
							-91.01744,
							39.43665
						],
						[
							-91.01935,
							39.43824
						],
						[
							-91.02124,
							39.43824
						],
						[
							-91.02304,
							39.43984
						],
						[
							-91.02495,
							39.43994
						],
						[
							-91.02675,
							39.44154
						],
						[
							-91.02864,
							39.44154
						],
						[
							-91.03044,
							39.44315
						],
						[
							-91.03244,
							39.44324
						],
						[
							-91.03424,
							39.44484
						],
						[
							-91.03615,
							39.44494
						],
						[
							-91.03804,
							39.44494
						],
						[
							-91.03984,
							39.44654
						],
						[
							-91.04164,
							39.44804
						],
						[
							-91.04355,
							39.44824
						],
						[
							-91.04544,
							39.44975
						],
						[
							-91.04724,
							39.45124
						],
						[
							-91.05084,
							39.45444
						],
						[
							-91.05075,
							39.45594
						],
						[
							-91.05255,
							39.45754
						],
						[
							-91.05435,
							39.45905
						],
						[
							-91.05424,
							39.46054
						],
						[
							-91.05615,
							39.46064
						],
						[
							-91.05794,
							39.46214
						],
						[
							-91.05974,
							39.46375
						],
						[
							-91.06165,
							39.46534
						],
						[
							-91.06154,
							39.46684
						],
						[
							-91.06334,
							39.46835
						],
						[
							-91.06694,
							39.47154
						],
						[
							-91.06885,
							39.47154
						],
						[
							-91.07425,
							39.47634
						],
						[
							-91.07425,
							39.47784
						],
						[
							-91.07214,
							39.47914
						],
						[
							-91.07014,
							39.48054
						],
						[
							-91.07004,
							39.48204
						],
						[
							-91.06975,
							39.48654
						],
						[
							-91.07155,
							39.48804
						],
						[
							-91.07104,
							39.49554
						],
						[
							-91.07285,
							39.49714
						],
						[
							-91.07265,
							39.50005
						],
						[
							-91.07445,
							39.50164
						],
						[
							-91.07434,
							39.50314
						],
						[
							-91.07614,
							39.50474
						],
						[
							-91.07605,
							39.50614
						],
						[
							-91.07785,
							39.50774
						],
						[
							-91.07765,
							39.51074
						],
						[
							-91.07744,
							39.51374
						],
						[
							-91.07924,
							39.51524
						],
						[
							-91.07915,
							39.51674
						],
						[
							-91.08095,
							39.51834
						],
						[
							-91.08084,
							39.51984
						],
						[
							-91.08264,
							39.52134
						],
						[
							-91.08244,
							39.52434
						],
						[
							-91.08424,
							39.52594
						],
						[
							-91.08615,
							39.52744
						],
						[
							-91.08795,
							39.52905
						],
						[
							-91.08975,
							39.53054
						],
						[
							-91.09334,
							39.53375
						],
						[
							-91.09514,
							39.53524
						],
						[
							-91.09694,
							39.53684
						],
						[
							-91.09894,
							39.53694
						],
						[
							-91.10074,
							39.53854
						],
						[
							-91.10265,
							39.53864
						],
						[
							-91.10445,
							39.54014
						],
						[
							-91.10834,
							39.54034
						],
						[
							-91.11025,
							39.54034
						],
						[
							-91.11204,
							39.54194
						],
						[
							-91.11394,
							39.54205
						],
						[
							-91.11975,
							39.54234
						],
						[
							-91.12164,
							39.54234
						],
						[
							-91.12935,
							39.54274
						],
						[
							-91.13124,
							39.54274
						],
						[
							-91.13315,
							39.54284
						],
						[
							-91.13495,
							39.54444
						],
						[
							-91.13684,
							39.54454
						],
						[
							-91.13875,
							39.54604
						],
						[
							-91.14255,
							39.54624
						],
						[
							-91.14444,
							39.54624
						],
						[
							-91.14635,
							39.54634
						],
						[
							-91.14824,
							39.54794
						],
						[
							-91.15004,
							39.54955
						],
						[
							-91.15195,
							39.54964
						],
						[
							-91.15375,
							39.55114
						],
						[
							-91.15735,
							39.55434
						],
						[
							-91.15735,
							39.55574
						],
						[
							-91.16095,
							39.55895
						],
						[
							-91.16275,
							39.56044
						],
						[
							-91.16456,
							39.56204
						],
						[
							-91.16636,
							39.56354
						],
						[
							-91.16816,
							39.56514
						],
						[
							-91.17005,
							39.56674
						],
						[
							-91.17185,
							39.56834
						],
						[
							-91.17175,
							39.56974
						],
						[
							-91.17355,
							39.57134
						],
						[
							-91.17345,
							39.57285
						],
						[
							-91.17526,
							39.57434
						],
						[
							-91.17886,
							39.57755
						],
						[
							-91.18075,
							39.57914
						],
						[
							-91.18066,
							39.58054
						],
						[
							-91.18246,
							39.58215
						],
						[
							-91.18235,
							39.58364
						],
						[
							-91.18415,
							39.58524
						],
						[
							-91.18406,
							39.58664
						],
						[
							-91.18765,
							39.58984
						],
						[
							-91.18955,
							39.59134
						],
						[
							-91.19135,
							39.59294
						],
						[
							-91.19125,
							39.59444
						],
						[
							-91.19305,
							39.59604
						],
						[
							-91.19485,
							39.59754
						],
						[
							-91.19476,
							39.59904
						],
						[
							-91.19656,
							39.60064
						],
						[
							-91.19845,
							39.60214
						],
						[
							-91.20025,
							39.60375
						],
						[
							-91.20205,
							39.60524
						],
						[
							-91.20565,
							39.60844
						],
						[
							-91.20756,
							39.60854
						],
						[
							-91.20945,
							39.61004
						],
						[
							-91.21305,
							39.61324
						],
						[
							-91.21485,
							39.61474
						],
						[
							-91.21665,
							39.61634
						],
						[
							-91.22036,
							39.61944
						],
						[
							-91.22214,
							39.62104
						],
						[
							-91.22395,
							39.62254
						],
						[
							-91.22575,
							39.62415
						],
						[
							-91.22945,
							39.62724
						],
						[
							-91.23486,
							39.63204
						],
						[
							-91.23675,
							39.63354
						],
						[
							-91.23855,
							39.63514
						],
						[
							-91.24035,
							39.63664
						],
						[
							-91.24215,
							39.63824
						],
						[
							-91.24406,
							39.63974
						],
						[
							-91.24766,
							39.64294
						],
						[
							-91.24946,
							39.64444
						],
						[
							-91.25126,
							39.64604
						],
						[
							-91.25315,
							39.64764
						],
						[
							-91.25495,
							39.64924
						],
						[
							-91.25675,
							39.65074
						],
						[
							-91.25855,
							39.65234
						],
						[
							-91.26046,
							39.65384
						],
						[
							-91.26405,
							39.65704
						],
						[
							-91.26595,
							39.65704
						],
						[
							-91.26784,
							39.65865
						],
						[
							-91.26965,
							39.66024
						],
						[
							-91.27145,
							39.66174
						],
						[
							-91.27325,
							39.66334
						],
						[
							-91.27696,
							39.66644
						],
						[
							-91.27876,
							39.66804
						],
						[
							-91.28056,
							39.66954
						],
						[
							-91.28416,
							39.67274
						],
						[
							-91.28605,
							39.67424
						],
						[
							-91.28796,
							39.67433
						],
						[
							-91.29156,
							39.67754
						],
						[
							-91.29345,
							39.67904
						],
						[
							-91.29536,
							39.67914
						],
						[
							-91.29716,
							39.68064
						],
						[
							-91.29896,
							39.68224
						],
						[
							-91.30085,
							39.68385
						],
						[
							-91.30265,
							39.68534
						],
						[
							-91.30445,
							39.68694
						],
						[
							-91.30625,
							39.68844
						],
						[
							-91.30805,
							39.69004
						],
						[
							-91.31005,
							39.69014
						],
						[
							-91.31185,
							39.69174
						],
						[
							-91.31365,
							39.69324
						],
						[
							-91.31556,
							39.69334
						],
						[
							-91.31925,
							39.69644
						],
						[
							-91.32116,
							39.69654
						],
						[
							-91.32485,
							39.69964
						],
						[
							-91.32665,
							39.70124
						],
						[
							-91.32845,
							39.70274
						],
						[
							-91.33025,
							39.70435
						],
						[
							-91.33395,
							39.70744
						],
						[
							-91.33585,
							39.70754
						],
						[
							-91.33765,
							39.70914
						],
						[
							-91.34135,
							39.71224
						],
						[
							-91.34315,
							39.71384
						],
						[
							-91.34515,
							39.71384
						],
						[
							-91.34875,
							39.71704
						],
						[
							-91.35055,
							39.71854
						],
						[
							-91.35236,
							39.72014
						],
						[
							-91.35426,
							39.72164
						],
						[
							-91.35606,
							39.72324
						],
						[
							-91.35786,
							39.72484
						],
						[
							-91.36156,
							39.72794
						],
						[
							-91.36336,
							39.72944
						],
						[
							-91.36515,
							39.73104
						],
						[
							-91.36887,
							39.73414
						],
						[
							-91.36867,
							39.73714
						],
						[
							-91.36845,
							39.74014
						],
						[
							-91.36826,
							39.74314
						],
						[
							-91.37006,
							39.74464
						],
						[
							-91.36977,
							39.74915
						],
						[
							-91.36955,
							39.75205
						],
						[
							-91.36755,
							39.75344
						],
						[
							-91.36706,
							39.76094
						],
						[
							-91.36695,
							39.76244
						],
						[
							-91.36687,
							39.76394
						],
						[
							-91.36665,
							39.76694
						],
						[
							-91.36606,
							39.77574
						],
						[
							-91.36586,
							39.77884
						],
						[
							-91.36575,
							39.78024
						],
						[
							-91.36566,
							39.78174
						],
						[
							-91.36556,
							39.78314
						],
						[
							-91.36546,
							39.78474
						],
						[
							-91.36526,
							39.78764
						],
						[
							-91.36526,
							39.78914
						],
						[
							-91.36507,
							39.79064
						],
						[
							-91.36696,
							39.79224
						],
						[
							-91.36676,
							39.79524
						],
						[
							-91.36856,
							39.79675
						],
						[
							-91.36845,
							39.79824
						],
						[
							-91.37026,
							39.79984
						],
						[
							-91.37016,
							39.80134
						],
						[
							-91.37206,
							39.80284
						],
						[
							-91.37386,
							39.80444
						],
						[
							-91.37566,
							39.80594
						],
						[
							-91.37746,
							39.80754
						],
						[
							-91.37736,
							39.80904
						],
						[
							-91.37926,
							39.81054
						],
						[
							-91.38286,
							39.81374
						],
						[
							-91.38477,
							39.81524
						],
						[
							-91.38657,
							39.81684
						],
						[
							-91.38846,
							39.81694
						],
						[
							-91.39037,
							39.81844
						],
						[
							-91.39217,
							39.82004
						],
						[
							-91.39397,
							39.82154
						],
						[
							-91.39586,
							39.82164
						],
						[
							-91.39957,
							39.82475
						],
						[
							-91.40137,
							39.82634
						],
						[
							-91.40337,
							39.82644
						],
						[
							-91.40517,
							39.82794
						],
						[
							-91.40706,
							39.82804
						],
						[
							-91.40886,
							39.82964
						],
						[
							-91.41077,
							39.83114
						],
						[
							-91.41257,
							39.83274
						],
						[
							-91.41446,
							39.83284
						],
						[
							-91.41637,
							39.83434
						],
						[
							-91.41826,
							39.83444
						],
						[
							-91.42197,
							39.83754
						],
						[
							-91.42557,
							39.84074
						],
						[
							-91.42926,
							39.84384
						],
						[
							-91.43106,
							39.84544
						],
						[
							-91.43295,
							39.84694
						],
						[
							-91.43475,
							39.84854
						],
						[
							-91.43655,
							39.85004
						],
						[
							-91.43646,
							39.85154
						],
						[
							-91.43826,
							39.85314
						],
						[
							-91.44016,
							39.85464
						],
						[
							-91.44376,
							39.85784
						],
						[
							-91.44556,
							39.85934
						],
						[
							-91.44556,
							39.86084
						],
						[
							-91.44736,
							39.86244
						],
						[
							-91.44727,
							39.86395
						],
						[
							-91.44907,
							39.86544
						],
						[
							-91.44887,
							39.86844
						],
						[
							-91.45076,
							39.86994
						],
						[
							-91.45065,
							39.87145
						],
						[
							-91.45245,
							39.87304
						],
						[
							-91.45236,
							39.87454
						],
						[
							-91.45416,
							39.87604
						],
						[
							-91.45406,
							39.87754
						],
						[
							-91.45406,
							39.87904
						],
						[
							-91.45396,
							39.88054
						],
						[
							-91.45576,
							39.88214
						],
						[
							-91.45566,
							39.88354
						],
						[
							-91.45746,
							39.88514
						],
						[
							-91.45737,
							39.88664
						],
						[
							-91.45706,
							39.89104
						],
						[
							-91.45506,
							39.89254
						],
						[
							-91.45106,
							39.89534
						],
						[
							-91.44896,
							39.89674
						],
						[
							-91.44496,
							39.89954
						],
						[
							-91.44486,
							39.90104
						],
						[
							-91.44276,
							39.90244
						],
						[
							-91.44266,
							39.90394
						],
						[
							-91.44066,
							39.90534
						],
						[
							-91.43877,
							39.90524
						],
						[
							-91.43677,
							39.90664
						],
						[
							-91.43466,
							39.90814
						],
						[
							-91.43266,
							39.90954
						],
						[
							-91.43246,
							39.91244
						],
						[
							-91.43047,
							39.91384
						],
						[
							-91.43027,
							39.91684
						],
						[
							-91.43005,
							39.91985
						],
						[
							-91.42956,
							39.92724
						],
						[
							-91.42946,
							39.92874
						],
						[
							-91.43137,
							39.93034
						],
						[
							-91.43126,
							39.93184
						],
						[
							-91.43306,
							39.93334
						],
						[
							-91.43295,
							39.93485
						],
						[
							-91.43475,
							39.93644
						],
						[
							-91.43677,
							39.93654
						],
						[
							-91.43855,
							39.93804
						],
						[
							-91.44035,
							39.93964
						],
						[
							-91.44226,
							39.94123
						],
						[
							-91.44415,
							39.94124
						],
						[
							-91.44595,
							39.94284
						],
						[
							-91.44586,
							39.94424
						],
						[
							-91.44775,
							39.94584
						],
						[
							-91.44766,
							39.94734
						],
						[
							-91.45136,
							39.95044
						],
						[
							-91.45116,
							39.95194
						],
						[
							-91.45306,
							39.95354
						],
						[
							-91.45287,
							39.95644
						],
						[
							-91.45467,
							39.95804
						],
						[
							-91.45447,
							39.96104
						],
						[
							-91.45636,
							39.96254
						],
						[
							-91.45816,
							39.96414
						],
						[
							-91.45805,
							39.96565
						],
						[
							-91.46176,
							39.96874
						],
						[
							-91.46165,
							39.97024
						],
						[
							-91.46345,
							39.97184
						],
						[
							-91.46526,
							39.97334
						],
						[
							-91.46516,
							39.97484
						],
						[
							-91.46706,
							39.97634
						],
						[
							-91.46677,
							39.98084
						],
						[
							-91.46655,
							39.98384
						],
						[
							-91.46646,
							39.98534
						],
						[
							-91.46616,
							39.98974
						],
						[
							-91.46567,
							39.99724
						],
						[
							-91.46545,
							40.00015
						],
						[
							-91.46516,
							40.00464
						],
						[
							-91.46706,
							40.00624
						],
						[
							-91.46666,
							40.01214
						],
						[
							-91.46846,
							40.01364
						],
						[
							-91.46835,
							40.01514
						],
						[
							-91.47015,
							40.01674
						],
						[
							-91.47015,
							40.01824
						],
						[
							-91.46986,
							40.02264
						],
						[
							-91.46936,
							40.03014
						],
						[
							-91.47116,
							40.03164
						],
						[
							-91.47105,
							40.03314
						],
						[
							-91.47105,
							40.03464
						],
						[
							-91.47086,
							40.03614
						],
						[
							-91.47086,
							40.03764
						],
						[
							-91.47076,
							40.03914
						],
						[
							-91.47046,
							40.04354
						],
						[
							-91.47026,
							40.04654
						],
						[
							-91.47206,
							40.04804
						],
						[
							-91.47386,
							40.04964
						],
						[
							-91.47375,
							40.05114
						],
						[
							-91.47375,
							40.05264
						],
						[
							-91.47555,
							40.05414
						],
						[
							-91.47736,
							40.05574
						],
						[
							-91.48106,
							40.05885
						],
						[
							-91.48286,
							40.06044
						],
						[
							-91.48476,
							40.06194
						],
						[
							-91.48467,
							40.06354
						],
						[
							-91.48456,
							40.06494
						],
						[
							-91.48636,
							40.06654
						],
						[
							-91.48827,
							40.06804
						],
						[
							-91.48807,
							40.07104
						],
						[
							-91.48785,
							40.07404
						],
						[
							-91.48965,
							40.07554
						],
						[
							-91.48937,
							40.08004
						],
						[
							-91.49126,
							40.08164
						],
						[
							-91.49086,
							40.08754
						],
						[
							-91.49266,
							40.08914
						],
						[
							-91.49455,
							40.09065
						],
						[
							-91.49446,
							40.09214
						],
						[
							-91.49236,
							40.09354
						],
						[
							-91.49046,
							40.09354
						],
						[
							-91.48846,
							40.09484
						],
						[
							-91.48836,
							40.09644
						],
						[
							-91.49016,
							40.09793
						],
						[
							-91.49206,
							40.09804
						],
						[
							-91.49206,
							40.09954
						],
						[
							-91.49387,
							40.10104
						],
						[
							-91.49567,
							40.10264
						],
						[
							-91.49756,
							40.10414
						],
						[
							-91.49936,
							40.10574
						],
						[
							-91.50127,
							40.10584
						],
						[
							-91.50316,
							40.10744
						],
						[
							-91.50307,
							40.10884
						],
						[
							-91.50487,
							40.11044
						],
						[
							-91.50465,
							40.11344
						],
						[
							-91.50436,
							40.11784
						],
						[
							-91.50436,
							40.11934
						],
						[
							-91.50417,
							40.12235
						],
						[
							-91.50406,
							40.12374
						],
						[
							-91.50397,
							40.12534
						],
						[
							-91.50375,
							40.12824
						],
						[
							-91.50366,
							40.12974
						],
						[
							-91.50336,
							40.13424
						],
						[
							-91.50516,
							40.13574
						],
						[
							-91.50507,
							40.13724
						],
						[
							-91.50507,
							40.13874
						],
						[
							-91.50487,
							40.14024
						],
						[
							-91.50487,
							40.14174
						],
						[
							-91.50476,
							40.14314
						],
						[
							-91.50656,
							40.14475
						],
						[
							-91.50616,
							40.15074
						],
						[
							-91.50417,
							40.15214
						],
						[
							-91.50397,
							40.15505
						],
						[
							-91.50195,
							40.15654
						],
						[
							-91.49986,
							40.15794
						],
						[
							-91.49976,
							40.15934
						],
						[
							-91.49776,
							40.16084
						],
						[
							-91.49956,
							40.16234
						],
						[
							-91.49756,
							40.16374
						],
						[
							-91.49736,
							40.16674
						],
						[
							-91.49536,
							40.16814
						],
						[
							-91.49506,
							40.17265
						],
						[
							-91.49297,
							40.17404
						],
						[
							-91.49297,
							40.17554
						],
						[
							-91.49277,
							40.17694
						],
						[
							-91.49277,
							40.17844
						],
						[
							-91.49455,
							40.18003
						],
						[
							-91.49255,
							40.18144
						],
						[
							-91.49216,
							40.18744
						],
						[
							-91.49206,
							40.18894
						],
						[
							-91.49165,
							40.19484
						],
						[
							-91.49345,
							40.19644
						],
						[
							-91.49545,
							40.19644
						],
						[
							-91.49747,
							40.19504
						],
						[
							-91.49947,
							40.19514
						],
						[
							-91.49927,
							40.19814
						],
						[
							-91.50105,
							40.19964
						],
						[
							-91.50085,
							40.20264
						],
						[
							-91.49896,
							40.20255
						],
						[
							-91.49905,
							40.20104
						],
						[
							-91.49716,
							40.19954
						],
						[
							-91.49516,
							40.20094
						],
						[
							-91.49496,
							40.20394
						],
						[
							-91.49486,
							40.20535
						],
						[
							-91.49286,
							40.20684
						],
						[
							-91.49255,
							40.21124
						],
						[
							-91.49056,
							40.21263
						],
						[
							-91.49046,
							40.21414
						],
						[
							-91.49007,
							40.22013
						],
						[
							-91.48985,
							40.22304
						],
						[
							-91.48956,
							40.22754
						],
						[
							-91.48946,
							40.22904
						],
						[
							-91.48746,
							40.23043
						],
						[
							-91.48737,
							40.23194
						],
						[
							-91.48526,
							40.23334
						],
						[
							-91.48717,
							40.23494
						],
						[
							-91.48695,
							40.23784
						],
						[
							-91.48676,
							40.24085
						],
						[
							-91.48467,
							40.24224
						],
						[
							-91.48467,
							40.24374
						],
						[
							-91.48447,
							40.24674
						],
						[
							-91.48425,
							40.24964
						],
						[
							-91.48396,
							40.25414
						],
						[
							-91.48196,
							40.25554
						],
						[
							-91.48177,
							40.25854
						],
						[
							-91.48157,
							40.25994
						],
						[
							-91.48135,
							40.26294
						],
						[
							-91.48326,
							40.26454
						],
						[
							-91.48286,
							40.27044
						],
						[
							-91.48476,
							40.27054
						],
						[
							-91.48666,
							40.27214
						],
						[
							-91.48656,
							40.27354
						],
						[
							-91.48627,
							40.27804
						],
						[
							-91.48616,
							40.27954
						],
						[
							-91.48807,
							40.28104
						],
						[
							-91.49165,
							40.28424
						],
						[
							-91.49146,
							40.28724
						],
						[
							-91.49146,
							40.28874
						],
						[
							-91.49126,
							40.29013
						],
						[
							-91.48926,
							40.29154
						],
						[
							-91.48917,
							40.29304
						],
						[
							-91.48895,
							40.29604
						],
						[
							-91.48695,
							40.29744
						],
						[
							-91.48676,
							40.30045
						],
						[
							-91.48476,
							40.30184
						],
						[
							-91.48467,
							40.30335
						],
						[
							-91.48256,
							40.30474
						],
						[
							-91.48236,
							40.30774
						],
						[
							-91.48425,
							40.30924
						],
						[
							-91.48405,
							40.31224
						],
						[
							-91.48196,
							40.31364
						],
						[
							-91.48016,
							40.31204
						],
						[
							-91.48025,
							40.31063
						],
						[
							-91.47826,
							40.31054
						],
						[
							-91.47626,
							40.31194
						],
						[
							-91.47606,
							40.31494
						],
						[
							-91.47406,
							40.31634
						],
						[
							-91.47395,
							40.31784
						],
						[
							-91.47575,
							40.31934
						],
						[
							-91.47786,
							40.31794
						],
						[
							-91.47986,
							40.31654
						],
						[
							-91.48177,
							40.31814
						],
						[
							-91.48157,
							40.32104
						],
						[
							-91.47946,
							40.32244
						],
						[
							-91.47935,
							40.32394
						],
						[
							-91.47736,
							40.32534
						],
						[
							-91.47916,
							40.32694
						],
						[
							-91.47907,
							40.32844
						],
						[
							-91.47707,
							40.32984
						],
						[
							-91.47687,
							40.33284
						],
						[
							-91.47676,
							40.33424
						],
						[
							-91.47476,
							40.33573
						],
						[
							-91.47465,
							40.33724
						],
						[
							-91.47257,
							40.33863
						],
						[
							-91.47257,
							40.34004
						],
						[
							-91.47046,
							40.34155
						],
						[
							-91.47026,
							40.34444
						],
						[
							-91.46826,
							40.34584
						],
						[
							-91.46815,
							40.34734
						],
						[
							-91.46606,
							40.34874
						],
						[
							-91.46407,
							40.35014
						],
						[
							-91.46207,
							40.35164
						],
						[
							-91.46007,
							40.35154
						],
						[
							-91.45805,
							40.35294
						],
						[
							-91.45596,
							40.35434
						],
						[
							-91.45396,
							40.35574
						],
						[
							-91.45386,
							40.35724
						],
						[
							-91.45186,
							40.35864
						],
						[
							-91.45166,
							40.36164
						],
						[
							-91.44955,
							40.36304
						],
						[
							-91.44756,
							40.36444
						],
						[
							-91.44546,
							40.36584
						],
						[
							-91.44356,
							40.36574
						],
						[
							-91.44156,
							40.36724
						],
						[
							-91.43945,
							40.36864
						],
						[
							-91.43936,
							40.37014
						],
						[
							-91.43736,
							40.37154
						],
						[
							-91.43526,
							40.37294
						],
						[
							-91.43336,
							40.37284
						],
						[
							-91.43137,
							40.37424
						]
					],
					[
						[
							-90.12482,
							38.79865
						],
						[
							-90.12471,
							38.80014
						],
						[
							-90.12451,
							38.80164
						],
						[
							-90.12251,
							38.80294
						],
						[
							-90.12231,
							38.80594
						],
						[
							-90.12212,
							38.80744
						],
						[
							-90.12172,
							38.81334
						],
						[
							-90.12152,
							38.81484
						],
						[
							-90.12131,
							38.81784
						],
						[
							-90.12122,
							38.81934
						],
						[
							-90.12102,
							38.82084
						],
						[
							-90.11902,
							38.82215
						],
						[
							-90.11882,
							38.82514
						],
						[
							-90.11862,
							38.82664
						],
						[
							-90.11661,
							38.82804
						],
						[
							-90.11641,
							38.83104
						],
						[
							-90.11821,
							38.83264
						],
						[
							-90.11801,
							38.83414
						],
						[
							-90.11792,
							38.83554
						],
						[
							-90.11972,
							38.83714
						],
						[
							-90.11951,
							38.83864
						],
						[
							-90.11942,
							38.84014
						],
						[
							-90.12122,
							38.84174
						],
						[
							-90.12302,
							38.84324
						],
						[
							-90.12482,
							38.84484
						],
						[
							-90.12651,
							38.84645
						],
						[
							-90.12831,
							38.84804
						],
						[
							-90.13402,
							38.84834
						]
					],
					[
						[
							-89.34516,
							29.27522
						],
						[
							-89.34826,
							29.27832
						],
						[
							-89.34975,
							29.27992
						],
						[
							-89.35136,
							29.28152
						],
						[
							-89.35116,
							29.28292
						],
						[
							-89.35276,
							29.28452
						],
						[
							-89.35265,
							29.28602
						],
						[
							-89.35416,
							29.28752
						],
						[
							-89.35406,
							29.28902
						],
						[
							-89.35557,
							29.29062
						],
						[
							-89.35546,
							29.29202
						],
						[
							-89.35696,
							29.29362
						],
						[
							-89.36016,
							29.29682
						],
						[
							-89.36005,
							29.29832
						],
						[
							-89.35986,
							29.29972
						],
						[
							-89.35976,
							29.30122
						],
						[
							-89.36137,
							29.30272
						],
						[
							-89.36286,
							29.30432
						],
						[
							-89.36455,
							29.30442
						],
						[
							-89.36607,
							29.30602
						],
						[
							-89.37077,
							29.31072
						],
						[
							-89.37066,
							29.31222
						],
						[
							-89.37376,
							29.31532
						],
						[
							-89.37356,
							29.31682
						],
						[
							-89.37347,
							29.31832
						],
						[
							-89.37505,
							29.31982
						],
						[
							-89.37666,
							29.31992
						],
						[
							-89.37826,
							29.32152
						],
						[
							-89.37997,
							29.32162
						],
						[
							-89.37977,
							29.32312
						],
						[
							-89.38135,
							29.32472
						],
						[
							-89.38447,
							29.32782
						],
						[
							-89.38436,
							29.32932
						],
						[
							-89.38746,
							29.33242
						],
						[
							-89.38726,
							29.33392
						],
						[
							-89.38886,
							29.33551
						],
						[
							-89.39056,
							29.33562
						],
						[
							-89.39207,
							29.33712
						],
						[
							-89.39376,
							29.33722
						],
						[
							-89.39526,
							29.33881
						],
						[
							-89.40156,
							29.34512
						],
						[
							-89.40307,
							29.34671
						],
						[
							-89.40466,
							29.34822
						],
						[
							-89.40617,
							29.34981
						],
						[
							-89.40777,
							29.35141
						],
						[
							-89.40926,
							29.35302
						],
						[
							-89.41267,
							29.35321
						],
						[
							-89.41416,
							29.35482
						],
						[
							-89.41585,
							29.35492
						],
						[
							-89.41737,
							29.35641
						],
						[
							-89.41906,
							29.35651
						],
						[
							-89.42066,
							29.35812
						],
						[
							-89.42226,
							29.35822
						],
						[
							-89.42387,
							29.35981
						],
						[
							-89.42716,
							29.36002
						],
						[
							-89.43057,
							29.36021
						],
						[
							-89.43217,
							29.36182
						],
						[
							-89.43546,
							29.36201
						],
						[
							-89.43696,
							29.36362
						],
						[
							-89.43867,
							29.36372
						],
						[
							-89.44025,
							29.36521
						],
						[
							-89.44186,
							29.36541
						],
						[
							-89.44357,
							29.36552
						],
						[
							-89.44517,
							29.36702
						],
						[
							-89.44846,
							29.36721
						],
						[
							-89.45026,
							29.36592
						],
						[
							-89.45196,
							29.36602
						],
						[
							-89.45376,
							29.36462
						],
						[
							-89.45547,
							29.36472
						],
						[
							-89.45727,
							29.36341
						],
						[
							-89.45885,
							29.36351
						],
						[
							-89.46066,
							29.36211
						],
						[
							-89.46246,
							29.36082
						],
						[
							-89.46426,
							29.35942
						],
						[
							-89.46436,
							29.35792
						],
						[
							-89.46617,
							29.35662
						],
						[
							-89.46626,
							29.35511
						],
						[
							-89.46646,
							29.35362
						],
						[
							-89.46825,
							29.35232
						],
						[
							-89.46837,
							29.35082
						],
						[
							-89.47017,
							29.34952
						],
						[
							-89.47186,
							29.34811
						],
						[
							-89.47376,
							29.34672
						],
						[
							-89.47706,
							29.34692
						],
						[
							-89.48046,
							29.34712
						],
						[
							-89.48207,
							29.34732
						],
						[
							-89.48376,
							29.34742
						],
						[
							-89.48536,
							29.34892
						],
						[
							-89.48866,
							29.34912
						],
						[
							-89.49026,
							29.35072
						],
						[
							-89.49357,
							29.35091
						],
						[
							-89.49516,
							29.35252
						],
						[
							-89.49676,
							29.35262
						],
						[
							-89.49837,
							29.35422
						],
						[
							-89.50166,
							29.35442
						],
						[
							-89.50326,
							29.35591
						],
						[
							-89.50478,
							29.35752
						],
						[
							-89.50647,
							29.35762
						],
						[
							-89.50807,
							29.35921
						],
						[
							-89.50957,
							29.36082
						],
						[
							-89.51137,
							29.35942
						],
						[
							-89.51297,
							29.36102
						],
						[
							-89.51466,
							29.36112
						],
						[
							-89.51617,
							29.36261
						],
						[
							-89.51787,
							29.36282
						],
						[
							-89.51936,
							29.36432
						],
						[
							-89.52107,
							29.36441
						],
						[
							-89.52268,
							29.36602
						],
						[
							-89.52426,
							29.36612
						],
						[
							-89.52586,
							29.36771
						],
						[
							-89.52917,
							29.36792
						],
						[
							-89.53097,
							29.36652
						],
						[
							-89.53267,
							29.36662
						],
						[
							-89.53427,
							29.36822
						],
						[
							-89.53928,
							29.36852
						],
						[
							-89.54077,
							29.37012
						],
						[
							-89.54417,
							29.37032
						],
						[
							-89.54567,
							29.37192
						],
						[
							-89.54907,
							29.37212
						],
						[
							-89.55057,
							29.37372
						],
						[
							-89.55237,
							29.37232
						],
						[
							-89.55397,
							29.37392
						],
						[
							-89.55566,
							29.37392
						],
						[
							-89.55727,
							29.37411
						],
						[
							-89.55887,
							29.37561
						],
						[
							-89.56056,
							29.37572
						],
						[
							-89.56207,
							29.37732
						],
						[
							-89.56377,
							29.37742
						],
						[
							-89.56537,
							29.37902
						],
						[
							-89.56686,
							29.38062
						],
						[
							-89.56996,
							29.38372
						],
						[
							-89.57336,
							29.38392
						],
						[
							-89.57488,
							29.38552
						],
						[
							-89.57657,
							29.38562
						],
						[
							-89.57967,
							29.38871
						],
						[
							-89.58137,
							29.38882
						],
						[
							-89.58287,
							29.39042
						],
						[
							-89.58447,
							29.39202
						],
						[
							-89.58607,
							29.39352
						],
						[
							-89.58757,
							29.39512
						],
						[
							-89.58917,
							29.39672
						],
						[
							-89.59067,
							29.39832
						],
						[
							-89.59227,
							29.39982
						],
						[
							-89.59387,
							29.40142
						],
						[
							-89.59537,
							29.40301
						],
						[
							-89.59686,
							29.40451
						],
						[
							-89.59677,
							29.40602
						],
						[
							-89.59837,
							29.40762
						],
						[
							-89.59817,
							29.41052
						],
						[
							-89.59967,
							29.41212
						],
						[
							-89.60127,
							29.41371
						],
						[
							-89.60117,
							29.41521
						],
						[
							-89.60097,
							29.41662
						],
						[
							-89.60088,
							29.41811
						],
						[
							-89.60246,
							29.41962
						],
						[
							-89.60226,
							29.42112
						],
						[
							-89.60217,
							29.42262
						],
						[
							-89.60207,
							29.42402
						],
						[
							-89.60027,
							29.42542
						],
						[
							-89.60187,
							29.42691
						],
						[
							-89.60167,
							29.42992
						],
						[
							-89.60147,
							29.43142
						],
						[
							-89.60136,
							29.43282
						],
						[
							-89.60107,
							29.43732
						],
						[
							-89.60257,
							29.43881
						],
						[
							-89.60237,
							29.44171
						],
						[
							-89.60387,
							29.44332
						],
						[
							-89.60377,
							29.44472
						],
						[
							-89.60536,
							29.44641
						],
						[
							-89.60527,
							29.44781
						],
						[
							-89.60677,
							29.44941
						],
						[
							-89.60837,
							29.45092
						],
						[
							-89.60986,
							29.45251
						],
						[
							-89.61146,
							29.45412
						],
						[
							-89.61317,
							29.45421
						],
						[
							-89.61498,
							29.45282
						],
						[
							-89.61656,
							29.45292
						],
						[
							-89.61816,
							29.45452
						],
						[
							-89.62657,
							29.45501
						],
						[
							-89.62807,
							29.45661
						],
						[
							-89.63316,
							29.45692
						],
						[
							-89.63496,
							29.45552
						],
						[
							-89.63827,
							29.45571
						],
						[
							-89.63986,
							29.45732
						],
						[
							-89.64146,
							29.45742
						],
						[
							-89.64658,
							29.45771
						],
						[
							-89.64807,
							29.45932
						],
						[
							-89.65317,
							29.45961
						],
						[
							-89.65466,
							29.46122
						],
						[
							-89.65637,
							29.46121
						],
						[
							-89.65807,
							29.46141
						],
						[
							-89.65956,
							29.46292
						],
						[
							-89.66127,
							29.46302
						],
						[
							-89.66296,
							29.46322
						],
						[
							-89.66447,
							29.46482
						],
						[
							-89.66617,
							29.46482
						],
						[
							-89.66777,
							29.46642
						],
						[
							-89.66937,
							29.46791
						],
						[
							-89.67097,
							29.46812
						],
						[
							-89.67256,
							29.46962
						],
						[
							-89.67428,
							29.46981
						],
						[
							-89.67737,
							29.47292
						],
						[
							-89.67886,
							29.47451
						],
						[
							-89.68047,
							29.47602
						],
						[
							-89.68196,
							29.47761
						],
						[
							-89.68357,
							29.47912
						],
						[
							-89.68516,
							29.48072
						],
						[
							-89.68668,
							29.48231
						],
						[
							-89.68827,
							29.48381
						],
						[
							-89.68978,
							29.48541
						],
						[
							-89.69297,
							29.48861
						],
						[
							-89.69608,
							29.49171
						],
						[
							-89.69766,
							29.49331
						],
						[
							-89.69917,
							29.49491
						],
						[
							-89.70078,
							29.49641
						],
						[
							-89.70067,
							29.49791
						],
						[
							-89.70217,
							29.49951
						],
						[
							-89.70377,
							29.50101
						],
						[
							-89.70368,
							29.50251
						],
						[
							-89.70517,
							29.50411
						],
						[
							-89.70507,
							29.50551
						],
						[
							-89.70678,
							29.50561
						],
						[
							-89.70828,
							29.50721
						],
						[
							-89.70988,
							29.50871
						],
						[
							-89.71148,
							29.51031
						],
						[
							-89.71298,
							29.51191
						],
						[
							-89.71458,
							29.51351
						],
						[
							-89.71447,
							29.51491
						],
						[
							-89.71598,
							29.51651
						],
						[
							-89.71767,
							29.51662
						],
						[
							-89.71928,
							29.51821
						],
						[
							-89.72237,
							29.52132
						],
						[
							-89.72398,
							29.52281
						],
						[
							-89.72547,
							29.52452
						],
						[
							-89.72718,
							29.52452
						],
						[
							-89.72878,
							29.52611
						],
						[
							-89.73028,
							29.52771
						],
						[
							-89.73188,
							29.52931
						],
						[
							-89.73357,
							29.52941
						],
						[
							-89.73507,
							29.53091
						],
						[
							-89.73678,
							29.53102
						],
						[
							-89.73858,
							29.52971
						],
						[
							-89.74018,
							29.53121
						],
						[
							-89.74517,
							29.53151
						],
						[
							-89.74668,
							29.53311
						],
						[
							-89.74837,
							29.53321
						],
						[
							-89.74998,
							29.53481
						],
						[
							-89.75167,
							29.53491
						],
						[
							-89.75478,
							29.53802
						],
						[
							-89.75637,
							29.53961
						],
						[
							-89.75968,
							29.53981
						],
						[
							-89.76128,
							29.54132
						],
						[
							-89.76287,
							29.54291
						],
						[
							-89.76438,
							29.54451
						],
						[
							-89.76598,
							29.54602
						],
						[
							-89.76748,
							29.54761
						],
						[
							-89.77068,
							29.55081
						],
						[
							-89.77047,
							29.55221
						],
						[
							-89.77367,
							29.55541
						],
						[
							-89.77517,
							29.55701
						],
						[
							-89.77508,
							29.55841
						],
						[
							-89.77677,
							29.55851
						],
						[
							-89.77837,
							29.56011
						],
						[
							-89.77998,
							29.56021
						],
						[
							-89.78158,
							29.56181
						],
						[
							-89.78318,
							29.56331
						],
						[
							-89.78468,
							29.56491
						],
						[
							-89.78628,
							29.56651
						],
						[
							-89.78788,
							29.56801
						],
						[
							-89.78938,
							29.56961
						],
						[
							-89.79098,
							29.57111
						],
						[
							-89.79247,
							29.57271
						],
						[
							-89.79408,
							29.57431
						],
						[
							-89.79577,
							29.57441
						],
						[
							-89.79737,
							29.57601
						],
						[
							-89.79897,
							29.57611
						],
						[
							-89.80057,
							29.57761
						],
						[
							-89.80227,
							29.57771
						],
						[
							-89.80378,
							29.57931
						],
						[
							-89.80547,
							29.57941
						],
						[
							-89.80708,
							29.58101
						],
						[
							-89.80877,
							29.58111
						],
						[
							-89.81188,
							29.58421
						],
						[
							-89.81347,
							29.58581
						],
						[
							-89.81658,
							29.58891
						],
						[
							-89.81827,
							29.58901
						],
						[
							-89.81977,
							29.59051
						],
						[
							-89.82148,
							29.59071
						],
						[
							-89.82308,
							29.59221
						],
						[
							-89.82467,
							29.59231
						],
						[
							-89.82938,
							29.59701
						],
						[
							-89.83108,
							29.59711
						],
						[
							-89.83268,
							29.59871
						],
						[
							-89.83437,
							29.59881
						],
						[
							-89.83587,
							29.60041
						],
						[
							-89.83758,
							29.60051
						],
						[
							-89.83918,
							29.60201
						],
						[
							-89.84417,
							29.60231
						],
						[
							-89.84577,
							29.60391
						],
						[
							-89.85247,
							29.60431
						],
						[
							-89.85407,
							29.60591
						],
						[
							-89.85738,
							29.60611
						],
						[
							-89.86248,
							29.60641
						],
						[
							-89.86578,
							29.60661
						],
						[
							-89.86918,
							29.60681
						],
						[
							-89.87078,
							29.60831
						],
						[
							-89.87238,
							29.60841
						],
						[
							-89.87397,
							29.61001
						],
						[
							-89.87568,
							29.61011
						],
						[
							-89.87717,
							29.61171
						],
						[
							-89.87908,
							29.61031
						],
						[
							-89.88407,
							29.61061
						],
						[
							-89.88558,
							29.61221
						],
						[
							-89.88717,
							29.61371
						],
						[
							-89.89037,
							29.61691
						],
						[
							-89.89198,
							29.61701
						],
						[
							-89.89358,
							29.61851
						],
						[
							-89.89527,
							29.61861
						],
						[
							-89.89678,
							29.62021
						],
						[
							-89.89848,
							29.62031
						],
						[
							-89.90008,
							29.62191
						],
						[
							-89.90177,
							29.62201
						],
						[
							-89.90348,
							29.62201
						],
						[
							-89.90498,
							29.62361
						],
						[
							-89.90658,
							29.62521
						],
						[
							-89.90827,
							29.62521
						],
						[
							-89.90978,
							29.62681
						],
						[
							-89.91297,
							29.63001
						],
						[
							-89.91448,
							29.63161
						],
						[
							-89.91607,
							29.63311
						],
						[
							-89.91767,
							29.63471
						],
						[
							-89.91918,
							29.63631
						],
						[
							-89.92088,
							29.63631
						],
						[
							-89.92597,
							29.63661
						],
						[
							-89.92748,
							29.63821
						],
						[
							-89.92918,
							29.63831
						],
						[
							-89.93078,
							29.63981
						],
						[
							-89.93227,
							29.64141
						],
						[
							-89.93398,
							29.64151
						],
						[
							-89.93557,
							29.64311
						],
						[
							-89.93728,
							29.64321
						],
						[
							-89.93877,
							29.64471
						],
						[
							-89.94048,
							29.64491
						],
						[
							-89.94218,
							29.64501
						],
						[
							-89.94378,
							29.64651
						],
						[
							-89.94547,
							29.64521
						],
						[
							-89.94718,
							29.64531
						],
						[
							-89.94878,
							29.64681
						],
						[
							-89.95037,
							29.64841
						],
						[
							-89.95028,
							29.64991
						],
						[
							-89.95188,
							29.65141
						],
						[
							-89.95338,
							29.65301
						],
						[
							-89.95307,
							29.65741
						],
						[
							-89.95298,
							29.65891
						],
						[
							-89.95608,
							29.66201
						],
						[
							-89.95577,
							29.66641
						],
						[
							-89.95568,
							29.66791
						],
						[
							-89.95548,
							29.66931
						],
						[
							-89.95527,
							29.67231
						],
						[
							-89.95687,
							29.67391
						],
						[
							-89.95667,
							29.67681
						],
						[
							-89.95818,
							29.67831
						],
						[
							-89.95977,
							29.67991
						],
						[
							-89.95968,
							29.68141
						],
						[
							-89.96128,
							29.68301
						],
						[
							-89.96108,
							29.68441
						],
						[
							-89.96267,
							29.68601
						],
						[
							-89.96258,
							29.68751
						],
						[
							-89.96418,
							29.68901
						],
						[
							-89.96398,
							29.69051
						],
						[
							-89.96558,
							29.69211
						],
						[
							-89.96717,
							29.69361
						],
						[
							-89.96877,
							29.69521
						],
						[
							-89.97028,
							29.69681
						],
						[
							-89.97018,
							29.69821
						],
						[
							-89.97178,
							29.69981
						],
						[
							-89.97167,
							29.70131
						],
						[
							-89.97318,
							29.70281
						],
						[
							-89.97308,
							29.70431
						],
						[
							-89.97468,
							29.70591
						],
						[
							-89.97457,
							29.70731
						],
						[
							-89.97448,
							29.70881
						],
						[
							-89.97608,
							29.71031
						],
						[
							-89.97758,
							29.71191
						],
						[
							-89.97918,
							29.71351
						],
						[
							-89.97907,
							29.71491
						],
						[
							-89.98068,
							29.71651
						],
						[
							-89.98048,
							29.71801
						],
						[
							-89.98208,
							29.71951
						],
						[
							-89.98197,
							29.72101
						],
						[
							-89.98357,
							29.72261
						],
						[
							-89.98338,
							29.72551
						],
						[
							-89.98498,
							29.72561
						],
						[
							-89.98658,
							29.72721
						],
						[
							-89.98647,
							29.72861
						],
						[
							-89.98807,
							29.73021
						],
						[
							-89.98977,
							29.73031
						],
						[
							-89.99128,
							29.73191
						],
						[
							-89.99288,
							29.73351
						],
						[
							-89.99447,
							29.73501
						],
						[
							-89.99598,
							29.73661
						],
						[
							-89.99758,
							29.73821
						],
						[
							-89.99918,
							29.73971
						],
						[
							-90.00068,
							29.74131
						],
						[
							-90.00228,
							29.74281
						],
						[
							-90.00547,
							29.746
						],
						[
							-90.00707,
							29.74601
						],
						[
							-90.01188,
							29.75081
						],
						[
							-90.01168,
							29.75221
						],
						[
							-90.01328,
							29.7538
						],
						[
							-90.01318,
							29.75531
						],
						[
							-90.01478,
							29.75681
						],
						[
							-90.01467,
							29.75831
						],
						[
							-90.01618,
							29.75991
						],
						[
							-90.01608,
							29.76131
						],
						[
							-90.01598,
							29.76281
						],
						[
							-90.01577,
							29.76581
						],
						[
							-90.01737,
							29.76731
						],
						[
							-90.01728,
							29.76881
						],
						[
							-90.01708,
							29.77021
						],
						[
							-90.01708,
							29.77171
						],
						[
							-90.01688,
							29.77321
						],
						[
							-90.01508,
							29.77461
						],
						[
							-90.01498,
							29.77601
						],
						[
							-90.01318,
							29.77741
						],
						[
							-90.01298,
							29.78031
						],
						[
							-90.01118,
							29.78171
						],
						[
							-90.00948,
							29.78161
						],
						[
							-90.00907,
							29.7875
						],
						[
							-90.00727,
							29.7889
						],
						[
							-90.00718,
							29.7903
						],
						[
							-90.00538,
							29.7917
						],
						[
							-90.00527,
							29.79321
						],
						[
							-90.00347,
							29.7945
						],
						[
							-89.99987,
							29.7973
						],
						[
							-89.99967,
							29.80021
						],
						[
							-89.99787,
							29.80161
						],
						[
							-89.99938,
							29.80311
						],
						[
							-89.99918,
							29.8061
						],
						[
							-89.99738,
							29.8075
						],
						[
							-89.99717,
							29.81041
						],
						[
							-89.99708,
							29.8119
						],
						[
							-89.99697,
							29.8133
						],
						[
							-89.99688,
							29.81481
						],
						[
							-89.99497,
							29.8162
						],
						[
							-89.99497,
							29.81771
						],
						[
							-89.99317,
							29.81901
						],
						[
							-89.99468,
							29.8206
						],
						[
							-89.99458,
							29.82211
						],
						[
							-89.99277,
							29.8234
						],
						[
							-89.99268,
							29.82491
						],
						[
							-89.99088,
							29.82631
						],
						[
							-89.99078,
							29.82781
						],
						[
							-89.98898,
							29.82911
						],
						[
							-89.98887,
							29.83061
						],
						[
							-89.98708,
							29.832
						],
						[
							-89.98528,
							29.8333
						],
						[
							-89.98348,
							29.83471
						],
						[
							-89.98338,
							29.83621
						],
						[
							-89.98158,
							29.83751
						],
						[
							-89.98138,
							29.8405
						],
						[
							-89.97958,
							29.84181
						],
						[
							-89.97947,
							29.8433
						],
						[
							-89.97767,
							29.8447
						],
						[
							-89.97747,
							29.8461
						],
						[
							-89.97578,
							29.8475
						],
						[
							-89.97558,
							29.849
						],
						[
							-89.97387,
							29.8504
						],
						[
							-89.97367,
							29.85191
						],
						[
							-89.97198,
							29.8532
						],
						[
							-89.97178,
							29.85471
						],
						[
							-89.97167,
							29.85611
						],
						[
							-89.97158,
							29.8576
						],
						[
							-89.97128,
							29.862
						],
						[
							-89.96948,
							29.8634
						],
						[
							-89.96938,
							29.8649
						],
						[
							-89.96928,
							29.8663
						],
						[
							-89.96908,
							29.86781
						],
						[
							-89.96888,
							29.8707
						],
						[
							-89.96708,
							29.87211
						],
						[
							-89.96697,
							29.8736
						],
						[
							-89.96858,
							29.8751
						],
						[
							-89.96677,
							29.8765
						],
						[
							-89.96668,
							29.87801
						],
						[
							-89.96497,
							29.8779
						],
						[
							-89.96317,
							29.8792
						],
						[
							-89.96148,
							29.8792
						],
						[
							-89.95988,
							29.8776
						],
						[
							-89.95658,
							29.8774
						],
						[
							-89.95498,
							29.8758
						],
						[
							-89.95327,
							29.8757
						],
						[
							-89.95168,
							29.8741
						],
						[
							-89.94997,
							29.8741
						],
						[
							-89.94848,
							29.87251
						],
						[
							-89.94668,
							29.8739
						],
						[
							-89.94347,
							29.8707
						],
						[
							-89.94007,
							29.8705
						],
						[
							-89.93847,
							29.8705
						],
						[
							-89.93688,
							29.8689
						],
						[
							-89.93517,
							29.8688
						],
						[
							-89.93357,
							29.86731
						],
						[
							-89.93197,
							29.8671
						],
						[
							-89.93038,
							29.8656
						],
						[
							-89.92867,
							29.8654
						],
						[
							-89.92188,
							29.86501
						],
						[
							-89.92028,
							29.8649
						],
						[
							-89.91857,
							29.8649
						],
						[
							-89.91697,
							29.8633
						],
						[
							-89.91367,
							29.86311
						],
						[
							-89.91178,
							29.86451
						],
						[
							-89.91007,
							29.8644
						],
						[
							-89.90658,
							29.8671
						],
						[
							-89.90478,
							29.8684
						],
						[
							-89.90298,
							29.8699
						],
						[
							-89.90118,
							29.8712
						],
						[
							-89.90098,
							29.8727
						],
						[
							-89.90087,
							29.8741
						],
						[
							-89.90058,
							29.8786
						],
						[
							-89.90038,
							29.8815
						],
						[
							-89.90017,
							29.8844
						],
						[
							-89.89997,
							29.8859
						],
						[
							-89.89988,
							29.88741
						],
						[
							-89.89977,
							29.8888
						],
						[
							-89.89968,
							29.8903
						],
						[
							-89.90128,
							29.8919
						],
						[
							-89.90278,
							29.8935
						],
						[
							-89.90267,
							29.8949
						],
						[
							-89.90427,
							29.8965
						],
						[
							-89.90418,
							29.8979
						],
						[
							-89.90568,
							29.8995
						],
						[
							-89.90728,
							29.9011
						],
						[
							-89.90717,
							29.9026
						],
						[
							-89.90878,
							29.9041
						],
						[
							-89.91038,
							29.9057
						],
						[
							-89.91018,
							29.9072
						],
						[
							-89.91178,
							29.9087
						],
						[
							-89.91338,
							29.9103
						],
						[
							-89.91328,
							29.9118
						],
						[
							-89.91477,
							29.9133
						],
						[
							-89.91468,
							29.9148
						],
						[
							-89.91787,
							29.918
						],
						[
							-89.91947,
							29.9195
						],
						[
							-89.92118,
							29.9196
						],
						[
							-89.92268,
							29.9212
						],
						[
							-89.92428,
							29.9227
						],
						[
							-89.92768,
							29.9229
						],
						[
							-89.92928,
							29.9231
						],
						[
							-89.93098,
							29.9232
						],
						[
							-89.93267,
							29.9232
						],
						[
							-89.94117,
							29.9237
						],
						[
							-89.94277,
							29.9238
						],
						[
							-89.95298,
							29.9244
						],
						[
							-89.95797,
							29.9247
						],
						[
							-89.96478,
							29.9251
						],
						[
							-89.96807,
							29.9253
						],
						[
							-89.97147,
							29.9255
						],
						[
							-89.97308,
							29.927
						],
						[
							-89.97468,
							29.9287
						],
						[
							-89.97628,
							29.9287
						],
						[
							-89.97788,
							29.9303
						],
						[
							-89.97958,
							29.9304
						],
						[
							-89.98118,
							29.9319
						],
						[
							-89.98287,
							29.9321
						],
						[
							-89.98438,
							29.9336
						],
						[
							-89.98757,
							29.9368
						],
						[
							-89.98928,
							29.9368
						],
						[
							-89.99097,
							29.937
						],
						[
							-89.99407,
							29.9401
						],
						[
							-89.99578,
							29.9402
						],
						[
							-89.99738,
							29.9417
						],
						[
							-89.99897,
							29.9433
						],
						[
							-90.00057,
							29.9434
						],
						[
							-90.00217,
							29.945
						],
						[
							-90.00378,
							29.9465
						],
						[
							-90.00547,
							29.9466
						],
						[
							-90.00707,
							29.9482
						],
						[
							-90.00858,
							29.9498
						],
						[
							-90.01028,
							29.9498
						],
						[
							-90.01197,
							29.9499
						],
						[
							-90.01667,
							29.9546
						],
						[
							-90.01838,
							29.9548
						],
						[
							-90.01998,
							29.9563
						],
						[
							-90.02158,
							29.9579
						],
						[
							-90.02497,
							29.9581
						],
						[
							-90.02648,
							29.9596
						],
						[
							-90.02818,
							29.9598
						],
						[
							-90.02987,
							29.9598
						],
						[
							-90.03498,
							29.9601
						],
						[
							-90.03658,
							29.9602
						],
						[
							-90.03817,
							29.9618
						],
						[
							-90.04667,
							29.9623
						],
						[
							-90.04998,
							29.9625
						],
						[
							-90.05178,
							29.9611
						],
						[
							-90.05359,
							29.9598
						],
						[
							-90.05528,
							29.9598
						],
						[
							-90.05708,
							29.9585
						],
						[
							-90.05718,
							29.957
						],
						[
							-90.05899,
							29.9556
						],
						[
							-90.05918,
							29.9541
						],
						[
							-90.05918,
							29.9526
						],
						[
							-90.05938,
							29.9512
						],
						[
							-90.05947,
							29.9497
						],
						[
							-90.05978,
							29.9453
						],
						[
							-90.05817,
							29.9438
						],
						[
							-90.05828,
							29.9423
						],
						[
							-90.05677,
							29.9407
						],
						[
							-90.05697,
							29.9378
						],
						[
							-90.05718,
							29.9349
						],
						[
							-90.05898,
							29.9334
						],
						[
							-90.05907,
							29.932
						],
						[
							-90.06087,
							29.9306
						],
						[
							-90.06098,
							29.9292
						],
						[
							-90.06278,
							29.9278
						],
						[
							-90.06288,
							29.9263
						],
						[
							-90.06467,
							29.9249
						],
						[
							-90.06648,
							29.9236
						],
						[
							-90.06827,
							29.9222
						],
						[
							-90.06998,
							29.9223
						],
						[
							-90.07358,
							29.9195
						],
						[
							-90.07529,
							29.9196
						],
						[
							-90.07709,
							29.9183
						],
						[
							-90.07878,
							29.9184
						],
						[
							-90.08038,
							29.9184
						],
						[
							-90.08208,
							29.9185
						],
						[
							-90.08388,
							29.9172
						],
						[
							-90.08559,
							29.9173
						],
						[
							-90.08728,
							29.9173
						],
						[
							-90.08908,
							29.916
						],
						[
							-90.09079,
							29.9161
						],
						[
							-90.09259,
							29.9147
						],
						[
							-90.09439,
							29.9134
						],
						[
							-90.09609,
							29.9134
						],
						[
							-90.09938,
							29.9136
						],
						[
							-90.11128,
							29.9143
						],
						[
							-90.11299,
							29.9129
						],
						[
							-90.11468,
							29.913
						],
						[
							-90.11629,
							29.9146
						],
						[
							-90.12138,
							29.9149
						],
						[
							-90.12308,
							29.9149
						],
						[
							-90.12459,
							29.9165
						],
						[
							-90.12628,
							29.9166
						],
						[
							-90.12799,
							29.9168
						],
						[
							-90.12958,
							29.9183
						],
						[
							-90.12949,
							29.9197
						],
						[
							-90.13109,
							29.9213
						],
						[
							-90.13089,
							29.9228
						],
						[
							-90.13069,
							29.9257
						],
						[
							-90.13388,
							29.9289
						],
						[
							-90.13368,
							29.9318
						],
						[
							-90.13348,
							29.9333
						],
						[
							-90.13338,
							29.9347
						],
						[
							-90.13329,
							29.9362
						],
						[
							-90.13298,
							29.9406
						],
						[
							-90.13289,
							29.9421
						],
						[
							-90.13278,
							29.9435
						],
						[
							-90.13438,
							29.9451
						],
						[
							-90.13428,
							29.9466
						],
						[
							-90.13408,
							29.948
						],
						[
							-90.13399,
							29.9495
						],
						[
							-90.13559,
							29.9511
						],
						[
							-90.13539,
							29.954
						],
						[
							-90.13698,
							29.9556
						],
						[
							-90.13858,
							29.9571
						],
						[
							-90.14009,
							29.9587
						],
						[
							-90.14348,
							29.9589
						],
						[
							-90.14508,
							29.9605
						],
						[
							-90.14679,
							29.9606
						],
						[
							-90.14848,
							29.9606
						],
						[
							-90.15018,
							29.9607
						],
						[
							-90.15198,
							29.9594
						],
						[
							-90.15358,
							29.9594
						],
						[
							-90.15369,
							29.958
						],
						[
							-90.15558,
							29.9566
						],
						[
							-90.15718,
							29.9567
						],
						[
							-90.15898,
							29.9554
						],
						[
							-90.16078,
							29.9539
						],
						[
							-90.16258,
							29.9526
						],
						[
							-90.16618,
							29.9498
						],
						[
							-90.16798,
							29.9485
						],
						[
							-90.17339,
							29.9443
						],
						[
							-90.17358,
							29.9414
						],
						[
							-90.17539,
							29.9401
						],
						[
							-90.18259,
							29.9345
						],
						[
							-90.18439,
							29.9332
						],
						[
							-90.18608,
							29.9333
						],
						[
							-90.18788,
							29.9319
						],
						[
							-90.18959,
							29.9305
						],
						[
							-90.19148,
							29.9291
						],
						[
							-90.19308,
							29.9293
						],
						[
							-90.19488,
							29.9279
						],
						[
							-90.19658,
							29.928
						],
						[
							-90.19669,
							29.9265
						],
						[
							-90.19849,
							29.9251
						],
						[
							-90.20018,
							29.9252
						],
						[
							-90.20178,
							29.9268
						],
						[
							-90.20349,
							29.9269
						],
						[
							-90.20508,
							29.9269
						],
						[
							-90.20668,
							29.9285
						],
						[
							-90.20839,
							29.9286
						],
						[
							-90.20999,
							29.9302
						],
						[
							-90.21158,
							29.9317
						],
						[
							-90.21318,
							29.9333
						],
						[
							-90.21309,
							29.9348
						],
						[
							-90.21298,
							29.9362
						],
						[
							-90.21448,
							29.9378
						],
						[
							-90.21428,
							29.9407
						],
						[
							-90.21419,
							29.9422
						],
						[
							-90.21579,
							29.9438
						],
						[
							-90.21738,
							29.9453
						],
						[
							-90.21718,
							29.9468
						],
						[
							-90.21718,
							29.9483
						],
						[
							-90.21869,
							29.9498
						],
						[
							-90.21849,
							29.9528
						],
						[
							-90.22008,
							29.9543
						],
						[
							-90.21999,
							29.9558
						],
						[
							-90.22159,
							29.9573
						],
						[
							-90.22308,
							29.9589
						],
						[
							-90.22469,
							29.9605
						],
						[
							-90.22629,
							29.962
						],
						[
							-90.22948,
							29.9652
						],
						[
							-90.23099,
							29.9667
						],
						[
							-90.23268,
							29.9668
						],
						[
							-90.23589,
							29.97
						],
						[
							-90.23758,
							29.97
						],
						[
							-90.23929,
							29.9701
						],
						[
							-90.24089,
							29.9717
						],
						[
							-90.24248,
							29.9718
						],
						[
							-90.24759,
							29.9721
						],
						[
							-90.24928,
							29.9721
						],
						[
							-90.25098,
							29.9723
						],
						[
							-90.25438,
							29.9725
						],
						[
							-90.25598,
							29.9725
						],
						[
							-90.25938,
							29.9727
						],
						[
							-90.26108,
							29.9729
						],
						[
							-90.26279,
							29.9729
						],
						[
							-90.26788,
							29.9732
						],
						[
							-90.26958,
							29.9718
						],
						[
							-90.27129,
							29.9719
						],
						[
							-90.27318,
							29.9705
						],
						[
							-90.27649,
							29.9707
						],
						[
							-90.27829,
							29.9693
						],
						[
							-90.28009,
							29.968
						],
						[
							-90.28369,
							29.9652
						],
						[
							-90.28548,
							29.9638
						],
						[
							-90.28728,
							29.9625
						],
						[
							-90.28899,
							29.9626
						],
						[
							-90.29619,
							29.957
						],
						[
							-90.29788,
							29.9556
						],
						[
							-90.29968,
							29.9543
						],
						[
							-90.30148,
							29.9529
						],
						[
							-90.30328,
							29.9516
						],
						[
							-90.30508,
							29.9502
						],
						[
							-90.30519,
							29.9487
						],
						[
							-90.30698,
							29.9473
						],
						[
							-90.30878,
							29.946
						],
						[
							-90.31598,
							29.9404
						],
						[
							-90.31778,
							29.93911
						],
						[
							-90.31958,
							29.9377
						],
						[
							-90.3213,
							29.9378
						],
						[
							-90.3229,
							29.9378
						],
						[
							-90.33478,
							29.9385
						],
						[
							-90.33979,
							29.9388
						],
						[
							-90.34159,
							29.9374
						],
						[
							-90.34499,
							29.9376
						],
						[
							-90.3466,
							29.9391
						],
						[
							-90.3482,
							29.9392
						],
						[
							-90.34978,
							29.9408
						],
						[
							-90.35319,
							29.941
						],
						[
							-90.35479,
							29.9425
						],
						[
							-90.3565,
							29.9426
						],
						[
							-90.35809,
							29.9442
						],
						[
							-90.35969,
							29.9443
						],
						[
							-90.36478,
							29.9446
						],
						[
							-90.36639,
							29.9461
						],
						[
							-90.36809,
							29.9462
						],
						[
							-90.3697,
							29.9477
						],
						[
							-90.37128,
							29.9479
						],
						[
							-90.37289,
							29.9494
						],
						[
							-90.3746,
							29.9495
						],
						[
							-90.3762,
							29.9511
						],
						[
							-90.37789,
							29.9511
						],
						[
							-90.37949,
							29.9527
						],
						[
							-90.3845,
							29.953
						],
						[
							-90.38609,
							29.9545
						],
						[
							-90.38599,
							29.956
						],
						[
							-90.3876,
							29.9576
						],
						[
							-90.3892,
							29.9591
						],
						[
							-90.38899,
							29.9621
						],
						[
							-90.39059,
							29.9636
						],
						[
							-90.39039,
							29.9651
						],
						[
							-90.38859,
							29.9665
						],
						[
							-90.38859,
							29.9679
						],
						[
							-90.3885,
							29.9694
						],
						[
							-90.3883,
							29.9709
						],
						[
							-90.38808,
							29.9738
						],
						[
							-90.38799,
							29.9753
						],
						[
							-90.38959,
							29.9769
						],
						[
							-90.38949,
							29.9783
						],
						[
							-90.3894,
							29.9798
						],
						[
							-90.391,
							29.9813
						],
						[
							-90.39089,
							29.9828
						],
						[
							-90.39249,
							29.9844
						],
						[
							-90.39239,
							29.9859
						],
						[
							-90.3939,
							29.9874
						],
						[
							-90.3939,
							29.9889
						],
						[
							-90.39539,
							29.9904
						],
						[
							-90.39709,
							29.9905
						],
						[
							-90.40029,
							29.9937
						],
						[
							-90.40198,
							29.9938
						],
						[
							-90.40359,
							29.9938
						],
						[
							-90.40539,
							29.994
						],
						[
							-90.4071,
							29.994
						],
						[
							-90.41039,
							29.9942
						],
						[
							-90.412,
							29.9958
						],
						[
							-90.4154,
							29.996
						],
						[
							-90.41709,
							29.996
						],
						[
							-90.41859,
							29.9976
						],
						[
							-90.42539,
							29.998
						],
						[
							-90.42719,
							29.9966
						],
						[
							-90.42879,
							29.9982
						],
						[
							-90.43049,
							29.9982
						],
						[
							-90.4322,
							29.9984
						],
						[
							-90.43378,
							29.9984
						],
						[
							-90.43539,
							30
						],
						[
							-90.4371,
							30.0001
						],
						[
							-90.4387,
							30.0016
						],
						[
							-90.44549,
							30.002
						],
						[
							-90.44729,
							30.0006
						],
						[
							-90.45058,
							30.0008
						],
						[
							-90.45239,
							29.9994
						],
						[
							-90.45579,
							29.9996
						],
						[
							-90.45739,
							30.0012
						],
						[
							-90.4591,
							30.0013
						],
						[
							-90.46069,
							30.0028
						],
						[
							-90.4624,
							30.0029
						],
						[
							-90.46389,
							30.0044
						],
						[
							-90.46709,
							30.0076
						],
						[
							-90.4687,
							30.0091
						],
						[
							-90.46859,
							30.0106
						],
						[
							-90.47019,
							30.0121
						],
						[
							-90.46989,
							30.0166
						],
						[
							-90.46809,
							30.018
						],
						[
							-90.46789,
							30.0209
						],
						[
							-90.4678,
							30.0224
						],
						[
							-90.46769,
							30.0238
						],
						[
							-90.4676,
							30.0253
						],
						[
							-90.46738,
							30.0282
						],
						[
							-90.46729,
							30.0297
						],
						[
							-90.4689,
							30.0313
						],
						[
							-90.4687,
							30.0327
						],
						[
							-90.4685,
							30.0357
						],
						[
							-90.46828,
							30.0386
						],
						[
							-90.46809,
							30.0416
						],
						[
							-90.46969,
							30.0431
						],
						[
							-90.4696,
							30.0446
						],
						[
							-90.4712,
							30.0462
						],
						[
							-90.47109,
							30.0476
						],
						[
							-90.47279,
							30.0477
						],
						[
							-90.47439,
							30.0493
						],
						[
							-90.4743,
							30.0507
						],
						[
							-90.47579,
							30.0523
						],
						[
							-90.47739,
							30.0538
						],
						[
							-90.4806,
							30.057
						],
						[
							-90.48229,
							30.0571
						],
						[
							-90.48389,
							30.0586
						],
						[
							-90.48559,
							30.0587
						],
						[
							-90.48719,
							30.0603
						],
						[
							-90.48888,
							30.0604
						],
						[
							-90.49059,
							30.059
						],
						[
							-90.49569,
							30.0593
						],
						[
							-90.4974,
							30.0593
						],
						[
							-90.49909,
							30.0595
						],
						[
							-90.50089,
							30.0581
						],
						[
							-90.50259,
							30.0581
						],
						[
							-90.50429,
							30.0582
						],
						[
							-90.5061,
							30.0568
						],
						[
							-90.5077,
							30.057
						],
						[
							-90.5113,
							30.0542
						],
						[
							-90.51489,
							30.0514
						],
						[
							-90.51829,
							30.0516
						],
						[
							-90.52009,
							30.0502
						],
						[
							-90.5218,
							30.0503
						],
						[
							-90.5236,
							30.0489
						],
						[
							-90.52698,
							30.0491
						],
						[
							-90.52859,
							30.0491
						],
						[
							-90.5303,
							30.0493
						],
						[
							-90.5321,
							30.0479
						],
						[
							-90.53548,
							30.0481
						],
						[
							-90.53709,
							30.0496
						],
						[
							-90.54049,
							30.0498
						],
						[
							-90.54198,
							30.0513
						],
						[
							-90.54539,
							30.0515
						],
						[
							-90.54699,
							30.0531
						],
						[
							-90.55209,
							30.0534
						],
						[
							-90.55379,
							30.0534
						],
						[
							-90.56059,
							30.0538
						],
						[
							-90.56219,
							30.0538
						],
						[
							-90.5639,
							30.054
						],
						[
							-90.56559,
							30.054
						],
						[
							-90.56719,
							30.0556
						],
						[
							-90.57059,
							30.0558
						],
						[
							-90.5724,
							30.0544
						],
						[
							-90.5741,
							30.0545
						],
						[
							-90.57581,
							30.0545
						],
						[
							-90.57739,
							30.0547
						],
						[
							-90.5791,
							30.0548
						],
						[
							-90.58089,
							30.0534
						],
						[
							-90.58431,
							30.0536
						],
						[
							-90.586,
							30.0536
						],
						[
							-90.58769,
							30.0537
						],
						[
							-90.58949,
							30.0524
						],
						[
							-90.5912,
							30.0524
						],
						[
							-90.5929,
							30.0525
						],
						[
							-90.5929,
							30.0511
						],
						[
							-90.5948,
							30.0497
						],
						[
							-90.5965,
							30.0498
						],
						[
							-90.59821,
							30.0484
						],
						[
							-90.60181,
							30.0456
						],
						[
							-90.60359,
							30.0442
						],
						[
							-90.60539,
							30.0429
						],
						[
							-90.60719,
							30.0415
						],
						[
							-90.6089,
							30.0416
						],
						[
							-90.60899,
							30.0401
						],
						[
							-90.61259,
							30.0373
						],
						[
							-90.6143,
							30.036
						],
						[
							-90.616,
							30.036
						],
						[
							-90.62109,
							30.0363
						],
						[
							-90.6227,
							30.0378
						],
						[
							-90.6243,
							30.0394
						],
						[
							-90.6259,
							30.0409
						],
						[
							-90.6322,
							30.0472
						],
						[
							-90.6338,
							30.0487
						],
						[
							-90.63541,
							30.0503
						],
						[
							-90.63879,
							30.0505
						],
						[
							-90.6404,
							30.052
						],
						[
							-90.64211,
							30.0521
						],
						[
							-90.64369,
							30.0537
						],
						[
							-90.64529,
							30.0537
						],
						[
							-90.6487,
							30.0539
						],
						[
							-90.6555,
							30.0543
						],
						[
							-90.6573,
							30.0529
						],
						[
							-90.66071,
							30.0531
						],
						[
							-90.66251,
							30.0517
						],
						[
							-90.66409,
							30.0518
						],
						[
							-90.66589,
							30.0503
						],
						[
							-90.6676,
							30.0505
						],
						[
							-90.6694,
							30.0491
						],
						[
							-90.6711,
							30.0491
						],
						[
							-90.67281,
							30.0493
						],
						[
							-90.67461,
							30.0479
						],
						[
							-90.6763,
							30.048
						],
						[
							-90.67799,
							30.0466
						],
						[
							-90.6765,
							30.045
						],
						[
							-90.6783,
							30.0436
						],
						[
							-90.67999,
							30.0423
						],
						[
							-90.6817,
							30.0423
						],
						[
							-90.6835,
							30.0409
						],
						[
							-90.6853,
							30.0396
						],
						[
							-90.6871,
							30.0382
						],
						[
							-90.6888,
							30.0383
						],
						[
							-90.6924,
							30.0355
						],
						[
							-90.69409,
							30.0356
						],
						[
							-90.6958,
							30.0342
						],
						[
							-90.7012,
							30.03
						],
						[
							-90.703,
							30.0287
						],
						[
							-90.71021,
							30.0231
						],
						[
							-90.7119,
							30.0232
						],
						[
							-90.71359,
							30.0218
						],
						[
							-90.71539,
							30.0204
						],
						[
							-90.7171,
							30.0205
						],
						[
							-90.71719,
							30.019
						],
						[
							-90.71899,
							30.0177
						],
						[
							-90.7207,
							30.0178
						],
						[
							-90.7225,
							30.0164
						],
						[
							-90.72749,
							30.0167
						],
						[
							-90.72929,
							30.0152
						],
						[
							-90.73779,
							30.0157
						],
						[
							-90.7394,
							30.0172
						],
						[
							-90.7412,
							30.0159
						],
						[
							-90.7428,
							30.0159
						],
						[
							-90.74449,
							30.016
						],
						[
							-90.74609,
							30.0176
						],
						[
							-90.7478,
							30.0176
						],
						[
							-90.7495,
							30.0177
						],
						[
							-90.7512,
							30.0179
						],
						[
							-90.7529,
							30.018
						],
						[
							-90.75459,
							30.018
						],
						[
							-90.7562,
							30.0195
						],
						[
							-90.7579,
							30.0197
						],
						[
							-90.75951,
							30.0197
						],
						[
							-90.76131,
							30.0183
						],
						[
							-90.763,
							30.0184
						],
						[
							-90.7648,
							30.017
						],
						[
							-90.7699,
							30.0173
						],
						[
							-90.7717,
							30.0159
						],
						[
							-90.77499,
							30.0161
						],
						[
							-90.77679,
							30.0147
						],
						[
							-90.78191,
							30.015
						],
						[
							-90.78371,
							30.0136
						],
						[
							-90.78549,
							30.0121
						],
						[
							-90.78729,
							30.0108
						],
						[
							-90.78889,
							30.0109
						],
						[
							-90.79069,
							30.0095
						],
						[
							-90.7908,
							30.008
						],
						[
							-90.7962,
							30.0038
						],
						[
							-90.798,
							30.0025
						],
						[
							-90.79961,
							30.0026
						],
						[
							-90.80139,
							30.0012
						],
						[
							-90.8015,
							29.9997
						],
						[
							-90.8105,
							29.9927
						],
						[
							-90.8123,
							29.9914
						],
						[
							-90.814,
							29.99
						],
						[
							-90.8158,
							29.9886
						],
						[
							-90.8175,
							29.9887
						],
						[
							-90.8192,
							29.9887
						],
						[
							-90.8208,
							29.9903
						],
						[
							-90.8206,
							29.9933
						],
						[
							-90.8222,
							29.9948
						],
						[
							-90.8221,
							29.9963
						],
						[
							-90.8237,
							29.9979
						],
						[
							-90.82359,
							29.9993
						],
						[
							-90.8235,
							30.0008
						],
						[
							-90.8232,
							30.0052
						],
						[
							-90.8248,
							30.0067
						],
						[
							-90.8264,
							30.0083
						],
						[
							-90.8262,
							30.0113
						],
						[
							-90.8278,
							30.0128
						],
						[
							-90.82761,
							30.0158
						],
						[
							-90.8275,
							30.0172
						],
						[
							-90.8291,
							30.0188
						],
						[
							-90.829,
							30.0202
						],
						[
							-90.8287,
							30.0247
						],
						[
							-90.8304,
							30.0247
						],
						[
							-90.832,
							30.0263
						],
						[
							-90.83189,
							30.0277
						],
						[
							-90.8318,
							30.0292
						],
						[
							-90.83141,
							30.0351
						],
						[
							-90.83119,
							30.0381
						],
						[
							-90.83279,
							30.0396
						],
						[
							-90.8327,
							30.0411
						],
						[
							-90.8326,
							30.0425
						],
						[
							-90.8325,
							30.044
						],
						[
							-90.83589,
							30.0442
						],
						[
							-90.8358,
							30.0457
						],
						[
							-90.8356,
							30.0486
						],
						[
							-90.8372,
							30.0501
						],
						[
							-90.8371,
							30.0516
						],
						[
							-90.83701,
							30.0531
						],
						[
							-90.8386,
							30.0547
						],
						[
							-90.8385,
							30.0561
						],
						[
							-90.84171,
							30.0593
						],
						[
							-90.84329,
							30.0608
						],
						[
							-90.8432,
							30.0622
						],
						[
							-90.84489,
							30.0623
						],
						[
							-90.8465,
							30.0639
						],
						[
							-90.8483,
							30.0625
						],
						[
							-90.84991,
							30.064
						],
						[
							-90.85151,
							30.0656
						],
						[
							-90.8532,
							30.0657
						],
						[
							-90.8548,
							30.0673
						],
						[
							-90.85651,
							30.0673
						],
						[
							-90.8581,
							30.0674
						],
						[
							-90.86321,
							30.0677
						],
						[
							-90.86491,
							30.0677
						],
						[
							-90.8666,
							30.0678
						],
						[
							-90.8684,
							30.0664
						],
						[
							-90.87171,
							30.0666
						],
						[
							-90.87351,
							30.0667
						],
						[
							-90.87531,
							30.0653
						],
						[
							-90.87861,
							30.0655
						],
						[
							-90.8803,
							30.0655
						],
						[
							-90.88201,
							30.0656
						],
						[
							-90.88361,
							30.0672
						],
						[
							-90.88531,
							30.0673
						],
						[
							-90.887,
							30.0673
						],
						[
							-90.8886,
							30.0689
						],
						[
							-90.89031,
							30.069
						],
						[
							-90.89191,
							30.0706
						],
						[
							-90.8935,
							30.0721
						],
						[
							-90.89501,
							30.0737
						],
						[
							-90.89661,
							30.0752
						],
						[
							-90.89661,
							30.0767
						],
						[
							-90.8982,
							30.0782
						],
						[
							-90.89971,
							30.0798
						],
						[
							-90.90131,
							30.0813
						],
						[
							-90.9029,
							30.0829
						],
						[
							-90.90281,
							30.0844
						],
						[
							-90.90441,
							30.086
						],
						[
							-90.9043,
							30.0874
						],
						[
							-90.90421,
							30.0889
						],
						[
							-90.90411,
							30.0903
						],
						[
							-90.90411,
							30.0918
						],
						[
							-90.904,
							30.0933
						],
						[
							-90.9056,
							30.0948
						],
						[
							-90.9054,
							30.0963
						],
						[
							-90.9054,
							30.0977
						],
						[
							-90.90531,
							30.0993
						],
						[
							-90.90691,
							30.1008
						],
						[
							-90.9067,
							30.10369
						],
						[
							-90.9083,
							30.1053
						],
						[
							-90.90791,
							30.11119
						],
						[
							-90.90951,
							30.1127
						],
						[
							-90.90931,
							30.1157
						],
						[
							-90.9092,
							30.1171
						],
						[
							-90.9108,
							30.1187
						],
						[
							-90.91061,
							30.1216
						],
						[
							-90.91221,
							30.1232
						],
						[
							-90.91381,
							30.12469
						],
						[
							-90.9137,
							30.1262
						],
						[
							-90.91531,
							30.1277
						],
						[
							-90.9152,
							30.1292
						],
						[
							-90.9168,
							30.13069
						],
						[
							-90.92001,
							30.1339
						],
						[
							-90.91991,
							30.13539
						],
						[
							-90.92161,
							30.13539
						],
						[
							-90.9233,
							30.1355
						],
						[
							-90.9249,
							30.1371
						],
						[
							-90.92661,
							30.1372
						],
						[
							-90.9282,
							30.13869
						],
						[
							-90.92991,
							30.1388
						],
						[
							-90.9316,
							30.1388
						],
						[
							-90.9334,
							30.1375
						],
						[
							-90.93511,
							30.1376
						],
						[
							-90.93671,
							30.13759
						],
						[
							-90.9401,
							30.1378
						],
						[
							-90.9419,
							30.1364
						],
						[
							-90.94361,
							30.1365
						],
						[
							-90.9437,
							30.135
						],
						[
							-90.94381,
							30.1336
						],
						[
							-90.94561,
							30.1322
						],
						[
							-90.9457,
							30.13069
						],
						[
							-90.94611,
							30.1248
						],
						[
							-90.94611,
							30.12329
						],
						[
							-90.94791,
							30.12189
						],
						[
							-90.9482,
							30.1176
						],
						[
							-90.9466,
							30.116
						],
						[
							-90.9538,
							30.1104
						],
						[
							-90.95721,
							30.1106
						],
						[
							-90.9605,
							30.1108
						],
						[
							-90.9621,
							30.1123
						],
						[
							-90.9672,
							30.11259
						],
						[
							-90.9688,
							30.1141
						],
						[
							-90.97221,
							30.1143
						],
						[
							-90.97401,
							30.1129
						],
						[
							-90.9755,
							30.1145
						],
						[
							-90.9773,
							30.1145
						],
						[
							-90.98061,
							30.1147
						],
						[
							-90.9822,
							30.1162
						],
						[
							-90.98901,
							30.1166
						],
						[
							-90.99061,
							30.1181
						],
						[
							-90.99571,
							30.1184
						],
						[
							-90.99751,
							30.1169
						],
						[
							-91.0008,
							30.1171
						],
						[
							-91.0026,
							30.11579
						],
						[
							-91.00431,
							30.11579
						],
						[
							-91.00941,
							30.1161
						],
						[
							-91.0111,
							30.1161
						],
						[
							-91.01281,
							30.1162
						],
						[
							-91.01441,
							30.1178
						],
						[
							-91.01611,
							30.1178
						],
						[
							-91.0178,
							30.118
						],
						[
							-91.01951,
							30.118
						],
						[
							-91.02621,
							30.1184
						],
						[
							-91.0279,
							30.1184
						],
						[
							-91.0295,
							30.11999
						],
						[
							-91.03121,
							30.1201
						],
						[
							-91.03291,
							30.1201
						],
						[
							-91.03451,
							30.12169
						],
						[
							-91.0344,
							30.1231
						],
						[
							-91.03431,
							30.1246
						],
						[
							-91.03251,
							30.126
						],
						[
							-91.0308,
							30.12739
						],
						[
							-91.029,
							30.12879
						],
						[
							-91.02731,
							30.1287
						],
						[
							-91.0255,
							30.1301
						],
						[
							-91.02381,
							30.13
						],
						[
							-91.02201,
							30.1314
						],
						[
							-91.0203,
							30.1313
						],
						[
							-91.0149,
							30.1355
						],
						[
							-91.01321,
							30.1369
						],
						[
							-91.00781,
							30.1411
						],
						[
							-91.00771,
							30.1425
						],
						[
							-91.00591,
							30.1439
						],
						[
							-91.00571,
							30.14689
						],
						[
							-91.00571,
							30.1484
						],
						[
							-91.0055,
							30.14979
						],
						[
							-91.0055,
							30.1513
						],
						[
							-91.00541,
							30.1528
						],
						[
							-91.0053,
							30.1542
						],
						[
							-91.00521,
							30.1557
						],
						[
							-91.00491,
							30.16009
						],
						[
							-91.00651,
							30.1616
						],
						[
							-91.00631,
							30.16459
						],
						[
							-91.00791,
							30.16619
						],
						[
							-91.00781,
							30.16759
						],
						[
							-91.00941,
							30.16919
						],
						[
							-91.00921,
							30.17209
						],
						[
							-91.0109,
							30.17369
						],
						[
							-91.01241,
							30.1752
						],
						[
							-91.01241,
							30.17669
						],
						[
							-91.01391,
							30.17829
						],
						[
							-91.0156,
							30.1798
						],
						[
							-91.01711,
							30.18129
						],
						[
							-91.01881,
							30.18289
						],
						[
							-91.0187,
							30.18439
						],
						[
							-91.0203,
							30.1859
						],
						[
							-91.02351,
							30.1891
						],
						[
							-91.0234,
							30.1905
						],
						[
							-91.025,
							30.19209
						],
						[
							-91.0266,
							30.19359
						],
						[
							-91.02821,
							30.1952
						],
						[
							-91.02981,
							30.19669
						],
						[
							-91.03141,
							30.19829
						],
						[
							-91.03301,
							30.19979
						],
						[
							-91.0346,
							30.2014
						],
						[
							-91.0362,
							30.20289
						],
						[
							-91.03791,
							30.20299
						],
						[
							-91.03951,
							30.2046
						],
						[
							-91.04121,
							30.2047
						],
						[
							-91.0429,
							30.2047
						],
						[
							-91.0445,
							30.20629
						],
						[
							-91.04621,
							30.2064
						],
						[
							-91.04781,
							30.2079
						],
						[
							-91.04951,
							30.20799
						],
						[
							-91.051,
							30.20959
						],
						[
							-91.05271,
							30.20959
						],
						[
							-91.05441,
							30.2097
						],
						[
							-91.05601,
							30.2112
						],
						[
							-91.05941,
							30.21139
						],
						[
							-91.06102,
							30.213
						],
						[
							-91.06271,
							30.213
						],
						[
							-91.0644,
							30.21309
						],
						[
							-91.06601,
							30.21469
						],
						[
							-91.06772,
							30.21469
						],
						[
							-91.07451,
							30.21509
						],
						[
							-91.07611,
							30.21659
						],
						[
							-91.08121,
							30.21689
						],
						[
							-91.08281,
							30.21689
						],
						[
							-91.08632,
							30.2171
						],
						[
							-91.08801,
							30.2157
						],
						[
							-91.09141,
							30.21589
						],
						[
							-91.09311,
							30.21589
						],
						[
							-91.09491,
							30.21459
						],
						[
							-91.09671,
							30.21319
						],
						[
							-91.09851,
							30.21169
						],
						[
							-91.10022,
							30.21179
						],
						[
							-91.10202,
							30.21049
						],
						[
							-91.10371,
							30.2106
						],
						[
							-91.10541,
							30.2092
						],
						[
							-91.10712,
							30.20919
						],
						[
							-91.10892,
							30.20789
						],
						[
							-91.11072,
							30.20649
						],
						[
							-91.11241,
							30.20649
						],
						[
							-91.11601,
							30.20369
						],
						[
							-91.11772,
							30.20239
						],
						[
							-91.11951,
							30.20099
						],
						[
							-91.12122,
							30.20099
						],
						[
							-91.12302,
							30.19959
						],
						[
							-91.12482,
							30.19829
						],
						[
							-91.12842,
							30.19549
						],
						[
							-91.13011,
							30.19559
						],
						[
							-91.13182,
							30.19409
						],
						[
							-91.13362,
							30.19279
						],
						[
							-91.13721,
							30.18999
						],
						[
							-91.14081,
							30.18719
						],
						[
							-91.14252,
							30.18579
						],
						[
							-91.14432,
							30.18439
						],
						[
							-91.14601,
							30.1845
						],
						[
							-91.15321,
							30.1789
						],
						[
							-91.15491,
							30.179
						],
						[
							-91.15651,
							30.179
						],
						[
							-91.15822,
							30.18059
						],
						[
							-91.15982,
							30.1822
						],
						[
							-91.16141,
							30.1837
						],
						[
							-91.16301,
							30.18529
						],
						[
							-91.16292,
							30.18669
						],
						[
							-91.16452,
							30.1883
						],
						[
							-91.16411,
							30.19419
						],
						[
							-91.16402,
							30.1957
						],
						[
							-91.16222,
							30.19699
						],
						[
							-91.16211,
							30.1985
						],
						[
							-91.16211,
							30.2
						],
						[
							-91.16182,
							30.20439
						],
						[
							-91.16002,
							30.20579
						],
						[
							-91.15991,
							30.20719
						],
						[
							-91.15982,
							30.20869
						],
						[
							-91.15802,
							30.2101
						],
						[
							-91.15802,
							30.21159
						],
						[
							-91.15442,
							30.2144
						],
						[
							-91.15431,
							30.2158
						],
						[
							-91.15422,
							30.21729
						],
						[
							-91.15062,
							30.22009
						],
						[
							-91.14891,
							30.22149
						],
						[
							-91.14531,
							30.22429
						],
						[
							-91.14362,
							30.2242
						],
						[
							-91.13641,
							30.22979
						],
						[
							-91.13472,
							30.2297
						],
						[
							-91.13301,
							30.23109
						],
						[
							-91.12941,
							30.23389
						],
						[
							-91.12772,
							30.23379
						],
						[
							-91.12412,
							30.23659
						],
						[
							-91.12401,
							30.23799
						],
						[
							-91.12231,
							30.23939
						],
						[
							-91.11871,
							30.24219
						],
						[
							-91.11862,
							30.24369
						],
						[
							-91.11682,
							30.24509
						],
						[
							-91.11661,
							30.24799
						],
						[
							-91.11481,
							30.24939
						],
						[
							-91.11641,
							30.25099
						],
						[
							-91.11632,
							30.25239
						],
						[
							-91.11632,
							30.25389
						],
						[
							-91.11621,
							30.25539
						],
						[
							-91.11781,
							30.25699
						],
						[
							-91.11772,
							30.25839
						],
						[
							-91.11931,
							30.25999
						],
						[
							-91.11922,
							30.2614
						],
						[
							-91.12082,
							30.26299
						],
						[
							-91.12242,
							30.26449
						],
						[
							-91.12412,
							30.26459
						],
						[
							-91.12572,
							30.26619
						],
						[
							-91.12732,
							30.26769
						],
						[
							-91.12892,
							30.26929
						],
						[
							-91.13062,
							30.26929
						],
						[
							-91.13222,
							30.27089
						],
						[
							-91.13391,
							30.27099
						],
						[
							-91.13551,
							30.27249
						],
						[
							-91.13721,
							30.27259
						],
						[
							-91.13881,
							30.27409
						],
						[
							-91.14221,
							30.27429
						],
						[
							-91.14381,
							30.27589
						],
						[
							-91.14551,
							30.27589
						],
						[
							-91.14891,
							30.27609
						],
						[
							-91.15051,
							30.27769
						],
						[
							-91.15222,
							30.27769
						],
						[
							-91.15381,
							30.27919
						],
						[
							-91.15552,
							30.27939
						],
						[
							-91.15721,
							30.27939
						],
						[
							-91.16061,
							30.27959
						],
						[
							-91.16222,
							30.28109
						],
						[
							-91.16902,
							30.28149
						],
						[
							-91.17061,
							30.28149
						],
						[
							-91.17412,
							30.28169
						],
						[
							-91.17572,
							30.28169
						],
						[
							-91.17752,
							30.28039
						],
						[
							-91.17921,
							30.28049
						],
						[
							-91.18091,
							30.28049
						],
						[
							-91.18431,
							30.28069
						],
						[
							-91.18611,
							30.27919
						],
						[
							-91.18782,
							30.27939
						],
						[
							-91.18951,
							30.27949
						],
						[
							-91.19121,
							30.27949
						],
						[
							-91.19461,
							30.27969
						],
						[
							-91.19632,
							30.27969
						],
						[
							-91.20131,
							30.27999
						],
						[
							-91.20311,
							30.27999
						],
						[
							-91.20812,
							30.28029
						],
						[
							-91.20972,
							30.28179
						],
						[
							-91.21651,
							30.28219
						],
						[
							-91.21822,
							30.28219
						],
						[
							-91.21991,
							30.28229
						],
						[
							-91.22151,
							30.28389
						],
						[
							-91.22322,
							30.28399
						],
						[
							-91.22481,
							30.28549
						],
						[
							-91.22652,
							30.28559
						],
						[
							-91.22812,
							30.28709
						],
						[
							-91.22972,
							30.28869
						],
						[
							-91.23131,
							30.29019
						],
						[
							-91.23291,
							30.29179
						],
						[
							-91.23462,
							30.29329
						],
						[
							-91.23451,
							30.29479
						],
						[
							-91.23611,
							30.29629
						],
						[
							-91.23592,
							30.29929
						],
						[
							-91.23231,
							30.30209
						],
						[
							-91.23062,
							30.30349
						],
						[
							-91.22722,
							30.30329
						],
						[
							-91.22542,
							30.30469
						],
						[
							-91.22371,
							30.30469
						],
						[
							-91.22201,
							30.30449
						],
						[
							-91.22021,
							30.30589
						],
						[
							-91.21852,
							30.30579
						],
						[
							-91.21681,
							30.30579
						],
						[
							-91.21672,
							30.30719
						],
						[
							-91.21492,
							30.30859
						],
						[
							-91.21321,
							30.30859
						],
						[
							-91.21152,
							30.30849
						],
						[
							-91.20972,
							30.30989
						],
						[
							-91.20462,
							30.30959
						],
						[
							-91.20302,
							30.30959
						],
						[
							-91.20122,
							30.30949
						],
						[
							-91.19792,
							30.30929
						],
						[
							-91.19621,
							30.30929
						],
						[
							-91.19281,
							30.30909
						],
						[
							-91.19112,
							30.30909
						],
						[
							-91.18602,
							30.30879
						],
						[
							-91.18431,
							30.30879
						],
						[
							-91.18262,
							30.30859
						],
						[
							-91.18091,
							30.30859
						],
						[
							-91.17921,
							30.30849
						],
						[
							-91.17741,
							30.30989
						],
						[
							-91.17232,
							30.30959
						],
						[
							-91.17061,
							30.30959
						],
						[
							-91.16722,
							30.30939
						],
						[
							-91.16551,
							30.31079
						],
						[
							-91.16382,
							30.31069
						],
						[
							-91.16202,
							30.31209
						],
						[
							-91.16031,
							30.31209
						],
						[
							-91.16022,
							30.31349
						],
						[
							-91.15301,
							30.31909
						],
						[
							-91.15291,
							30.32049
						],
						[
							-91.15121,
							30.32199
						],
						[
							-91.15111,
							30.32339
						],
						[
							-91.15082,
							30.32789
						],
						[
							-91.15071,
							30.32929
						],
						[
							-91.15062,
							30.33079
						],
						[
							-91.15222,
							30.33239
						],
						[
							-91.15211,
							30.33379
						],
						[
							-91.15381,
							30.33389
						],
						[
							-91.15541,
							30.33549
						],
						[
							-91.15701,
							30.33699
						],
						[
							-91.15861,
							30.33859
						],
						[
							-91.16031,
							30.33859
						],
						[
							-91.16202,
							30.33869
						],
						[
							-91.16371,
							30.34019
						],
						[
							-91.16531,
							30.34179
						],
						[
							-91.16701,
							30.34189
						],
						[
							-91.16861,
							30.34339
						],
						[
							-91.17021,
							30.34499
						],
						[
							-91.17192,
							30.34509
						],
						[
							-91.17351,
							30.34659
						],
						[
							-91.17522,
							30.34669
						],
						[
							-91.17682,
							30.34829
						],
						[
							-91.17851,
							30.34829
						],
						[
							-91.18022,
							30.34839
						],
						[
							-91.18181,
							30.34999
						],
						[
							-91.18352,
							30.34999
						],
						[
							-91.18521,
							30.35009
						],
						[
							-91.18681,
							30.35169
						],
						[
							-91.18851,
							30.35179
						],
						[
							-91.19011,
							30.35179
						],
						[
							-91.19182,
							30.35339
						],
						[
							-91.19351,
							30.35349
						],
						[
							-91.19522,
							30.35349
						],
						[
							-91.19861,
							30.35369
						],
						[
							-91.20032,
							30.35369
						],
						[
							-91.20531,
							30.35399
						],
						[
							-91.20711,
							30.35259
						],
						[
							-91.20882,
							30.35269
						],
						[
							-91.21051,
							30.35269
						],
						[
							-91.21231,
							30.35129
						],
						[
							-91.21402,
							30.35139
						],
						[
							-91.21411,
							30.34999
						],
						[
							-91.21591,
							30.34859
						],
						[
							-91.21762,
							30.34859
						],
						[
							-91.22122,
							30.34579
						],
						[
							-91.22292,
							30.34589
						],
						[
							-91.22461,
							30.34449
						],
						[
							-91.22641,
							30.34319
						],
						[
							-91.22821,
							30.34169
						],
						[
							-91.22992,
							30.34179
						],
						[
							-91.23172,
							30.34039
						],
						[
							-91.23511,
							30.34059
						],
						[
							-91.23682,
							30.34059
						],
						[
							-91.24002,
							30.34379
						],
						[
							-91.24161,
							30.34529
						],
						[
							-91.24141,
							30.34829
						],
						[
							-91.24301,
							30.34979
						],
						[
							-91.24301,
							30.35119
						],
						[
							-91.24281,
							30.35419
						],
						[
							-91.24442,
							30.35569
						],
						[
							-91.24431,
							30.35719
						],
						[
							-91.24251,
							30.35859
						],
						[
							-91.24231,
							30.36159
						],
						[
							-91.24231,
							30.36299
						],
						[
							-91.24051,
							30.36439
						],
						[
							-91.24042,
							30.36589
						],
						[
							-91.23862,
							30.36729
						],
						[
							-91.23851,
							30.36879
						],
						[
							-91.23671,
							30.37019
						],
						[
							-91.23651,
							30.37309
						],
						[
							-91.23471,
							30.37449
						],
						[
							-91.23471,
							30.37599
						],
						[
							-91.22931,
							30.38019
						],
						[
							-91.22911,
							30.38309
						],
						[
							-91.22371,
							30.38729
						],
						[
							-91.22201,
							30.38869
						],
						[
							-91.21661,
							30.39289
						],
						[
							-91.21641,
							30.39579
						],
						[
							-91.21461,
							30.39719
						],
						[
							-91.21461,
							30.39869
						],
						[
							-91.21271,
							30.40009
						],
						[
							-91.21271,
							30.40149
						],
						[
							-91.21091,
							30.40289
						],
						[
							-91.21081,
							30.40439
						],
						[
							-91.20901,
							30.40579
						],
						[
							-91.20882,
							30.40869
						],
						[
							-91.20702,
							30.41019
						],
						[
							-91.20702,
							30.41159
						],
						[
							-91.20691,
							30.41309
						],
						[
							-91.20511,
							30.41449
						],
						[
							-91.20502,
							30.41599
						],
						[
							-91.20491,
							30.41739
						],
						[
							-91.20462,
							30.42189
						],
						[
							-91.20451,
							30.42329
						],
						[
							-91.20442,
							30.42479
						],
						[
							-91.20271,
							30.42619
						],
						[
							-91.20262,
							30.42769
						],
						[
							-91.20241,
							30.43059
						],
						[
							-91.20401,
							30.43219
						],
						[
							-91.20361,
							30.43809
						],
						[
							-91.20361,
							30.43949
						],
						[
							-91.20352,
							30.44099
						],
						[
							-91.20342,
							30.44239
						],
						[
							-91.20161,
							30.44379
						],
						[
							-91.20151,
							30.44529
						],
						[
							-91.20311,
							30.44689
						],
						[
							-91.20131,
							30.44819
						],
						[
							-91.20291,
							30.44979
						],
						[
							-91.20282,
							30.45129
						],
						[
							-91.20282,
							30.45279
						],
						[
							-91.20262,
							30.45419
						],
						[
							-91.20262,
							30.45569
						],
						[
							-91.19902,
							30.45849
						],
						[
							-91.20061,
							30.46009
						],
						[
							-91.20221,
							30.46159
						],
						[
							-91.20201,
							30.46449
						],
						[
							-91.20192,
							30.46599
						],
						[
							-91.20192,
							30.46748
						],
						[
							-91.20181,
							30.46889
						],
						[
							-91.20172,
							30.47039
						],
						[
							-91.19992,
							30.47179
						],
						[
							-91.19971,
							30.47469
						],
						[
							-91.19951,
							30.47769
						],
						[
							-91.19771,
							30.47909
						],
						[
							-91.19762,
							30.48059
						],
						[
							-91.19922,
							30.48219
						],
						[
							-91.20091,
							30.48219
						],
						[
							-91.20262,
							30.48369
						],
						[
							-91.20241,
							30.48519
						],
						[
							-91.20241,
							30.48679
						],
						[
							-91.20061,
							30.48809
						],
						[
							-91.20052,
							30.48959
						],
						[
							-91.20041,
							30.49099
						],
						[
							-91.20021,
							30.49399
						],
						[
							-91.20181,
							30.49548
						],
						[
							-91.20181,
							30.49699
						],
						[
							-91.20172,
							30.49849
						],
						[
							-91.20151,
							30.50139
						],
						[
							-91.20122,
							30.50579
						],
						[
							-91.20282,
							30.50739
						],
						[
							-91.20262,
							30.51029
						],
						[
							-91.20421,
							30.51189
						],
						[
							-91.20412,
							30.51329
						],
						[
							-91.20581,
							30.51489
						],
						[
							-91.20572,
							30.51639
						],
						[
							-91.20732,
							30.51788
						],
						[
							-91.20891,
							30.51949
						],
						[
							-91.20882,
							30.52099
						],
						[
							-91.21051,
							30.52099
						],
						[
							-91.21211,
							30.52259
						],
						[
							-91.21382,
							30.52269
						],
						[
							-91.21541,
							30.52419
						],
						[
							-91.22052,
							30.52449
						],
						[
							-91.22412,
							30.52169
						],
						[
							-91.22581,
							30.52169
						],
						[
							-91.22751,
							30.52179
						],
						[
							-91.22931,
							30.52039
						],
						[
							-91.23102,
							30.52049
						],
						[
							-91.23462,
							30.51769
						],
						[
							-91.23631,
							30.51779
						],
						[
							-91.23802,
							30.51779
						],
						[
							-91.23972,
							30.51788
						],
						[
							-91.24152,
							30.51648
						],
						[
							-91.24492,
							30.51669
						],
						[
							-91.24672,
							30.51529
						],
						[
							-91.24841,
							30.51539
						],
						[
							-91.25021,
							30.51399
						],
						[
							-91.25191,
							30.51409
						],
						[
							-91.25371,
							30.51269
						],
						[
							-91.25531,
							30.51279
						],
						[
							-91.25711,
							30.51129
						],
						[
							-91.25891,
							30.51139
						],
						[
							-91.26062,
							30.50999
						],
						[
							-91.26231,
							30.51009
						],
						[
							-91.26411,
							30.50869
						],
						[
							-91.26752,
							30.50889
						],
						[
							-91.26932,
							30.50739
						],
						[
							-91.27101,
							30.50759
						],
						[
							-91.27272,
							30.50759
						],
						[
							-91.27441,
							30.50769
						],
						[
							-91.27452,
							30.50619
						],
						[
							-91.27632,
							30.50479
						],
						[
							-91.27971,
							30.50499
						],
						[
							-91.28142,
							30.50499
						],
						[
							-91.28311,
							30.50509
						],
						[
							-91.28471,
							30.50669
						],
						[
							-91.28632,
							30.50819
						],
						[
							-91.28621,
							30.50969
						],
						[
							-91.28621,
							30.51119
						],
						[
							-91.28081,
							30.51539
						],
						[
							-91.27911,
							30.51529
						],
						[
							-91.27551,
							30.51809
						],
						[
							-91.27542,
							30.51959
						],
						[
							-91.27362,
							30.52099
						],
						[
							-91.27191,
							30.52089
						],
						[
							-91.27011,
							30.52229
						],
						[
							-91.26842,
							30.52219
						],
						[
							-91.26482,
							30.52499
						],
						[
							-91.26311,
							30.52489
						],
						[
							-91.26141,
							30.52629
						],
						[
							-91.25781,
							30.52908
						],
						[
							-91.25612,
							30.52899
						],
						[
							-91.25601,
							30.53048
						],
						[
							-91.25421,
							30.53188
						],
						[
							-91.25412,
							30.53339
						],
						[
							-91.25052,
							30.53619
						],
						[
							-91.25041,
							30.53759
						],
						[
							-91.24872,
							30.53899
						],
						[
							-91.24861,
							30.54049
						],
						[
							-91.24681,
							30.54189
						],
						[
							-91.24652,
							30.54628
						],
						[
							-91.24631,
							30.54919
						],
						[
							-91.24611,
							30.55219
						],
						[
							-91.24782,
							30.55368
						],
						[
							-91.24771,
							30.55518
						],
						[
							-91.24931,
							30.55679
						],
						[
							-91.25092,
							30.55829
						],
						[
							-91.25081,
							30.55978
						],
						[
							-91.25241,
							30.56128
						],
						[
							-91.25401,
							30.56289
						],
						[
							-91.25572,
							30.56439
						],
						[
							-91.25902,
							30.56459
						],
						[
							-91.26082,
							30.56459
						],
						[
							-91.26592,
							30.56488
						],
						[
							-91.26761,
							30.56488
						],
						[
							-91.27441,
							30.56529
						],
						[
							-91.27602,
							30.56679
						],
						[
							-91.27782,
							30.56538
						],
						[
							-91.28291,
							30.56568
						],
						[
							-91.28461,
							30.56569
						],
						[
							-91.28632,
							30.56589
						],
						[
							-91.28801,
							30.56589
						],
						[
							-91.28972,
							30.56599
						],
						[
							-91.29141,
							30.56599
						],
						[
							-91.29651,
							30.56629
						],
						[
							-91.29822,
							30.56628
						],
						[
							-91.30002,
							30.56488
						],
						[
							-91.30681,
							30.56529
						],
						[
							-91.30852,
							30.56528
						],
						[
							-91.31192,
							30.56549
						],
						[
							-91.31351,
							30.56699
						],
						[
							-91.31522,
							30.56709
						],
						[
							-91.31682,
							30.56859
						],
						[
							-91.31851,
							30.56879
						],
						[
							-91.32022,
							30.57029
						],
						[
							-91.32181,
							30.57029
						],
						[
							-91.32341,
							30.57189
						],
						[
							-91.32512,
							30.57349
						],
						[
							-91.32501,
							30.57489
						],
						[
							-91.32661,
							30.57639
						],
						[
							-91.32651,
							30.57799
						],
						[
							-91.32811,
							30.57949
						],
						[
							-91.32971,
							30.58109
						],
						[
							-91.32962,
							30.58249
						],
						[
							-91.32963,
							30.58399
						],
						[
							-91.32942,
							30.58688
						],
						[
							-91.32762,
							30.58839
						],
						[
							-91.32741,
							30.59129
						],
						[
							-91.32732,
							30.59279
						],
						[
							-91.32721,
							30.59419
						],
						[
							-91.32713,
							30.59568
						],
						[
							-91.32713,
							30.59718
						],
						[
							-91.32532,
							30.59858
						],
						[
							-91.32512,
							30.60149
						],
						[
							-91.32333,
							30.60289
						],
						[
							-91.32321,
							30.60439
						],
						[
							-91.32313,
							30.60589
						],
						[
							-91.32302,
							30.60729
						],
						[
							-91.32302,
							30.60878
						],
						[
							-91.32121,
							30.61018
						],
						[
							-91.32113,
							30.61169
						],
						[
							-91.32091,
							30.61459
						],
						[
							-91.31911,
							30.61599
						],
						[
							-91.31891,
							30.61898
						],
						[
							-91.31892,
							30.62038
						],
						[
							-91.31712,
							30.62178
						],
						[
							-91.31702,
							30.62328
						],
						[
							-91.31522,
							30.62468
						],
						[
							-91.31512,
							30.62619
						],
						[
							-91.31331,
							30.62759
						],
						[
							-91.31323,
							30.62909
						],
						[
							-91.31311,
							30.63049
						],
						[
							-91.31303,
							30.63199
						],
						[
							-91.31131,
							30.63339
						],
						[
							-91.30772,
							30.63619
						],
						[
							-91.30751,
							30.63908
						],
						[
							-91.30742,
							30.64059
						],
						[
							-91.30203,
							30.64479
						],
						[
							-91.30022,
							30.64618
						],
						[
							-91.29851,
							30.64759
						],
						[
							-91.29831,
							30.64898
						],
						[
							-91.29831,
							30.65048
						],
						[
							-91.29802,
							30.65488
						],
						[
							-91.29962,
							30.65648
						],
						[
							-91.30302,
							30.65668
						],
						[
							-91.30473,
							30.65668
						],
						[
							-91.30993,
							30.65698
						],
						[
							-91.31152,
							30.65698
						],
						[
							-91.31503,
							30.65718
						],
						[
							-91.31663,
							30.65879
						],
						[
							-91.31832,
							30.65879
						],
						[
							-91.31992,
							30.66038
						],
						[
							-91.32162,
							30.66038
						],
						[
							-91.32322,
							30.66198
						],
						[
							-91.32482,
							30.66349
						],
						[
							-91.32642,
							30.66508
						],
						[
							-91.32812,
							30.66508
						],
						[
							-91.32983,
							30.66668
						],
						[
							-91.33152,
							30.66678
						],
						[
							-91.33312,
							30.66828
						],
						[
							-91.33472,
							30.66988
						],
						[
							-91.33793,
							30.67288
						],
						[
							-91.33793,
							30.67448
						],
						[
							-91.33952,
							30.67598
						],
						[
							-91.33942,
							30.67738
						],
						[
							-91.34263,
							30.68058
						],
						[
							-91.34422,
							30.68208
						],
						[
							-91.34412,
							30.68358
						],
						[
							-91.34582,
							30.68508
						],
						[
							-91.34573,
							30.68658
						],
						[
							-91.34733,
							30.68819
						],
						[
							-91.34712,
							30.69108
						],
						[
							-91.34872,
							30.69268
						],
						[
							-91.34852,
							30.69558
						],
						[
							-91.35023,
							30.69718
						],
						[
							-91.35012,
							30.69858
						],
						[
							-91.35003,
							30.70008
						],
						[
							-91.35162,
							30.70169
						],
						[
							-91.35142,
							30.70458
						],
						[
							-91.35142,
							30.70608
						],
						[
							-91.35302,
							30.70758
						],
						[
							-91.35293,
							30.70908
						],
						[
							-91.35272,
							30.71198
						],
						[
							-91.35262,
							30.71348
						],
						[
							-91.35432,
							30.71358
						],
						[
							-91.35422,
							30.71508
						],
						[
							-91.35592,
							30.71658
						],
						[
							-91.35583,
							30.71808
						],
						[
							-91.35572,
							30.71948
						],
						[
							-91.35732,
							30.72108
						],
						[
							-91.35702,
							30.72548
						],
						[
							-91.35873,
							30.72708
						],
						[
							-91.35862,
							30.72848
						],
						[
							-91.35853,
							30.72998
						],
						[
							-91.36022,
							30.73008
						],
						[
							-91.36182,
							30.73168
						],
						[
							-91.36172,
							30.73308
						],
						[
							-91.36332,
							30.73468
						],
						[
							-91.36323,
							30.73608
						],
						[
							-91.36492,
							30.73768
						],
						[
							-91.36481,
							30.73918
						],
						[
							-91.36642,
							30.74068
						],
						[
							-91.36633,
							30.74218
						],
						[
							-91.36962,
							30.74528
						],
						[
							-91.36951,
							30.74678
						],
						[
							-91.37112,
							30.74828
						],
						[
							-91.37103,
							30.74978
						],
						[
							-91.37263,
							30.75128
						],
						[
							-91.37423,
							30.75288
						],
						[
							-91.37412,
							30.75438
						],
						[
							-91.37582,
							30.75588
						],
						[
							-91.37742,
							30.75738
						],
						[
							-91.37902,
							30.75898
						],
						[
							-91.38062,
							30.76048
						],
						[
							-91.38232,
							30.76058
						],
						[
							-91.38403,
							30.76208
						],
						[
							-91.38572,
							30.76218
						],
						[
							-91.38743,
							30.76238
						],
						[
							-91.39082,
							30.76238
						],
						[
							-91.39593,
							30.76268
						],
						[
							-91.39762,
							30.76268
						],
						[
							-91.40102,
							30.76288
						],
						[
							-91.40282,
							30.76148
						],
						[
							-91.40452,
							30.76158
						],
						[
							-91.40623,
							30.76158
						],
						[
							-91.40803,
							30.76028
						],
						[
							-91.40972,
							30.76028
						],
						[
							-91.41312,
							30.76048
						],
						[
							-91.41492,
							30.75908
						],
						[
							-91.41662,
							30.75908
						],
						[
							-91.41842,
							30.75778
						],
						[
							-91.42022,
							30.75628
						],
						[
							-91.42202,
							30.75498
						],
						[
							-91.42382,
							30.75348
						],
						[
							-91.42553,
							30.75358
						],
						[
							-91.42731,
							30.75218
						],
						[
							-91.42902,
							30.75228
						],
						[
							-91.43082,
							30.75088
						],
						[
							-91.43263,
							30.74958
						],
						[
							-91.43432,
							30.74958
						],
						[
							-91.43612,
							30.74818
						],
						[
							-91.43783,
							30.74828
						],
						[
							-91.44143,
							30.74548
						],
						[
							-91.44312,
							30.74548
						],
						[
							-91.44492,
							30.74418
						],
						[
							-91.44662,
							30.74268
						],
						[
							-91.45022,
							30.73988
						],
						[
							-91.45193,
							30.74008
						],
						[
							-91.45362,
							30.74008
						],
						[
							-91.45542,
							30.73868
						],
						[
							-91.45712,
							30.73878
						],
						[
							-91.45892,
							30.73728
						],
						[
							-91.46412,
							30.73758
						],
						[
							-91.46583,
							30.73758
						],
						[
							-91.46922,
							30.73778
						],
						[
							-91.47092,
							30.73778
						],
						[
							-91.47253,
							30.73938
						],
						[
							-91.47422,
							30.73948
						],
						[
							-91.47593,
							30.73948
						],
						[
							-91.47752,
							30.74108
						],
						[
							-91.48083,
							30.74418
						],
						[
							-91.48252,
							30.74428
						],
						[
							-91.48412,
							30.74578
						],
						[
							-91.48753,
							30.74598
						],
						[
							-91.48922,
							30.74598
						],
						[
							-91.49082,
							30.74758
						],
						[
							-91.49252,
							30.74768
						],
						[
							-91.49423,
							30.74768
						],
						[
							-91.49943,
							30.74798
						],
						[
							-91.50112,
							30.74798
						],
						[
							-91.50452,
							30.74818
						],
						[
							-91.50633,
							30.74678
						],
						[
							-91.50973,
							30.74698
						],
						[
							-91.51142,
							30.74698
						],
						[
							-91.51322,
							30.74558
						],
						[
							-91.51662,
							30.74578
						],
						[
							-91.51832,
							30.74578
						],
						[
							-91.52003,
							30.74588
						],
						[
							-91.52183,
							30.74448
						],
						[
							-91.52352,
							30.74458
						],
						[
							-91.52522,
							30.74458
						],
						[
							-91.52702,
							30.74318
						],
						[
							-91.52872,
							30.74328
						],
						[
							-91.53052,
							30.74188
						],
						[
							-91.53222,
							30.74198
						],
						[
							-91.53402,
							30.74058
						],
						[
							-91.53573,
							30.74058
						],
						[
							-91.53753,
							30.73918
						],
						[
							-91.53922,
							30.73928
						],
						[
							-91.54102,
							30.73788
						],
						[
							-91.54272,
							30.73798
						],
						[
							-91.54452,
							30.73658
						],
						[
							-91.54623,
							30.73658
						],
						[
							-91.54792,
							30.73668
						],
						[
							-91.54972,
							30.73528
						],
						[
							-91.55141,
							30.73538
						],
						[
							-91.55312,
							30.73538
						],
						[
							-91.55482,
							30.73558
						],
						[
							-91.55653,
							30.73558
						],
						[
							-91.55993,
							30.73578
						],
						[
							-91.56162,
							30.73578
						],
						[
							-91.56503,
							30.73598
						],
						[
							-91.56683,
							30.73458
						],
						[
							-91.56852,
							30.73458
						],
						[
							-91.57362,
							30.73488
						],
						[
							-91.57533,
							30.73648
						],
						[
							-91.57693,
							30.73648
						],
						[
							-91.57862,
							30.73798
						],
						[
							-91.58022,
							30.73958
						],
						[
							-91.58192,
							30.73968
						],
						[
							-91.58352,
							30.74118
						],
						[
							-91.58352,
							30.74258
						],
						[
							-91.58523,
							30.74268
						],
						[
							-91.58682,
							30.74428
						],
						[
							-91.58842,
							30.74578
						],
						[
							-91.59002,
							30.74738
						],
						[
							-91.59173,
							30.74888
						],
						[
							-91.59332,
							30.75048
						],
						[
							-91.59312,
							30.75338
						],
						[
							-91.59302,
							30.75489
						],
						[
							-91.59463,
							30.75638
						],
						[
							-91.59463,
							30.75788
						],
						[
							-91.59432,
							30.76238
						],
						[
							-91.59422,
							30.76378
						],
						[
							-91.59422,
							30.76528
						],
						[
							-91.59063,
							30.76808
						],
						[
							-91.58703,
							30.77088
						],
						[
							-91.58532,
							30.77078
						],
						[
							-91.58352,
							30.77218
						],
						[
							-91.58182,
							30.77218
						],
						[
							-91.57842,
							30.77198
						],
						[
							-91.57662,
							30.77338
						],
						[
							-91.57322,
							30.77318
						],
						[
							-91.57153,
							30.77318
						],
						[
							-91.56973,
							30.77458
						],
						[
							-91.56463,
							30.77428
						],
						[
							-91.56452,
							30.77578
						],
						[
							-91.56272,
							30.77728
						],
						[
							-91.56103,
							30.77708
						],
						[
							-91.55932,
							30.77708
						],
						[
							-91.55752,
							30.77848
						],
						[
							-91.55582,
							30.77838
						],
						[
							-91.55402,
							30.77978
						],
						[
							-91.55231,
							30.77978
						],
						[
							-91.55053,
							30.78108
						],
						[
							-91.54873,
							30.78258
						],
						[
							-91.54693,
							30.78398
						],
						[
							-91.54682,
							30.78538
						],
						[
							-91.54322,
							30.78818
						],
						[
							-91.54322,
							30.78968
						],
						[
							-91.54142,
							30.79108
						],
						[
							-91.54133,
							30.79258
						],
						[
							-91.53953,
							30.79398
						],
						[
							-91.53942,
							30.79538
						],
						[
							-91.53762,
							30.79688
						],
						[
							-91.53753,
							30.79828
						],
						[
							-91.53573,
							30.79978
						],
						[
							-91.53573,
							30.80118
						],
						[
							-91.53562,
							30.80268
						],
						[
							-91.53382,
							30.80408
						],
						[
							-91.53373,
							30.80558
						],
						[
							-91.53013,
							30.80838
						],
						[
							-91.52992,
							30.81128
						],
						[
							-91.52822,
							30.81268
						],
						[
							-91.52813,
							30.81418
						],
						[
							-91.52802,
							30.81558
						],
						[
							-91.52622,
							30.81708
						],
						[
							-91.52612,
							30.81848
						],
						[
							-91.52592,
							30.82148
						],
						[
							-91.52592,
							30.82298
						],
						[
							-91.52572,
							30.82588
						],
						[
							-91.52392,
							30.82728
						],
						[
							-91.52372,
							30.83028
						],
						[
							-91.52372,
							30.83168
						],
						[
							-91.52363,
							30.83318
						],
						[
							-91.52522,
							30.83478
						],
						[
							-91.52502,
							30.83768
						],
						[
							-91.52492,
							30.83918
						],
						[
							-91.52322,
							30.84058
						],
						[
							-91.52312,
							30.84208
						],
						[
							-91.52302,
							30.84348
						],
						[
							-91.52122,
							30.84488
						],
						[
							-91.52093,
							30.84928
						],
						[
							-91.51922,
							30.85068
						],
						[
							-91.51893,
							30.85518
						],
						[
							-91.51713,
							30.85658
						],
						[
							-91.51702,
							30.85798
						],
						[
							-91.51682,
							30.86098
						],
						[
							-91.51682,
							30.86248
						],
						[
							-91.51662,
							30.86538
						],
						[
							-91.51823,
							30.86698
						],
						[
							-91.51812,
							30.86838
						],
						[
							-91.51803,
							30.86988
						],
						[
							-91.51803,
							30.87138
						],
						[
							-91.51962,
							30.87288
						],
						[
							-91.51952,
							30.87438
						],
						[
							-91.52113,
							30.87588
						],
						[
							-91.52113,
							30.87738
						],
						[
							-91.52273,
							30.87898
						],
						[
							-91.52253,
							30.88188
						],
						[
							-91.52412,
							30.88348
						],
						[
							-91.52402,
							30.88488
						],
						[
							-91.52572,
							30.88648
						],
						[
							-91.52552,
							30.88938
						],
						[
							-91.52712,
							30.89098
						],
						[
							-91.52702,
							30.89238
						],
						[
							-91.52692,
							30.89388
						],
						[
							-91.52692,
							30.89538
						],
						[
							-91.52853,
							30.89688
						],
						[
							-91.52842,
							30.89838
						],
						[
							-91.53172,
							30.90148
						],
						[
							-91.53332,
							30.90308
						],
						[
							-91.53982,
							30.90918
						],
						[
							-91.54142,
							30.91078
						],
						[
							-91.54313,
							30.91088
						],
						[
							-91.54482,
							30.91238
						],
						[
							-91.54642,
							30.91398
						],
						[
							-91.54963,
							30.91698
						],
						[
							-91.55122,
							30.91858
						],
						[
							-91.55293,
							30.92008
						],
						[
							-91.55453,
							30.92168
						],
						[
							-91.55622,
							30.92168
						],
						[
							-91.55791,
							30.92178
						],
						[
							-91.55952,
							30.92338
						],
						[
							-91.56132,
							30.92198
						],
						[
							-91.56312,
							30.92198
						],
						[
							-91.56472,
							30.92358
						],
						[
							-91.56643,
							30.92358
						],
						[
							-91.57153,
							30.92388
						],
						[
							-91.57322,
							30.92388
						],
						[
							-91.57662,
							30.92408
						],
						[
							-91.57832,
							30.92408
						],
						[
							-91.58182,
							30.92428
						],
						[
							-91.58363,
							30.92288
						],
						[
							-91.58703,
							30.92308
						],
						[
							-91.58883,
							30.92158
						],
						[
							-91.59222,
							30.92178
						],
						[
							-91.59392,
							30.92178
						],
						[
							-91.59902,
							30.92208
						],
						[
							-91.60072,
							30.92208
						],
						[
							-91.60592,
							30.92238
						],
						[
							-91.60763,
							30.92238
						],
						[
							-91.61272,
							30.92268
						],
						[
							-91.61453,
							30.92128
						],
						[
							-91.61622,
							30.92128
						],
						[
							-91.61962,
							30.92148
						],
						[
							-91.62142,
							30.92148
						],
						[
							-91.62483,
							30.92168
						],
						[
							-91.62652,
							30.92168
						],
						[
							-91.63161,
							30.92198
						],
						[
							-91.63322,
							30.92348
						],
						[
							-91.63493,
							30.92358
						],
						[
							-91.63662,
							30.92508
						],
						[
							-91.63833,
							30.92518
						],
						[
							-91.63992,
							30.92668
						],
						[
							-91.64152,
							30.92828
						],
						[
							-91.64152,
							30.92968
						],
						[
							-91.64312,
							30.93128
						],
						[
							-91.64472,
							30.93278
						],
						[
							-91.64462,
							30.93428
						],
						[
							-91.64622,
							30.93588
						],
						[
							-91.64622,
							30.93738
						],
						[
							-91.64782,
							30.93888
						],
						[
							-91.64773,
							30.94028
						],
						[
							-91.64942,
							30.94038
						],
						[
							-91.65112,
							30.94198
						],
						[
							-91.65272,
							30.94348
						],
						[
							-91.65432,
							30.94508
						],
						[
							-91.65423,
							30.94648
						],
						[
							-91.65592,
							30.94808
						],
						[
							-91.65753,
							30.94958
						],
						[
							-91.65743,
							30.95108
						],
						[
							-91.65913,
							30.95258
						],
						[
							-91.65902,
							30.95408
						],
						[
							-91.66063,
							30.95558
						],
						[
							-91.66052,
							30.95708
						],
						[
							-91.66213,
							30.95868
						],
						[
							-91.66383,
							30.96018
						],
						[
							-91.66544,
							30.96178
						],
						[
							-91.66702,
							30.96328
						],
						[
							-91.66863,
							30.96488
						],
						[
							-91.67042,
							30.96488
						],
						[
							-91.67203,
							30.96648
						],
						[
							-91.67172,
							30.97088
						],
						[
							-91.67172,
							30.97238
						],
						[
							-91.67333,
							30.97388
						],
						[
							-91.67303,
							30.97828
						],
						[
							-91.67303,
							30.97978
						],
						[
							-91.67284,
							30.98278
						],
						[
							-91.67262,
							30.98568
						],
						[
							-91.67262,
							30.98718
						],
						[
							-91.67253,
							30.98868
						],
						[
							-91.67073,
							30.99008
						],
						[
							-91.67042,
							30.99448
						],
						[
							-91.66863,
							30.99588
						],
						[
							-91.66693,
							30.99578
						],
						[
							-91.66522,
							30.99718
						],
						[
							-91.66344,
							30.99708
						],
						[
							-91.66173,
							30.99708
						],
						[
							-91.65813,
							30.99988
						],
						[
							-91.65643,
							30.99978
						],
						[
							-91.65463,
							31.00128
						],
						[
							-91.65283,
							31.00258
						],
						[
							-91.65112,
							31.00398
						],
						[
							-91.64923,
							31.00538
						],
						[
							-91.64754,
							31.00538
						],
						[
							-91.64574,
							31.00678
						],
						[
							-91.64403,
							31.00667
						],
						[
							-91.64233,
							31.00808
						],
						[
							-91.64053,
							31.00797
						],
						[
							-91.63882,
							31.00797
						],
						[
							-91.63702,
							31.00927
						],
						[
							-91.63533,
							31.00927
						],
						[
							-91.63353,
							31.01068
						],
						[
							-91.63013,
							31.01048
						],
						[
							-91.62833,
							31.01198
						],
						[
							-91.62492,
							31.01177
						],
						[
							-91.62312,
							31.01317
						],
						[
							-91.62143,
							31.01317
						],
						[
							-91.61974,
							31.01308
						],
						[
							-91.61794,
							31.01448
						],
						[
							-91.61622,
							31.01438
						],
						[
							-91.61082,
							31.01858
						],
						[
							-91.60902,
							31.01848
						],
						[
							-91.60733,
							31.01848
						],
						[
							-91.60564,
							31.01988
						],
						[
							-91.60383,
							31.01978
						],
						[
							-91.60023,
							31.02258
						],
						[
							-91.59852,
							31.02258
						],
						[
							-91.59492,
							31.02538
						],
						[
							-91.59322,
							31.02527
						],
						[
							-91.59142,
							31.02667
						],
						[
							-91.58973,
							31.02658
						],
						[
							-91.58794,
							31.02798
						],
						[
							-91.58623,
							31.02788
						],
						[
							-91.58443,
							31.02937
						],
						[
							-91.58262,
							31.03068
						],
						[
							-91.58082,
							31.03217
						],
						[
							-91.57722,
							31.03497
						],
						[
							-91.57542,
							31.03628
						],
						[
							-91.57362,
							31.03777
						],
						[
							-91.57362,
							31.03927
						],
						[
							-91.57323,
							31.04507
						],
						[
							-91.57142,
							31.04647
						],
						[
							-91.57133,
							31.04797
						],
						[
							-91.57133,
							31.04947
						],
						[
							-91.57122,
							31.05097
						],
						[
							-91.57114,
							31.05248
						],
						[
							-91.57091,
							31.05537
						],
						[
							-91.57091,
							31.05687
						],
						[
							-91.57072,
							31.05977
						],
						[
							-91.57063,
							31.06127
						],
						[
							-91.57552,
							31.06587
						],
						[
							-91.57722,
							31.06598
						],
						[
							-91.57883,
							31.06757
						],
						[
							-91.58053,
							31.06907
						],
						[
							-91.58223,
							31.06917
						],
						[
							-91.58543,
							31.07218
						],
						[
							-91.58533,
							31.07367
						],
						[
							-91.58704,
							31.07517
						],
						[
							-91.58862,
							31.07678
						],
						[
							-91.59193,
							31.07987
						],
						[
							-91.59362,
							31.07998
						],
						[
							-91.59534,
							31.07998
						],
						[
							-91.59853,
							31.08317
						],
						[
							-91.59853,
							31.08457
						],
						[
							-91.60013,
							31.08618
						],
						[
							-91.60004,
							31.08767
						],
						[
							-91.60162,
							31.08917
						],
						[
							-91.60493,
							31.09227
						],
						[
							-91.60483,
							31.09367
						],
						[
							-91.60654,
							31.09377
						],
						[
							-91.60823,
							31.09527
						],
						[
							-91.60992,
							31.09547
						],
						[
							-91.61313,
							31.09848
						],
						[
							-91.61493,
							31.09857
						],
						[
							-91.61653,
							31.10018
						],
						[
							-91.61974,
							31.10317
						],
						[
							-91.62154,
							31.10328
						],
						[
							-91.62312,
							31.10478
						],
						[
							-91.62472,
							31.10637
						],
						[
							-91.62643,
							31.10787
						],
						[
							-91.62804,
							31.10947
						],
						[
							-91.62962,
							31.11097
						],
						[
							-91.62953,
							31.11247
						],
						[
							-91.63123,
							31.11397
						],
						[
							-91.63283,
							31.11558
						],
						[
							-91.63274,
							31.11707
						],
						[
							-91.63443,
							31.11857
						],
						[
							-91.63432,
							31.12008
						],
						[
							-91.63593,
							31.12158
						],
						[
							-91.63573,
							31.12458
						],
						[
							-91.63573,
							31.12607
						],
						[
							-91.63563,
							31.12758
						],
						[
							-91.63544,
							31.13048
						],
						[
							-91.63364,
							31.13187
						],
						[
							-91.63353,
							31.13337
						],
						[
							-91.62993,
							31.13617
						],
						[
							-91.62984,
							31.13767
						],
						[
							-91.62813,
							31.13907
						],
						[
							-91.62633,
							31.14047
						],
						[
							-91.62444,
							31.14187
						],
						[
							-91.62444,
							31.14337
						],
						[
							-91.62433,
							31.14477
						],
						[
							-91.62253,
							31.14618
						],
						[
							-91.62073,
							31.14767
						],
						[
							-91.62064,
							31.14907
						],
						[
							-91.61523,
							31.15328
						],
						[
							-91.61343,
							31.15477
						],
						[
							-91.61163,
							31.15608
						],
						[
							-91.61163,
							31.15757
						],
						[
							-91.60973,
							31.15897
						],
						[
							-91.60792,
							31.16037
						],
						[
							-91.60792,
							31.16187
						],
						[
							-91.60783,
							31.16337
						],
						[
							-91.60243,
							31.16757
						],
						[
							-91.60223,
							31.17047
						],
						[
							-91.60043,
							31.17188
						],
						[
							-91.60033,
							31.17337
						],
						[
							-91.60033,
							31.17487
						],
						[
							-91.60004,
							31.17927
						],
						[
							-91.59982,
							31.18218
						],
						[
							-91.59982,
							31.18367
						],
						[
							-91.59973,
							31.18517
						],
						[
							-91.60133,
							31.18678
						],
						[
							-91.60123,
							31.18818
						],
						[
							-91.60123,
							31.18967
						],
						[
							-91.60103,
							31.19257
						],
						[
							-91.60263,
							31.19417
						],
						[
							-91.60423,
							31.19568
						],
						[
							-91.60413,
							31.19717
						],
						[
							-91.60413,
							31.19867
						],
						[
							-91.60573,
							31.20017
						],
						[
							-91.60733,
							31.20178
						],
						[
							-91.60902,
							31.20327
						],
						[
							-91.61063,
							31.20487
						],
						[
							-91.61053,
							31.20627
						],
						[
							-91.61223,
							31.20787
						],
						[
							-91.61383,
							31.20947
						],
						[
							-91.61543,
							31.21097
						],
						[
							-91.61713,
							31.21248
						],
						[
							-91.61873,
							31.21407
						],
						[
							-91.62363,
							31.21867
						],
						[
							-91.62534,
							31.21877
						],
						[
							-91.62692,
							31.22027
						],
						[
							-91.63023,
							31.22337
						],
						[
							-91.63193,
							31.22497
						],
						[
							-91.63513,
							31.22797
						],
						[
							-91.63673,
							31.22957
						],
						[
							-91.63843,
							31.23108
						],
						[
							-91.64003,
							31.23267
						],
						[
							-91.64333,
							31.23578
						],
						[
							-91.64503,
							31.23578
						],
						[
							-91.64664,
							31.23747
						],
						[
							-91.64842,
							31.23747
						],
						[
							-91.65002,
							31.23897
						],
						[
							-91.65173,
							31.23907
						],
						[
							-91.65663,
							31.24367
						],
						[
							-91.65823,
							31.24527
						],
						[
							-91.65993,
							31.24677
						],
						[
							-91.65984,
							31.24827
						],
						[
							-91.66142,
							31.24977
						],
						[
							-91.66133,
							31.25127
						],
						[
							-91.66133,
							31.25277
						],
						[
							-91.66093,
							31.25868
						],
						[
							-91.66093,
							31.26017
						],
						[
							-91.65913,
							31.26157
						],
						[
							-91.65903,
							31.26297
						],
						[
							-91.65723,
							31.26447
						],
						[
							-91.65713,
							31.26597
						],
						[
							-91.65533,
							31.26727
						],
						[
							-91.65523,
							31.26877
						],
						[
							-91.65163,
							31.27157
						],
						[
							-91.65153,
							31.27307
						],
						[
							-91.64973,
							31.27447
						],
						[
							-91.64803,
							31.27437
						],
						[
							-91.64442,
							31.27717
						],
						[
							-91.64273,
							31.27717
						],
						[
							-91.63763,
							31.27688
						],
						[
							-91.63583,
							31.27688
						],
						[
							-91.63412,
							31.27677
						],
						[
							-91.63243,
							31.27677
						],
						[
							-91.63074,
							31.27517
						],
						[
							-91.62903,
							31.27507
						],
						[
							-91.62734,
							31.27507
						],
						[
							-91.62573,
							31.27347
						],
						[
							-91.62402,
							31.27337
						],
						[
							-91.62222,
							31.27337
						],
						[
							-91.62064,
							31.27177
						],
						[
							-91.61893,
							31.27177
						],
						[
							-91.61732,
							31.27017
						],
						[
							-91.61552,
							31.27017
						],
						[
							-91.61043,
							31.26987
						],
						[
							-91.60873,
							31.26987
						],
						[
							-91.60523,
							31.26967
						],
						[
							-91.60362,
							31.26817
						],
						[
							-91.59843,
							31.26787
						],
						[
							-91.59673,
							31.26787
						],
						[
							-91.59493,
							31.26927
						],
						[
							-91.59332,
							31.26777
						],
						[
							-91.58643,
							31.26737
						],
						[
							-91.58473,
							31.26737
						],
						[
							-91.58302,
							31.26727
						],
						[
							-91.58122,
							31.26867
						],
						[
							-91.57953,
							31.26857
						],
						[
							-91.57783,
							31.26857
						],
						[
							-91.57433,
							31.26837
						],
						[
							-91.57263,
							31.26837
						],
						[
							-91.56754,
							31.26807
						],
						[
							-91.56574,
							31.26807
						],
						[
							-91.56233,
							31.26787
						],
						[
							-91.56053,
							31.26927
						],
						[
							-91.55882,
							31.26917
						],
						[
							-91.55713,
							31.26917
						],
						[
							-91.55533,
							31.27057
						],
						[
							-91.55183,
							31.27037
						],
						[
							-91.55003,
							31.27177
						],
						[
							-91.54833,
							31.27177
						],
						[
							-91.54652,
							31.27317
						],
						[
							-91.54483,
							31.27307
						],
						[
							-91.54314,
							31.27307
						],
						[
							-91.54134,
							31.27437
						],
						[
							-91.53954,
							31.27577
						],
						[
							-91.53783,
							31.27567
						],
						[
							-91.53603,
							31.27717
						],
						[
							-91.53593,
							31.27857
						],
						[
							-91.53233,
							31.28137
						],
						[
							-91.53053,
							31.28287
						],
						[
							-91.52863,
							31.28417
						],
						[
							-91.52683,
							31.28557
						],
						[
							-91.52513,
							31.28707
						],
						[
							-91.52322,
							31.28837
						],
						[
							-91.52153,
							31.28977
						],
						[
							-91.52133,
							31.29277
						],
						[
							-91.51952,
							31.29417
						],
						[
							-91.51942,
							31.29567
						],
						[
							-91.51762,
							31.29707
						],
						[
							-91.51753,
							31.29857
						],
						[
							-91.51573,
							31.29987
						],
						[
							-91.51562,
							31.30137
						],
						[
							-91.51382,
							31.30277
						],
						[
							-91.51202,
							31.30427
						],
						[
							-91.51182,
							31.30717
						],
						[
							-91.51002,
							31.30857
						],
						[
							-91.51002,
							31.31007
						],
						[
							-91.50974,
							31.31447
						],
						[
							-91.50962,
							31.31597
						],
						[
							-91.50783,
							31.31737
						],
						[
							-91.50774,
							31.31877
						],
						[
							-91.50774,
							31.32027
						],
						[
							-91.50751,
							31.32327
						],
						[
							-91.50732,
							31.32617
						],
						[
							-91.50552,
							31.32757
						],
						[
							-91.50532,
							31.33057
						],
						[
							-91.50352,
							31.33197
						],
						[
							-91.50343,
							31.33337
						],
						[
							-91.50163,
							31.33487
						],
						[
							-91.50152,
							31.33627
						],
						[
							-91.49972,
							31.33777
						],
						[
							-91.49963,
							31.33917
						],
						[
							-91.49792,
							31.34057
						],
						[
							-91.49783,
							31.34207
						],
						[
							-91.49772,
							31.34357
						],
						[
							-91.49593,
							31.34487
						],
						[
							-91.49583,
							31.34637
						],
						[
							-91.49403,
							31.34777
						],
						[
							-91.49384,
							31.35077
						],
						[
							-91.49023,
							31.35357
						],
						[
							-91.49013,
							31.35507
						],
						[
							-91.48652,
							31.35787
						],
						[
							-91.48643,
							31.35927
						],
						[
							-91.48463,
							31.36077
						],
						[
							-91.48283,
							31.36217
						],
						[
							-91.48103,
							31.36347
						],
						[
							-91.47922,
							31.36497
						],
						[
							-91.46842,
							31.37337
						],
						[
							-91.46832,
							31.37487
						],
						[
							-91.46652,
							31.37627
						],
						[
							-91.46642,
							31.37767
						],
						[
							-91.46462,
							31.37907
						],
						[
							-91.46432,
							31.38357
						],
						[
							-91.46432,
							31.38497
						],
						[
							-91.46423,
							31.38647
						],
						[
							-91.46403,
							31.38937
						],
						[
							-91.46563,
							31.39097
						],
						[
							-91.46563,
							31.39247
						],
						[
							-91.46722,
							31.39397
						],
						[
							-91.46882,
							31.39557
						],
						[
							-91.47053,
							31.39706
						],
						[
							-91.47212,
							31.39867
						],
						[
							-91.47703,
							31.40327
						],
						[
							-91.47862,
							31.40487
						],
						[
							-91.47852,
							31.40627
						],
						[
							-91.48022,
							31.40787
						],
						[
							-91.48013,
							31.40937
						],
						[
							-91.48173,
							31.41097
						],
						[
							-91.48342,
							31.41246
						],
						[
							-91.48502,
							31.41397
						],
						[
							-91.48663,
							31.41557
						],
						[
							-91.48833,
							31.41707
						],
						[
							-91.48823,
							31.41857
						],
						[
							-91.48993,
							31.41867
						],
						[
							-91.49322,
							31.42176
						],
						[
							-91.49493,
							31.42176
						],
						[
							-91.49654,
							31.42337
						],
						[
							-91.49812,
							31.42487
						],
						[
							-91.49992,
							31.42497
						],
						[
							-91.50153,
							31.42657
						],
						[
							-91.50313,
							31.42807
						],
						[
							-91.50313,
							31.42957
						],
						[
							-91.50304,
							31.43107
						],
						[
							-91.50462,
							31.43257
						],
						[
							-91.50453,
							31.43407
						],
						[
							-91.50623,
							31.43557
						],
						[
							-91.50613,
							31.43707
						],
						[
							-91.50774,
							31.43856
						],
						[
							-91.50763,
							31.44017
						],
						[
							-91.50932,
							31.44167
						],
						[
							-91.50912,
							31.44457
						],
						[
							-91.51083,
							31.44467
						],
						[
							-91.51244,
							31.44617
						],
						[
							-91.51244,
							31.44767
						],
						[
							-91.51233,
							31.44917
						],
						[
							-91.51393,
							31.45077
						],
						[
							-91.51382,
							31.45217
						],
						[
							-91.51382,
							31.45367
						],
						[
							-91.51363,
							31.45517
						],
						[
							-91.51533,
							31.45667
						],
						[
							-91.51514,
							31.45967
						],
						[
							-91.51683,
							31.46117
						],
						[
							-91.51663,
							31.46417
						],
						[
							-91.51633,
							31.46857
						],
						[
							-91.51804,
							31.47007
						],
						[
							-91.51782,
							31.47306
						],
						[
							-91.51762,
							31.47607
						],
						[
							-91.51762,
							31.47747
						],
						[
							-91.51733,
							31.48196
						],
						[
							-91.51723,
							31.48336
						],
						[
							-91.51714,
							31.48487
						],
						[
							-91.51714,
							31.48637
						],
						[
							-91.51533,
							31.48776
						],
						[
							-91.51343,
							31.48917
						],
						[
							-91.51334,
							31.49066
						],
						[
							-91.51334,
							31.49216
						],
						[
							-91.51323,
							31.49356
						],
						[
							-91.50963,
							31.49637
						],
						[
							-91.50774,
							31.49776
						],
						[
							-91.50774,
							31.49927
						],
						[
							-91.50763,
							31.50077
						],
						[
							-91.50583,
							31.50217
						],
						[
							-91.50574,
							31.50366
						],
						[
							-91.50034,
							31.50786
						],
						[
							-91.50012,
							31.51086
						],
						[
							-91.49834,
							31.51226
						],
						[
							-91.49654,
							31.51356
						],
						[
							-91.49643,
							31.51506
						],
						[
							-91.48923,
							31.52066
						],
						[
							-91.48734,
							31.52206
						],
						[
							-91.48563,
							31.52196
						],
						[
							-91.48393,
							31.52196
						],
						[
							-91.48213,
							31.52336
						],
						[
							-91.48041,
							31.52326
						],
						[
							-91.47862,
							31.52466
						],
						[
							-91.47684,
							31.52456
						],
						[
							-91.47323,
							31.52736
						],
						[
							-91.47152,
							31.52736
						],
						[
							-91.46792,
							31.53017
						],
						[
							-91.46442,
							31.52996
						],
						[
							-91.46272,
							31.52996
						],
						[
							-91.46091,
							31.53126
						],
						[
							-91.45922,
							31.53116
						],
						[
							-91.45753,
							31.53116
						],
						[
							-91.45562,
							31.53256
						],
						[
							-91.45393,
							31.53246
						],
						[
							-91.45213,
							31.53386
						],
						[
							-91.45042,
							31.53386
						],
						[
							-91.44872,
							31.53377
						],
						[
							-91.44862,
							31.53526
						],
						[
							-91.44501,
							31.53806
						],
						[
							-91.44323,
							31.53946
						],
						[
							-91.44132,
							31.54087
						],
						[
							-91.43772,
							31.54367
						],
						[
							-91.43603,
							31.54357
						],
						[
							-91.43243,
							31.54637
						],
						[
							-91.43072,
							31.54626
						],
						[
							-91.42883,
							31.54777
						],
						[
							-91.42703,
							31.54906
						],
						[
							-91.42342,
							31.55186
						],
						[
							-91.42172,
							31.55186
						],
						[
							-91.41993,
							31.55326
						],
						[
							-91.41633,
							31.55606
						],
						[
							-91.41453,
							31.55736
						],
						[
							-91.41273,
							31.55886
						],
						[
							-91.41082,
							31.56026
						],
						[
							-91.41073,
							31.56177
						],
						[
							-91.40893,
							31.56306
						],
						[
							-91.40882,
							31.56457
						],
						[
							-91.40702,
							31.56597
						],
						[
							-91.40693,
							31.56746
						],
						[
							-91.40693,
							31.56896
						],
						[
							-91.40513,
							31.57036
						],
						[
							-91.40492,
							31.57186
						],
						[
							-91.40492,
							31.57326
						],
						[
							-91.40482,
							31.57476
						],
						[
							-91.40452,
							31.57916
						],
						[
							-91.40443,
							31.58066
						],
						[
							-91.40443,
							31.58216
						],
						[
							-91.40402,
							31.58806
						],
						[
							-91.40362,
							31.59397
						],
						[
							-91.40362,
							31.59547
						],
						[
							-91.40333,
							31.59986
						],
						[
							-91.40153,
							31.60126
						],
						[
							-91.40133,
							31.60416
						],
						[
							-91.39953,
							31.60566
						],
						[
							-91.39932,
							31.60856
						],
						[
							-91.39753,
							31.60996
						],
						[
							-91.39732,
							31.61296
						],
						[
							-91.39552,
							31.61436
						],
						[
							-91.39532,
							31.61726
						],
						[
							-91.39352,
							31.61867
						],
						[
							-91.39352,
							31.62016
						],
						[
							-91.39332,
							31.62156
						],
						[
							-91.39332,
							31.62306
						],
						[
							-91.39152,
							31.62446
						],
						[
							-91.39123,
							31.62897
						],
						[
							-91.39082,
							31.63486
						],
						[
							-91.39253,
							31.63636
						],
						[
							-91.39213,
							31.64226
						],
						[
							-91.39213,
							31.64376
						],
						[
							-91.39202,
							31.64527
						],
						[
							-91.39362,
							31.64686
						],
						[
							-91.39352,
							31.64826
						],
						[
							-91.39332,
							31.65126
						],
						[
							-91.39503,
							31.65276
						],
						[
							-91.39483,
							31.65576
						],
						[
							-91.39462,
							31.65866
						],
						[
							-91.39452,
							31.66016
						],
						[
							-91.39622,
							31.66176
						],
						[
							-91.39582,
							31.66766
						],
						[
							-91.39753,
							31.66916
						],
						[
							-91.39732,
							31.67206
						],
						[
							-91.39703,
							31.67656
						],
						[
							-91.39703,
							31.67806
						],
						[
							-91.39683,
							31.67956
						],
						[
							-91.39683,
							31.68096
						],
						[
							-91.39663,
							31.68396
						],
						[
							-91.39642,
							31.68686
						],
						[
							-91.39622,
							31.68986
						],
						[
							-91.39622,
							31.69136
						],
						[
							-91.39593,
							31.69576
						],
						[
							-91.39562,
							31.70016
						],
						[
							-91.39382,
							31.70156
						],
						[
							-91.39362,
							31.70456
						],
						[
							-91.39352,
							31.70596
						],
						[
							-91.39352,
							31.70746
						],
						[
							-91.39172,
							31.70886
						],
						[
							-91.38982,
							31.71026
						],
						[
							-91.38972,
							31.71176
						],
						[
							-91.38612,
							31.71456
						],
						[
							-91.38602,
							31.71606
						],
						[
							-91.38422,
							31.71736
						],
						[
							-91.38242,
							31.71886
						],
						[
							-91.38232,
							31.72036
						],
						[
							-91.38052,
							31.72176
						],
						[
							-91.38042,
							31.72316
						],
						[
							-91.37862,
							31.72456
						],
						[
							-91.37852,
							31.72606
						],
						[
							-91.37672,
							31.72746
						],
						[
							-91.37663,
							31.72896
						],
						[
							-91.37483,
							31.73036
						],
						[
							-91.37472,
							31.73186
						],
						[
							-91.37292,
							31.73326
						],
						[
							-91.37272,
							31.73616
						],
						[
							-91.37263,
							31.73766
						],
						[
							-91.37243,
							31.74056
						],
						[
							-91.37063,
							31.74196
						],
						[
							-91.37063,
							31.74346
						],
						[
							-91.37041,
							31.74496
						],
						[
							-91.36863,
							31.74636
						],
						[
							-91.36863,
							31.74786
						],
						[
							-91.36842,
							31.75076
						],
						[
							-91.36661,
							31.75216
						],
						[
							-91.36642,
							31.75516
						],
						[
							-91.36462,
							31.75656
						],
						[
							-91.36442,
							31.75946
						],
						[
							-91.36262,
							31.76086
						],
						[
							-91.36233,
							31.76536
						],
						[
							-91.36053,
							31.76676
						],
						[
							-91.36011,
							31.77266
						],
						[
							-91.36011,
							31.77416
						],
						[
							-91.36002,
							31.77556
						],
						[
							-91.35812,
							31.77696
						],
						[
							-91.35812,
							31.77846
						],
						[
							-91.35802,
							31.77996
						],
						[
							-91.35792,
							31.78136
						],
						[
							-91.35783,
							31.78286
						],
						[
							-91.35943,
							31.78446
						],
						[
							-91.35943,
							31.78596
						],
						[
							-91.35922,
							31.78886
						],
						[
							-91.35912,
							31.79036
						],
						[
							-91.35882,
							31.79476
						],
						[
							-91.35873,
							31.79626
						],
						[
							-91.35693,
							31.79766
						],
						[
							-91.35673,
							31.80066
						],
						[
							-91.35662,
							31.80206
						],
						[
							-91.35662,
							31.80356
						],
						[
							-91.35642,
							31.80656
						],
						[
							-91.35462,
							31.80796
						],
						[
							-91.35412,
							31.81526
						],
						[
							-91.35232,
							31.81676
						],
						[
							-91.35223,
							31.81826
						],
						[
							-91.35212,
							31.81966
						],
						[
							-91.35032,
							31.82106
						],
						[
							-91.35023,
							31.82256
						],
						[
							-91.34843,
							31.82396
						],
						[
							-91.34802,
							31.82986
						],
						[
							-91.34802,
							31.83136
						],
						[
							-91.34782,
							31.83286
						],
						[
							-91.34782,
							31.83426
						],
						[
							-91.34772,
							31.83576
						],
						[
							-91.34592,
							31.83716
						],
						[
							-91.34582,
							31.83866
						],
						[
							-91.34402,
							31.84006
						],
						[
							-91.34392,
							31.84156
						],
						[
							-91.34212,
							31.84296
						],
						[
							-91.34202,
							31.84436
						],
						[
							-91.34013,
							31.84576
						],
						[
							-91.33833,
							31.84716
						],
						[
							-91.33652,
							31.84866
						],
						[
							-91.33472,
							31.84996
						],
						[
							-91.33462,
							31.85146
						],
						[
							-91.33292,
							31.85136
						],
						[
							-91.33112,
							31.85276
						],
						[
							-91.32922,
							31.85416
						],
						[
							-91.32752,
							31.85416
						],
						[
							-91.32572,
							31.85556
						],
						[
							-91.32403,
							31.85546
						],
						[
							-91.32212,
							31.85686
						],
						[
							-91.32043,
							31.85676
						],
						[
							-91.31872,
							31.85676
						],
						[
							-91.31692,
							31.85656
						],
						[
							-91.31531,
							31.85506
						],
						[
							-91.31362,
							31.85496
						],
						[
							-91.31182,
							31.85496
						],
						[
							-91.30642,
							31.85916
						],
						[
							-91.29952,
							31.85876
						],
						[
							-91.29783,
							31.85876
						],
						[
							-91.29603,
							31.85866
						],
						[
							-91.29243,
							31.86146
						],
						[
							-91.28892,
							31.86126
						],
						[
							-91.28722,
							31.86126
						],
						[
							-91.28552,
							31.86116
						],
						[
							-91.28362,
							31.86256
						],
						[
							-91.27842,
							31.86226
						],
						[
							-91.27673,
							31.86226
						],
						[
							-91.27492,
							31.86366
						],
						[
							-91.27322,
							31.86356
						],
						[
							-91.27142,
							31.86356
						],
						[
							-91.26623,
							31.86326
						],
						[
							-91.26452,
							31.86326
						],
						[
							-91.26272,
							31.86456
						],
						[
							-91.26092,
							31.86456
						],
						[
							-91.25922,
							31.86446
						],
						[
							-91.25562,
							31.86726
						],
						[
							-91.25382,
							31.86716
						],
						[
							-91.25022,
							31.86996
						],
						[
							-91.24853,
							31.86986
						],
						[
							-91.24673,
							31.87126
						],
						[
							-91.24482,
							31.87266
						],
						[
							-91.24122,
							31.87546
						],
						[
							-91.23953,
							31.87536
						],
						[
							-91.23762,
							31.87676
						],
						[
							-91.23582,
							31.87816
						],
						[
							-91.23412,
							31.87816
						],
						[
							-91.23232,
							31.87946
						],
						[
							-91.23041,
							31.88086
						],
						[
							-91.22862,
							31.88236
						],
						[
							-91.22683,
							31.88376
						],
						[
							-91.22323,
							31.88656
						],
						[
							-91.22132,
							31.88796
						],
						[
							-91.21412,
							31.89356
						],
						[
							-91.21403,
							31.89506
						],
						[
							-91.21212,
							31.89646
						],
						[
							-91.21203,
							31.89786
						],
						[
							-91.20663,
							31.90206
						],
						[
							-91.20643,
							31.90506
						],
						[
							-91.20463,
							31.90646
						],
						[
							-91.20452,
							31.90786
						],
						[
							-91.20263,
							31.90926
						],
						[
							-91.19903,
							31.91206
						],
						[
							-91.19883,
							31.91506
						],
						[
							-91.19862,
							31.91795
						],
						[
							-91.19862,
							31.91945
						],
						[
							-91.19842,
							31.92096
						],
						[
							-91.19842,
							31.92246
						],
						[
							-91.19822,
							31.92536
						],
						[
							-91.19793,
							31.92986
						],
						[
							-91.19772,
							31.93276
						],
						[
							-91.19752,
							31.93576
						],
						[
							-91.19752,
							31.93716
						],
						[
							-91.19743,
							31.93866
						],
						[
							-91.19552,
							31.94006
						],
						[
							-91.19552,
							31.94156
						],
						[
							-91.19543,
							31.94306
						],
						[
							-91.19352,
							31.94446
						],
						[
							-91.19332,
							31.94736
						],
						[
							-91.19323,
							31.94886
						],
						[
							-91.19323,
							31.95036
						],
						[
							-91.19132,
							31.95176
						],
						[
							-91.19122,
							31.95316
						],
						[
							-91.19122,
							31.95466
						],
						[
							-91.19112,
							31.95616
						],
						[
							-91.18922,
							31.95755
						],
						[
							-91.18913,
							31.95896
						],
						[
							-91.18733,
							31.96045
						],
						[
							-91.18722,
							31.96185
						],
						[
							-91.18713,
							31.96336
						],
						[
							-91.18713,
							31.96486
						],
						[
							-91.18693,
							31.96635
						],
						[
							-91.18513,
							31.96776
						],
						[
							-91.18513,
							31.96925
						],
						[
							-91.18322,
							31.97055
						],
						[
							-91.18313,
							31.97205
						],
						[
							-91.18133,
							31.97346
						],
						[
							-91.18122,
							31.97495
						],
						[
							-91.17762,
							31.97775
						],
						[
							-91.17753,
							31.97926
						],
						[
							-91.17562,
							31.98066
						],
						[
							-91.17202,
							31.98346
						],
						[
							-91.16853,
							31.98325
						],
						[
							-91.16682,
							31.98325
						],
						[
							-91.16502,
							31.98315
						],
						[
							-91.16322,
							31.98455
						],
						[
							-91.15802,
							31.98426
						],
						[
							-91.15631,
							31.98425
						],
						[
							-91.14941,
							31.98386
						],
						[
							-91.14772,
							31.98386
						],
						[
							-91.14592,
							31.98375
						],
						[
							-91.14232,
							31.98655
						],
						[
							-91.13532,
							31.98615
						],
						[
							-91.13362,
							31.98615
						],
						[
							-91.13182,
							31.98755
						],
						[
							-91.12662,
							31.98726
						],
						[
							-91.12482,
							31.98726
						],
						[
							-91.12141,
							31.98705
						],
						[
							-91.11621,
							31.98675
						],
						[
							-91.11441,
							31.98675
						],
						[
							-91.10901,
							31.99095
						],
						[
							-91.10712,
							31.99235
						],
						[
							-91.10352,
							31.99516
						],
						[
							-91.10171,
							31.99646
						],
						[
							-91.09981,
							31.99796
						],
						[
							-91.09622,
							32.00075
						],
						[
							-91.09442,
							32.00206
						],
						[
							-91.09431,
							32.00355
						],
						[
							-91.09241,
							32.00496
						],
						[
							-91.08882,
							32.00776
						],
						[
							-91.08702,
							32.00915
						],
						[
							-91.08691,
							32.01065
						],
						[
							-91.08502,
							32.01205
						],
						[
							-91.08322,
							32.01345
						],
						[
							-91.08301,
							32.01645
						],
						[
							-91.08121,
							32.01775
						],
						[
							-91.08112,
							32.01925
						],
						[
							-91.07931,
							32.02065
						],
						[
							-91.07921,
							32.02215
						],
						[
							-91.07732,
							32.02356
						],
						[
							-91.07552,
							32.02495
						],
						[
							-91.07521,
							32.02935
						],
						[
							-91.07512,
							32.03085
						],
						[
							-91.07512,
							32.03235
						],
						[
							-91.07321,
							32.03365
						],
						[
							-91.07141,
							32.03505
						],
						[
							-91.06961,
							32.03656
						],
						[
							-91.06772,
							32.03785
						],
						[
							-91.06752,
							32.04085
						],
						[
							-91.06572,
							32.04225
						],
						[
							-91.06561,
							32.04375
						],
						[
							-91.06201,
							32.04655
						],
						[
							-91.06181,
							32.04945
						],
						[
							-91.06172,
							32.05095
						],
						[
							-91.06151,
							32.05385
						],
						[
							-91.06142,
							32.05535
						],
						[
							-91.05962,
							32.05675
						],
						[
							-91.05951,
							32.05825
						],
						[
							-91.05762,
							32.05965
						],
						[
							-91.05762,
							32.06115
						],
						[
							-91.05571,
							32.06255
						],
						[
							-91.05742,
							32.06405
						],
						[
							-91.05731,
							32.06556
						],
						[
							-91.05891,
							32.06715
						],
						[
							-91.06061,
							32.06875
						],
						[
							-91.06381,
							32.07175
						],
						[
							-91.06372,
							32.07325
						],
						[
							-91.06541,
							32.07486
						],
						[
							-91.06702,
							32.07635
						],
						[
							-91.07031,
							32.07945
						],
						[
							-91.07192,
							32.08105
						],
						[
							-91.07361,
							32.08265
						],
						[
							-91.07692,
							32.08575
						],
						[
							-91.07852,
							32.08735
						],
						[
							-91.08011,
							32.08885
						],
						[
							-91.08182,
							32.09035
						],
						[
							-91.08342,
							32.09195
						],
						[
							-91.08511,
							32.09355
						],
						[
							-91.08672,
							32.09505
						],
						[
							-91.08832,
							32.09665
						],
						[
							-91.08832,
							32.09815
						],
						[
							-91.08992,
							32.09965
						],
						[
							-91.09151,
							32.10125
						],
						[
							-91.09322,
							32.10274
						],
						[
							-91.09482,
							32.10435
						],
						[
							-91.09651,
							32.10595
						],
						[
							-91.09981,
							32.10905
						],
						[
							-91.09972,
							32.11045
						],
						[
							-91.10132,
							32.11205
						],
						[
							-91.10461,
							32.11515
						],
						[
							-91.10622,
							32.11675
						],
						[
							-91.10791,
							32.11825
						],
						[
							-91.10951,
							32.11985
						],
						[
							-91.10931,
							32.12285
						],
						[
							-91.11101,
							32.12435
						],
						[
							-91.11092,
							32.12585
						],
						[
							-91.11061,
							32.13025
						],
						[
							-91.11032,
							32.13475
						],
						[
							-91.11011,
							32.13765
						],
						[
							-91.10962,
							32.14505
						],
						[
							-91.10962,
							32.14655
						],
						[
							-91.10771,
							32.14785
						],
						[
							-91.10411,
							32.15065
						],
						[
							-91.10222,
							32.15205
						],
						[
							-91.10042,
							32.15345
						],
						[
							-91.09871,
							32.15345
						],
						[
							-91.09521,
							32.15325
						],
						[
							-91.09361,
							32.15165
						],
						[
							-91.09181,
							32.15165
						],
						[
							-91.09021,
							32.15005
						],
						[
							-91.08852,
							32.14855
						],
						[
							-91.08691,
							32.14695
						],
						[
							-91.08522,
							32.14535
						],
						[
							-91.08362,
							32.14385
						],
						[
							-91.08191,
							32.14375
						],
						[
							-91.08021,
							32.14225
						],
						[
							-91.07852,
							32.14215
						],
						[
							-91.07692,
							32.14055
						],
						[
							-91.07361,
							32.13745
						],
						[
							-91.07031,
							32.13435
						],
						[
							-91.06862,
							32.13425
						],
						[
							-91.06691,
							32.13265
						],
						[
							-91.06522,
							32.13265
						],
						[
							-91.06351,
							32.13105
						],
						[
							-91.06192,
							32.12945
						],
						[
							-91.06012,
							32.12935
						],
						[
							-91.05692,
							32.12635
						],
						[
							-91.05522,
							32.12475
						],
						[
							-91.05362,
							32.12315
						],
						[
							-91.05182,
							32.12305
						],
						[
							-91.05011,
							32.12305
						],
						[
							-91.04492,
							32.12275
						],
						[
							-91.04321,
							32.12275
						],
						[
							-91.03801,
							32.12245
						],
						[
							-91.03612,
							32.12385
						],
						[
							-91.03441,
							32.12375
						],
						[
							-91.03261,
							32.12375
						],
						[
							-91.03081,
							32.12505
						],
						[
							-91.02911,
							32.12505
						],
						[
							-91.02722,
							32.12645
						],
						[
							-91.02551,
							32.12635
						],
						[
							-91.02371,
							32.12765
						],
						[
							-91.02202,
							32.12765
						],
						[
							-91.02011,
							32.12905
						],
						[
							-91.01831,
							32.13035
						],
						[
							-91.01651,
							32.13185
						],
						[
							-91.01462,
							32.13325
						],
						[
							-91.01102,
							32.13605
						],
						[
							-91.00911,
							32.13745
						],
						[
							-91.00902,
							32.13885
						],
						[
							-91.00902,
							32.14035
						],
						[
							-91.00711,
							32.14175
						],
						[
							-91.00702,
							32.14325
						],
						[
							-91.00522,
							32.14465
						],
						[
							-91.00491,
							32.14905
						],
						[
							-91.00482,
							32.15055
						],
						[
							-91.00461,
							32.15345
						],
						[
							-91.00421,
							32.15945
						],
						[
							-91.00412,
							32.16095
						],
						[
							-91.00232,
							32.16235
						],
						[
							-91.00221,
							32.16375
						],
						[
							-91.00041,
							32.16515
						],
						[
							-91.00032,
							32.16665
						],
						[
							-91.00011,
							32.16955
						],
						[
							-91.00002,
							32.17105
						],
						[
							-90.99971,
							32.17545
						],
						[
							-90.99942,
							32.17995
						],
						[
							-90.99931,
							32.18135
						],
						[
							-90.99922,
							32.18294
						],
						[
							-90.99901,
							32.18585
						],
						[
							-90.99721,
							32.18725
						],
						[
							-90.99712,
							32.18875
						],
						[
							-90.99701,
							32.19014
						],
						[
							-90.99672,
							32.19465
						],
						[
							-90.99631,
							32.20054
						],
						[
							-90.99622,
							32.20205
						],
						[
							-90.99442,
							32.20344
						],
						[
							-90.99411,
							32.20784
						],
						[
							-90.99231,
							32.20925
						],
						[
							-90.99211,
							32.21215
						],
						[
							-90.99031,
							32.21364
						],
						[
							-90.98842,
							32.21505
						],
						[
							-90.98831,
							32.21644
						],
						[
							-90.98822,
							32.21795
						],
						[
							-90.98802,
							32.22084
						],
						[
							-90.98802,
							32.22235
						],
						[
							-90.98781,
							32.22384
						],
						[
							-90.98781,
							32.22535
						],
						[
							-90.98761,
							32.22674
						],
						[
							-90.98761,
							32.22825
						],
						[
							-90.98732,
							32.23275
						],
						[
							-90.98721,
							32.23414
						],
						[
							-90.98701,
							32.23715
						],
						[
							-90.98521,
							32.23854
						],
						[
							-90.98511,
							32.24005
						],
						[
							-90.98322,
							32.24144
						],
						[
							-90.98311,
							32.24285
						],
						[
							-90.98131,
							32.24424
						],
						[
							-90.98122,
							32.24575
						],
						[
							-90.97942,
							32.24714
						],
						[
							-90.97751,
							32.24855
						],
						[
							-90.97391,
							32.25135
						],
						[
							-90.97201,
							32.25274
						],
						[
							-90.97182,
							32.25575
						],
						[
							-90.97171,
							32.25715
						],
						[
							-90.97162,
							32.25865
						],
						[
							-90.96982,
							32.26004
						],
						[
							-90.96971,
							32.26155
						],
						[
							-90.96791,
							32.26294
						],
						[
							-90.96782,
							32.26445
						],
						[
							-90.96591,
							32.26584
						],
						[
							-90.96231,
							32.26864
						],
						[
							-90.96222,
							32.27005
						],
						[
							-90.96031,
							32.27144
						],
						[
							-90.96022,
							32.27294
						],
						[
							-90.95482,
							32.27714
						],
						[
							-90.95462,
							32.27864
						],
						[
							-90.95282,
							32.27994
						],
						[
							-90.95271,
							32.28154
						],
						[
							-90.94902,
							32.28424
						],
						[
							-90.94891,
							32.28575
						],
						[
							-90.94711,
							32.28714
						],
						[
							-90.94702,
							32.28855
						],
						[
							-90.94522,
							32.28994
						],
						[
							-90.94331,
							32.29145
						],
						[
							-90.94151,
							32.29274
						],
						[
							-90.93982,
							32.29274
						],
						[
							-90.93791,
							32.29415
						],
						[
							-90.93611,
							32.29554
						],
						[
							-90.93422,
							32.29695
						],
						[
							-90.93242,
							32.29824
						],
						[
							-90.93062,
							32.29974
						],
						[
							-90.92871,
							32.30104
						],
						[
							-90.92691,
							32.30244
						],
						[
							-90.92511,
							32.30244
						],
						[
							-90.92151,
							32.30525
						],
						[
							-90.91971,
							32.30654
						],
						[
							-90.91942,
							32.31104
						],
						[
							-90.91751,
							32.31244
						],
						[
							-90.91571,
							32.31384
						],
						[
							-90.91562,
							32.31534
						],
						[
							-90.91382,
							32.31674
						],
						[
							-90.91191,
							32.31804
						],
						[
							-90.91182,
							32.31954
						],
						[
							-90.91141,
							32.32544
						],
						[
							-90.90961,
							32.32684
						],
						[
							-90.90932,
							32.33134
						],
						[
							-90.90921,
							32.33274
						],
						[
							-90.90892,
							32.33724
						],
						[
							-90.90881,
							32.33864
						],
						[
							-90.90872,
							32.34014
						],
						[
							-90.91222,
							32.34034
						],
						[
							-90.91382,
							32.34194
						],
						[
							-90.91551,
							32.34345
						],
						[
							-90.91722,
							32.34354
						],
						[
							-90.91891,
							32.34504
						],
						[
							-90.92212,
							32.34824
						],
						[
							-90.92381,
							32.34974
						],
						[
							-90.92731,
							32.34994
						],
						[
							-90.92902,
							32.35004
						],
						[
							-90.93071,
							32.35004
						],
						[
							-90.93251,
							32.35024
						],
						[
							-90.93422,
							32.35024
						],
						[
							-90.93771,
							32.35044
						],
						[
							-90.93951,
							32.35044
						],
						[
							-90.94121,
							32.35064
						],
						[
							-90.94292,
							32.35064
						],
						[
							-90.94821,
							32.35095
						],
						[
							-90.94981,
							32.35244
						],
						[
							-90.95161,
							32.35104
						],
						[
							-90.95862,
							32.35144
						],
						[
							-90.96031,
							32.35144
						],
						[
							-90.96211,
							32.35164
						],
						[
							-90.96382,
							32.35164
						],
						[
							-90.96562,
							32.35174
						],
						[
							-90.96721,
							32.35324
						],
						[
							-90.97421,
							32.35364
						],
						[
							-90.97581,
							32.35524
						],
						[
							-90.97751,
							32.35524
						],
						[
							-90.97931,
							32.35534
						],
						[
							-90.98091,
							32.35694
						],
						[
							-90.98271,
							32.35704
						],
						[
							-90.98442,
							32.35704
						],
						[
							-90.98631,
							32.35564
						],
						[
							-90.98802,
							32.35574
						],
						[
							-90.98961,
							32.35734
						],
						[
							-90.99141,
							32.35734
						],
						[
							-90.99312,
							32.35744
						],
						[
							-91.00011,
							32.35784
						],
						[
							-91.00171,
							32.35934
						],
						[
							-91.00351,
							32.35944
						],
						[
							-91.00511,
							32.36104
						],
						[
							-91.00682,
							32.36254
						],
						[
							-91.00841,
							32.36414
						],
						[
							-91.00832,
							32.36554
						],
						[
							-91.01001,
							32.36714
						],
						[
							-91.00981,
							32.37014
						],
						[
							-91.00792,
							32.37154
						],
						[
							-91.00781,
							32.37304
						],
						[
							-91.00601,
							32.37444
						],
						[
							-91.00572,
							32.37884
						],
						[
							-91.00392,
							32.38024
						],
						[
							-91.00382,
							32.38164
						],
						[
							-91.00201,
							32.38314
						],
						[
							-91.00191,
							32.38454
						],
						[
							-91.00002,
							32.38594
						],
						[
							-90.99991,
							32.38744
						],
						[
							-90.99811,
							32.38884
						],
						[
							-90.99802,
							32.39034
						],
						[
							-90.99611,
							32.39174
						],
						[
							-90.99611,
							32.39324
						],
						[
							-90.99591,
							32.39464
						],
						[
							-90.99411,
							32.39604
						],
						[
							-90.99382,
							32.40054
						],
						[
							-90.99371,
							32.40194
						],
						[
							-90.99191,
							32.40344
						],
						[
							-90.99171,
							32.40634
						],
						[
							-90.99341,
							32.40784
						],
						[
							-90.99321,
							32.40944
						],
						[
							-90.99321,
							32.41084
						],
						[
							-90.99312,
							32.41233
						],
						[
							-90.99472,
							32.41394
						],
						[
							-90.99451,
							32.41684
						],
						[
							-90.99622,
							32.41844
						],
						[
							-90.99611,
							32.41994
						],
						[
							-90.99942,
							32.42304
						],
						[
							-90.99931,
							32.42444
						],
						[
							-91.00101,
							32.42453
						],
						[
							-91.00261,
							32.42614
						],
						[
							-91.00432,
							32.42764
						],
						[
							-91.00592,
							32.42923
						],
						[
							-91.00922,
							32.43234
						],
						[
							-91.01111,
							32.43093
						],
						[
							-91.01271,
							32.43254
						],
						[
							-91.01442,
							32.43404
						],
						[
							-91.01611,
							32.43414
						],
						[
							-91.01781,
							32.43573
						],
						[
							-91.01952,
							32.43584
						],
						[
							-91.02121,
							32.43734
						],
						[
							-91.02472,
							32.43753
						],
						[
							-91.02641,
							32.43764
						],
						[
							-91.02801,
							32.43914
						],
						[
							-91.03331,
							32.43943
						],
						[
							-91.03502,
							32.43943
						],
						[
							-91.03851,
							32.43964
						],
						[
							-91.04012,
							32.44123
						],
						[
							-91.04192,
							32.44133
						],
						[
							-91.04361,
							32.44133
						],
						[
							-91.04712,
							32.44154
						],
						[
							-91.04881,
							32.44304
						],
						[
							-91.05052,
							32.44324
						],
						[
							-91.05211,
							32.44474
						],
						[
							-91.05391,
							32.44484
						],
						[
							-91.05562,
							32.44484
						],
						[
							-91.05731,
							32.44644
						],
						[
							-91.06082,
							32.44664
						],
						[
							-91.06241,
							32.44814
						],
						[
							-91.06421,
							32.44834
						],
						[
							-91.06581,
							32.44984
						],
						[
							-91.06752,
							32.44994
						],
						[
							-91.06921,
							32.45143
						],
						[
							-91.07091,
							32.45153
						],
						[
							-91.07262,
							32.45314
						],
						[
							-91.07431,
							32.45314
						],
						[
							-91.07602,
							32.45474
						],
						[
							-91.07771,
							32.45484
						],
						[
							-91.07951,
							32.45484
						],
						[
							-91.08112,
							32.45644
						],
						[
							-91.08281,
							32.45654
						],
						[
							-91.08452,
							32.45804
						],
						[
							-91.08621,
							32.45964
						],
						[
							-91.08792,
							32.45974
						],
						[
							-91.08961,
							32.46124
						],
						[
							-91.09122,
							32.46284
						],
						[
							-91.09291,
							32.46284
						],
						[
							-91.09462,
							32.46444
						],
						[
							-91.09622,
							32.46604
						],
						[
							-91.09792,
							32.46764
						],
						[
							-91.09952,
							32.46914
						],
						[
							-91.10132,
							32.46923
						],
						[
							-91.10461,
							32.47234
						],
						[
							-91.10622,
							32.47393
						],
						[
							-91.10791,
							32.47543
						],
						[
							-91.10962,
							32.47554
						],
						[
							-91.11131,
							32.47714
						],
						[
							-91.11461,
							32.48023
						],
						[
							-91.11452,
							32.48174
						],
						[
							-91.11612,
							32.48323
						],
						[
							-91.11592,
							32.48624
						],
						[
							-91.11762,
							32.48773
						],
						[
							-91.11581,
							32.48914
						],
						[
							-91.11562,
							32.49213
						],
						[
							-91.11551,
							32.49353
						],
						[
							-91.11542,
							32.49504
						],
						[
							-91.11351,
							32.49644
						],
						[
							-91.11351,
							32.49794
						],
						[
							-91.11331,
							32.50083
						],
						[
							-91.11322,
							32.50234
						],
						[
							-91.11131,
							32.50383
						],
						[
							-91.11101,
							32.50823
						],
						[
							-91.10921,
							32.50964
						],
						[
							-91.10912,
							32.51104
						],
						[
							-91.10731,
							32.51253
						],
						[
							-91.10721,
							32.51393
						],
						[
							-91.10541,
							32.51543
						],
						[
							-91.10352,
							32.51683
						],
						[
							-91.10171,
							32.51814
						],
						[
							-91.10161,
							32.51963
						],
						[
							-91.09972,
							32.52103
						],
						[
							-91.09961,
							32.52254
						],
						[
							-91.09781,
							32.52393
						],
						[
							-91.09772,
							32.52544
						],
						[
							-91.09761,
							32.52683
						],
						[
							-91.09581,
							32.52834
						],
						[
							-91.09541,
							32.53413
						],
						[
							-91.09532,
							32.53564
						],
						[
							-91.09691,
							32.53723
						],
						[
							-91.09511,
							32.53863
						],
						[
							-91.09502,
							32.54013
						],
						[
							-91.09671,
							32.54173
						],
						[
							-91.09651,
							32.54463
						],
						[
							-91.09642,
							32.54613
						],
						[
							-91.09601,
							32.55203
						],
						[
							-91.09772,
							32.55353
						],
						[
							-91.09741,
							32.55804
						],
						[
							-91.09901,
							32.55963
						],
						[
							-91.10071,
							32.56113
						],
						[
							-91.10062,
							32.56264
						],
						[
							-91.10222,
							32.56413
						],
						[
							-91.10391,
							32.56573
						],
						[
							-91.10382,
							32.56723
						],
						[
							-91.10541,
							32.56873
						],
						[
							-91.10541,
							32.57024
						],
						[
							-91.10701,
							32.57183
						],
						[
							-91.10872,
							32.57333
						],
						[
							-91.10861,
							32.57484
						],
						[
							-91.11021,
							32.57633
						],
						[
							-91.11011,
							32.57784
						],
						[
							-91.11182,
							32.57944
						],
						[
							-91.11171,
							32.58083
						],
						[
							-91.11331,
							32.58244
						],
						[
							-91.11502,
							32.58403
						],
						[
							-91.11491,
							32.58553
						],
						[
							-91.11821,
							32.58863
						],
						[
							-91.11992,
							32.59013
						],
						[
							-91.11981,
							32.59164
						],
						[
							-91.12141,
							32.59323
						],
						[
							-91.12131,
							32.59463
						],
						[
							-91.12302,
							32.59624
						],
						[
							-91.12471,
							32.59634
						],
						[
							-91.12642,
							32.59783
						],
						[
							-91.12802,
							32.59943
						],
						[
							-91.12982,
							32.59953
						],
						[
							-91.13141,
							32.60113
						],
						[
							-91.13132,
							32.60253
						],
						[
							-91.13481,
							32.60273
						],
						[
							-91.13492,
							32.60123
						],
						[
							-91.13672,
							32.59983
						],
						[
							-91.13852,
							32.59993
						],
						[
							-91.14181,
							32.60303
						],
						[
							-91.14171,
							32.60453
						],
						[
							-91.14342,
							32.60603
						],
						[
							-91.14331,
							32.60753
						],
						[
							-91.14491,
							32.60913
						],
						[
							-91.14482,
							32.61053
						],
						[
							-91.14651,
							32.61214
						],
						[
							-91.14632,
							32.61513
						],
						[
							-91.14801,
							32.61663
						],
						[
							-91.14772,
							32.62113
						],
						[
							-91.14761,
							32.62253
						],
						[
							-91.14741,
							32.62553
						],
						[
							-91.14551,
							32.62693
						],
						[
							-91.14731,
							32.62703
						],
						[
							-91.15222,
							32.63163
						],
						[
							-91.15561,
							32.63483
						],
						[
							-91.15552,
							32.63633
						],
						[
							-91.15218,
							32.64169
						],
						[
							-91.15093,
							32.64476
						],
						[
							-91.15097,
							32.64983
						],
						[
							-91.14919,
							32.65854
						],
						[
							-91.14898,
							32.66195
						],
						[
							-91.14829,
							32.66445
						],
						[
							-91.14661,
							32.66587
						],
						[
							-91.14432,
							32.66831
						],
						[
							-91.14102,
							32.6698
						],
						[
							-91.13699,
							32.67157
						],
						[
							-91.13264,
							32.67287
						],
						[
							-91.12819,
							32.67283
						],
						[
							-91.1251,
							32.67388
						],
						[
							-91.12238,
							32.67451
						],
						[
							-91.12033,
							32.67606
						],
						[
							-91.11803,
							32.67865
						],
						[
							-91.11601,
							32.67893
						],
						[
							-91.11412,
							32.68033
						],
						[
							-91.11241,
							32.68023
						],
						[
							-91.11061,
							32.68023
						],
						[
							-91.10881,
							32.68163
						],
						[
							-91.10701,
							32.68153
						],
						[
							-91.10521,
							32.68293
						],
						[
							-91.10171,
							32.68273
						],
						[
							-91.09981,
							32.68413
						],
						[
							-91.09801,
							32.68553
						],
						[
							-91.09631,
							32.68553
						],
						[
							-91.09451,
							32.68543
						],
						[
							-91.09271,
							32.68683
						],
						[
							-91.09082,
							32.68823
						],
						[
							-91.08911,
							32.68813
						],
						[
							-91.08722,
							32.68953
						],
						[
							-91.08542,
							32.69093
						],
						[
							-91.08362,
							32.69083
						],
						[
							-91.08351,
							32.69233
						],
						[
							-91.07991,
							32.69513
						],
						[
							-91.07802,
							32.69653
						],
						[
							-91.07782,
							32.69943
						],
						[
							-91.07602,
							32.70083
						],
						[
							-91.07582,
							32.70383
						],
						[
							-91.07561,
							32.70673
						],
						[
							-91.07372,
							32.70813
						],
						[
							-91.07372,
							32.70963
						],
						[
							-91.07181,
							32.71103
						],
						[
							-91.07001,
							32.71253
						],
						[
							-91.06812,
							32.71383
						],
						[
							-91.06642,
							32.71383
						],
						[
							-91.06632,
							32.71523
						],
						[
							-91.06441,
							32.71673
						],
						[
							-91.06432,
							32.71812
						],
						[
							-91.06601,
							32.71973
						],
						[
							-91.06592,
							32.72112
						],
						[
							-91.06761,
							32.72123
						],
						[
							-91.06932,
							32.72273
						],
						[
							-91.07101,
							32.72292
						],
						[
							-91.07282,
							32.72292
						],
						[
							-91.07631,
							32.72313
						],
						[
							-91.07982,
							32.72333
						],
						[
							-91.08151,
							32.72482
						],
						[
							-91.08312,
							32.72642
						],
						[
							-91.08481,
							32.72793
						],
						[
							-91.08641,
							32.72952
						],
						[
							-91.08821,
							32.72963
						],
						[
							-91.08981,
							32.73122
						],
						[
							-91.09161,
							32.73122
						],
						[
							-91.09322,
							32.73283
						],
						[
							-91.09502,
							32.73293
						],
						[
							-91.09671,
							32.73293
						],
						[
							-91.10202,
							32.73323
						],
						[
							-91.10382,
							32.73183
						],
						[
							-91.10562,
							32.73193
						],
						[
							-91.10731,
							32.73193
						],
						[
							-91.11081,
							32.73212
						],
						[
							-91.11272,
							32.73073
						],
						[
							-91.11441,
							32.73083
						],
						[
							-91.11621,
							32.73083
						],
						[
							-91.11792,
							32.73103
						],
						[
							-91.11972,
							32.73103
						],
						[
							-91.12491,
							32.73132
						],
						[
							-91.12671,
							32.73132
						],
						[
							-91.13191,
							32.73163
						],
						[
							-91.13371,
							32.73173
						],
						[
							-91.13542,
							32.73173
						],
						[
							-91.13892,
							32.73193
						],
						[
							-91.14061,
							32.73193
						],
						[
							-91.14241,
							32.73213
						],
						[
							-91.14412,
							32.73363
						],
						[
							-91.14581,
							32.73373
						],
						[
							-91.14772,
							32.73232
						],
						[
							-91.14931,
							32.73393
						],
						[
							-91.15111,
							32.73392
						],
						[
							-91.15271,
							32.73553
						],
						[
							-91.15451,
							32.73563
						],
						[
							-91.15782,
							32.73872
						],
						[
							-91.15951,
							32.73882
						],
						[
							-91.16121,
							32.74033
						],
						[
							-91.16281,
							32.74193
						],
						[
							-91.16461,
							32.74203
						],
						[
							-91.16621,
							32.74352
						],
						[
							-91.16791,
							32.74513
						],
						[
							-91.16782,
							32.74653
						],
						[
							-91.17111,
							32.74963
						],
						[
							-91.17102,
							32.75123
						],
						[
							-91.17271,
							32.75272
						],
						[
							-91.17261,
							32.75413
						],
						[
							-91.17252,
							32.75573
						],
						[
							-91.17241,
							32.75713
						],
						[
							-91.17201,
							32.76312
						],
						[
							-91.17192,
							32.76463
						],
						[
							-91.17192,
							32.76603
						],
						[
							-91.17171,
							32.76893
						],
						[
							-91.17142,
							32.77342
						],
						[
							-91.17302,
							32.77493
						],
						[
							-91.17302,
							32.77643
						],
						[
							-91.17282,
							32.77943
						],
						[
							-91.17261,
							32.78243
						],
						[
							-91.17081,
							32.78383
						],
						[
							-91.17061,
							32.78522
						],
						[
							-91.17061,
							32.78673
						],
						[
							-91.16872,
							32.78812
						],
						[
							-91.16852,
							32.79112
						],
						[
							-91.16821,
							32.79552
						],
						[
							-91.16812,
							32.79703
						],
						[
							-91.16632,
							32.79842
						],
						[
							-91.16801,
							32.79993
						],
						[
							-91.16771,
							32.80443
						],
						[
							-91.16582,
							32.80582
						],
						[
							-91.16571,
							32.80733
						],
						[
							-91.16742,
							32.80882
						],
						[
							-91.16711,
							32.81332
						],
						[
							-91.16701,
							32.81472
						],
						[
							-91.16521,
							32.81612
						],
						[
							-91.16512,
							32.81762
						],
						[
							-91.16321,
							32.81902
						],
						[
							-91.16321,
							32.82053
						],
						[
							-91.16301,
							32.82203
						],
						[
							-91.16121,
							32.82343
						],
						[
							-91.16101,
							32.82642
						],
						[
							-91.15921,
							32.82772
						],
						[
							-91.15912,
							32.82922
						],
						[
							-91.15732,
							32.83062
						],
						[
							-91.15552,
							32.83062
						],
						[
							-91.15361,
							32.83202
						],
						[
							-91.15181,
							32.83343
						],
						[
							-91.15172,
							32.83482
						],
						[
							-91.14992,
							32.83623
						],
						[
							-91.14801,
							32.83762
						],
						[
							-91.14792,
							32.83913
						],
						[
							-91.14612,
							32.84052
						],
						[
							-91.14421,
							32.84192
						],
						[
							-91.14241,
							32.84332
						],
						[
							-91.14061,
							32.84322
						],
						[
							-91.13881,
							32.84463
						],
						[
							-91.13872,
							32.84612
						],
						[
							-91.13681,
							32.84752
						],
						[
							-91.13321,
							32.85032
						],
						[
							-91.13132,
							32.85172
						],
						[
							-91.13112,
							32.85473
						],
						[
							-91.12932,
							32.85612
						],
						[
							-91.12741,
							32.85753
						],
						[
							-91.12561,
							32.85892
						],
						[
							-91.12372,
							32.86023
						],
						[
							-91.12201,
							32.86023
						],
						[
							-91.12012,
							32.86162
						],
						[
							-91.11832,
							32.86303
						],
						[
							-91.11652,
							32.86292
						],
						[
							-91.11641,
							32.86442
						],
						[
							-91.11281,
							32.86722
						],
						[
							-91.11092,
							32.86863
						],
						[
							-91.10901,
							32.87002
						],
						[
							-91.10892,
							32.87152
						],
						[
							-91.10712,
							32.87292
						],
						[
							-91.10341,
							32.87562
						],
						[
							-91.10161,
							32.87712
						],
						[
							-91.09972,
							32.87852
						],
						[
							-91.09792,
							32.87993
						],
						[
							-91.09601,
							32.88132
						],
						[
							-91.09431,
							32.88122
						],
						[
							-91.09241,
							32.88263
						],
						[
							-91.09062,
							32.88402
						],
						[
							-91.09051,
							32.88543
						],
						[
							-91.08861,
							32.88682
						],
						[
							-91.08681,
							32.88833
						],
						[
							-91.08491,
							32.88962
						],
						[
							-91.08661,
							32.89122
						],
						[
							-91.08472,
							32.89262
						],
						[
							-91.08472,
							32.89412
						],
						[
							-91.08441,
							32.89852
						],
						[
							-91.08601,
							32.90012
						],
						[
							-91.08771,
							32.90172
						],
						[
							-91.08762,
							32.90313
						],
						[
							-91.08922,
							32.90472
						],
						[
							-91.08922,
							32.90622
						],
						[
							-91.08911,
							32.90762
						],
						[
							-91.08891,
							32.91063
						],
						[
							-91.09051,
							32.91212
						],
						[
							-91.09041,
							32.91362
						],
						[
							-91.09032,
							32.91522
						],
						[
							-91.09012,
							32.91813
						],
						[
							-91.09181,
							32.91962
						],
						[
							-91.09172,
							32.92112
						],
						[
							-91.09151,
							32.92412
						],
						[
							-91.09141,
							32.92562
						],
						[
							-91.09131,
							32.92702
						],
						[
							-91.09111,
							32.93002
						],
						[
							-91.09111,
							32.93152
						],
						[
							-91.09091,
							32.93442
						],
						[
							-91.09251,
							32.93602
						],
						[
							-91.09241,
							32.93752
						],
						[
							-91.09412,
							32.93902
						],
						[
							-91.09761,
							32.93922
						],
						[
							-91.09941,
							32.93782
						],
						[
							-91.10112,
							32.93932
						],
						[
							-91.10281,
							32.94092
						],
						[
							-91.10442,
							32.94252
						],
						[
							-91.10611,
							32.94402
						],
						[
							-91.10782,
							32.94412
						],
						[
							-91.10951,
							32.94572
						],
						[
							-91.11131,
							32.94572
						],
						[
							-91.11292,
							32.94732
						],
						[
							-91.11472,
							32.94742
						],
						[
							-91.11632,
							32.94902
						],
						[
							-91.11821,
							32.94762
						],
						[
							-91.11992,
							32.94762
						],
						[
							-91.12172,
							32.94772
						],
						[
							-91.12332,
							32.94922
						],
						[
							-91.12511,
							32.94942
						],
						[
							-91.12691,
							32.94942
						],
						[
							-91.13211,
							32.94972
						],
						[
							-91.13391,
							32.94972
						],
						[
							-91.13562,
							32.94982
						],
						[
							-91.14261,
							32.95022
						],
						[
							-91.14432,
							32.95173
						],
						[
							-91.14612,
							32.95182
						],
						[
							-91.14772,
							32.95342
						],
						[
							-91.14952,
							32.95342
						],
						[
							-91.15301,
							32.95362
						],
						[
							-91.15471,
							32.95362
						],
						[
							-91.16141,
							32.95992
						],
						[
							-91.16301,
							32.96152
						],
						[
							-91.16472,
							32.96302
						],
						[
							-91.16641,
							32.96462
						],
						[
							-91.16621,
							32.96752
						],
						[
							-91.16791,
							32.96912
						],
						[
							-91.16771,
							32.97052
						],
						[
							-91.16771,
							32.97201
						],
						[
							-91.16762,
							32.97352
						],
						[
							-91.16571,
							32.97492
						],
						[
							-91.16402,
							32.97481
						],
						[
							-91.16382,
							32.97782
						],
						[
							-91.16351,
							32.98222
						],
						[
							-91.16521,
							32.98382
						],
						[
							-91.16501,
							32.98532
						],
						[
							-91.16501,
							32.98672
						],
						[
							-91.16672,
							32.98682
						],
						[
							-91.16841,
							32.98842
						],
						[
							-91.16832,
							32.98992
						],
						[
							-91.16992,
							32.99142
						],
						[
							-91.16992,
							32.99292
						],
						[
							-91.17151,
							32.99441
						],
						[
							-91.17142,
							32.99602
						],
						[
							-91.17131,
							32.99742
						],
						[
							-91.17311,
							32.99752
						],
						[
							-91.17482,
							32.99902
						],
						[
							-91.17462,
							33.00062
						],
						[
							-91.17462,
							33.00212
						],
						[
							-91.17621,
							33.00362
						],
						[
							-91.17612,
							33.00512
						],
						[
							-91.17601,
							33.00652
						],
						[
							-91.17601,
							33.00802
						],
						[
							-91.17572,
							33.01252
						],
						[
							-91.17561,
							33.01392
						],
						[
							-91.17552,
							33.01542
						],
						[
							-91.17361,
							33.01682
						],
						[
							-91.17531,
							33.01842
						],
						[
							-91.17511,
							33.02132
						],
						[
							-91.17482,
							33.02582
						],
						[
							-91.17482,
							33.02732
						],
						[
							-91.17462,
							33.02872
						],
						[
							-91.17282,
							33.03012
						],
						[
							-91.17261,
							33.03312
						],
						[
							-91.17252,
							33.03462
						],
						[
							-91.17221,
							33.03902
						],
						[
							-91.17212,
							33.04052
						],
						[
							-91.17212,
							33.04201
						],
						[
							-91.17192,
							33.04352
						],
						[
							-91.17192,
							33.04492
						],
						[
							-91.17351,
							33.04652
						],
						[
							-91.17331,
							33.04942
						],
						[
							-91.17322,
							33.05102
						],
						[
							-91.17142,
							33.05232
						],
						[
							-91.17102,
							33.05822
						],
						[
							-91.17081,
							33.06122
						],
						[
							-91.17081,
							33.06272
						],
						[
							-91.17061,
							33.06422
						],
						[
							-91.17061,
							33.06562
						],
						[
							-91.17041,
							33.06712
						],
						[
							-91.17212,
							33.06872
						],
						[
							-91.17201,
							33.07022
						],
						[
							-91.17372,
							33.07172
						],
						[
							-91.17531,
							33.07332
						],
						[
							-91.17531,
							33.07482
						],
						[
							-91.17862,
							33.07792
						],
						[
							-91.17851,
							33.07942
						],
						[
							-91.18022,
							33.08092
						],
						[
							-91.17981,
							33.08682
						],
						[
							-91.17972,
							33.08832
						],
						[
							-91.18141,
							33.08992
						],
						[
							-91.18132,
							33.09141
						],
						[
							-91.18462,
							33.09452
						],
						[
							-91.18631,
							33.09602
						],
						[
							-91.18622,
							33.09752
						],
						[
							-91.18431,
							33.09902
						],
						[
							-91.18251,
							33.10032
						],
						[
							-91.17891,
							33.10012
						],
						[
							-91.17722,
							33.10012
						],
						[
							-91.17531,
							33.10151
						],
						[
							-91.17351,
							33.10292
						],
						[
							-91.17331,
							33.10592
						],
						[
							-91.17142,
							33.10722
						],
						[
							-91.16962,
							33.10862
						],
						[
							-91.16951,
							33.11012
						],
						[
							-91.16771,
							33.11151
						],
						[
							-91.16751,
							33.11452
						],
						[
							-91.16562,
							33.11592
						],
						[
							-91.16382,
							33.11731
						],
						[
							-91.16371,
							33.11882
						],
						[
							-91.16182,
							33.12022
						],
						[
							-91.16011,
							33.12012
						],
						[
							-91.15842,
							33.11851
						],
						[
							-91.15662,
							33.11842
						],
						[
							-91.15491,
							33.11841
						],
						[
							-91.15312,
							33.11832
						],
						[
							-91.15132,
							33.11972
						],
						[
							-91.15111,
							33.12272
						],
						[
							-91.15071,
							33.12861
						],
						[
							-91.15062,
							33.13012
						],
						[
							-91.15021,
							33.13602
						],
						[
							-91.14841,
							33.13742
						],
						[
							-91.14651,
							33.13881
						],
						[
							-91.14471,
							33.14022
						],
						[
							-91.14281,
							33.14162
						],
						[
							-91.14102,
							33.14302
						],
						[
							-91.13721,
							33.14582
						],
						[
							-91.13542,
							33.14722
						],
						[
							-91.13351,
							33.14862
						],
						[
							-91.13171,
							33.15002
						],
						[
							-91.12982,
							33.15142
						],
						[
							-91.12462,
							33.15111
						],
						[
							-91.12282,
							33.15111
						],
						[
							-91.11931,
							33.15091
						],
						[
							-91.11742,
							33.15232
						],
						[
							-91.11571,
							33.15222
						],
						[
							-91.11391,
							33.15222
						],
						[
							-91.11041,
							33.15201
						],
						[
							-91.10852,
							33.15342
						],
						[
							-91.10672,
							33.15481
						],
						[
							-91.10481,
							33.15622
						],
						[
							-91.10301,
							33.15762
						],
						[
							-91.10461,
							33.15922
						],
						[
							-91.10281,
							33.16062
						],
						[
							-91.10271,
							33.16202
						],
						[
							-91.10242,
							33.16651
						],
						[
							-91.10411,
							33.16801
						],
						[
							-91.10222,
							33.16942
						],
						[
							-91.10171,
							33.17692
						],
						[
							-91.10161,
							33.17832
						],
						[
							-91.10132,
							33.18271
						],
						[
							-91.10132,
							33.18431
						],
						[
							-91.10112,
							33.18721
						],
						[
							-91.10271,
							33.18882
						],
						[
							-91.10271,
							33.19021
						],
						[
							-91.10251,
							33.19172
						],
						[
							-91.10251,
							33.19322
						],
						[
							-91.10222,
							33.19761
						],
						[
							-91.10191,
							33.20211
						],
						[
							-91.10361,
							33.20362
						],
						[
							-91.10341,
							33.20661
						],
						[
							-91.10501,
							33.20811
						],
						[
							-91.10492,
							33.20961
						],
						[
							-91.10492,
							33.21112
						],
						[
							-91.10652,
							33.21271
						],
						[
							-91.10641,
							33.21421
						],
						[
							-91.10822,
							33.21421
						],
						[
							-91.10982,
							33.21582
						],
						[
							-91.10971,
							33.21731
						],
						[
							-91.11142,
							33.21881
						],
						[
							-91.10962,
							33.22021
						],
						[
							-91.10771,
							33.22161
						],
						[
							-91.10762,
							33.22312
						],
						[
							-91.10571,
							33.22451
						],
						[
							-91.10747,
							33.23545
						],
						[
							-91.11097,
							33.24394
						],
						[
							-91.11327,
							33.25016
						],
						[
							-91.11543,
							33.25859
						],
						[
							-91.12041,
							33.26493
						],
						[
							-91.12517,
							33.27186
						],
						[
							-91.12561,
							33.27291
						],
						[
							-91.12552,
							33.27442
						],
						[
							-91.12721,
							33.27591
						],
						[
							-91.12892,
							33.27752
						],
						[
							-91.13062,
							33.27761
						],
						[
							-91.13231,
							33.27922
						],
						[
							-91.13402,
							33.27922
						],
						[
							-91.13571,
							33.28081
						],
						[
							-91.13751,
							33.28091
						],
						[
							-91.13911,
							33.28241
						],
						[
							-91.14092,
							33.28251
						],
						[
							-91.14261,
							33.28411
						],
						[
							-91.14432,
							33.28411
						],
						[
							-91.14601,
							33.28572
						],
						[
							-91.14772,
							33.28731
						],
						[
							-91.14941,
							33.28731
						],
						[
							-91.15282,
							33.29052
						],
						[
							-91.15451,
							33.29052
						],
						[
							-91.15791,
							33.29371
						],
						[
							-91.15961,
							33.29371
						],
						[
							-91.16301,
							33.29692
						],
						[
							-91.16292,
							33.29831
						],
						[
							-91.16452,
							33.29991
						],
						[
							-91.16621,
							33.30151
						],
						[
							-91.16791,
							33.30301
						],
						[
							-91.16952,
							33.30461
						],
						[
							-91.17122,
							33.30621
						],
						[
							-91.17111,
							33.30761
						],
						[
							-91.17283,
							33.30921
						],
						[
							-91.17272,
							33.31061
						],
						[
							-91.17452,
							33.31081
						],
						[
							-91.17612,
							33.31231
						],
						[
							-91.17781,
							33.31382
						],
						[
							-91.17773,
							33.31531
						],
						[
							-91.17592,
							33.31671
						],
						[
							-91.17582,
							33.31822
						],
						[
							-91.17393,
							33.31961
						],
						[
							-91.17381,
							33.32111
						],
						[
							-91.17373,
							33.32261
						],
						[
							-91.17193,
							33.32392
						],
						[
							-91.17002,
							33.32541
						],
						[
							-91.16993,
							33.32692
						],
						[
							-91.16812,
							33.32821
						],
						[
							-91.16791,
							33.32972
						],
						[
							-91.16791,
							33.33121
						],
						[
							-91.16602,
							33.33271
						],
						[
							-91.16421,
							33.33401
						],
						[
							-91.16231,
							33.33541
						],
						[
							-91.16042,
							33.33691
						],
						[
							-91.15872,
							33.33671
						],
						[
							-91.15681,
							33.33811
						],
						[
							-91.15501,
							33.33951
						],
						[
							-91.15312,
							33.34092
						],
						[
							-91.15132,
							33.34091
						],
						[
							-91.15121,
							33.34241
						],
						[
							-91.14941,
							33.34381
						],
						[
							-91.14761,
							33.34371
						],
						[
							-91.14581,
							33.34511
						],
						[
							-91.14392,
							33.34651
						],
						[
							-91.14201,
							33.34791
						],
						[
							-91.14192,
							33.34941
						],
						[
							-91.14012,
							33.35081
						],
						[
							-91.14002,
							33.35231
						],
						[
							-91.13811,
							33.35371
						],
						[
							-91.13811,
							33.35511
						],
						[
							-91.13622,
							33.35651
						],
						[
							-91.13431,
							33.35791
						],
						[
							-91.13402,
							33.36231
						],
						[
							-91.13222,
							33.36381
						],
						[
							-91.13031,
							33.36521
						],
						[
							-91.12851,
							33.36661
						],
						[
							-91.12662,
							33.36801
						],
						[
							-91.12642,
							33.37091
						],
						[
							-91.12811,
							33.37251
						],
						[
							-91.12982,
							33.37411
						],
						[
							-91.12961,
							33.37701
						],
						[
							-91.12932,
							33.38151
						],
						[
							-91.12912,
							33.38441
						],
						[
							-91.13081,
							33.38601
						],
						[
							-91.13242,
							33.38761
						],
						[
							-91.13411,
							33.38911
						],
						[
							-91.13591,
							33.38921
						],
						[
							-91.1473,
							33.39455
						],
						[
							-91.15564,
							33.40102
						],
						[
							-91.15992,
							33.40787
						],
						[
							-91.15955,
							33.41398
						],
						[
							-91.15769,
							33.42224
						],
						[
							-91.15182,
							33.43033
						],
						[
							-91.14703,
							33.44237
						],
						[
							-91.14974,
							33.45305
						],
						[
							-91.15908,
							33.46512
						],
						[
							-91.17011,
							33.4717
						],
						[
							-91.18001,
							33.47489
						],
						[
							-91.18443,
							33.47953
						],
						[
							-91.18473,
							33.48566
						],
						[
							-91.18224,
							33.49334
						],
						[
							-91.17929,
							33.50237
						],
						[
							-91.17992,
							33.50401
						],
						[
							-91.17973,
							33.50701
						],
						[
							-91.17973,
							33.5084
						],
						[
							-91.17953,
							33.51001
						],
						[
							-91.18122,
							33.51151
						],
						[
							-91.18291,
							33.5131
						],
						[
							-91.18462,
							33.51461
						],
						[
							-91.18452,
							33.51611
						],
						[
							-91.18623,
							33.51761
						],
						[
							-91.18783,
							33.51921
						],
						[
							-91.18952,
							33.52071
						],
						[
							-91.19122,
							33.52231
						],
						[
							-91.19282,
							33.52391
						],
						[
							-91.19453,
							33.52551
						],
						[
							-91.19622,
							33.527
						],
						[
							-91.19793,
							33.52861
						],
						[
							-91.19962,
							33.52861
						],
						[
							-91.20132,
							33.53021
						],
						[
							-91.20303,
							33.5318
						],
						[
							-91.20472,
							33.53331
						],
						[
							-91.20632,
							33.53491
						],
						[
							-91.20812,
							33.53501
						],
						[
							-91.20982,
							33.53651
						],
						[
							-91.21313,
							33.53961
						],
						[
							-91.21482,
							33.54121
						],
						[
							-91.21473,
							33.54271
						],
						[
							-91.21642,
							33.54421
						],
						[
							-91.21812,
							33.5458
						],
						[
							-91.21802,
							33.54731
						],
						[
							-91.21972,
							33.54891
						],
						[
							-91.21943,
							33.55331
						],
						[
							-91.21922,
							33.55621
						],
						[
							-91.22082,
							33.5578
						],
						[
							-91.22082,
							33.55931
						],
						[
							-91.21702,
							33.56211
						],
						[
							-91.21522,
							33.5635
						],
						[
							-91.21342,
							33.5634
						],
						[
							-91.21162,
							33.56481
						],
						[
							-91.20982,
							33.56481
						],
						[
							-91.20802,
							33.56461
						],
						[
							-91.20622,
							33.56461
						],
						[
							-91.20272,
							33.5644
						],
						[
							-91.20083,
							33.56581
						],
						[
							-91.19903,
							33.5672
						],
						[
							-91.19723,
							33.5672
						],
						[
							-91.19192,
							33.56691
						],
						[
							-91.19022,
							33.5653
						],
						[
							-91.18851,
							33.5653
						],
						[
							-91.18493,
							33.56511
						],
						[
							-91.18322,
							33.56511
						],
						[
							-91.17782,
							33.56481
						],
						[
							-91.17782,
							33.5663
						],
						[
							-91.17942,
							33.56781
						],
						[
							-91.17933,
							33.56931
						],
						[
							-91.17753,
							33.5707
						],
						[
							-91.17562,
							33.57211
						],
						[
							-91.17382,
							33.57201
						],
						[
							-91.17222,
							33.57051
						],
						[
							-91.17042,
							33.57041
						],
						[
							-91.16872,
							33.56881
						],
						[
							-91.16702,
							33.56881
						],
						[
							-91.16512,
							33.57011
						],
						[
							-91.16332,
							33.57011
						],
						[
							-91.16152,
							33.57
						],
						[
							-91.15972,
							33.57141
						],
						[
							-91.15623,
							33.57121
						],
						[
							-91.15432,
							33.5727
						],
						[
							-91.15243,
							33.57411
						],
						[
							-91.15072,
							33.57401
						],
						[
							-91.14883,
							33.57541
						],
						[
							-91.14703,
							33.57531
						],
						[
							-91.14523,
							33.57671
						],
						[
							-91.14142,
							33.57951
						],
						[
							-91.13963,
							33.58091
						],
						[
							-91.13771,
							33.58231
						],
						[
							-91.13591,
							33.58231
						],
						[
							-91.13411,
							33.58361
						],
						[
							-91.13223,
							33.58501
						],
						[
							-91.13042,
							33.58501
						],
						[
							-91.12862,
							33.58631
						],
						[
							-91.12842,
							33.58931
						],
						[
							-91.12462,
							33.59211
						],
						[
							-91.12282,
							33.59351
						],
						[
							-91.12262,
							33.59651
						],
						[
							-91.12071,
							33.5979
						],
						[
							-91.12062,
							33.59941
						],
						[
							-91.12041,
							33.60231
						],
						[
							-91.11862,
							33.60371
						],
						[
							-91.11852,
							33.60521
						],
						[
							-91.12021,
							33.60681
						],
						[
							-91.11981,
							33.6127
						],
						[
							-91.11972,
							33.61421
						],
						[
							-91.12141,
							33.6157
						],
						[
							-91.12131,
							33.61721
						],
						[
							-91.12292,
							33.61881
						],
						[
							-91.12462,
							33.6203
						],
						[
							-91.12631,
							33.62191
						],
						[
							-91.12962,
							33.625
						],
						[
							-91.12952,
							33.62651
						],
						[
							-91.13122,
							33.62811
						],
						[
							-91.13292,
							33.6296
						],
						[
							-91.13461,
							33.63121
						],
						[
							-91.13622,
							33.63281
						],
						[
							-91.13612,
							33.63421
						],
						[
							-91.13783,
							33.63581
						],
						[
							-91.13963,
							33.63581
						],
						[
							-91.14132,
							33.63741
						],
						[
							-91.14303,
							33.63751
						],
						[
							-91.14472,
							33.639
						],
						[
							-91.14982,
							33.64381
						],
						[
							-91.15153,
							33.64381
						],
						[
							-91.15322,
							33.6454
						],
						[
							-91.15502,
							33.6455
						],
						[
							-91.15662,
							33.64701
						],
						[
							-91.15842,
							33.64711
						],
						[
							-91.16012,
							33.64871
						],
						[
							-91.16192,
							33.64871
						],
						[
							-91.16352,
							33.65031
						],
						[
							-91.16522,
							33.6519
						],
						[
							-91.16692,
							33.65341
						],
						[
							-91.16872,
							33.6535
						],
						[
							-91.17033,
							33.65511
						],
						[
							-91.17213,
							33.65521
						],
						[
							-91.17393,
							33.65521
						],
						[
							-91.17562,
							33.6568
						],
						[
							-91.17731,
							33.6568
						],
						[
							-91.17902,
							33.65841
						],
						[
							-91.18252,
							33.6586
						],
						[
							-91.18423,
							33.66021
						],
						[
							-91.18603,
							33.6602
						],
						[
							-91.18792,
							33.65881
						],
						[
							-91.18952,
							33.6604
						],
						[
							-91.19132,
							33.6604
						],
						[
							-91.19312,
							33.6605
						],
						[
							-91.19482,
							33.6621
						],
						[
							-91.19833,
							33.6623
						],
						[
							-91.20002,
							33.66381
						],
						[
							-91.20182,
							33.6639
						],
						[
							-91.20512,
							33.667
						],
						[
							-91.20503,
							33.66851
						],
						[
							-91.20672,
							33.6701
						],
						[
							-91.20652,
							33.67301
						],
						[
							-91.20823,
							33.67461
						],
						[
							-91.20992,
							33.6761
						],
						[
							-91.20982,
							33.67761
						],
						[
							-91.21142,
							33.6791
						],
						[
							-91.21142,
							33.6806
						],
						[
							-91.21113,
							33.6851
						],
						[
							-91.21072,
							33.691
						],
						[
							-91.21062,
							33.6925
						],
						[
							-91.20872,
							33.69391
						],
						[
							-91.20692,
							33.69531
						],
						[
							-91.20682,
							33.6968
						],
						[
							-91.20492,
							33.69821
						],
						[
							-91.20312,
							33.6981
						],
						[
							-91.20132,
							33.6995
						],
						[
							-91.19952,
							33.6994
						],
						[
							-91.19762,
							33.7009
						],
						[
							-91.19233,
							33.7006
						],
						[
							-91.19053,
							33.70201
						],
						[
							-91.18693,
							33.70181
						],
						[
							-91.18513,
							33.70181
						],
						[
							-91.18342,
							33.70171
						],
						[
							-91.17962,
							33.70451
						],
						[
							-91.17612,
							33.7043
						],
						[
							-91.17432,
							33.70421
						],
						[
							-91.17252,
							33.7042
						],
						[
							-91.17082,
							33.7041
						],
						[
							-91.16892,
							33.70551
						],
						[
							-91.16712,
							33.70541
						],
						[
							-91.16532,
							33.7068
						],
						[
							-91.16343,
							33.70831
						],
						[
							-91.16163,
							33.7081
						],
						[
							-91.15983,
							33.7081
						],
						[
							-91.15812,
							33.708
						],
						[
							-91.15623,
							33.7094
						],
						[
							-91.15443,
							33.7108
						],
						[
							-91.15063,
							33.7136
						],
						[
							-91.14883,
							33.71501
						],
						[
							-91.14872,
							33.7165
						],
						[
							-91.14683,
							33.7179
						],
						[
							-91.14663,
							33.72091
						],
						[
							-91.14472,
							33.7223
						],
						[
							-91.14462,
							33.7237
						],
						[
							-91.14422,
							33.72971
						],
						[
							-91.14242,
							33.7311
						],
						[
							-91.14233,
							33.73261
						],
						[
							-91.14213,
							33.7355
						],
						[
							-91.14033,
							33.7369
						],
						[
							-91.14013,
							33.73841
						],
						[
							-91.14013,
							33.73991
						],
						[
							-91.13992,
							33.7413
						],
						[
							-91.13992,
							33.7428
						],
						[
							-91.13972,
							33.7458
						],
						[
							-91.13592,
							33.7486
						],
						[
							-91.13583,
							33.75011
						],
						[
							-91.13403,
							33.7515
						],
						[
							-91.13212,
							33.75291
						],
						[
							-91.13192,
							33.7559
						],
						[
							-91.13003,
							33.7572
						],
						[
							-91.12823,
							33.75861
						],
						[
							-91.12643,
							33.75861
						],
						[
							-91.12463,
							33.75851
						],
						[
							-91.12283,
							33.7599
						],
						[
							-91.11923,
							33.7597
						],
						[
							-91.11732,
							33.7611
						],
						[
							-91.11562,
							33.7611
						],
						[
							-91.11372,
							33.7625
						],
						[
							-91.11192,
							33.76241
						],
						[
							-91.11011,
							33.7638
						],
						[
							-91.11002,
							33.7653
						],
						[
							-91.10812,
							33.7667
						],
						[
							-91.10802,
							33.7681
						],
						[
							-91.10612,
							33.7695
						],
						[
							-91.10432,
							33.77091
						],
						[
							-91.10242,
							33.7723
						],
						[
							-91.10062,
							33.7722
						],
						[
							-91.09872,
							33.7737
						],
						[
							-91.09692,
							33.77511
						],
						[
							-91.09512,
							33.775
						],
						[
							-91.09322,
							33.7764
						],
						[
							-91.08792,
							33.7761
						],
						[
							-91.08612,
							33.7761
						],
						[
							-91.08441,
							33.776
						],
						[
							-91.08252,
							33.77741
						],
						[
							-91.08072,
							33.77731
						],
						[
							-91.07892,
							33.77731
						],
						[
							-91.07541,
							33.7771
						],
						[
							-91.07352,
							33.7785
						],
						[
							-91.07172,
							33.7799
						],
						[
							-91.06632,
							33.77961
						],
						[
							-91.06451,
							33.78111
						],
						[
							-91.06261,
							33.7824
						],
						[
							-91.06072,
							33.78381
						],
						[
							-91.05902,
							33.78381
						],
						[
							-91.05711,
							33.7851
						],
						[
							-91.05531,
							33.78511
						],
						[
							-91.05342,
							33.78651
						],
						[
							-91.05171,
							33.7864
						],
						[
							-91.04791,
							33.7892
						],
						[
							-91.04611,
							33.79061
						],
						[
							-91.04231,
							33.7934
						],
						[
							-91.04222,
							33.79491
						],
						[
							-91.04181,
							33.80081
						],
						[
							-91.04001,
							33.8022
						],
						[
							-91.03981,
							33.80521
						],
						[
							-91.04152,
							33.8067
						],
						[
							-91.04132,
							33.80821
						],
						[
							-91.04102,
							33.81261
						],
						[
							-91.04271,
							33.81421
						],
						[
							-91.04251,
							33.8172
						],
						[
							-91.04422,
							33.8187
						],
						[
							-91.04402,
							33.8217
						],
						[
							-91.04572,
							33.8233
						],
						[
							-91.04561,
							33.8247
						],
						[
							-91.04732,
							33.8263
						],
						[
							-91.04901,
							33.82791
						],
						[
							-91.04892,
							33.82941
						],
						[
							-91.05052,
							33.8309
						],
						[
							-91.05391,
							33.83411
						],
						[
							-91.05562,
							33.8356
						],
						[
							-91.05722,
							33.8372
						],
						[
							-91.05891,
							33.8387
						],
						[
							-91.06232,
							33.8419
						],
						[
							-91.06401,
							33.84341
						],
						[
							-91.06572,
							33.845
						],
						[
							-91.06552,
							33.8465
						],
						[
							-91.06552,
							33.8479
						],
						[
							-91.06531,
							33.8494
						],
						[
							-91.06531,
							33.85091
						],
						[
							-91.06511,
							33.8524
						],
						[
							-91.06511,
							33.8539
						],
						[
							-91.06491,
							33.8568
						],
						[
							-91.06462,
							33.86131
						],
						[
							-91.06441,
							33.8642
						],
						[
							-91.06412,
							33.86871
						],
						[
							-91.06401,
							33.8701
						],
						[
							-91.06212,
							33.87161
						],
						[
							-91.06201,
							33.873
						],
						[
							-91.06021,
							33.8745
						],
						[
							-91.06012,
							33.8759
						],
						[
							-91.05821,
							33.8774
						],
						[
							-91.05632,
							33.8787
						],
						[
							-91.05621,
							33.8802
						],
						[
							-91.05441,
							33.8816
						],
						[
							-91.05432,
							33.8831
						],
						[
							-91.05241,
							33.88451
						],
						[
							-91.05222,
							33.8875
						],
						[
							-91.05031,
							33.8888
						],
						[
							-91.05022,
							33.8903
						],
						[
							-91.04831,
							33.8918
						],
						[
							-91.04651,
							33.8931
						],
						[
							-91.04631,
							33.8961
						],
						[
							-91.04442,
							33.89751
						],
						[
							-91.04431,
							33.899
						],
						[
							-91.04242,
							33.90041
						],
						[
							-91.04231,
							33.9019
						],
						[
							-91.04051,
							33.90331
						],
						[
							-91.03862,
							33.9046
						],
						[
							-91.03671,
							33.90601
						],
						[
							-91.03482,
							33.9075
						],
						[
							-91.03302,
							33.9089
						],
						[
							-91.03111,
							33.9102
						],
						[
							-91.02922,
							33.9117
						],
						[
							-91.02911,
							33.9131
						],
						[
							-91.02722,
							33.9145
						],
						[
							-91.02711,
							33.916
						],
						[
							-91.02531,
							33.9175
						],
						[
							-91.02521,
							33.9189
						],
						[
							-91.02501,
							33.92191
						],
						[
							-91.02121,
							33.92471
						],
						[
							-91.02101,
							33.9276
						],
						[
							-91.01921,
							33.929
						],
						[
							-91.01892,
							33.9335
						],
						[
							-91.01871,
							33.9364
						],
						[
							-91.02031,
							33.938
						],
						[
							-91.02202,
							33.93951
						],
						[
							-91.02542,
							33.9427
						],
						[
							-91.02722,
							33.9428
						],
						[
							-91.02881,
							33.94441
						],
						[
							-91.03061,
							33.94441
						],
						[
							-91.03232,
							33.94601
						],
						[
							-91.03412,
							33.94611
						],
						[
							-91.03581,
							33.9476
						],
						[
							-91.03752,
							33.9477
						],
						[
							-91.03921,
							33.9493
						],
						[
							-91.04102,
							33.9494
						],
						[
							-91.04282,
							33.9494
						],
						[
							-91.04451,
							33.951
						],
						[
							-91.04622,
							33.9511
						],
						[
							-91.04791,
							33.9526
						],
						[
							-91.04971,
							33.9528
						],
						[
							-91.05141,
							33.9543
						],
						[
							-91.05321,
							33.95441
						],
						[
							-91.05492,
							33.9544
						],
						[
							-91.06032,
							33.9547
						],
						[
							-91.06381,
							33.9549
						],
						[
							-91.06562,
							33.9549
						],
						[
							-91.06733,
							33.9565
						],
						[
							-91.06911,
							33.9566
						],
						[
							-91.07072,
							33.9581
						],
						[
							-91.07252,
							33.9582
						],
						[
							-91.07423,
							33.9598
						],
						[
							-91.07603,
							33.9599
						],
						[
							-91.07772,
							33.9614
						],
						[
							-91.07952,
							33.9615
						],
						[
							-91.08112,
							33.9631
						],
						[
							-91.08282,
							33.9646
						],
						[
							-91.08453,
							33.9662
						],
						[
							-91.08622,
							33.9677
						],
						[
							-91.08613,
							33.9692
						],
						[
							-91.08772,
							33.9708
						],
						[
							-91.08772,
							33.9723
						],
						[
							-91.08752,
							33.9737
						],
						[
							-91.08572,
							33.9752
						],
						[
							-91.08562,
							33.9767
						],
						[
							-91.08372,
							33.978
						],
						[
							-91.08182,
							33.9794
						],
						[
							-91.08003,
							33.9809
						],
						[
							-91.07812,
							33.9823
						],
						[
							-91.07622,
							33.9836
						],
						[
							-91.07443,
							33.9836
						],
						[
							-91.07262,
							33.985
						],
						[
							-91.07082,
							33.9849
						],
						[
							-91.07072,
							33.9863
						],
						[
							-91.06883,
							33.9877
						],
						[
							-91.06702,
							33.9877
						],
						[
							-91.06531,
							33.9876
						],
						[
							-91.06342,
							33.989
						],
						[
							-91.06162,
							33.98901
						],
						[
							-91.05982,
							33.9888
						],
						[
							-91.05802,
							33.9888
						],
						[
							-91.05272,
							33.9885
						],
						[
							-91.05082,
							33.98991
						],
						[
							-91.04913,
							33.9899
						],
						[
							-91.04721,
							33.9913
						],
						[
							-91.04361,
							33.9911
						],
						[
							-91.04172,
							33.9925
						],
						[
							-91.04001,
							33.9924
						],
						[
							-91.03812,
							33.99381
						],
						[
							-91.03632,
							33.9938
						],
						[
							-91.03451,
							33.9936
						],
						[
							-91.03261,
							33.995
						],
						[
							-91.03081,
							33.9964
						],
						[
							-91.02901,
							33.9963
						],
						[
							-91.02711,
							33.9978
						],
						[
							-91.02521,
							33.99921
						],
						[
							-91.02341,
							34.0006
						],
						[
							-91.01802,
							34.0003
						],
						[
							-91.01622,
							34.0017
						],
						[
							-91.01431,
							34.0031
						],
						[
							-91.01251,
							34.00301
						],
						[
							-91.01062,
							34.0044
						],
						[
							-91.00891,
							34.0044
						],
						[
							-91.00702,
							34.00571
						],
						[
							-91.00511,
							34.0071
						],
						[
							-91.00502,
							34.00861
						],
						[
							-91.00322,
							34.0086
						],
						[
							-90.99951,
							34.01131
						],
						[
							-90.99762,
							34.0128
						],
						[
							-90.99402,
							34.0126
						],
						[
							-90.99222,
							34.014
						],
						[
							-90.99042,
							34.0139
						],
						[
							-90.98851,
							34.0153
						],
						[
							-90.98671,
							34.01521
						],
						[
							-90.98482,
							34.0166
						],
						[
							-90.98311,
							34.0166
						],
						[
							-90.97592,
							34.0162
						],
						[
							-90.97421,
							34.0162
						],
						[
							-90.97232,
							34.0175
						],
						[
							-90.96852,
							34.0203
						],
						[
							-90.96672,
							34.0203
						],
						[
							-90.96492,
							34.02171
						],
						[
							-90.96312,
							34.02161
						],
						[
							-90.96121,
							34.023
						],
						[
							-90.95941,
							34.0229
						],
						[
							-90.95761,
							34.0243
						],
						[
							-90.95581,
							34.0242
						],
						[
							-90.95201,
							34.027
						],
						[
							-90.95021,
							34.0269
						],
						[
							-90.94841,
							34.02831
						],
						[
							-90.94461,
							34.0311
						],
						[
							-90.94281,
							34.0311
						],
						[
							-90.94101,
							34.0324
						],
						[
							-90.93912,
							34.03381
						],
						[
							-90.93721,
							34.0352
						],
						[
							-90.93541,
							34.0352
						],
						[
							-90.93012,
							34.0349
						],
						[
							-90.92821,
							34.0363
						],
						[
							-90.92641,
							34.0362
						],
						[
							-90.92451,
							34.0376
						],
						[
							-90.92102,
							34.0374
						],
						[
							-90.91911,
							34.0388
						],
						[
							-90.91731,
							34.0388
						],
						[
							-90.91542,
							34.0402
						],
						[
							-90.91371,
							34.0401
						],
						[
							-90.91182,
							34.0415
						],
						[
							-90.91002,
							34.0414
						],
						[
							-90.90811,
							34.0428
						],
						[
							-90.90622,
							34.0442
						],
						[
							-90.90442,
							34.0456
						],
						[
							-90.89682,
							34.0512
						],
						[
							-90.89671,
							34.0527
						],
						[
							-90.89482,
							34.054
						],
						[
							-90.89482,
							34.0556
						],
						[
							-90.89641,
							34.05721
						],
						[
							-90.89621,
							34.0601
						],
						[
							-90.89792,
							34.06171
						],
						[
							-90.89781,
							34.0632
						],
						[
							-90.89952,
							34.0647
						],
						[
							-90.89931,
							34.0677
						],
						[
							-90.90102,
							34.06921
						],
						[
							-90.90091,
							34.0707
						],
						[
							-90.90422,
							34.07381
						],
						[
							-90.90411,
							34.0753
						],
						[
							-90.90752,
							34.07851
						],
						[
							-90.90741,
							34.0799
						],
						[
							-90.91241,
							34.0846
						],
						[
							-90.91582,
							34.08781
						],
						[
							-90.91571,
							34.0892
						],
						[
							-90.91542,
							34.0937
						],
						[
							-90.91711,
							34.0953
						],
						[
							-90.91701,
							34.0967
						],
						[
							-90.91872,
							34.0983
						],
						[
							-90.92032,
							34.0999
						],
						[
							-90.92021,
							34.1013
						],
						[
							-90.92361,
							34.1045
						],
						[
							-90.92531,
							34.106
						],
						[
							-90.93031,
							34.1107
						],
						[
							-90.93211,
							34.1108
						],
						[
							-90.93381,
							34.1124
						],
						[
							-90.93552,
							34.11389
						],
						[
							-90.93732,
							34.1141
						],
						[
							-90.93892,
							34.1156
						],
						[
							-90.94061,
							34.1172
						],
						[
							-90.94052,
							34.1186
						],
						[
							-90.94232,
							34.11881
						],
						[
							-90.94571,
							34.1218
						],
						[
							-90.94562,
							34.1233
						],
						[
							-90.94731,
							34.1249
						],
						[
							-90.94702,
							34.1294
						],
						[
							-90.94681,
							34.1323
						],
						[
							-90.94641,
							34.1383
						],
						[
							-90.94452,
							34.1396
						],
						[
							-90.94432,
							34.1426
						],
						[
							-90.94402,
							34.147
						],
						[
							-90.94211,
							34.1485
						],
						[
							-90.94031,
							34.1483
						],
						[
							-90.94022,
							34.1498
						],
						[
							-90.93831,
							34.1512
						],
						[
							-90.93662,
							34.1512
						],
						[
							-90.93091,
							34.1554
						],
						[
							-90.93082,
							34.1569
						],
						[
							-90.92891,
							34.1582
						],
						[
							-90.92711,
							34.1596
						],
						[
							-90.92531,
							34.1595
						],
						[
							-90.92342,
							34.161
						],
						[
							-90.92151,
							34.1623
						],
						[
							-90.91971,
							34.1622
						],
						[
							-90.91791,
							34.1637
						],
						[
							-90.91602,
							34.1651
						],
						[
							-90.91421,
							34.165
						],
						[
							-90.91042,
							34.1678
						],
						[
							-90.90861,
							34.1677
						],
						[
							-90.90671,
							34.1691
						],
						[
							-90.90491,
							34.1705
						],
						[
							-90.90301,
							34.17191
						],
						[
							-90.90111,
							34.1733
						],
						[
							-90.89922,
							34.1747
						],
						[
							-90.89731,
							34.176
						],
						[
							-90.89551,
							34.1775
						],
						[
							-90.89371,
							34.1774
						],
						[
							-90.88802,
							34.1816
						],
						[
							-90.88791,
							34.1831
						],
						[
							-90.88611,
							34.183
						],
						[
							-90.88431,
							34.1844
						],
						[
							-90.88242,
							34.1858
						],
						[
							-90.87882,
							34.1856
						],
						[
							-90.87691,
							34.187
						],
						[
							-90.87511,
							34.1869
						],
						[
							-90.87322,
							34.1883
						],
						[
							-90.87141,
							34.1898
						],
						[
							-90.86951,
							34.1911
						],
						[
							-90.86762,
							34.1925
						],
						[
							-90.86571,
							34.1939
						],
						[
							-90.86382,
							34.1954
						],
						[
							-90.86201,
							34.1967
						],
						[
							-90.86011,
							34.1981
						],
						[
							-90.85991,
							34.1996
						],
						[
							-90.85811,
							34.201
						],
						[
							-90.85622,
							34.2024
						],
						[
							-90.85611,
							34.2039
						],
						[
							-90.85231,
							34.2067
						],
						[
							-90.85222,
							34.2082
						],
						[
							-90.85031,
							34.2096
						],
						[
							-90.84851,
							34.2109
						],
						[
							-90.84831,
							34.2124
						],
						[
							-90.84822,
							34.2139
						],
						[
							-90.84642,
							34.2153
						],
						[
							-90.84451,
							34.2167
						],
						[
							-90.84442,
							34.2182
						],
						[
							-90.84251,
							34.2196
						],
						[
							-90.84241,
							34.2211
						],
						[
							-90.84051,
							34.2225
						],
						[
							-90.84041,
							34.2239
						],
						[
							-90.83852,
							34.2253
						],
						[
							-90.83821,
							34.2298
						],
						[
							-90.83441,
							34.2326
						],
						[
							-90.83412,
							34.2371
						],
						[
							-90.83391,
							34.24
						],
						[
							-90.83562,
							34.2416
						],
						[
							-90.83542,
							34.2446
						],
						[
							-90.83531,
							34.246
						],
						[
							-90.83502,
							34.2505
						],
						[
							-90.83481,
							34.2534
						],
						[
							-90.83412,
							34.2638
						],
						[
							-90.83031,
							34.2666
						],
						[
							-90.83021,
							34.2681
						],
						[
							-90.82831,
							34.2695
						],
						[
							-90.82822,
							34.2709
						],
						[
							-90.82631,
							34.2724
						],
						[
							-90.82442,
							34.2737
						],
						[
							-90.82262,
							34.2752
						],
						[
							-90.82071,
							34.2765
						],
						[
							-90.81882,
							34.278
						],
						[
							-90.81691,
							34.2793
						],
						[
							-90.81511,
							34.2793
						],
						[
							-90.81331,
							34.2792
						],
						[
							-90.81142,
							34.2805
						],
						[
							-90.80971,
							34.2805
						],
						[
							-90.80612,
							34.2803
						],
						[
							-90.80421,
							34.2817
						],
						[
							-90.80241,
							34.2816
						],
						[
							-90.80061,
							34.2816
						],
						[
							-90.79872,
							34.2829
						],
						[
							-90.79701,
							34.2829
						],
						[
							-90.78981,
							34.2825
						],
						[
							-90.78792,
							34.2839
						],
						[
							-90.78612,
							34.2838
						],
						[
							-90.78432,
							34.2852
						],
						[
							-90.78252,
							34.2852
						],
						[
							-90.78061,
							34.2865
						],
						[
							-90.77881,
							34.2865
						],
						[
							-90.77521,
							34.2863
						],
						[
							-90.77331,
							34.2877
						],
						[
							-90.77141,
							34.2891
						],
						[
							-90.76791,
							34.2889
						],
						[
							-90.76602,
							34.2903
						],
						[
							-90.76411,
							34.2917
						],
						[
							-90.76231,
							34.2916
						],
						[
							-90.75851,
							34.2944
						],
						[
							-90.75671,
							34.29579
						],
						[
							-90.75482,
							34.2972
						],
						[
							-90.75291,
							34.29859
						],
						[
							-90.74912,
							34.30139
						],
						[
							-90.74901,
							34.3029
						],
						[
							-90.74712,
							34.3043
						],
						[
							-90.74692,
							34.3072
						],
						[
							-90.74501,
							34.3086
						],
						[
							-90.74312,
							34.31
						],
						[
							-90.74301,
							34.3115
						],
						[
							-90.74112,
							34.3129
						],
						[
							-90.74092,
							34.3159
						],
						[
							-90.74081,
							34.3173
						],
						[
							-90.74051,
							34.3218
						],
						[
							-90.74222,
							34.3233
						],
						[
							-90.74211,
							34.3248
						],
						[
							-90.74182,
							34.3293
						],
						[
							-90.74161,
							34.3323
						],
						[
							-90.74321,
							34.3338
						],
						[
							-90.74312,
							34.3353
						],
						[
							-90.74481,
							34.3369
						],
						[
							-90.74652,
							34.3385
						],
						[
							-90.74641,
							34.3399
						],
						[
							-90.74982,
							34.3431
						],
						[
							-90.75162,
							34.3431
						],
						[
							-90.75342,
							34.3432
						],
						[
							-90.75502,
							34.3448
						],
						[
							-90.75491,
							34.3463
						],
						[
							-90.75661,
							34.3478
						],
						[
							-90.75832,
							34.3494
						],
						[
							-90.76012,
							34.3495
						],
						[
							-90.76181,
							34.3511
						],
						[
							-90.76361,
							34.3512
						],
						[
							-90.76692,
							34.3543
						],
						[
							-90.76671,
							34.3573
						],
						[
							-90.76662,
							34.3588
						],
						[
							-90.76471,
							34.3601
						],
						[
							-90.76282,
							34.3615
						],
						[
							-90.76091,
							34.3629
						],
						[
							-90.75911,
							34.3643
						],
						[
							-90.75891,
							34.3673
						],
						[
							-90.75702,
							34.3687
						],
						[
							-90.75511,
							34.3701
						],
						[
							-90.74971,
							34.3698
						],
						[
							-90.74791,
							34.3698
						],
						[
							-90.74622,
							34.3682
						],
						[
							-90.74272,
							34.368
						],
						[
							-90.74101,
							34.3664
						],
						[
							-90.73921,
							34.3663
						],
						[
							-90.73752,
							34.3648
						],
						[
							-90.73041,
							34.3644
						],
						[
							-90.72861,
							34.3644
						],
						[
							-90.72142,
							34.364
						],
						[
							-90.71782,
							34.3638
						],
						[
							-90.71602,
							34.3652
						],
						[
							-90.71402,
							34.3666
						],
						[
							-90.71051,
							34.3664
						],
						[
							-90.70871,
							34.3664
						],
						[
							-90.70151,
							34.366
						],
						[
							-90.69971,
							34.366
						],
						[
							-90.69792,
							34.3673
						],
						[
							-90.69612,
							34.3672
						],
						[
							-90.69432,
							34.3672
						],
						[
							-90.69252,
							34.3671
						],
						[
							-90.69061,
							34.3685
						],
						[
							-90.68872,
							34.3699
						],
						[
							-90.68681,
							34.3713
						],
						[
							-90.68492,
							34.3727
						],
						[
							-90.68321,
							34.3726
						],
						[
							-90.68132,
							34.374
						],
						[
							-90.67952,
							34.3739
						],
						[
							-90.67572,
							34.3767
						],
						[
							-90.67392,
							34.3766
						],
						[
							-90.66632,
							34.3822
						],
						[
							-90.66452,
							34.3836
						],
						[
							-90.66432,
							34.385
						],
						[
							-90.66241,
							34.3864
						],
						[
							-90.66072,
							34.3864
						],
						[
							-90.65881,
							34.3877
						],
						[
							-90.65701,
							34.3877
						],
						[
							-90.65512,
							34.3891
						],
						[
							-90.65332,
							34.3889
						],
						[
							-90.65152,
							34.3889
						],
						[
							-90.64961,
							34.3903
						],
						[
							-90.64781,
							34.3902
						],
						[
							-90.64592,
							34.3915
						],
						[
							-90.64412,
							34.3915
						],
						[
							-90.64241,
							34.3914
						],
						[
							-90.63672,
							34.3956
						],
						[
							-90.63132,
							34.3953
						],
						[
							-90.62941,
							34.3967
						],
						[
							-90.62231,
							34.3963
						],
						[
							-90.62051,
							34.3963
						],
						[
							-90.61862,
							34.3977
						],
						[
							-90.61682,
							34.3976
						],
						[
							-90.61491,
							34.399
						],
						[
							-90.60962,
							34.3987
						],
						[
							-90.60762,
							34.4001
						],
						[
							-90.60571,
							34.4015
						],
						[
							-90.60402,
							34.4014
						],
						[
							-90.60211,
							34.4028
						],
						[
							-90.60022,
							34.4042
						],
						[
							-90.59831,
							34.4056
						],
						[
							-90.59642,
							34.407
						],
						[
							-90.59451,
							34.4084
						],
						[
							-90.59262,
							34.4098
						],
						[
							-90.59071,
							34.4112
						],
						[
							-90.58882,
							34.4126
						],
						[
							-90.58691,
							34.414
						],
						[
							-90.58681,
							34.4154
						],
						[
							-90.58491,
							34.4168
						],
						[
							-90.58301,
							34.4183
						],
						[
							-90.58112,
							34.4196
						],
						[
							-90.57931,
							34.4195
						],
						[
							-90.57741,
							34.4209
						],
						[
							-90.57561,
							34.4223
						],
						[
							-90.57361,
							34.4237
						],
						[
							-90.57341,
							34.4267
						],
						[
							-90.57152,
							34.4281
						],
						[
							-90.57141,
							34.4296
						],
						[
							-90.57312,
							34.4311
						],
						[
							-90.57301,
							34.4326
						],
						[
							-90.57112,
							34.434
						],
						[
							-90.57091,
							34.437
						],
						[
							-90.57031,
							34.4458
						],
						[
							-90.57022,
							34.4474
						],
						[
							-90.57001,
							34.4488
						],
						[
							-90.56981,
							34.4518
						],
						[
							-90.57152,
							34.4534
						],
						[
							-90.57141,
							34.4548
						],
						[
							-90.57112,
							34.4593
						],
						[
							-90.57271,
							34.4609
						],
						[
							-90.57471,
							34.4595
						],
						[
							-90.57642,
							34.4596
						],
						[
							-90.57811,
							34.4611
						],
						[
							-90.57982,
							34.4627
						],
						[
							-90.58162,
							34.4628
						],
						[
							-90.58151,
							34.4642
						],
						[
							-90.58322,
							34.4658
						],
						[
							-90.58301,
							34.4688
						],
						[
							-90.58461,
							34.4704
						],
						[
							-90.58452,
							34.4719
						],
						[
							-90.58452,
							34.4733
						],
						[
							-90.58432,
							34.4748
						],
						[
							-90.58421,
							34.4763
						],
						[
							-90.58591,
							34.4779
						],
						[
							-90.58571,
							34.4808
						],
						[
							-90.58531,
							34.4868
						],
						[
							-90.58522,
							34.4883
						],
						[
							-90.58502,
							34.4897
						],
						[
							-90.58502,
							34.4912
						],
						[
							-90.58661,
							34.4928
						],
						[
							-90.58641,
							34.4957
						],
						[
							-90.58452,
							34.4971
						],
						[
							-90.58421,
							34.5016
						],
						[
							-90.58232,
							34.503
						],
						[
							-90.58221,
							34.5044
						],
						[
							-90.58202,
							34.5074
						],
						[
							-90.58011,
							34.5088
						],
						[
							-90.57982,
							34.5132
						],
						[
							-90.57791,
							34.5147
						],
						[
							-90.57782,
							34.5161
						],
						[
							-90.57762,
							34.5176
						],
						[
							-90.57571,
							34.519
						],
						[
							-90.57552,
							34.522
						],
						[
							-90.57361,
							34.5234
						],
						[
							-90.57352,
							34.5248
						],
						[
							-90.57161,
							34.5263
						],
						[
							-90.56972,
							34.5276
						],
						[
							-90.56781,
							34.5291
						],
						[
							-90.56592,
							34.5304
						],
						[
							-90.56401,
							34.5318
						],
						[
							-90.56212,
							34.5332
						],
						[
							-90.56021,
							34.5346
						],
						[
							-90.55841,
							34.5345
						],
						[
							-90.55652,
							34.5359
						],
						[
							-90.55472,
							34.53729
						],
						[
							-90.55292,
							34.5372
						],
						[
							-90.55101,
							34.5387
						],
						[
							-90.54912,
							34.53999
						],
						[
							-90.54732,
							34.5399
						],
						[
							-90.54161,
							34.5441
						],
						[
							-90.54152,
							34.5456
						],
						[
							-90.53961,
							34.547
						],
						[
							-90.53952,
							34.5484
						],
						[
							-90.53932,
							34.5499
						],
						[
							-90.53932,
							34.55139
						],
						[
							-90.53731,
							34.5528
						],
						[
							-90.53722,
							34.5543
						],
						[
							-90.53691,
							34.55869
						],
						[
							-90.53682,
							34.5602
						],
						[
							-90.53851,
							34.5618
						],
						[
							-90.54021,
							34.5633
						],
						[
							-90.54012,
							34.5648
						],
						[
							-90.54181,
							34.5664
						],
						[
							-90.54341,
							34.568
						],
						[
							-90.54521,
							34.5681
						],
						[
							-90.54692,
							34.5697
						],
						[
							-90.54861,
							34.5712
						],
						[
							-90.55042,
							34.5713
						],
						[
							-90.55211,
							34.5729
						],
						[
							-90.55371,
							34.5745
						],
						[
							-90.55542,
							34.576
						],
						[
							-90.55711,
							34.5776
						],
						[
							-90.55891,
							34.5777
						],
						[
							-90.55881,
							34.57919
						],
						[
							-90.56052,
							34.5807
						],
						[
							-90.56041,
							34.5822
						],
						[
							-90.56212,
							34.58379
						],
						[
							-90.56392,
							34.5839
						],
						[
							-90.56561,
							34.5855
						],
						[
							-90.56541,
							34.5869
						],
						[
							-90.56882,
							34.5901
						],
						[
							-90.56871,
							34.59149
						],
						[
							-90.57042,
							34.59309
						],
						[
							-90.57031,
							34.5946
						],
						[
							-90.57532,
							34.5993
						],
						[
							-90.57701,
							34.6009
						],
						[
							-90.57872,
							34.60249
						],
						[
							-90.57861,
							34.604
						],
						[
							-90.58031,
							34.60549
						],
						[
							-90.58202,
							34.60709
						],
						[
							-90.58191,
							34.6086
						],
						[
							-90.58362,
							34.6102
						],
						[
							-90.58351,
							34.6116
						],
						[
							-90.58511,
							34.6132
						],
						[
							-90.58502,
							34.61469
						],
						[
							-90.58672,
							34.6163
						],
						[
							-90.58841,
							34.6178
						],
						[
							-90.59012,
							34.61939
						],
						[
							-90.59181,
							34.621
						],
						[
							-90.59352,
							34.6225
						],
						[
							-90.59511,
							34.62409
						],
						[
							-90.59502,
							34.62559
						],
						[
							-90.59671,
							34.6272
						],
						[
							-90.59662,
							34.62859
						],
						[
							-90.59471,
							34.63
						],
						[
							-90.59462,
							34.63149
						],
						[
							-90.59271,
							34.6329
						],
						[
							-90.59262,
							34.63439
						],
						[
							-90.59221,
							34.6403
						],
						[
							-90.59392,
							34.6419
						],
						[
							-90.59361,
							34.64639
						],
						[
							-90.59341,
							34.6478
						],
						[
							-90.59331,
							34.64929
						],
						[
							-90.59141,
							34.6507
						],
						[
							-90.59131,
							34.6522
						],
						[
							-90.58942,
							34.6536
						],
						[
							-90.58911,
							34.658
						],
						[
							-90.58902,
							34.65949
						],
						[
							-90.58711,
							34.6609
						],
						[
							-90.58702,
							34.66239
						],
						[
							-90.58672,
							34.66679
						],
						[
							-90.58481,
							34.6682
						],
						[
							-90.58472,
							34.66969
						],
						[
							-90.58452,
							34.6712
						],
						[
							-90.58452,
							34.6727
						],
						[
							-90.58432,
							34.6741
						],
						[
							-90.58241,
							34.6755
						],
						[
							-90.58061,
							34.6755
						],
						[
							-90.57872,
							34.6768
						],
						[
							-90.57692,
							34.6783
						],
						[
							-90.57672,
							34.6797
						],
						[
							-90.57651,
							34.68269
						],
						[
							-90.57642,
							34.6842
						],
						[
							-90.57611,
							34.6886
						],
						[
							-90.57582,
							34.69309
						],
						[
							-90.57561,
							34.69459
						],
						[
							-90.57561,
							34.696
						],
						[
							-90.57541,
							34.6975
						],
						[
							-90.57501,
							34.7035
						],
						[
							-90.57672,
							34.70499
						],
						[
							-90.57651,
							34.70799
						],
						[
							-90.57822,
							34.7095
						],
						[
							-90.57791,
							34.714
						],
						[
							-90.57771,
							34.71549
						],
						[
							-90.57752,
							34.7184
						],
						[
							-90.57561,
							34.71979
						],
						[
							-90.57552,
							34.72139
						],
						[
							-90.57541,
							34.72279
						],
						[
							-90.57512,
							34.72729
						],
						[
							-90.57681,
							34.7288
						],
						[
							-90.57672,
							34.73029
						],
						[
							-90.57481,
							34.7317
						],
						[
							-90.57451,
							34.7362
						],
						[
							-90.57251,
							34.73749
						],
						[
							-90.57242,
							34.7391
						],
						[
							-90.57051,
							34.74049
						],
						[
							-90.56862,
							34.7418
						],
						[
							-90.56671,
							34.74319
						],
						[
							-90.56131,
							34.7429
						],
						[
							-90.55942,
							34.74429
						],
						[
							-90.55762,
							34.74419
						],
						[
							-90.55582,
							34.74419
						],
						[
							-90.55391,
							34.7456
						],
						[
							-90.55211,
							34.7455
						],
						[
							-90.55031,
							34.7469
						],
						[
							-90.54842,
							34.7468
						],
						[
							-90.54492,
							34.74659
						],
						[
							-90.54132,
							34.7464
						],
						[
							-90.53961,
							34.7448
						],
						[
							-90.53781,
							34.74479
						],
						[
							-90.53612,
							34.7432
						],
						[
							-90.53252,
							34.743
						],
						[
							-90.53081,
							34.74139
						],
						[
							-90.52911,
							34.7399
						],
						[
							-90.52571,
							34.73669
						],
						[
							-90.52411,
							34.73509
						],
						[
							-90.52241,
							34.7336
						],
						[
							-90.51901,
							34.73039
						],
						[
							-90.51721,
							34.73029
						],
						[
							-90.51541,
							34.73029
						],
						[
							-90.51372,
							34.7287
						],
						[
							-90.51012,
							34.72849
						],
						[
							-90.50841,
							34.7269
						],
						[
							-90.50652,
							34.72839
						],
						[
							-90.50471,
							34.72819
						],
						[
							-90.50291,
							34.72819
						],
						[
							-90.49041,
							34.72749
						],
						[
							-90.48862,
							34.72749
						],
						[
							-90.48681,
							34.72729
						],
						[
							-90.48501,
							34.7272
						],
						[
							-90.4831,
							34.72859
						],
						[
							-90.4813,
							34.72849
						],
						[
							-90.4795,
							34.72849
						],
						[
							-90.47761,
							34.7299
						],
						[
							-90.47401,
							34.7297
						],
						[
							-90.4721,
							34.73109
						],
						[
							-90.47021,
							34.7324
						],
						[
							-90.4683,
							34.7338
						],
						[
							-90.4665,
							34.7338
						],
						[
							-90.46461,
							34.73509
						],
						[
							-90.4627,
							34.7365
						],
						[
							-90.4609,
							34.7365
						],
						[
							-90.45901,
							34.73779
						],
						[
							-90.4571,
							34.7392
						],
						[
							-90.4553,
							34.7392
						],
						[
							-90.45341,
							34.74049
						],
						[
							-90.4551,
							34.7421
						],
						[
							-90.4531,
							34.74349
						],
						[
							-90.45121,
							34.7449
						],
						[
							-90.4493,
							34.74629
						],
						[
							-90.4491,
							34.7492
						],
						[
							-90.44721,
							34.75059
						],
						[
							-90.44701,
							34.75359
						],
						[
							-90.4468,
							34.75649
						],
						[
							-90.44671,
							34.75809
						],
						[
							-90.4484,
							34.7596
						],
						[
							-90.4482,
							34.76109
						],
						[
							-90.44811,
							34.7626
						],
						[
							-90.44981,
							34.76419
						],
						[
							-90.4497,
							34.76559
						],
						[
							-90.45141,
							34.7672
						],
						[
							-90.4513,
							34.76869
						],
						[
							-90.45301,
							34.77029
						],
						[
							-90.45461,
							34.7719
						],
						[
							-90.45631,
							34.7735
						],
						[
							-90.458,
							34.77499
						],
						[
							-90.45791,
							34.7765
						],
						[
							-90.4596,
							34.7781
						],
						[
							-90.46131,
							34.77959
						],
						[
							-90.46471,
							34.7828
						],
						[
							-90.46461,
							34.78419
						],
						[
							-90.46621,
							34.7858
						],
						[
							-90.4661,
							34.78729
						],
						[
							-90.46781,
							34.78889
						],
						[
							-90.4677,
							34.79039
						],
						[
							-90.46941,
							34.79199
						],
						[
							-90.4692,
							34.79489
						],
						[
							-90.46891,
							34.79939
						],
						[
							-90.4688,
							34.8008
						],
						[
							-90.4686,
							34.80229
						],
						[
							-90.46851,
							34.80379
						],
						[
							-90.4683,
							34.80669
						],
						[
							-90.46821,
							34.80819
						],
						[
							-90.4663,
							34.80969
						],
						[
							-90.46441,
							34.81099
						],
						[
							-90.4625,
							34.81239
						],
						[
							-90.46061,
							34.81379
						],
						[
							-90.45861,
							34.81519
						],
						[
							-90.4567,
							34.81659
						],
						[
							-90.45501,
							34.81649
						],
						[
							-90.4531,
							34.81789
						],
						[
							-90.45121,
							34.81779
						],
						[
							-90.4493,
							34.8192
						],
						[
							-90.44921,
							34.82069
						],
						[
							-90.44741,
							34.82059
						],
						[
							-90.4455,
							34.822
						],
						[
							-90.4437,
							34.82189
						],
						[
							-90.44181,
							34.82329
						],
						[
							-90.44001,
							34.82319
						],
						[
							-90.4381,
							34.82459
						],
						[
							-90.4363,
							34.82449
						],
						[
							-90.43441,
							34.82589
						],
						[
							-90.43081,
							34.8257
						],
						[
							-90.4289,
							34.82709
						],
						[
							-90.4253,
							34.82689
						],
						[
							-90.42341,
							34.82829
						],
						[
							-90.41801,
							34.82799
						],
						[
							-90.4123,
							34.8322
						],
						[
							-90.40871,
							34.83199
						],
						[
							-90.40681,
							34.83339
						],
						[
							-90.40501,
							34.83329
						],
						[
							-90.40311,
							34.83469
						],
						[
							-90.40131,
							34.83459
						],
						[
							-90.39751,
							34.83739
						],
						[
							-90.3955,
							34.83879
						],
						[
							-90.39361,
							34.84019
						],
						[
							-90.39181,
							34.8401
						],
						[
							-90.3899,
							34.84149
						],
						[
							-90.3881,
							34.84139
						],
						[
							-90.38621,
							34.84279
						],
						[
							-90.38261,
							34.84259
						],
						[
							-90.38091,
							34.84099
						],
						[
							-90.37911,
							34.84089
						],
						[
							-90.37721,
							34.84229
						],
						[
							-90.37531,
							34.84379
						],
						[
							-90.37351,
							34.84359
						],
						[
							-90.36811,
							34.84329
						],
						[
							-90.36631,
							34.84329
						],
						[
							-90.3644,
							34.84469
						],
						[
							-90.359,
							34.84439
						],
						[
							-90.3552,
							34.84719
						],
						[
							-90.35331,
							34.84849
						],
						[
							-90.3532,
							34.84999
						],
						[
							-90.35131,
							34.85139
						],
						[
							-90.34931,
							34.8528
						],
						[
							-90.3476,
							34.85269
						],
						[
							-90.34571,
							34.85409
						],
						[
							-90.34371,
							34.85549
						],
						[
							-90.3418,
							34.85689
						],
						[
							-90.33991,
							34.85819
						],
						[
							-90.338,
							34.85969
						],
						[
							-90.33791,
							34.8612
						],
						[
							-90.33601,
							34.86249
						],
						[
							-90.33421,
							34.8624
						],
						[
							-90.33231,
							34.86379
						],
						[
							-90.33051,
							34.86369
						],
						[
							-90.32861,
							34.86519
						],
						[
							-90.3268,
							34.86499
						],
						[
							-90.32491,
							34.86639
						],
						[
							-90.32311,
							34.86629
						],
						[
							-90.32111,
							34.86769
						],
						[
							-90.31931,
							34.86769
						],
						[
							-90.31741,
							34.86899
						],
						[
							-90.31561,
							34.86899
						],
						[
							-90.31371,
							34.87029
						],
						[
							-90.31011,
							34.87009
						],
						[
							-90.30821,
							34.87149
						],
						[
							-90.3064,
							34.87149
						],
						[
							-90.30451,
							34.87289
						],
						[
							-90.30271,
							34.87279
						],
						[
							-90.3008,
							34.87409
						],
						[
							-90.29891,
							34.87549
						],
						[
							-90.29881,
							34.877
						],
						[
							-90.29691,
							34.87839
						],
						[
							-90.29491,
							34.8798
						],
						[
							-90.29311,
							34.87969
						],
						[
							-90.28741,
							34.88389
						],
						[
							-90.2855,
							34.88529
						],
						[
							-90.28371,
							34.88519
						],
						[
							-90.28181,
							34.88649
						],
						[
							-90.2799,
							34.88789
						],
						[
							-90.27811,
							34.88779
						],
						[
							-90.27621,
							34.88919
						],
						[
							-90.27441,
							34.88909
						],
						[
							-90.27251,
							34.89049
						],
						[
							-90.27071,
							34.89039
						],
						[
							-90.2687,
							34.89179
						],
						[
							-90.26861,
							34.89329
						],
						[
							-90.26681,
							34.89319
						],
						[
							-90.2649,
							34.89459
						],
						[
							-90.2631,
							34.89449
						],
						[
							-90.26121,
							34.89589
						],
						[
							-90.2593,
							34.89719
						],
						[
							-90.25921,
							34.89879
						],
						[
							-90.2573,
							34.90019
						],
						[
							-90.2553,
							34.90149
						],
						[
							-90.24961,
							34.90569
						],
						[
							-90.24931,
							34.91019
						],
						[
							-90.24741,
							34.91159
						],
						[
							-90.2472,
							34.91299
						],
						[
							-90.24691,
							34.91749
						],
						[
							-90.24661,
							34.92189
						],
						[
							-90.24641,
							34.92339
						],
						[
							-90.2463,
							34.92489
						],
						[
							-90.24581,
							34.93229
						],
						[
							-90.24561,
							34.93379
						],
						[
							-90.2454,
							34.9367
						],
						[
							-90.24511,
							34.94119
						],
						[
							-90.24491,
							34.94269
						],
						[
							-90.24471,
							34.94569
						],
						[
							-90.24641,
							34.94719
						],
						[
							-90.2463,
							34.94869
						],
						[
							-90.24801,
							34.95029
						],
						[
							-90.2497,
							34.95179
						],
						[
							-90.2515,
							34.95199
						],
						[
							-90.25141,
							34.95339
						],
						[
							-90.25301,
							34.95499
						],
						[
							-90.2564,
							34.9582
						],
						[
							-90.25631,
							34.95959
						],
						[
							-90.258,
							34.96119
						],
						[
							-90.26141,
							34.96439
						],
						[
							-90.26321,
							34.96449
						],
						[
							-90.2649,
							34.96599
						],
						[
							-90.2665,
							34.96759
						],
						[
							-90.2701,
							34.96779
						],
						[
							-90.27181,
							34.96939
						],
						[
							-90.27361,
							34.96949
						],
						[
							-90.27531,
							34.97109
						],
						[
							-90.277,
							34.97259
						],
						[
							-90.2804,
							34.97579
						],
						[
							-90.28211,
							34.97729
						],
						[
							-90.28391,
							34.97739
						],
						[
							-90.28561,
							34.97899
						],
						[
							-90.28721,
							34.9806
						],
						[
							-90.2889,
							34.98209
						],
						[
							-90.29061,
							34.98379
						],
						[
							-90.2923,
							34.98529
						],
						[
							-90.29401,
							34.98689
						],
						[
							-90.29371,
							34.99129
						],
						[
							-90.29351,
							34.99279
						],
						[
							-90.2952,
							34.99439
						],
						[
							-90.29481,
							35.00039
						],
						[
							-90.2929,
							35.00169
						],
						[
							-90.2927,
							35.00319
						],
						[
							-90.28701,
							35.00739
						],
						[
							-90.28521,
							35.00729
						],
						[
							-90.28141,
							35.01009
						],
						[
							-90.27961,
							35.00999
						],
						[
							-90.2777,
							35.0114
						],
						[
							-90.2757,
							35.01279
						],
						[
							-90.27381,
							35.01409
						],
						[
							-90.2719,
							35.01549
						],
						[
							-90.27001,
							35.01689
						],
						[
							-90.26821,
							35.01678
						],
						[
							-90.2663,
							35.01819
						],
						[
							-90.2627,
							35.01799
						],
						[
							-90.26081,
							35.01939
						],
						[
							-90.2553,
							35.01909
						],
						[
							-90.2535,
							35.01909
						],
						[
							-90.2517,
							35.01889
						],
						[
							-90.2499,
							35.01889
						],
						[
							-90.2481,
							35.01879
						],
						[
							-90.2463,
							35.01859
						],
						[
							-90.2445,
							35.01859
						],
						[
							-90.24271,
							35.01849
						],
						[
							-90.24091,
							35.01829
						],
						[
							-90.23911,
							35.01829
						],
						[
							-90.23731,
							35.01819
						],
						[
							-90.23721,
							35.01969
						],
						[
							-90.23531,
							35.02109
						],
						[
							-90.23351,
							35.02099
						],
						[
							-90.23161,
							35.02229
						],
						[
							-90.2298,
							35.02228
						],
						[
							-90.22791,
							35.02369
						],
						[
							-90.22431,
							35.02349
						],
						[
							-90.2224,
							35.02329
						],
						[
							-90.2207,
							35.02329
						],
						[
							-90.21519,
							35.02299
						],
						[
							-90.21331,
							35.02439
						],
						[
							-90.2115,
							35.02429
						],
						[
							-90.2039,
							35.02988
						],
						[
							-90.2019,
							35.03119
						],
						[
							-90.2018,
							35.03268
						],
						[
							-90.19801,
							35.03548
						],
						[
							-90.19791,
							35.03699
						],
						[
							-90.19589,
							35.03839
						],
						[
							-90.19581,
							35.03989
						],
						[
							-90.19389,
							35.04119
						],
						[
							-90.19201,
							35.04259
						],
						[
							-90.1919,
							35.04409
						],
						[
							-90.19,
							35.04549
						],
						[
							-90.188,
							35.04689
						],
						[
							-90.1879,
							35.04829
						],
						[
							-90.186,
							35.04969
						],
						[
							-90.1859,
							35.05119
						],
						[
							-90.18401,
							35.05259
						],
						[
							-90.18391,
							35.05409
						],
						[
							-90.18371,
							35.05559
						],
						[
							-90.1818,
							35.05698
						],
						[
							-90.1814,
							35.06289
						],
						[
							-90.17951,
							35.06428
						],
						[
							-90.17931,
							35.06579
						],
						[
							-90.17909,
							35.06869
						],
						[
							-90.17901,
							35.07019
						],
						[
							-90.17889,
							35.07169
						],
						[
							-90.1787,
							35.07319
						],
						[
							-90.17841,
							35.07759
						],
						[
							-90.17819,
							35.08059
						],
						[
							-90.17799,
							35.08208
						],
						[
							-90.178,
							35.08359
						],
						[
							-90.17356,
							35.09295
						],
						[
							-90.16894,
							35.0987
						],
						[
							-90.16293,
							35.10373
						],
						[
							-90.15527,
							35.1092
						],
						[
							-90.14957,
							35.11229
						],
						[
							-90.14455,
							35.1149
						],
						[
							-90.13765,
							35.11884
						],
						[
							-90.12942,
							35.12116
						],
						[
							-90.12018,
							35.12421
						],
						[
							-90.11406,
							35.12637
						],
						[
							-90.10963,
							35.12758
						],
						[
							-90.10505,
							35.12852
						],
						[
							-90.10247,
							35.1306
						],
						[
							-90.10059,
							35.13206
						],
						[
							-90.09785,
							35.13426
						],
						[
							-90.09599,
							35.13428
						],
						[
							-90.0816,
							35.13349
						],
						[
							-90.078,
							35.13328
						],
						[
							-90.0762,
							35.13328
						],
						[
							-90.0743,
							35.13459
						],
						[
							-90.0723,
							35.13599
						],
						[
							-90.0722,
							35.13749
						],
						[
							-90.0684,
							35.14028
						],
						[
							-90.0683,
							35.14169
						],
						[
							-90.0663,
							35.14309
						],
						[
							-90.0661,
							35.14609
						],
						[
							-90.06419,
							35.14749
						],
						[
							-90.0641,
							35.14898
						],
						[
							-90.0639,
							35.15039
						],
						[
							-90.062,
							35.15178
						],
						[
							-90.06171,
							35.15629
						],
						[
							-90.06329,
							35.15789
						],
						[
							-90.065,
							35.15938
						],
						[
							-90.0648,
							35.16238
						],
						[
							-90.0629,
							35.16378
						],
						[
							-90.0628,
							35.16529
						],
						[
							-90.06439,
							35.16688
						],
						[
							-90.0661,
							35.16848
						],
						[
							-90.0678,
							35.16999
						],
						[
							-90.0677,
							35.17148
						],
						[
							-90.0658,
							35.17289
						],
						[
							-90.0657,
							35.17438
						],
						[
							-90.06551,
							35.17578
						],
						[
							-90.0636,
							35.17718
						],
						[
							-90.0618,
							35.17708
						],
						[
							-90.06171,
							35.17868
						],
						[
							-90.0598,
							35.17998
						],
						[
							-90.05969,
							35.18148
						],
						[
							-90.05949,
							35.18299
						],
						[
							-90.0593,
							35.18589
						],
						[
							-90.0611,
							35.18599
						],
						[
							-90.063,
							35.18468
						],
						[
							-90.065,
							35.18328
						],
						[
							-90.0666,
							35.18478
						],
						[
							-90.0663,
							35.18928
						],
						[
							-90.06799,
							35.19088
						],
						[
							-90.06599,
							35.19229
						],
						[
							-90.0641,
							35.19368
						],
						[
							-90.064,
							35.19509
						],
						[
							-90.0637,
							35.19958
						],
						[
							-90.06529,
							35.20108
						],
						[
							-90.0649,
							35.20708
						],
						[
							-90.0648,
							35.20858
						],
						[
							-90.06461,
							35.21009
						],
						[
							-90.0645,
							35.21148
						],
						[
							-90.06259,
							35.21289
						],
						[
							-90.06239,
							35.21589
						],
						[
							-90.064,
							35.21749
						],
						[
							-90.0657,
							35.21908
						],
						[
							-90.0656,
							35.22049
						],
						[
							-90.06731,
							35.22208
						],
						[
							-90.06709,
							35.22509
						],
						[
							-90.0688,
							35.22668
						],
						[
							-90.0686,
							35.22818
						],
						[
							-90.0685,
							35.22959
						],
						[
							-90.07021,
							35.23118
						],
						[
							-90.06999,
							35.23418
						],
						[
							-90.0717,
							35.23568
						],
						[
							-90.0715,
							35.23719
						],
						[
							-90.0714,
							35.23868
						],
						[
							-90.0731,
							35.24028
						],
						[
							-90.073,
							35.24179
						],
						[
							-90.07469,
							35.24338
						],
						[
							-90.0764,
							35.24488
						],
						[
							-90.07809,
							35.24649
						],
						[
							-90.0798,
							35.24808
						],
						[
							-90.07961,
							35.24958
						],
						[
							-90.0813,
							35.25119
						],
						[
							-90.08099,
							35.25558
						],
						[
							-90.0809,
							35.25708
						],
						[
							-90.0807,
							35.25859
						],
						[
							-90.0824,
							35.26018
						],
						[
							-90.08411,
							35.26168
						],
						[
							-90.08749,
							35.26488
						],
						[
							-90.08929,
							35.26498
						],
						[
							-90.091,
							35.26658
						],
						[
							-90.0927,
							35.26808
						],
						[
							-90.09441,
							35.26969
						],
						[
							-90.0943,
							35.27118
						],
						[
							-90.0941,
							35.27269
						],
						[
							-90.0939,
							35.27568
						],
						[
							-90.0938,
							35.27708
						],
						[
							-90.0936,
							35.28009
						],
						[
							-90.0934,
							35.28158
						],
						[
							-90.09509,
							35.28318
						],
						[
							-90.09489,
							35.28608
						],
						[
							-90.0966,
							35.28769
						],
						[
							-90.09641,
							35.28918
						],
						[
							-90.09641,
							35.29068
						],
						[
							-90.09799,
							35.29219
						],
						[
							-90.0979,
							35.29368
						],
						[
							-90.09959,
							35.29528
						],
						[
							-90.0995,
							35.29678
						],
						[
							-90.1012,
							35.29838
						],
						[
							-90.101,
							35.30138
						],
						[
							-90.1008,
							35.30288
						],
						[
							-90.10249,
							35.30439
						],
						[
							-90.1042,
							35.30598
						],
						[
							-90.1059,
							35.30748
						],
						[
							-90.10761,
							35.30918
						],
						[
							-90.1093,
							35.31068
						],
						[
							-90.11099,
							35.31228
						],
						[
							-90.11079,
							35.31528
						],
						[
							-90.1106,
							35.31678
						],
						[
							-90.11031,
							35.32118
						],
						[
							-90.1102,
							35.32268
						],
						[
							-90.11,
							35.32418
						],
						[
							-90.1097,
							35.32859
						],
						[
							-90.1096,
							35.33008
						],
						[
							-90.10941,
							35.33158
						],
						[
							-90.10941,
							35.33308
						],
						[
							-90.10919,
							35.33458
						],
						[
							-90.1091,
							35.33598
						],
						[
							-90.10719,
							35.33738
						],
						[
							-90.1071,
							35.33889
						],
						[
							-90.1069,
							35.34038
						],
						[
							-90.1066,
							35.34478
						],
						[
							-90.10471,
							35.34618
						],
						[
							-90.10449,
							35.34768
						],
						[
							-90.1042,
							35.35218
						],
						[
							-90.10229,
							35.35358
						],
						[
							-90.1022,
							35.35508
						],
						[
							-90.10201,
							35.35648
						],
						[
							-90.1019,
							35.35798
						],
						[
							-90.10001,
							35.35938
						],
						[
							-90.09979,
							35.36228
						],
						[
							-90.09779,
							35.36368
						],
						[
							-90.0977,
							35.36528
						],
						[
							-90.09759,
							35.36668
						],
						[
							-90.0957,
							35.36808
						],
						[
							-90.09551,
							35.36958
						],
						[
							-90.09531,
							35.37248
						],
						[
							-90.0934,
							35.37388
						],
						[
							-90.0932,
							35.37538
						],
						[
							-90.09309,
							35.37688
						],
						[
							-90.0912,
							35.37828
						],
						[
							-90.09109,
							35.37978
						],
						[
							-90.0892,
							35.38118
						],
						[
							-90.08901,
							35.38258
						],
						[
							-90.0871,
							35.38398
						],
						[
							-90.08701,
							35.38548
						],
						[
							-90.0851,
							35.38688
						],
						[
							-90.08501,
							35.38838
						],
						[
							-90.08299,
							35.38978
						],
						[
							-90.0827,
							35.39418
						],
						[
							-90.0807,
							35.39558
						],
						[
							-90.0806,
							35.39708
						],
						[
							-90.08231,
							35.39868
						],
						[
							-90.0804,
							35.40008
						],
						[
							-90.07649,
							35.40278
						],
						[
							-90.0746,
							35.40418
						],
						[
							-90.07269,
							35.40558
						],
						[
							-90.0708,
							35.40548
						],
						[
							-90.06889,
							35.40688
						],
						[
							-90.06709,
							35.40678
						],
						[
							-90.0652,
							35.40818
						],
						[
							-90.0632,
							35.40948
						],
						[
							-90.0614,
							35.40948
						],
						[
							-90.05949,
							35.41078
						],
						[
							-90.0576,
							35.41218
						],
						[
							-90.0575,
							35.41368
						],
						[
							-90.0555,
							35.41508
						],
						[
							-90.0554,
							35.41658
						],
						[
							-90.0535,
							35.41798
						],
						[
							-90.05341,
							35.41948
						],
						[
							-90.05139,
							35.42078
						],
						[
							-90.0495,
							35.42218
						],
						[
							-90.04759,
							35.42358
						],
						[
							-90.04559,
							35.42498
						],
						[
							-90.04019,
							35.42468
						],
						[
							-90.0383,
							35.42608
						],
						[
							-90.03459,
							35.42588
						],
						[
							-90.03079,
							35.42868
						],
						[
							-90.0289,
							35.42998
						],
						[
							-90.0269,
							35.43138
						],
						[
							-90.02499,
							35.43278
						],
						[
							-90.0231,
							35.43418
						],
						[
							-90.0211,
							35.43558
						],
						[
							-90.0173,
							35.43838
						],
						[
							-90.0153,
							35.43978
						],
						[
							-90.0134,
							35.44118
						],
						[
							-90.0132,
							35.44408
						],
						[
							-90.0112,
							35.44548
						],
						[
							-90.01289,
							35.44698
						],
						[
							-90.011,
							35.44848
						],
						[
							-90.0109,
							35.44988
						],
						[
							-90.009,
							35.45128
						],
						[
							-90.0088,
							35.45278
						],
						[
							-90.0069,
							35.45418
						],
						[
							-90.0067,
							35.45718
						],
						[
							-90.0065,
							35.45867
						],
						[
							-90.00639,
							35.46008
						],
						[
							-90.0061,
							35.46458
						],
						[
							-90.00771,
							35.46608
						],
						[
							-90.00749,
							35.46907
						],
						[
							-90.0092,
							35.47068
						],
						[
							-90.009,
							35.47368
						],
						[
							-90.0088,
							35.47518
						],
						[
							-90.0107,
							35.47518
						],
						[
							-90.01241,
							35.47678
						],
						[
							-90.01219,
							35.47827
						],
						[
							-90.0139,
							35.47988
						],
						[
							-90.01379,
							35.48137
						],
						[
							-90.0155,
							35.48298
						],
						[
							-90.0154,
							35.48438
						],
						[
							-90.01711,
							35.48597
						],
						[
							-90.01691,
							35.48748
						],
						[
							-90.0186,
							35.48908
						],
						[
							-90.01849,
							35.49057
						],
						[
							-90.0202,
							35.49218
						],
						[
							-90.0201,
							35.49358
						],
						[
							-90.02181,
							35.49517
						],
						[
							-90.02161,
							35.49807
						],
						[
							-90.02139,
							35.49968
						],
						[
							-90.0195,
							35.50108
						],
						[
							-90.0193,
							35.50398
						],
						[
							-90.0191,
							35.50547
						],
						[
							-90.0172,
							35.50688
						],
						[
							-90.017,
							35.50988
						],
						[
							-90.015,
							35.51117
						],
						[
							-90.01489,
							35.51268
						],
						[
							-90.013,
							35.51408
						],
						[
							-90.011,
							35.51548
						],
						[
							-90.0053,
							35.51968
						],
						[
							-90.0033,
							35.52108
						],
						[
							-90.0014,
							35.52237
						],
						[
							-89.9996,
							35.52227
						],
						[
							-89.9976,
							35.52368
						],
						[
							-89.9957,
							35.52507
						],
						[
							-89.9938,
							35.52648
						],
						[
							-89.992,
							35.52628
						],
						[
							-89.99,
							35.52768
						],
						[
							-89.9882,
							35.52768
						],
						[
							-89.9863,
							35.52908
						],
						[
							-89.98441,
							35.52887
						],
						[
							-89.9808,
							35.52867
						],
						[
							-89.9791,
							35.52718
						],
						[
							-89.97369,
							35.52687
						],
						[
							-89.97031,
							35.52368
						],
						[
							-89.9686,
							35.52208
						],
						[
							-89.9669,
							35.52057
						],
						[
							-89.96519,
							35.51898
						],
						[
							-89.96349,
							35.51738
						],
						[
							-89.96169,
							35.51728
						],
						[
							-89.96,
							35.51568
						],
						[
							-89.9582,
							35.51557
						],
						[
							-89.95649,
							35.51397
						],
						[
							-89.95461,
							35.51538
						],
						[
							-89.9491,
							35.51508
						],
						[
							-89.94729,
							35.51497
						],
						[
							-89.94009,
							35.51458
						],
						[
							-89.9382,
							35.51448
						],
						[
							-89.93659,
							35.51297
						],
						[
							-89.93469,
							35.51288
						],
						[
							-89.93288,
							35.51268
						],
						[
							-89.93119,
							35.51107
						],
						[
							-89.92939,
							35.51107
						],
						[
							-89.9277,
							35.50937
						],
						[
							-89.92599,
							35.50788
						],
						[
							-89.92419,
							35.50778
						],
						[
							-89.92249,
							35.50618
						],
						[
							-89.92059,
							35.50758
						],
						[
							-89.91878,
							35.50747
						],
						[
							-89.90969,
							35.50698
						],
						[
							-89.9078,
							35.50837
						],
						[
							-89.9042,
							35.50818
						],
						[
							-89.9022,
							35.50958
						],
						[
							-89.9004,
							35.50937
						],
						[
							-89.89849,
							35.51078
						],
						[
							-89.89649,
							35.51217
						],
						[
							-89.89459,
							35.51358
						],
						[
							-89.89449,
							35.51508
						],
						[
							-89.89249,
							35.51648
						],
						[
							-89.89239,
							35.51798
						],
						[
							-89.8941,
							35.51957
						],
						[
							-89.8939,
							35.52248
						],
						[
							-89.89368,
							35.52398
						],
						[
							-89.89349,
							35.52697
						],
						[
							-89.8952,
							35.52848
						],
						[
							-89.89509,
							35.52998
						],
						[
							-89.89489,
							35.53148
						],
						[
							-89.89469,
							35.53447
						],
						[
							-89.89638,
							35.53598
						],
						[
							-89.89629,
							35.53748
						],
						[
							-89.8961,
							35.53898
						],
						[
							-89.8959,
							35.54197
						],
						[
							-89.89579,
							35.54338
						],
						[
							-89.8939,
							35.54477
						],
						[
							-89.89368,
							35.54637
						],
						[
							-89.89359,
							35.54778
						],
						[
							-89.89529,
							35.54937
						],
						[
							-89.8952,
							35.55088
						],
						[
							-89.8932,
							35.55227
						],
						[
							-89.893,
							35.55528
						],
						[
							-89.89278,
							35.55818
						],
						[
							-89.89259,
							35.55967
						],
						[
							-89.8923,
							35.56408
						],
						[
							-89.8939,
							35.56568
						],
						[
							-89.89559,
							35.56728
						],
						[
							-89.89539,
							35.57028
						],
						[
							-89.89709,
							35.57177
						],
						[
							-89.897,
							35.57328
						],
						[
							-89.89869,
							35.57488
						],
						[
							-89.89849,
							35.57637
						],
						[
							-89.90018,
							35.57798
						],
						[
							-89.8999,
							35.58248
						],
						[
							-89.8997,
							35.58387
						],
						[
							-89.8995,
							35.58688
						],
						[
							-89.89928,
							35.58988
						],
						[
							-89.89909,
							35.59127
						],
						[
							-89.8988,
							35.59578
						],
						[
							-89.8968,
							35.59718
						],
						[
							-89.8966,
							35.60008
						],
						[
							-89.89459,
							35.60147
						],
						[
							-89.89449,
							35.60298
						],
						[
							-89.89259,
							35.60437
						],
						[
							-89.89429,
							35.60598
						],
						[
							-89.8923,
							35.60738
						],
						[
							-89.89039,
							35.60868
						],
						[
							-89.8903,
							35.61018
						],
						[
							-89.8883,
							35.61158
						],
						[
							-89.8845,
							35.61438
						],
						[
							-89.88259,
							35.61428
						],
						[
							-89.8807,
							35.61567
						],
						[
							-89.87879,
							35.61698
						],
						[
							-89.87679,
							35.61847
						],
						[
							-89.87489,
							35.61978
						],
						[
							-89.87479,
							35.62127
						],
						[
							-89.87279,
							35.62268
						],
						[
							-89.87269,
							35.62418
						],
						[
							-89.8708,
							35.62558
						],
						[
							-89.87069,
							35.62698
						],
						[
							-89.87049,
							35.62847
						],
						[
							-89.87019,
							35.63298
						],
						[
							-89.87189,
							35.63448
						],
						[
							-89.8717,
							35.63598
						],
						[
							-89.87159,
							35.63748
						],
						[
							-89.8733,
							35.63908
						],
						[
							-89.87309,
							35.64198
						],
						[
							-89.87479,
							35.64357
						],
						[
							-89.8764,
							35.64518
						],
						[
							-89.87629,
							35.64668
						],
						[
							-89.87809,
							35.64678
						],
						[
							-89.8798,
							35.64837
						],
						[
							-89.88169,
							35.64848
						],
						[
							-89.88329,
							35.64997
						],
						[
							-89.88519,
							35.65007
						],
						[
							-89.88689,
							35.65177
						],
						[
							-89.88859,
							35.65328
						],
						[
							-89.89039,
							35.65347
						],
						[
							-89.8921,
							35.65498
						],
						[
							-89.8919,
							35.65647
						],
						[
							-89.89559,
							35.65667
						],
						[
							-89.89579,
							35.65367
						],
						[
							-89.89779,
							35.65237
						],
						[
							-89.8995,
							35.65387
						],
						[
							-89.89928,
							35.65537
						],
						[
							-89.89919,
							35.65688
						],
						[
							-89.9026,
							35.66007
						],
						[
							-89.9044,
							35.66018
						],
						[
							-89.90609,
							35.66178
						],
						[
							-89.9078,
							35.66327
						],
						[
							-89.91119,
							35.66647
						],
						[
							-89.91659,
							35.66678
						],
						[
							-89.91849,
							35.66687
						],
						[
							-89.92019,
							35.66847
						],
						[
							-89.92199,
							35.66857
						],
						[
							-89.9239,
							35.66718
						],
						[
							-89.92409,
							35.66567
						],
						[
							-89.92579,
							35.66728
						],
						[
							-89.9275,
							35.66887
						],
						[
							-89.92909,
							35.67037
						],
						[
							-89.92899,
							35.67188
						],
						[
							-89.93069,
							35.67347
						],
						[
							-89.93049,
							35.67648
						],
						[
							-89.93029,
							35.67798
						],
						[
							-89.9302,
							35.67947
						],
						[
							-89.92999,
							35.68237
						],
						[
							-89.92979,
							35.68388
						],
						[
							-89.92959,
							35.68687
						],
						[
							-89.9313,
							35.68847
						],
						[
							-89.93119,
							35.68997
						],
						[
							-89.93288,
							35.69147
						],
						[
							-89.93459,
							35.69307
						],
						[
							-89.93449,
							35.69457
						],
						[
							-89.93429,
							35.69598
						],
						[
							-89.9341,
							35.69907
						],
						[
							-89.9358,
							35.70057
						],
						[
							-89.93569,
							35.70207
						],
						[
							-89.93369,
							35.70348
						],
						[
							-89.93359,
							35.70497
						],
						[
							-89.93169,
							35.70628
						],
						[
							-89.9315,
							35.70777
						],
						[
							-89.92959,
							35.70918
						],
						[
							-89.9295,
							35.71067
						],
						[
							-89.9275,
							35.71207
						],
						[
							-89.92559,
							35.71347
						],
						[
							-89.9237,
							35.71487
						],
						[
							-89.92179,
							35.71478
						],
						[
							-89.9199,
							35.71607
						],
						[
							-89.9181,
							35.71607
						],
						[
							-89.91608,
							35.71737
						],
						[
							-89.9143,
							35.71727
						],
						[
							-89.91239,
							35.71867
						],
						[
							-89.91059,
							35.71858
						],
						[
							-89.90859,
							35.71997
						],
						[
							-89.90139,
							35.71957
						],
						[
							-89.8977,
							35.71938
						],
						[
							-89.8959,
							35.71927
						],
						[
							-89.8939,
							35.72067
						],
						[
							-89.8903,
							35.72047
						],
						[
							-89.88839,
							35.72187
						],
						[
							-89.8865,
							35.72177
						],
						[
							-89.88459,
							35.72308
						],
						[
							-89.88279,
							35.72297
						],
						[
							-89.8809,
							35.72437
						],
						[
							-89.87899,
							35.72427
						],
						[
							-89.8771,
							35.72567
						],
						[
							-89.87699,
							35.72717
						],
						[
							-89.87499,
							35.72857
						],
						[
							-89.87309,
							35.72997
						],
						[
							-89.87128,
							35.72987
						],
						[
							-89.86929,
							35.73117
						],
						[
							-89.86749,
							35.73107
						],
						[
							-89.86559,
							35.73248
						],
						[
							-89.86369,
							35.73238
						],
						[
							-89.86179,
							35.73377
						],
						[
							-89.85999,
							35.73367
						],
						[
							-89.85809,
							35.73507
						],
						[
							-89.85619,
							35.73497
						],
						[
							-89.85429,
							35.73637
						],
						[
							-89.85059,
							35.73618
						],
						[
							-89.84869,
							35.73757
						],
						[
							-89.84139,
							35.73718
						],
						[
							-89.83948,
							35.73857
						],
						[
							-89.83768,
							35.73837
						],
						[
							-89.83579,
							35.73827
						],
						[
							-89.83569,
							35.73977
						],
						[
							-89.83379,
							35.74117
						],
						[
							-89.83009,
							35.74097
						],
						[
							-89.82819,
							35.74237
						],
						[
							-89.82449,
							35.74217
						],
						[
							-89.82259,
							35.74358
						],
						[
							-89.82069,
							35.74487
						],
						[
							-89.81889,
							35.74477
						],
						[
							-89.81689,
							35.74617
						],
						[
							-89.81509,
							35.74607
						],
						[
							-89.81309,
							35.74748
						],
						[
							-89.81119,
							35.74887
						],
						[
							-89.8092,
							35.75028
						],
						[
							-89.80729,
							35.75167
						],
						[
							-89.8054,
							35.75308
						],
						[
							-89.8034,
							35.75437
						],
						[
							-89.80149,
							35.75577
						],
						[
							-89.79949,
							35.75717
						],
						[
							-89.79758,
							35.75858
						],
						[
							-89.79578,
							35.75837
						],
						[
							-89.79739,
							35.75997
						],
						[
							-89.7971,
							35.76447
						],
						[
							-89.7969,
							35.76737
						],
						[
							-89.79668,
							35.76897
						],
						[
							-89.79649,
							35.77187
						],
						[
							-89.79425,
							35.77331
						],
						[
							-89.79261,
							35.77496
						],
						[
							-89.79054,
							35.77726
						],
						[
							-89.79004,
							35.77988
						],
						[
							-89.78993,
							35.78236
						],
						[
							-89.78978,
							35.7865
						],
						[
							-89.78934,
							35.79183
						],
						[
							-89.78737,
							35.7952
						],
						[
							-89.78497,
							35.79688
						],
						[
							-89.78213,
							35.79809
						],
						[
							-89.77867,
							35.8001
						],
						[
							-89.77418,
							35.80084
						],
						[
							-89.77058,
							35.8011
						],
						[
							-89.7683,
							35.80121
						],
						[
							-89.76088,
							35.8009
						],
						[
							-89.75748,
							35.80094
						],
						[
							-89.75393,
							35.80174
						],
						[
							-89.75122,
							35.80258
						],
						[
							-89.74878,
							35.80479
						],
						[
							-89.7477,
							35.80639
						],
						[
							-89.74589,
							35.80787
						],
						[
							-89.744,
							35.80917
						],
						[
							-89.742,
							35.81057
						],
						[
							-89.7402,
							35.81047
						],
						[
							-89.7382,
							35.81187
						],
						[
							-89.73099,
							35.81147
						],
						[
							-89.72909,
							35.81127
						],
						[
							-89.72729,
							35.81127
						],
						[
							-89.7254,
							35.81267
						],
						[
							-89.72349,
							35.81247
						],
						[
							-89.72169,
							35.81237
						],
						[
							-89.7198,
							35.81377
						],
						[
							-89.7196,
							35.81527
						],
						[
							-89.71949,
							35.81677
						],
						[
							-89.7176,
							35.81818
						],
						[
							-89.71738,
							35.81957
						],
						[
							-89.71549,
							35.82097
						],
						[
							-89.71538,
							35.82247
						],
						[
							-89.71518,
							35.82397
						],
						[
							-89.7133,
							35.82537
						],
						[
							-89.7113,
							35.82668
						],
						[
							-89.70938,
							35.82807
						],
						[
							-89.70749,
							35.82948
						],
						[
							-89.70549,
							35.83087
						],
						[
							-89.70358,
							35.83228
						],
						[
							-89.70158,
							35.83367
						],
						[
							-89.70148,
							35.83508
						],
						[
							-89.70139,
							35.83657
						],
						[
							-89.70119,
							35.83807
						],
						[
							-89.70108,
							35.83957
						],
						[
							-89.7028,
							35.84117
						],
						[
							-89.70449,
							35.84277
						],
						[
							-89.70808,
							35.84297
						],
						[
							-89.70999,
							35.84307
						],
						[
							-89.71178,
							35.84307
						],
						[
							-89.71358,
							35.84327
						],
						[
							-89.71719,
							35.84347
						],
						[
							-89.7189,
							35.84507
						],
						[
							-89.72259,
							35.84528
						],
						[
							-89.7243,
							35.84687
						],
						[
							-89.7261,
							35.84697
						],
						[
							-89.72779,
							35.84857
						],
						[
							-89.72959,
							35.84867
						],
						[
							-89.73128,
							35.85017
						],
						[
							-89.73309,
							35.85037
						],
						[
							-89.73499,
							35.85047
						],
						[
							-89.73669,
							35.85197
						],
						[
							-89.73849,
							35.85207
						],
						[
							-89.7404,
							35.85067
						],
						[
							-89.74209,
							35.85227
						],
						[
							-89.744,
							35.85237
						],
						[
							-89.74569,
							35.85397
						],
						[
							-89.7474,
							35.85557
						],
						[
							-89.74899,
							35.85717
						],
						[
							-89.74889,
							35.85867
						],
						[
							-89.75059,
							35.86017
						],
						[
							-89.75039,
							35.86317
						],
						[
							-89.7521,
							35.86476
						],
						[
							-89.75188,
							35.86627
						],
						[
							-89.757,
							35.87107
						],
						[
							-89.75869,
							35.87257
						],
						[
							-89.7604,
							35.87417
						],
						[
							-89.76029,
							35.87567
						],
						[
							-89.76199,
							35.87727
						],
						[
							-89.76189,
							35.87877
						],
						[
							-89.7617,
							35.88027
						],
						[
							-89.76339,
							35.88177
						],
						[
							-89.76319,
							35.88477
						],
						[
							-89.76299,
							35.88627
						],
						[
							-89.76109,
							35.88767
						],
						[
							-89.75919,
							35.88908
						],
						[
							-89.75729,
							35.88887
						],
						[
							-89.75539,
							35.89037
						],
						[
							-89.75339,
							35.89167
						],
						[
							-89.75149,
							35.89307
						],
						[
							-89.7514,
							35.89457
						],
						[
							-89.7494,
							35.89587
						],
						[
							-89.7492,
							35.89887
						],
						[
							-89.74899,
							35.90037
						],
						[
							-89.74869,
							35.90487
						],
						[
							-89.7467,
							35.90617
						],
						[
							-89.7449,
							35.90607
						],
						[
							-89.74309,
							35.90607
						],
						[
							-89.74119,
							35.90597
						],
						[
							-89.73939,
							35.90577
						],
						[
							-89.73209,
							35.90537
						],
						[
							-89.73038,
							35.90377
						],
						[
							-89.72858,
							35.90377
						],
						[
							-89.7268,
							35.90357
						],
						[
							-89.72309,
							35.90337
						],
						[
							-89.7214,
							35.90187
						],
						[
							-89.7196,
							35.90167
						],
						[
							-89.71789,
							35.90017
						],
						[
							-89.71609,
							35.90007
						],
						[
							-89.71439,
							35.89847
						],
						[
							-89.71259,
							35.89836
						],
						[
							-89.71088,
							35.89677
						],
						[
							-89.7091,
							35.89667
						],
						[
							-89.70399,
							35.89187
						],
						[
							-89.70229,
							35.89037
						],
						[
							-89.70058,
							35.88877
						],
						[
							-89.70068,
							35.88728
						],
						[
							-89.69729,
							35.88407
						],
						[
							-89.69549,
							35.88397
						],
						[
							-89.69379,
							35.88237
						],
						[
							-89.69209,
							35.88077
						],
						[
							-89.68869,
							35.87757
						],
						[
							-89.68698,
							35.87597
						],
						[
							-89.68518,
							35.87597
						],
						[
							-89.68349,
							35.87437
						],
						[
							-89.67978,
							35.87418
						],
						[
							-89.67799,
							35.87407
						],
						[
							-89.67438,
							35.87387
						],
						[
							-89.67258,
							35.87367
						],
						[
							-89.67069,
							35.87357
						],
						[
							-89.66878,
							35.87497
						],
						[
							-89.66518,
							35.87477
						],
						[
							-89.66118,
							35.87757
						],
						[
							-89.65929,
							35.87897
						],
						[
							-89.65729,
							35.88027
						],
						[
							-89.65549,
							35.88017
						],
						[
							-89.65358,
							35.88157
						],
						[
							-89.65158,
							35.88297
						],
						[
							-89.64969,
							35.88437
						],
						[
							-89.64949,
							35.88587
						],
						[
							-89.64758,
							35.88717
						],
						[
							-89.64558,
							35.88857
						],
						[
							-89.64548,
							35.89007
						],
						[
							-89.64719,
							35.89167
						],
						[
							-89.64699,
							35.89457
						],
						[
							-89.64499,
							35.89597
						],
						[
							-89.64479,
							35.89897
						],
						[
							-89.64458,
							35.90047
						],
						[
							-89.64438,
							35.90347
						],
						[
							-89.64418,
							35.90487
						],
						[
							-89.64589,
							35.90647
						],
						[
							-89.64569,
							35.90947
						],
						[
							-89.64548,
							35.91087
						],
						[
							-89.64539,
							35.91247
						],
						[
							-89.64708,
							35.91397
						],
						[
							-89.64688,
							35.91696
						],
						[
							-89.64668,
							35.91847
						],
						[
							-89.64838,
							35.92007
						],
						[
							-89.65009,
							35.92166
						],
						[
							-89.65198,
							35.92177
						],
						[
							-89.65358,
							35.92327
						],
						[
							-89.65349,
							35.92477
						],
						[
							-89.65518,
							35.92636
						],
						[
							-89.65509,
							35.92787
						],
						[
							-89.65678,
							35.92947
						],
						[
							-89.66039,
							35.92967
						],
						[
							-89.66208,
							35.93127
						],
						[
							-89.66379,
							35.93286
						],
						[
							-89.66559,
							35.93286
						],
						[
							-89.66748,
							35.93307
						],
						[
							-89.66919,
							35.93467
						],
						[
							-89.67099,
							35.93476
						],
						[
							-89.67268,
							35.93627
						],
						[
							-89.67438,
							35.93787
						],
						[
							-89.67949,
							35.94267
						],
						[
							-89.6831,
							35.94287
						],
						[
							-89.68649,
							35.94607
						],
						[
							-89.68639,
							35.94757
						],
						[
							-89.68808,
							35.94917
						],
						[
							-89.68799,
							35.95056
						],
						[
							-89.6896,
							35.95217
						],
						[
							-89.68938,
							35.95517
						],
						[
							-89.69109,
							35.95667
						],
						[
							-89.69279,
							35.95837
						],
						[
							-89.69269,
							35.95987
						],
						[
							-89.69249,
							35.96127
						],
						[
							-89.69238,
							35.96277
						],
						[
							-89.69408,
							35.96437
						],
						[
							-89.69399,
							35.96587
						],
						[
							-89.69388,
							35.96737
						],
						[
							-89.69369,
							35.96877
						],
						[
							-89.6954,
							35.97037
						],
						[
							-89.6952,
							35.97337
						],
						[
							-89.69858,
							35.97657
						],
						[
							-89.69659,
							35.97787
						],
						[
							-89.69649,
							35.97937
						],
						[
							-89.69819,
							35.98097
						],
						[
							-89.6981,
							35.98247
						],
						[
							-89.6979,
							35.98397
						],
						[
							-89.69779,
							35.98547
						],
						[
							-89.69949,
							35.98707
						],
						[
							-89.69929,
							35.98997
						],
						[
							-89.69909,
							35.99147
						],
						[
							-89.7008,
							35.99307
						],
						[
							-89.70058,
							35.99607
						],
						[
							-89.70038,
							35.99747
						],
						[
							-89.70029,
							35.99907
						],
						[
							-89.7001,
							36.00197
						],
						[
							-89.6999,
							36.00347
						],
						[
							-89.69968,
							36.00637
						],
						[
							-89.69948,
							36.00797
						],
						[
							-89.6992,
							36.01227
						],
						[
							-89.6972,
							36.01377
						],
						[
							-89.69709,
							36.01527
						],
						[
							-89.6988,
							36.01677
						],
						[
							-89.69869,
							36.01827
						],
						[
							-89.69849,
							36.01977
						],
						[
							-89.69839,
							36.02127
						],
						[
							-89.69649,
							36.02257
						],
						[
							-89.6963,
							36.02407
						],
						[
							-89.69439,
							36.02547
						],
						[
							-89.69239,
							36.02687
						],
						[
							-89.6923,
							36.02837
						],
						[
							-89.69029,
							36.02977
						],
						[
							-89.68999,
							36.03417
						],
						[
							-89.6898,
							36.03567
						],
						[
							-89.68969,
							36.03717
						],
						[
							-89.68779,
							36.03857
						],
						[
							-89.68758,
							36.03997
						],
						[
							-89.68749,
							36.04156
						],
						[
							-89.68739,
							36.04297
						],
						[
							-89.68909,
							36.04456
						],
						[
							-89.68899,
							36.04607
						],
						[
							-89.68879,
							36.04756
						],
						[
							-89.6869,
							36.04887
						],
						[
							-89.6849,
							36.05027
						],
						[
							-89.68479,
							36.05177
						],
						[
							-89.68278,
							36.05316
						],
						[
							-89.68089,
							36.05456
						],
						[
							-89.67888,
							36.05587
						],
						[
							-89.67708,
							36.05586
						],
						[
							-89.67528,
							36.05566
						],
						[
							-89.67329,
							36.05717
						],
						[
							-89.67319,
							36.05857
						],
						[
							-89.6712,
							36.05997
						],
						[
							-89.67109,
							36.06147
						],
						[
							-89.6728,
							36.06307
						],
						[
							-89.67448,
							36.06467
						],
						[
							-89.67618,
							36.06616
						],
						[
							-89.67789,
							36.06777
						],
						[
							-89.6777,
							36.07076
						],
						[
							-89.6757,
							36.07217
						],
						[
							-89.67738,
							36.07377
						],
						[
							-89.67728,
							36.07517
						],
						[
							-89.67529,
							36.07657
						],
						[
							-89.67519,
							36.07806
						],
						[
							-89.67319,
							36.07947
						],
						[
							-89.673,
							36.08237
						],
						[
							-89.671,
							36.08376
						],
						[
							-89.67089,
							36.08527
						],
						[
							-89.66889,
							36.08666
						],
						[
							-89.66698,
							36.08807
						],
						[
							-89.66688,
							36.08956
						],
						[
							-89.66489,
							36.09096
						],
						[
							-89.66299,
							36.09226
						],
						[
							-89.66109,
							36.09216
						],
						[
							-89.65919,
							36.09357
						],
						[
							-89.65738,
							36.09347
						],
						[
							-89.65718,
							36.09496
						],
						[
							-89.65169,
							36.09467
						],
						[
							-89.64978,
							36.09606
						],
						[
							-89.64778,
							36.09737
						],
						[
							-89.64229,
							36.09706
						],
						[
							-89.64038,
							36.09846
						],
						[
							-89.63839,
							36.09976
						],
						[
							-89.63658,
							36.09966
						],
						[
							-89.63478,
							36.09966
						],
						[
							-89.63298,
							36.09946
						],
						[
							-89.63098,
							36.10097
						],
						[
							-89.62898,
							36.10226
						],
						[
							-89.62878,
							36.10526
						],
						[
							-89.62678,
							36.10667
						],
						[
							-89.62498,
							36.10657
						],
						[
							-89.62299,
							36.10786
						],
						[
							-89.62288,
							36.10937
						],
						[
							-89.62088,
							36.11076
						],
						[
							-89.61899,
							36.11217
						],
						[
							-89.61719,
							36.11207
						],
						[
							-89.61519,
							36.11346
						],
						[
							-89.61159,
							36.11327
						],
						[
							-89.60959,
							36.11456
						],
						[
							-89.60779,
							36.11446
						],
						[
							-89.60379,
							36.11726
						],
						[
							-89.60188,
							36.11867
						],
						[
							-89.60008,
							36.11857
						],
						[
							-89.59988,
							36.11997
						],
						[
							-89.59798,
							36.12137
						],
						[
							-89.59598,
							36.12277
						],
						[
							-89.59418,
							36.12266
						],
						[
							-89.59218,
							36.12406
						],
						[
							-89.59209,
							36.12557
						],
						[
							-89.59018,
							36.12686
						],
						[
							-89.58818,
							36.12826
						],
						[
							-89.58809,
							36.12977
						],
						[
							-89.58609,
							36.13117
						],
						[
							-89.58409,
							36.13246
						],
						[
							-89.58218,
							36.13387
						],
						[
							-89.58208,
							36.13537
						],
						[
							-89.58008,
							36.13676
						],
						[
							-89.57838,
							36.13516
						],
						[
							-89.57639,
							36.13657
						],
						[
							-89.57619,
							36.13956
						],
						[
							-89.57439,
							36.13937
						],
						[
							-89.57419,
							36.14086
						],
						[
							-89.57399,
							36.14387
						],
						[
							-89.57568,
							36.14546
						],
						[
							-89.57549,
							36.14697
						],
						[
							-89.57529,
							36.14986
						],
						[
							-89.57698,
							36.15147
						],
						[
							-89.57689,
							36.15296
						],
						[
							-89.57858,
							36.15456
						],
						[
							-89.57838,
							36.15607
						],
						[
							-89.58008,
							36.15766
						],
						[
							-89.57999,
							36.15906
						],
						[
							-89.58179,
							36.15926
						],
						[
							-89.58348,
							36.16077
						],
						[
							-89.58519,
							36.16247
						],
						[
							-89.58508,
							36.16386
						],
						[
							-89.58678,
							36.16547
						],
						[
							-89.58669,
							36.16696
						],
						[
							-89.58838,
							36.16856
						],
						[
							-89.58818,
							36.16997
						],
						[
							-89.58809,
							36.17156
						],
						[
							-89.58798,
							36.17297
						],
						[
							-89.58778,
							36.17446
						],
						[
							-89.58948,
							36.17606
						],
						[
							-89.58939,
							36.17757
						],
						[
							-89.59108,
							36.17916
						],
						[
							-89.59088,
							36.18207
						],
						[
							-89.59259,
							36.18366
						],
						[
							-89.59418,
							36.18527
						],
						[
							-89.59598,
							36.18687
						],
						[
							-89.59769,
							36.18846
						],
						[
							-89.60109,
							36.19167
						],
						[
							-89.60089,
							36.19306
						],
						[
							-89.60268,
							36.19466
						],
						[
							-89.60448,
							36.19486
						],
						[
							-89.60619,
							36.19637
						],
						[
							-89.60788,
							36.19797
						],
						[
							-89.60959,
							36.19956
						],
						[
							-89.61299,
							36.20277
						],
						[
							-89.61478,
							36.20287
						],
						[
							-89.61649,
							36.20437
						],
						[
							-89.61829,
							36.20456
						],
						[
							-89.61998,
							36.20616
						],
						[
							-89.62189,
							36.20627
						],
						[
							-89.62358,
							36.20786
						],
						[
							-89.6327,
							36.20837
						],
						[
							-89.63469,
							36.20696
						],
						[
							-89.63829,
							36.20717
						],
						[
							-89.6403,
							36.20576
						],
						[
							-89.64209,
							36.20596
						],
						[
							-89.64578,
							36.20616
						],
						[
							-89.6475,
							36.20766
						],
						[
							-89.64928,
							36.20786
						],
						[
							-89.65099,
							36.20936
						],
						[
							-89.65469,
							36.20956
						],
						[
							-89.65809,
							36.21277
						],
						[
							-89.65989,
							36.21287
						],
						[
							-89.6616,
							36.21446
						],
						[
							-89.66329,
							36.21606
						],
						[
							-89.66518,
							36.21616
						],
						[
							-89.66689,
							36.21776
						],
						[
							-89.66869,
							36.21787
						],
						[
							-89.67039,
							36.21947
						],
						[
							-89.6721,
							36.22106
						],
						[
							-89.6739,
							36.22106
						],
						[
							-89.67559,
							36.22276
						],
						[
							-89.6755,
							36.22417
						],
						[
							-89.67719,
							36.22576
						],
						[
							-89.67699,
							36.22877
						],
						[
							-89.6768,
							36.23026
						],
						[
							-89.67669,
							36.23167
						],
						[
							-89.6748,
							36.23306
						],
						[
							-89.6746,
							36.23456
						],
						[
							-89.67258,
							36.23596
						],
						[
							-89.67078,
							36.23586
						],
						[
							-89.67069,
							36.23736
						],
						[
							-89.66869,
							36.23876
						],
						[
							-89.66679,
							36.24006
						],
						[
							-89.66479,
							36.24146
						],
						[
							-89.66299,
							36.24136
						],
						[
							-89.65559,
							36.24097
						],
						[
							-89.65018,
							36.24066
						],
						[
							-89.64819,
							36.24206
						],
						[
							-89.64649,
							36.24046
						],
						[
							-89.64469,
							36.24036
						],
						[
							-89.643,
							36.23876
						],
						[
							-89.64128,
							36.23716
						],
						[
							-89.63959,
							36.23557
						],
						[
							-89.63788,
							36.23406
						],
						[
							-89.63599,
							36.23386
						],
						[
							-89.63428,
							36.23226
						],
						[
							-89.63248,
							36.23216
						],
						[
							-89.63048,
							36.23356
						],
						[
							-89.63039,
							36.23506
						],
						[
							-89.62839,
							36.23647
						],
						[
							-89.62479,
							36.23626
						],
						[
							-89.62288,
							36.23617
						],
						[
							-89.62099,
							36.23747
						],
						[
							-89.61728,
							36.23727
						],
						[
							-89.60998,
							36.23686
						],
						[
							-89.60078,
							36.23637
						],
						[
							-89.59888,
							36.23776
						],
						[
							-89.59708,
							36.23756
						],
						[
							-89.59518,
							36.23756
						],
						[
							-89.59158,
							36.23736
						],
						[
							-89.58969,
							36.23716
						],
						[
							-89.58778,
							36.23856
						],
						[
							-89.58579,
							36.23997
						],
						[
							-89.57849,
							36.23956
						],
						[
							-89.57648,
							36.24087
						],
						[
							-89.57458,
							36.24226
						],
						[
							-89.57268,
							36.24216
						],
						[
							-89.57079,
							36.24357
						],
						[
							-89.56879,
							36.24496
						],
						[
							-89.56679,
							36.24626
						],
						[
							-89.56488,
							36.24777
						],
						[
							-89.56288,
							36.24906
						],
						[
							-89.55379,
							36.24856
						],
						[
							-89.55008,
							36.24836
						],
						[
							-89.54839,
							36.24676
						],
						[
							-89.54639,
							36.24816
						],
						[
							-89.53908,
							36.24777
						],
						[
							-89.53708,
							36.24906
						],
						[
							-89.53528,
							36.24896
						],
						[
							-89.53339,
							36.25037
						],
						[
							-89.53148,
							36.25026
						],
						[
							-89.52959,
							36.25166
						],
						[
							-89.52939,
							36.25307
						],
						[
							-89.52928,
							36.25456
						],
						[
							-89.52728,
							36.25596
						],
						[
							-89.52719,
							36.25746
						],
						[
							-89.52698,
							36.26037
						],
						[
							-89.52678,
							36.26196
						],
						[
							-89.52658,
							36.26486
						],
						[
							-89.52638,
							36.26636
						],
						[
							-89.52809,
							36.26797
						],
						[
							-89.52799,
							36.26946
						],
						[
							-89.52968,
							36.27107
						],
						[
							-89.52959,
							36.27257
						],
						[
							-89.53128,
							36.27406
						],
						[
							-89.53299,
							36.27566
						],
						[
							-89.53638,
							36.27886
						],
						[
							-89.54149,
							36.28367
						],
						[
							-89.54329,
							36.28376
						],
						[
							-89.54498,
							36.28536
						],
						[
							-89.54689,
							36.28546
						],
						[
							-89.55028,
							36.28866
						],
						[
							-89.55199,
							36.29016
						],
						[
							-89.55379,
							36.29037
						],
						[
							-89.55548,
							36.29186
						],
						[
							-89.55719,
							36.29346
						],
						[
							-89.56058,
							36.29666
						],
						[
							-89.56238,
							36.29676
						],
						[
							-89.56409,
							36.29836
						],
						[
							-89.56598,
							36.29846
						],
						[
							-89.56938,
							36.30166
						],
						[
							-89.57118,
							36.30176
						],
						[
							-89.57458,
							36.30496
						],
						[
							-89.57828,
							36.30516
						],
						[
							-89.58019,
							36.30376
						],
						[
							-89.58759,
							36.30416
						],
						[
							-89.59268,
							36.30896
						],
						[
							-89.59248,
							36.31046
						],
						[
							-89.59418,
							36.31196
						],
						[
							-89.59398,
							36.31496
						],
						[
							-89.59569,
							36.31656
						],
						[
							-89.59558,
							36.31806
						],
						[
							-89.59538,
							36.31956
						],
						[
							-89.59508,
							36.32396
						],
						[
							-89.59668,
							36.32556
						],
						[
							-89.59659,
							36.32706
						],
						[
							-89.59468,
							36.32847
						],
						[
							-89.59459,
							36.32996
						],
						[
							-89.59259,
							36.33126
						],
						[
							-89.59238,
							36.33276
						],
						[
							-89.59049,
							36.33416
						],
						[
							-89.58849,
							36.33556
						],
						[
							-89.58669,
							36.33546
						],
						[
							-89.58469,
							36.33686
						],
						[
							-89.58289,
							36.33676
						],
						[
							-89.58089,
							36.33806
						],
						[
							-89.57538,
							36.33776
						],
						[
							-89.57349,
							36.33916
						],
						[
							-89.56798,
							36.33886
						],
						[
							-89.56618,
							36.33726
						],
						[
							-89.55888,
							36.33686
						],
						[
							-89.55719,
							36.33526
						],
						[
							-89.55519,
							36.33656
						],
						[
							-89.55339,
							36.33656
						],
						[
							-89.55159,
							36.33646
						],
						[
							-89.54968,
							36.33626
						],
						[
							-89.54419,
							36.33596
						],
						[
							-89.53879,
							36.33566
						],
						[
							-89.53699,
							36.33406
						],
						[
							-89.53508,
							36.33546
						],
						[
							-89.53308,
							36.33686
						],
						[
							-89.53128,
							36.33676
						],
						[
							-89.52939,
							36.33656
						],
						[
							-89.52748,
							36.33796
						],
						[
							-89.52548,
							36.33936
						],
						[
							-89.52359,
							36.34076
						],
						[
							-89.52159,
							36.34216
						],
						[
							-89.52148,
							36.34366
						],
						[
							-89.51949,
							36.34496
						],
						[
							-89.51938,
							36.34646
						],
						[
							-89.51918,
							36.34796
						],
						[
							-89.51909,
							36.34946
						],
						[
							-89.51709,
							36.35086
						],
						[
							-89.51518,
							36.35226
						],
						[
							-89.51498,
							36.35366
						],
						[
							-89.51308,
							36.35506
						],
						[
							-89.51288,
							36.35656
						],
						[
							-89.51099,
							36.35796
						],
						[
							-89.51079,
							36.35936
						],
						[
							-89.50888,
							36.36076
						],
						[
							-89.50879,
							36.36226
						],
						[
							-89.50679,
							36.36366
						],
						[
							-89.50848,
							36.36526
						],
						[
							-89.50838,
							36.36676
						],
						[
							-89.50638,
							36.36806
						],
						[
							-89.50629,
							36.36956
						],
						[
							-89.50609,
							36.37106
						],
						[
							-89.50589,
							36.37406
						],
						[
							-89.50389,
							36.37546
						],
						[
							-89.50378,
							36.37686
						],
						[
							-89.50178,
							36.37826
						],
						[
							-89.50348,
							36.37986
						],
						[
							-89.50148,
							36.38126
						],
						[
							-89.49959,
							36.38266
						],
						[
							-89.49759,
							36.38396
						],
						[
							-89.49748,
							36.38546
						],
						[
							-89.49548,
							36.38686
						],
						[
							-89.49538,
							36.38836
						],
						[
							-89.49518,
							36.38986
						],
						[
							-89.49489,
							36.39426
						],
						[
							-89.49649,
							36.39586
						],
						[
							-89.49628,
							36.39886
						],
						[
							-89.49618,
							36.40036
						],
						[
							-89.49599,
							36.40176
						],
						[
							-89.49579,
							36.40476
						],
						[
							-89.49919,
							36.40796
						],
						[
							-89.49898,
							36.40946
						],
						[
							-89.50238,
							36.41266
						],
						[
							-89.50218,
							36.41556
						],
						[
							-89.50389,
							36.41716
						],
						[
							-89.50378,
							36.41866
						],
						[
							-89.50359,
							36.42016
						],
						[
							-89.50339,
							36.42306
						],
						[
							-89.50319,
							36.42456
						],
						[
							-89.50308,
							36.42606
						],
						[
							-89.50488,
							36.42616
						],
						[
							-89.50658,
							36.42776
						],
						[
							-89.50648,
							36.42926
						],
						[
							-89.50989,
							36.43246
						],
						[
							-89.50978,
							36.43386
						],
						[
							-89.51149,
							36.43545
						],
						[
							-89.51488,
							36.43866
						],
						[
							-89.51479,
							36.44015
						],
						[
							-89.51648,
							36.44176
						],
						[
							-89.51828,
							36.44186
						],
						[
							-89.51999,
							36.44346
						],
						[
							-89.51979,
							36.44646
						],
						[
							-89.51958,
							36.44786
						],
						[
							-89.51949,
							36.44936
						],
						[
							-89.52129,
							36.44946
						],
						[
							-89.52298,
							36.45106
						],
						[
							-89.52289,
							36.45256
						],
						[
							-89.52458,
							36.45416
						],
						[
							-89.52258,
							36.45546
						],
						[
							-89.52249,
							36.45696
						],
						[
							-89.52048,
							36.45836
						],
						[
							-89.52228,
							36.45996
						],
						[
							-89.52208,
							36.46146
						],
						[
							-89.52008,
							36.46286
						],
						[
							-89.51988,
							36.46586
						],
						[
							-89.51808,
							36.46566
						],
						[
							-89.51788,
							36.46715
						],
						[
							-89.51778,
							36.46866
						],
						[
							-89.51578,
							36.47006
						],
						[
							-89.51558,
							36.47295
						],
						[
							-89.51538,
							36.47446
						],
						[
							-89.51709,
							36.47606
						],
						[
							-89.51689,
							36.47906
						],
						[
							-89.51668,
							36.48056
						],
						[
							-89.51639,
							36.48495
						],
						[
							-89.51619,
							36.48646
						],
						[
							-89.51788,
							36.48806
						],
						[
							-89.51778,
							36.48956
						],
						[
							-89.52118,
							36.49276
						],
						[
							-89.52289,
							36.49435
						],
						[
							-89.52458,
							36.49596
						],
						[
							-89.52629,
							36.49746
						],
						[
							-89.52968,
							36.50066
						],
						[
							-89.52939,
							36.50516
						],
						[
							-89.52919,
							36.50666
						],
						[
							-89.52908,
							36.50806
						],
						[
							-89.53078,
							36.50966
						],
						[
							-89.53418,
							36.51286
						],
						[
							-89.53409,
							36.51436
						],
						[
							-89.53389,
							36.51585
						],
						[
							-89.53369,
							36.51876
						],
						[
							-89.53348,
							36.52026
						],
						[
							-89.53339,
							36.52176
						],
						[
							-89.53508,
							36.52325
						],
						[
							-89.53499,
							36.52486
						],
						[
							-89.53488,
							36.52626
						],
						[
							-89.53468,
							36.52786
						],
						[
							-89.53458,
							36.52936
						],
						[
							-89.53629,
							36.53086
						],
						[
							-89.53618,
							36.53236
						],
						[
							-89.53598,
							36.53386
						],
						[
							-89.53578,
							36.53686
						],
						[
							-89.53558,
							36.53825
						],
						[
							-89.53528,
							36.54275
						],
						[
							-89.53508,
							36.54426
						],
						[
							-89.53488,
							36.54716
						],
						[
							-89.53468,
							36.54866
						],
						[
							-89.53449,
							36.55165
						],
						[
							-89.53429,
							36.55315
						],
						[
							-89.53418,
							36.55456
						],
						[
							-89.53409,
							36.55616
						],
						[
							-89.53389,
							36.55755
						],
						[
							-89.53369,
							36.56055
						],
						[
							-89.53348,
							36.56205
						],
						[
							-89.53319,
							36.56646
						],
						[
							-89.53299,
							36.56795
						],
						[
							-89.53279,
							36.57096
						],
						[
							-89.53258,
							36.57246
						],
						[
							-89.53238,
							36.57545
						],
						[
							-89.53218,
							36.57686
						],
						[
							-89.53189,
							36.58136
						],
						[
							-89.52818,
							36.58115
						],
						[
							-89.52618,
							36.58255
						],
						[
							-89.52428,
							36.58235
						],
						[
							-89.51518,
							36.58185
						],
						[
							-89.51349,
							36.58025
						],
						[
							-89.50609,
							36.57986
						],
						[
							-89.50438,
							36.57825
						],
						[
							-89.50069,
							36.57805
						],
						[
							-89.49898,
							36.57645
						],
						[
							-89.49698,
							36.57786
						],
						[
							-89.49528,
							36.57615
						],
						[
							-89.49359,
							36.57465
						],
						[
							-89.49179,
							36.57455
						],
						[
							-89.48839,
							36.57135
						],
						[
							-89.48659,
							36.56976
						],
						[
							-89.48488,
							36.56816
						],
						[
							-89.48308,
							36.56805
						],
						[
							-89.47969,
							36.56486
						],
						[
							-89.47778,
							36.56476
						],
						[
							-89.47609,
							36.56316
						],
						[
							-89.47438,
							36.56166
						],
						[
							-89.47458,
							36.56006
						],
						[
							-89.47278,
							36.55856
						],
						[
							-89.47119,
							36.55695
						],
						[
							-89.47128,
							36.55546
						],
						[
							-89.46959,
							36.55386
						],
						[
							-89.46968,
							36.55236
						],
						[
							-89.46628,
							36.54915
						],
						[
							-89.46639,
							36.54766
						],
						[
							-89.46469,
							36.54616
						],
						[
							-89.46489,
							36.54465
						],
						[
							-89.46318,
							36.54306
						],
						[
							-89.46138,
							36.54146
						],
						[
							-89.46158,
							36.53995
						],
						[
							-89.45988,
							36.53836
						],
						[
							-89.45999,
							36.53696
						],
						[
							-89.45659,
							36.53376
						],
						[
							-89.45668,
							36.53226
						],
						[
							-89.45688,
							36.53075
						],
						[
							-89.45699,
							36.52936
						],
						[
							-89.45708,
							36.52776
						],
						[
							-89.45729,
							36.52626
						],
						[
							-89.45749,
							36.52325
						],
						[
							-89.45769,
							36.52186
						],
						[
							-89.45798,
							36.51736
						],
						[
							-89.45819,
							36.51585
						],
						[
							-89.45828,
							36.51446
						],
						[
							-89.46228,
							36.51166
						],
						[
							-89.46239,
							36.51015
						],
						[
							-89.46439,
							36.50886
						],
						[
							-89.46628,
							36.50745
						],
						[
							-89.47029,
							36.50465
						],
						[
							-89.47218,
							36.50336
						],
						[
							-89.47238,
							36.50185
						],
						[
							-89.47429,
							36.50046
						],
						[
							-89.47618,
							36.50056
						],
						[
							-89.47818,
							36.49916
						],
						[
							-89.48009,
							36.49786
						],
						[
							-89.48408,
							36.49506
						],
						[
							-89.48598,
							36.49366
						],
						[
							-89.48799,
							36.49226
						],
						[
							-89.48808,
							36.49076
						],
						[
							-89.48639,
							36.48926
						],
						[
							-89.48839,
							36.48785
						],
						[
							-89.48848,
							36.48636
						],
						[
							-89.48868,
							36.48486
						],
						[
							-89.48888,
							36.48196
						],
						[
							-89.48909,
							36.48045
						],
						[
							-89.48938,
							36.47596
						],
						[
							-89.48958,
							36.47456
						],
						[
							-89.48789,
							36.47286
						],
						[
							-89.48799,
							36.47146
						],
						[
							-89.48808,
							36.46986
						],
						[
							-89.48639,
							36.46836
						],
						[
							-89.48459,
							36.46825
						],
						[
							-89.48288,
							36.46666
						],
						[
							-89.48099,
							36.46656
						],
						[
							-89.47928,
							36.46496
						],
						[
							-89.47568,
							36.46476
						],
						[
							-89.47368,
							36.46616
						],
						[
							-89.47188,
							36.46606
						],
						[
							-89.46999,
							36.46586
						],
						[
							-89.46819,
							36.46586
						],
						[
							-89.46619,
							36.46715
						],
						[
							-89.46248,
							36.46696
						],
						[
							-89.46059,
							36.46836
						],
						[
							-89.45688,
							36.46816
						],
						[
							-89.45679,
							36.46956
						],
						[
							-89.45479,
							36.47105
						],
						[
							-89.45468,
							36.47246
						],
						[
							-89.45068,
							36.47526
						],
						[
							-89.44888,
							36.47506
						],
						[
							-89.44879,
							36.47665
						],
						[
							-89.44678,
							36.47796
						],
						[
							-89.44508,
							36.47636
						],
						[
							-89.44319,
							36.47626
						],
						[
							-89.44159,
							36.47465
						],
						[
							-89.43959,
							36.47606
						],
						[
							-89.43768,
							36.47596
						],
						[
							-89.43579,
							36.47726
						],
						[
							-89.43378,
							36.47866
						],
						[
							-89.43368,
							36.48016
						],
						[
							-89.43349,
							36.48166
						],
						[
							-89.43158,
							36.48306
						],
						[
							-89.43138,
							36.48456
						],
						[
							-89.42949,
							36.48586
						],
						[
							-89.42929,
							36.48736
						],
						[
							-89.42738,
							36.48875
						],
						[
							-89.42718,
							36.49026
						],
						[
							-89.42528,
							36.49155
						],
						[
							-89.42508,
							36.49316
						],
						[
							-89.42308,
							36.49445
						],
						[
							-89.42288,
							36.49746
						],
						[
							-89.42459,
							36.49905
						],
						[
							-89.42438,
							36.50056
						],
						[
							-89.42248,
							36.50196
						],
						[
							-89.42238,
							36.50336
						],
						[
							-89.42218,
							36.50486
						],
						[
							-89.42209,
							36.50635
						],
						[
							-89.42189,
							36.50776
						],
						[
							-89.42168,
							36.51076
						],
						[
							-89.42158,
							36.51226
						],
						[
							-89.42139,
							36.51376
						],
						[
							-89.42308,
							36.51536
						],
						[
							-89.42119,
							36.51675
						],
						[
							-89.42099,
							36.51826
						],
						[
							-89.42088,
							36.51966
						],
						[
							-89.41888,
							36.52106
						],
						[
							-89.41878,
							36.52256
						],
						[
							-89.41858,
							36.52405
						],
						[
							-89.41849,
							36.52556
						],
						[
							-89.41649,
							36.52685
						],
						[
							-89.41629,
							36.52985
						],
						[
							-89.41608,
							36.53136
						],
						[
							-89.41588,
							36.53435
						],
						[
							-89.41388,
							36.53576
						],
						[
							-89.41379,
							36.53715
						],
						[
							-89.41179,
							36.53856
						],
						[
							-89.41168,
							36.54005
						],
						[
							-89.40968,
							36.54146
						],
						[
							-89.40958,
							36.54285
						],
						[
							-89.40758,
							36.54426
						],
						[
							-89.40738,
							36.54575
						],
						[
							-89.40718,
							36.54876
						],
						[
							-89.40518,
							36.55016
						],
						[
							-89.40509,
							36.55156
						],
						[
							-89.40488,
							36.55306
						],
						[
							-89.40299,
							36.55446
						],
						[
							-89.40288,
							36.55595
						],
						[
							-89.40268,
							36.55736
						],
						[
							-89.40068,
							36.55875
						],
						[
							-89.40239,
							36.56036
						],
						[
							-89.40228,
							36.56186
						],
						[
							-89.40028,
							36.56325
						],
						[
							-89.40018,
							36.56476
						],
						[
							-89.39818,
							36.56615
						],
						[
							-89.39809,
							36.56756
						],
						[
							-89.39409,
							36.57036
						],
						[
							-89.39398,
							36.57185
						],
						[
							-89.39198,
							36.57326
						],
						[
							-89.39178,
							36.57616
						],
						[
							-89.38979,
							36.57756
						],
						[
							-89.38779,
							36.57885
						],
						[
							-89.38579,
							36.58025
						],
						[
							-89.37848,
							36.57986
						],
						[
							-89.37626,
							36.58358
						],
						[
							-89.37437,
							36.58499
						],
						[
							-89.37275,
							36.58706
						],
						[
							-89.36856,
							36.59089
						],
						[
							-89.36511,
							36.59361
						],
						[
							-89.36268,
							36.59766
						],
						[
							-89.3577,
							36.60131
						],
						[
							-89.35535,
							36.60625
						],
						[
							-89.34935,
							36.61239
						],
						[
							-89.34311,
							36.61407
						],
						[
							-89.33881,
							36.61561
						],
						[
							-89.33206,
							36.61574
						],
						[
							-89.3275,
							36.61473
						],
						[
							-89.32207,
							36.61265
						],
						[
							-89.31817,
							36.61155
						],
						[
							-89.31496,
							36.60984
						],
						[
							-89.31166,
							36.60903
						],
						[
							-89.30914,
							36.60851
						],
						[
							-89.30758,
							36.60696
						],
						[
							-89.30767,
							36.60556
						],
						[
							-89.30787,
							36.60405
						],
						[
							-89.30448,
							36.60086
						],
						[
							-89.30277,
							36.59926
						],
						[
							-89.30298,
							36.59626
						],
						[
							-89.30128,
							36.59466
						],
						[
							-89.30137,
							36.59325
						],
						[
							-89.29968,
							36.59156
						],
						[
							-89.29987,
							36.59005
						],
						[
							-89.29818,
							36.58855
						],
						[
							-89.29647,
							36.58696
						],
						[
							-89.29658,
							36.58545
						],
						[
							-89.29318,
							36.58226
						],
						[
							-89.29148,
							36.58076
						],
						[
							-89.28977,
							36.57905
						],
						[
							-89.28808,
							36.57745
						],
						[
							-89.28817,
							36.57605
						],
						[
							-89.28648,
							36.57436
						],
						[
							-89.28478,
							36.57275
						],
						[
							-89.28307,
							36.57126
						],
						[
							-89.28138,
							36.56966
						],
						[
							-89.27958,
							36.56956
						],
						[
							-89.27787,
							36.56795
						],
						[
							-89.27618,
							36.56625
						],
						[
							-89.27448,
							36.56476
						],
						[
							-89.27277,
							36.56316
						],
						[
							-89.27088,
							36.56306
						],
						[
							-89.26917,
							36.56146
						],
						[
							-89.26737,
							36.56126
						],
						[
							-89.26568,
							36.55965
						],
						[
							-89.26377,
							36.55965
						],
						[
							-89.26208,
							36.55806
						],
						[
							-89.26017,
							36.55946
						],
						[
							-89.25828,
							36.55926
						],
						[
							-89.25648,
							36.55926
						],
						[
							-89.25457,
							36.55906
						],
						[
							-89.25097,
							36.55886
						],
						[
							-89.24897,
							36.56026
						],
						[
							-89.24717,
							36.56006
						],
						[
							-89.24528,
							36.55996
						],
						[
							-89.24328,
							36.56136
						],
						[
							-89.24148,
							36.56126
						],
						[
							-89.23948,
							36.56266
						],
						[
							-89.23757,
							36.56405
						],
						[
							-89.23568,
							36.56396
						],
						[
							-89.23388,
							36.56376
						],
						[
							-89.23188,
							36.56515
						],
						[
							-89.22637,
							36.56486
						],
						[
							-89.22437,
							36.56625
						],
						[
							-89.22257,
							36.56615
						],
						[
							-89.22068,
							36.56596
						],
						[
							-89.22057,
							36.56746
						],
						[
							-89.21858,
							36.56885
						],
						[
							-89.21658,
							36.57016
						],
						[
							-89.21638,
							36.57316
						],
						[
							-89.21618,
							36.57465
						],
						[
							-89.21598,
							36.57766
						],
						[
							-89.21578,
							36.57916
						],
						[
							-89.21378,
							36.58046
						],
						[
							-89.21357,
							36.58345
						],
						[
							-89.21337,
							36.58496
						],
						[
							-89.21137,
							36.58625
						],
						[
							-89.21128,
							36.58776
						],
						[
							-89.20928,
							36.58916
						],
						[
							-89.20908,
							36.59215
						],
						[
							-89.20707,
							36.59356
						],
						[
							-89.20687,
							36.59495
						],
						[
							-89.20678,
							36.59646
						],
						[
							-89.20478,
							36.59785
						],
						[
							-89.20458,
							36.60086
						],
						[
							-89.20258,
							36.60215
						],
						[
							-89.20237,
							36.60366
						],
						[
							-89.20408,
							36.60525
						],
						[
							-89.20397,
							36.60675
						],
						[
							-89.20197,
							36.60806
						],
						[
							-89.20188,
							36.60965
						],
						[
							-89.20168,
							36.61105
						],
						[
							-89.20158,
							36.61256
						],
						[
							-89.19958,
							36.61396
						],
						[
							-89.19938,
							36.61686
						],
						[
							-89.19738,
							36.61825
						],
						[
							-89.19718,
							36.61975
						],
						[
							-89.19707,
							36.62125
						],
						[
							-89.19508,
							36.62265
						],
						[
							-89.19497,
							36.62405
						],
						[
							-89.19097,
							36.62685
						],
						[
							-89.19088,
							36.62835
						],
						[
							-89.18888,
							36.62976
						],
						[
							-89.18877,
							36.63116
						],
						[
							-89.18478,
							36.63396
						],
						[
							-89.18278,
							36.63525
						],
						[
							-89.18267,
							36.63676
						],
						[
							-89.18247,
							36.63826
						],
						[
							-89.18058,
							36.63965
						],
						[
							-89.17858,
							36.64106
						],
						[
							-89.17658,
							36.64235
						],
						[
							-89.17478,
							36.64235
						],
						[
							-89.17278,
							36.64365
						],
						[
							-89.17077,
							36.64505
						],
						[
							-89.16877,
							36.64635
						],
						[
							-89.16688,
							36.64775
						],
						[
							-89.16857,
							36.64936
						],
						[
							-89.16657,
							36.65075
						],
						[
							-89.16457,
							36.65205
						],
						[
							-89.16058,
							36.65485
						],
						[
							-89.15868,
							36.65625
						],
						[
							-89.15667,
							36.65755
						],
						[
							-89.15647,
							36.65905
						],
						[
							-89.15458,
							36.66045
						],
						[
							-89.15258,
							36.66175
						],
						[
							-89.15238,
							36.66325
						],
						[
							-89.15218,
							36.66626
						],
						[
							-89.15017,
							36.66765
						],
						[
							-89.14997,
							36.66916
						],
						[
							-89.14988,
							36.67055
						],
						[
							-89.14788,
							36.67195
						],
						[
							-89.14777,
							36.67345
						],
						[
							-89.14578,
							36.67485
						],
						[
							-89.14568,
							36.67625
						],
						[
							-89.14547,
							36.67775
						],
						[
							-89.14527,
							36.68075
						],
						[
							-89.14507,
							36.68225
						],
						[
							-89.14318,
							36.68355
						],
						[
							-89.14298,
							36.68505
						],
						[
							-89.14288,
							36.68655
						],
						[
							-89.14088,
							36.68795
						],
						[
							-89.14068,
							36.68946
						],
						[
							-89.14048,
							36.69246
						],
						[
							-89.13848,
							36.69375
						],
						[
							-89.13828,
							36.69526
						],
						[
							-89.13998,
							36.69685
						],
						[
							-89.13987,
							36.69835
						],
						[
							-89.13787,
							36.69976
						],
						[
							-89.13778,
							36.70115
						],
						[
							-89.13758,
							36.70266
						],
						[
							-89.13738,
							36.70565
						],
						[
							-89.13538,
							36.70705
						],
						[
							-89.13517,
							36.70845
						],
						[
							-89.13497,
							36.71145
						],
						[
							-89.13477,
							36.71296
						],
						[
							-89.13468,
							36.71445
						],
						[
							-89.13448,
							36.71585
						],
						[
							-89.13427,
							36.71885
						],
						[
							-89.13227,
							36.72026
						],
						[
							-89.13207,
							36.72175
						],
						[
							-89.13198,
							36.72316
						],
						[
							-89.12998,
							36.72455
						],
						[
							-89.12978,
							36.72755
						],
						[
							-89.12777,
							36.72895
						],
						[
							-89.12577,
							36.73025
						],
						[
							-89.12177,
							36.73305
						],
						[
							-89.12168,
							36.73455
						],
						[
							-89.12148,
							36.73595
						],
						[
							-89.11947,
							36.73735
						],
						[
							-89.11927,
							36.74035
						],
						[
							-89.12098,
							36.74195
						],
						[
							-89.12078,
							36.74345
						],
						[
							-89.12058,
							36.74635
						],
						[
							-89.12037,
							36.74785
						],
						[
							-89.12028,
							36.74935
						],
						[
							-89.12008,
							36.75085
						],
						[
							-89.11988,
							36.75386
						],
						[
							-89.11968,
							36.75525
						],
						[
							-89.11768,
							36.75666
						],
						[
							-89.11947,
							36.75825
						],
						[
							-89.11927,
							36.75975
						],
						[
							-89.11727,
							36.76115
						],
						[
							-89.11718,
							36.76265
						],
						[
							-89.11518,
							36.76395
						],
						[
							-89.11498,
							36.76545
						],
						[
							-89.11307,
							36.76685
						],
						[
							-89.11288,
							36.76825
						],
						[
							-89.11277,
							36.76976
						],
						[
							-89.11257,
							36.77125
						],
						[
							-89.11428,
							36.77295
						],
						[
							-89.11617,
							36.77295
						],
						[
							-89.11958,
							36.77615
						],
						[
							-89.11947,
							36.77765
						],
						[
							-89.12118,
							36.77925
						],
						[
							-89.12098,
							36.78075
						],
						[
							-89.12267,
							36.78235
						],
						[
							-89.12258,
							36.78386
						],
						[
							-89.12427,
							36.78545
						],
						[
							-89.12418,
							36.78685
						],
						[
							-89.12397,
							36.78835
						],
						[
							-89.12588,
							36.78855
						],
						[
							-89.12757,
							36.79005
						],
						[
							-89.12928,
							36.79165
						],
						[
							-89.12908,
							36.79315
						],
						[
							-89.12897,
							36.79465
						],
						[
							-89.13068,
							36.79625
						],
						[
							-89.13047,
							36.79775
						],
						[
							-89.13027,
							36.80065
						],
						[
							-89.13198,
							36.80235
						],
						[
							-89.13178,
							36.80375
						],
						[
							-89.13168,
							36.80526
						],
						[
							-89.13508,
							36.80845
						],
						[
							-89.13497,
							36.80995
						],
						[
							-89.13668,
							36.81155
						],
						[
							-89.13648,
							36.81305
						],
						[
							-89.13628,
							36.81595
						],
						[
							-89.13607,
							36.81745
						],
						[
							-89.13598,
							36.81895
						],
						[
							-89.13767,
							36.82055
						],
						[
							-89.13747,
							36.82205
						],
						[
							-89.13738,
							36.82355
						],
						[
							-89.13908,
							36.82505
						],
						[
							-89.13897,
							36.82655
						],
						[
							-89.13877,
							36.82805
						],
						[
							-89.13868,
							36.82955
						],
						[
							-89.13848,
							36.83105
						],
						[
							-89.13657,
							36.83235
						],
						[
							-89.13828,
							36.83405
						],
						[
							-89.13807,
							36.83545
						],
						[
							-89.13618,
							36.83685
						],
						[
							-89.13598,
							36.83835
						],
						[
							-89.13767,
							36.83995
						],
						[
							-89.13758,
							36.84135
						],
						[
							-89.13738,
							36.84285
						],
						[
							-89.13717,
							36.84585
						],
						[
							-89.13517,
							36.84725
						],
						[
							-89.13497,
							36.84875
						],
						[
							-89.13488,
							36.85025
						],
						[
							-89.13288,
							36.85155
						],
						[
							-89.13277,
							36.85305
						],
						[
							-89.13077,
							36.85445
						],
						[
							-89.13058,
							36.85595
						],
						[
							-89.13227,
							36.85755
						],
						[
							-89.13027,
							36.85885
						],
						[
							-89.13007,
							36.86185
						],
						[
							-89.12608,
							36.86465
						],
						[
							-89.12597,
							36.86605
						],
						[
							-89.12577,
							36.86755
						],
						[
							-89.12568,
							36.86905
						],
						[
							-89.12368,
							36.87035
						],
						[
							-89.12168,
							36.87175
						],
						[
							-89.12157,
							36.87325
						],
						[
							-89.12138,
							36.87475
						],
						[
							-89.12127,
							36.87625
						],
						[
							-89.11927,
							36.87765
						],
						[
							-89.11918,
							36.87905
						],
						[
							-89.11718,
							36.88045
						],
						[
							-89.11698,
							36.88195
						],
						[
							-89.11507,
							36.88335
						],
						[
							-89.11488,
							36.88475
						],
						[
							-89.11477,
							36.88635
						],
						[
							-89.11457,
							36.88775
						],
						[
							-89.11257,
							36.88915
						],
						[
							-89.11237,
							36.89215
						],
						[
							-89.11037,
							36.89345
						],
						[
							-89.11018,
							36.89495
						],
						[
							-89.10998,
							36.89795
						],
						[
							-89.10798,
							36.89925
						],
						[
							-89.10967,
							36.90085
						],
						[
							-89.10767,
							36.90225
						],
						[
							-89.10747,
							36.90375
						],
						[
							-89.10738,
							36.90525
						],
						[
							-89.10537,
							36.90655
						],
						[
							-89.10528,
							36.90805
						],
						[
							-89.10508,
							36.90955
						],
						[
							-89.10317,
							36.91095
						],
						[
							-89.10117,
							36.91235
						],
						[
							-89.09928,
							36.91215
						],
						[
							-89.09748,
							36.91215
						],
						[
							-89.09548,
							36.91345
						],
						[
							-89.09348,
							36.91485
						],
						[
							-89.09168,
							36.91465
						],
						[
							-89.08608,
							36.91435
						],
						[
							-89.08408,
							36.91575
						],
						[
							-89.08398,
							36.91725
						],
						[
							-89.08378,
							36.91875
						],
						[
							-89.08547,
							36.92035
						],
						[
							-89.08527,
							36.92325
						],
						[
							-89.08508,
							36.92475
						],
						[
							-89.08498,
							36.92625
						],
						[
							-89.08477,
							36.92775
						],
						[
							-89.08648,
							36.92935
						],
						[
							-89.08637,
							36.93075
						],
						[
							-89.08628,
							36.93235
						],
						[
							-89.08608,
							36.93375
						],
						[
							-89.08778,
							36.93535
						],
						[
							-89.08767,
							36.93685
						],
						[
							-89.08938,
							36.93845
						],
						[
							-89.08927,
							36.93995
						],
						[
							-89.09107,
							36.94005
						],
						[
							-89.09448,
							36.94325
						],
						[
							-89.09438,
							36.94475
						],
						[
							-89.09417,
							36.94625
						],
						[
							-89.09588,
							36.94785
						],
						[
							-89.09568,
							36.95075
						],
						[
							-89.09548,
							36.95225
						],
						[
							-89.09538,
							36.95375
						],
						[
							-89.09518,
							36.95525
						],
						[
							-89.09507,
							36.95665
						],
						[
							-89.09487,
							36.95815
						],
						[
							-89.09667,
							36.95985
						],
						[
							-89.09647,
							36.96135
						],
						[
							-89.09818,
							36.96285
						],
						[
							-89.09808,
							36.96434
						],
						[
							-89.09977,
							36.96595
						],
						[
							-89.09957,
							36.96745
						],
						[
							-89.10137,
							36.96905
						],
						[
							-89.10117,
							36.97055
						],
						[
							-89.10288,
							36.97215
						],
						[
							-89.10278,
							36.97364
						],
						[
							-89.10648,
							36.97385
						],
						[
							-89.10818,
							36.97545
						],
						[
							-89.11187,
							36.97564
						],
						[
							-89.11558,
							36.97585
						],
						[
							-89.11927,
							36.97605
						],
						[
							-89.12107,
							36.97625
						],
						[
							-89.12087,
							36.97915
						],
						[
							-89.12258,
							36.98075
						],
						[
							-89.12597,
							36.98395
						],
						[
							-89.12577,
							36.98545
						],
						[
							-89.13439,
							36.9878
						],
						[
							-89.13508,
							36.98594
						],
						[
							-89.13517,
							36.98445
						],
						[
							-89.13538,
							36.98305
						],
						[
							-89.13738,
							36.98165
						],
						[
							-89.13918,
							36.98175
						],
						[
							-89.14118,
							36.98035
						],
						[
							-89.14307,
							36.98055
						],
						[
							-89.14498,
							36.97915
						],
						[
							-89.15058,
							36.97944
						],
						[
							-89.15238,
							36.97965
						],
						[
							-89.15438,
							36.97825
						],
						[
							-89.15807,
							36.97844
						],
						[
							-89.15978,
							36.98004
						],
						[
							-89.16167,
							36.98015
						],
						[
							-89.16338,
							36.98175
						],
						[
							-89.16517,
							36.98185
						],
						[
							-89.16697,
							36.98345
						],
						[
							-89.16868,
							36.98505
						],
						[
							-89.17417,
							36.98535
						],
						[
							-89.17758,
							36.98854
						],
						[
							-89.17948,
							36.98864
						],
						[
							-89.18287,
							36.99185
						],
						[
							-89.18459,
							36.99344
						],
						[
							-89.18799,
							36.99665
						],
						[
							-89.18978,
							36.99825
						],
						[
							-89.18959,
							36.99974
						],
						[
							-89.19298,
							37.00295
						],
						[
							-89.19289,
							37.00444
						],
						[
							-89.19458,
							37.00605
						],
						[
							-89.19629,
							37.00755
						],
						[
							-89.19618,
							37.00905
						],
						[
							-89.19598,
							37.01055
						],
						[
							-89.19588,
							37.01204
						],
						[
							-89.19759,
							37.01364
						],
						[
							-89.19748,
							37.01515
						],
						[
							-89.19728,
							37.01664
						],
						[
							-89.19899,
							37.01825
						],
						[
							-89.19888,
							37.01975
						],
						[
							-89.20058,
							37.02124
						],
						[
							-89.20229,
							37.02285
						],
						[
							-89.20418,
							37.02305
						],
						[
							-89.20589,
							37.02465
						],
						[
							-89.20758,
							37.02614
						],
						[
							-89.20938,
							37.02635
						],
						[
							-89.21109,
							37.02794
						],
						[
							-89.21098,
							37.02935
						],
						[
							-89.21469,
							37.02954
						],
						[
							-89.21639,
							37.03125
						],
						[
							-89.21828,
							37.03135
						],
						[
							-89.21999,
							37.03295
						],
						[
							-89.22168,
							37.03444
						],
						[
							-89.22339,
							37.03614
						],
						[
							-89.22679,
							37.03935
						],
						[
							-89.22858,
							37.04084
						],
						[
							-89.23038,
							37.04094
						],
						[
							-89.23209,
							37.04254
						],
						[
							-89.23198,
							37.04405
						],
						[
							-89.23369,
							37.04564
						],
						[
							-89.23358,
							37.04715
						],
						[
							-89.23529,
							37.04875
						],
						[
							-89.23508,
							37.05024
						],
						[
							-89.23488,
							37.05314
						],
						[
							-89.23659,
							37.05484
						],
						[
							-89.23839,
							37.05484
						],
						[
							-89.24179,
							37.05805
						],
						[
							-89.24359,
							37.05964
						],
						[
							-89.24338,
							37.06115
						],
						[
							-89.24329,
							37.06265
						],
						[
							-89.24498,
							37.06424
						],
						[
							-89.24489,
							37.06575
						],
						[
							-89.24469,
							37.06725
						],
						[
							-89.24458,
							37.06864
						],
						[
							-89.24628,
							37.07025
						],
						[
							-89.24618,
							37.07174
						],
						[
							-89.24788,
							37.07335
						],
						[
							-89.24768,
							37.07485
						],
						[
							-89.24959,
							37.07495
						],
						[
							-89.25128,
							37.07655
						],
						[
							-89.25299,
							37.07814
						],
						[
							-89.25288,
							37.07965
						],
						[
							-89.25458,
							37.08125
						],
						[
							-89.25629,
							37.08284
						],
						[
							-89.25618,
							37.08435
						],
						[
							-89.25798,
							37.08445
						],
						[
							-89.25969,
							37.08605
						],
						[
							-89.26149,
							37.08764
						],
						[
							-89.26318,
							37.08924
						],
						[
							-89.26498,
							37.08934
						],
						[
							-89.26839,
							37.09255
						],
						[
							-89.27028,
							37.09255
						],
						[
							-89.27219,
							37.09275
						],
						[
							-89.27399,
							37.09285
						],
						[
							-89.27599,
							37.09144
						],
						[
							-89.28159,
							37.09175
						],
						[
							-89.28339,
							37.09195
						],
						[
							-89.28539,
							37.09055
						],
						[
							-89.28908,
							37.09075
						],
						[
							-89.29108,
							37.08934
						],
						[
							-89.29288,
							37.08944
						],
						[
							-89.29489,
							37.08815
						],
						[
							-89.29689,
							37.08674
						],
						[
							-89.29709,
							37.08525
						],
						[
							-89.29909,
							37.08384
						],
						[
							-89.30098,
							37.08255
						],
						[
							-89.30298,
							37.08114
						],
						[
							-89.30318,
							37.07965
						],
						[
							-89.30719,
							37.07685
						],
						[
							-89.30728,
							37.07544
						],
						[
							-89.30928,
							37.07405
						],
						[
							-89.30948,
							37.07105
						],
						[
							-89.31148,
							37.06965
						],
						[
							-89.31169,
							37.06825
						],
						[
							-89.31369,
							37.06685
						],
						[
							-89.31189,
							37.06524
						],
						[
							-89.31209,
							37.06375
						],
						[
							-89.31229,
							37.06075
						],
						[
							-89.31248,
							37.05925
						],
						[
							-89.31258,
							37.05784
						],
						[
							-89.31279,
							37.05635
						],
						[
							-89.31288,
							37.05484
						],
						[
							-89.31119,
							37.05325
						],
						[
							-89.31128,
							37.05175
						],
						[
							-89.30959,
							37.05024
						],
						[
							-89.30768,
							37.05004
						],
						[
							-89.30598,
							37.04844
						],
						[
							-89.30618,
							37.04705
						],
						[
							-89.30449,
							37.04534
						],
						[
							-89.30258,
							37.04525
						],
						[
							-89.30089,
							37.04364
						],
						[
							-89.29918,
							37.04215
						],
						[
							-89.29748,
							37.04055
						],
						[
							-89.29558,
							37.04045
						],
						[
							-89.29388,
							37.03875
						],
						[
							-89.29219,
							37.03724
						],
						[
							-89.29048,
							37.03565
						],
						[
							-89.28859,
							37.03555
						],
						[
							-89.28688,
							37.03395
						],
						[
							-89.28508,
							37.03385
						],
						[
							-89.28328,
							37.03225
						],
						[
							-89.28148,
							37.03215
						],
						[
							-89.27979,
							37.03054
						],
						[
							-89.27788,
							37.03045
						],
						[
							-89.27618,
							37.02884
						],
						[
							-89.27449,
							37.02715
						],
						[
							-89.27458,
							37.02575
						],
						[
							-89.27278,
							37.02565
						],
						[
							-89.27109,
							37.02404
						],
						[
							-89.27118,
							37.02255
						],
						[
							-89.26949,
							37.02095
						],
						[
							-89.26958,
							37.01944
						],
						[
							-89.26788,
							37.01785
						],
						[
							-89.26808,
							37.01635
						],
						[
							-89.26828,
							37.01345
						],
						[
							-89.26848,
							37.01194
						],
						[
							-89.26868,
							37.00894
						],
						[
							-89.26889,
							37.00744
						],
						[
							-89.27089,
							37.00614
						],
						[
							-89.27269,
							37.00624
						],
						[
							-89.27469,
							37.00485
						],
						[
							-89.28029,
							37.00515
						],
						[
							-89.28389,
							37.00534
						],
						[
							-89.28569,
							37.00695
						],
						[
							-89.28749,
							37.00705
						],
						[
							-89.28938,
							37.00724
						],
						[
							-89.29129,
							37.00585
						],
						[
							-89.29509,
							37.00605
						],
						[
							-89.29678,
							37.00765
						],
						[
							-89.30418,
							37.00805
						],
						[
							-89.30588,
							37.00965
						],
						[
							-89.30959,
							37.00985
						],
						[
							-89.31128,
							37.01155
						],
						[
							-89.31299,
							37.01304
						],
						[
							-89.31468,
							37.01465
						],
						[
							-89.31659,
							37.01474
						],
						[
							-89.31998,
							37.01795
						],
						[
							-89.32178,
							37.01805
						],
						[
							-89.32358,
							37.01965
						],
						[
							-89.32538,
							37.01975
						],
						[
							-89.32709,
							37.02134
						],
						[
							-89.32898,
							37.02144
						],
						[
							-89.33078,
							37.02165
						],
						[
							-89.33249,
							37.02314
						],
						[
							-89.33429,
							37.02475
						],
						[
							-89.33598,
							37.02635
						],
						[
							-89.33778,
							37.02645
						],
						[
							-89.33948,
							37.02805
						],
						[
							-89.34508,
							37.02835
						],
						[
							-89.34688,
							37.02855
						],
						[
							-89.34879,
							37.02864
						],
						[
							-89.35048,
							37.03025
						],
						[
							-89.35219,
							37.03174
						],
						[
							-89.35408,
							37.03185
						],
						[
							-89.35579,
							37.03344
						],
						[
							-89.35759,
							37.03354
						],
						[
							-89.35939,
							37.03514
						],
						[
							-89.36119,
							37.03534
						],
						[
							-89.36289,
							37.03695
						],
						[
							-89.36658,
							37.03714
						],
						[
							-89.36998,
							37.04035
						],
						[
							-89.37178,
							37.04184
						],
						[
							-89.37349,
							37.04355
						],
						[
							-89.37518,
							37.04505
						],
						[
							-89.37508,
							37.04654
						],
						[
							-89.37678,
							37.04814
						],
						[
							-89.37668,
							37.04965
						],
						[
							-89.37649,
							37.05114
						],
						[
							-89.37639,
							37.05255
						],
						[
							-89.37808,
							37.05425
						],
						[
							-89.378,
							37.05574
						],
						[
							-89.37778,
							37.05715
						],
						[
							-89.37959,
							37.05874
						],
						[
							-89.37938,
							37.06025
						],
						[
							-89.37929,
							37.06175
						],
						[
							-89.37909,
							37.06324
						],
						[
							-89.37899,
							37.06465
						],
						[
							-89.37699,
							37.06604
						],
						[
							-89.37678,
							37.06904
						],
						[
							-89.37469,
							37.07045
						],
						[
							-89.37448,
							37.07335
						],
						[
							-89.3744,
							37.07485
						],
						[
							-89.3742,
							37.07634
						],
						[
							-89.37219,
							37.07775
						],
						[
							-89.37199,
							37.08065
						],
						[
							-89.36999,
							37.08204
						],
						[
							-89.36978,
							37.08355
						],
						[
							-89.3697,
							37.08505
						],
						[
							-89.37139,
							37.08664
						],
						[
							-89.37128,
							37.08815
						],
						[
							-89.37299,
							37.08975
						],
						[
							-89.37469,
							37.09124
						],
						[
							-89.3746,
							37.09285
						],
						[
							-89.37629,
							37.09435
						],
						[
							-89.3762,
							37.09584
						],
						[
							-89.37789,
							37.09745
						],
						[
							-89.37779,
							37.09895
						],
						[
							-89.37949,
							37.10054
						],
						[
							-89.37929,
							37.10205
						],
						[
							-89.3811,
							37.10365
						],
						[
							-89.3809,
							37.10504
						],
						[
							-89.38279,
							37.10524
						],
						[
							-89.3845,
							37.10685
						],
						[
							-89.38429,
							37.10824
						],
						[
							-89.38609,
							37.10984
						],
						[
							-89.38589,
							37.11135
						],
						[
							-89.3858,
							37.11284
						],
						[
							-89.38749,
							37.11445
						],
						[
							-89.3874,
							37.11585
						],
						[
							-89.38718,
							37.11734
						],
						[
							-89.38899,
							37.11904
						],
						[
							-89.38879,
							37.12045
						],
						[
							-89.38869,
							37.12194
						],
						[
							-89.3921,
							37.12515
						],
						[
							-89.39199,
							37.12664
						],
						[
							-89.39368,
							37.12825
						],
						[
							-89.39359,
							37.12964
						],
						[
							-89.39529,
							37.13124
						],
						[
							-89.3952,
							37.13275
						],
						[
							-89.39689,
							37.13434
						],
						[
							-89.3968,
							37.13585
						],
						[
							-89.39849,
							37.13745
						],
						[
							-89.39829,
							37.13894
						],
						[
							-89.40018,
							37.13905
						],
						[
							-89.40189,
							37.14064
						],
						[
							-89.40359,
							37.14225
						],
						[
							-89.4035,
							37.14375
						],
						[
							-89.4069,
							37.14695
						],
						[
							-89.40679,
							37.14834
						],
						[
							-89.40859,
							37.14855
						],
						[
							-89.41029,
							37.15004
						],
						[
							-89.41019,
							37.15155
						],
						[
							-89.41189,
							37.15315
						],
						[
							-89.4136,
							37.15474
						],
						[
							-89.41349,
							37.15625
						],
						[
							-89.4154,
							37.15635
						],
						[
							-89.41709,
							37.15795
						],
						[
							-89.42049,
							37.16114
						],
						[
							-89.42219,
							37.16275
						],
						[
							-89.42399,
							37.16435
						],
						[
							-89.42579,
							37.16445
						],
						[
							-89.42759,
							37.16594
						],
						[
							-89.42739,
							37.16745
						],
						[
							-89.42909,
							37.16905
						],
						[
							-89.43089,
							37.17064
						],
						[
							-89.43769,
							37.17704
						],
						[
							-89.4396,
							37.17714
						],
						[
							-89.44129,
							37.17874
						],
						[
							-89.4432,
							37.17884
						],
						[
							-89.44489,
							37.18045
						],
						[
							-89.44669,
							37.18055
						],
						[
							-89.44849,
							37.18215
						],
						[
							-89.45019,
							37.18374
						],
						[
							-89.4501,
							37.18515
						],
						[
							-89.45179,
							37.18675
						],
						[
							-89.45159,
							37.18824
						],
						[
							-89.45339,
							37.18985
						],
						[
							-89.45319,
							37.19135
						],
						[
							-89.45489,
							37.19294
						],
						[
							-89.4548,
							37.19445
						],
						[
							-89.45669,
							37.19455
						],
						[
							-89.4584,
							37.19615
						],
						[
							-89.45829,
							37.19764
						],
						[
							-89.46,
							37.19924
						],
						[
							-89.45979,
							37.20065
						],
						[
							-89.46159,
							37.20224
						],
						[
							-89.46139,
							37.20375
						],
						[
							-89.4613,
							37.20524
						],
						[
							-89.46299,
							37.20684
						],
						[
							-89.46291,
							37.20835
						],
						[
							-89.4628,
							37.20984
						],
						[
							-89.46449,
							37.21135
						],
						[
							-89.46429,
							37.21285
						],
						[
							-89.46609,
							37.21444
						],
						[
							-89.4659,
							37.21595
						],
						[
							-89.46581,
							37.21745
						],
						[
							-89.4675,
							37.21904
						],
						[
							-89.46739,
							37.22055
						],
						[
							-89.46719,
							37.22204
						],
						[
							-89.4671,
							37.22345
						],
						[
							-89.4651,
							37.22484
						],
						[
							-89.465,
							37.22635
						],
						[
							-89.46671,
							37.22795
						],
						[
							-89.46471,
							37.22934
						],
						[
							-89.4646,
							37.23085
						],
						[
							-89.4626,
							37.23214
						],
						[
							-89.46249,
							37.23365
						],
						[
							-89.46049,
							37.23504
						],
						[
							-89.4604,
							37.23655
						],
						[
							-89.4584,
							37.23795
						],
						[
							-89.45821,
							37.23935
						],
						[
							-89.45799,
							37.24234
						],
						[
							-89.45779,
							37.24385
						],
						[
							-89.4576,
							37.24685
						],
						[
							-89.4574,
							37.24835
						],
						[
							-89.45731,
							37.24974
						],
						[
							-89.46069,
							37.25295
						],
						[
							-89.4682,
							37.25335
						],
						[
							-89.47,
							37.25354
						],
						[
							-89.47189,
							37.25354
						],
						[
							-89.47369,
							37.25374
						],
						[
							-89.4756,
							37.25374
						],
						[
							-89.4774,
							37.25395
						],
						[
							-89.48489,
							37.25435
						],
						[
							-89.48689,
							37.25295
						],
						[
							-89.48869,
							37.25315
						],
						[
							-89.4906,
							37.25315
						],
						[
							-89.4926,
							37.25184
						],
						[
							-89.4944,
							37.25195
						],
						[
							-89.4964,
							37.25055
						],
						[
							-89.502,
							37.25084
						],
						[
							-89.5054,
							37.25405
						],
						[
							-89.5072,
							37.25565
						],
						[
							-89.5089,
							37.25724
						],
						[
							-89.5106,
							37.25875
						],
						[
							-89.5105,
							37.26024
						],
						[
							-89.5103,
							37.26174
						],
						[
							-89.51199,
							37.26335
						],
						[
							-89.51379,
							37.26494
						],
						[
							-89.5136,
							37.26644
						],
						[
							-89.5154,
							37.26805
						],
						[
							-89.5152,
							37.26954
						],
						[
							-89.517,
							37.27105
						],
						[
							-89.51869,
							37.27275
						],
						[
							-89.5186,
							37.27414
						],
						[
							-89.522,
							37.27735
						],
						[
							-89.52181,
							37.28025
						],
						[
							-89.52161,
							37.28185
						],
						[
							-89.5233,
							37.28334
						],
						[
							-89.5231,
							37.28634
						],
						[
							-89.5229,
							37.28785
						],
						[
							-89.52271,
							37.29084
						],
						[
							-89.52071,
							37.29225
						],
						[
							-89.52049,
							37.29374
						],
						[
							-89.5186,
							37.29505
						],
						[
							-89.5184,
							37.29654
						],
						[
							-89.5201,
							37.29814
						],
						[
							-89.5182,
							37.29955
						],
						[
							-89.51801,
							37.30104
						],
						[
							-89.5179,
							37.30245
						],
						[
							-89.5159,
							37.30384
						],
						[
							-89.51579,
							37.30535
						],
						[
							-89.51559,
							37.30684
						],
						[
							-89.5136,
							37.30825
						],
						[
							-89.5134,
							37.31124
						],
						[
							-89.5132,
							37.31265
						],
						[
							-89.51309,
							37.31414
						],
						[
							-89.50909,
							37.31694
						],
						[
							-89.509,
							37.31835
						],
						[
							-89.5071,
							37.31825
						],
						[
							-89.5051,
							37.31965
						],
						[
							-89.5032,
							37.32105
						],
						[
							-89.5012,
							37.32245
						],
						[
							-89.50099,
							37.32395
						],
						[
							-89.49899,
							37.32525
						],
						[
							-89.49699,
							37.32665
						],
						[
							-89.4967,
							37.33114
						],
						[
							-89.4947,
							37.33245
						],
						[
							-89.48869,
							37.33664
						],
						[
							-89.4868,
							37.33654
						],
						[
							-89.4848,
							37.33785
						],
						[
							-89.483,
							37.33785
						],
						[
							-89.481,
							37.33915
						],
						[
							-89.4791,
							37.33905
						],
						[
							-89.4751,
							37.34185
						],
						[
							-89.4733,
							37.34165
						],
						[
							-89.4677,
							37.34134
						],
						[
							-89.4657,
							37.34285
						],
						[
							-89.46381,
							37.34265
						],
						[
							-89.4601,
							37.34245
						],
						[
							-89.4583,
							37.34234
						],
						[
							-89.4581,
							37.34385
						],
						[
							-89.4561,
							37.34514
						],
						[
							-89.45419,
							37.34655
						],
						[
							-89.4523,
							37.34645
						],
						[
							-89.45219,
							37.34794
						],
						[
							-89.45019,
							37.34935
						],
						[
							-89.4482,
							37.35064
						],
						[
							-89.4462,
							37.35205
						],
						[
							-89.44611,
							37.35354
						],
						[
							-89.44589,
							37.35504
						],
						[
							-89.4458,
							37.35655
						],
						[
							-89.4438,
							37.35794
						],
						[
							-89.4418,
							37.35925
						],
						[
							-89.4416,
							37.36074
						],
						[
							-89.4397,
							37.36215
						],
						[
							-89.4377,
							37.36354
						],
						[
							-89.4375,
							37.36505
						],
						[
							-89.4355,
							37.36634
						],
						[
							-89.4335,
							37.36775
						],
						[
							-89.4333,
							37.37075
						],
						[
							-89.4313,
							37.37214
						],
						[
							-89.4294,
							37.37204
						],
						[
							-89.4274,
							37.37345
						],
						[
							-89.42729,
							37.37484
						],
						[
							-89.42709,
							37.37635
						],
						[
							-89.427,
							37.37785
						],
						[
							-89.425,
							37.37925
						],
						[
							-89.4249,
							37.38065
						],
						[
							-89.4247,
							37.38215
						],
						[
							-89.42461,
							37.38365
						],
						[
							-89.42639,
							37.38524
						],
						[
							-89.42619,
							37.38674
						],
						[
							-89.4261,
							37.38815
						],
						[
							-89.4259,
							37.38965
						],
						[
							-89.4257,
							37.39264
						],
						[
							-89.42551,
							37.39415
						],
						[
							-89.42729,
							37.39575
						],
						[
							-89.42709,
							37.39724
						],
						[
							-89.427,
							37.39875
						],
						[
							-89.4305,
							37.40184
						],
						[
							-89.4303,
							37.40335
						],
						[
							-89.43021,
							37.40484
						],
						[
							-89.42999,
							37.40635
						],
						[
							-89.4299,
							37.40785
						],
						[
							-89.4316,
							37.40944
						],
						[
							-89.4314,
							37.41234
						],
						[
							-89.4312,
							37.41385
						],
						[
							-89.43289,
							37.41544
						],
						[
							-89.43469,
							37.41705
						],
						[
							-89.43449,
							37.41855
						],
						[
							-89.4363,
							37.42015
						],
						[
							-89.44141,
							37.42495
						],
						[
							-89.44321,
							37.42655
						],
						[
							-89.44299,
							37.42794
						],
						[
							-89.44479,
							37.42954
						],
						[
							-89.4446,
							37.43105
						],
						[
							-89.4444,
							37.43405
						],
						[
							-89.4462,
							37.43415
						],
						[
							-89.44791,
							37.43575
						],
						[
							-89.4478,
							37.43724
						],
						[
							-89.44949,
							37.43885
						],
						[
							-89.4494,
							37.44035
						],
						[
							-89.4511,
							37.44185
						],
						[
							-89.451,
							37.44335
						],
						[
							-89.4527,
							37.44494
						],
						[
							-89.45261,
							37.44644
						],
						[
							-89.45599,
							37.44964
						],
						[
							-89.4579,
							37.44975
						],
						[
							-89.45959,
							37.45134
						],
						[
							-89.46139,
							37.45295
						],
						[
							-89.4631,
							37.45454
						],
						[
							-89.46649,
							37.45774
						],
						[
							-89.4683,
							37.45925
						],
						[
							-89.47,
							37.46084
						],
						[
							-89.4699,
							37.46234
						],
						[
							-89.4733,
							37.46555
						],
						[
							-89.47501,
							37.46714
						],
						[
							-89.4749,
							37.46865
						],
						[
							-89.47681,
							37.46875
						],
						[
							-89.4802,
							37.47194
						],
						[
							-89.482,
							37.47344
						],
						[
							-89.48541,
							37.47664
						],
						[
							-89.48531,
							37.47815
						],
						[
							-89.48701,
							37.47974
						],
						[
							-89.48881,
							37.48134
						],
						[
							-89.48861,
							37.48284
						],
						[
							-89.4903,
							37.48445
						],
						[
							-89.4921,
							37.48604
						],
						[
							-89.49381,
							37.48764
						],
						[
							-89.49571,
							37.48774
						],
						[
							-89.49741,
							37.48925
						],
						[
							-89.49731,
							37.49075
						],
						[
							-89.499,
							37.49234
						],
						[
							-89.49891,
							37.49384
						],
						[
							-89.49871,
							37.49534
						],
						[
							-89.50051,
							37.49694
						],
						[
							-89.50031,
							37.49844
						],
						[
							-89.50211,
							37.50005
						],
						[
							-89.5019,
							37.50144
						],
						[
							-89.50181,
							37.50295
						],
						[
							-89.5035,
							37.50454
						],
						[
							-89.50341,
							37.50605
						],
						[
							-89.5051,
							37.50765
						],
						[
							-89.50501,
							37.50914
						],
						[
							-89.50481,
							37.51064
						],
						[
							-89.5046,
							37.51355
						],
						[
							-89.50631,
							37.51515
						],
						[
							-89.50611,
							37.51815
						],
						[
							-89.50591,
							37.51965
						],
						[
							-89.50581,
							37.52104
						],
						[
							-89.50561,
							37.52255
						],
						[
							-89.50541,
							37.52564
						],
						[
							-89.50521,
							37.52704
						],
						[
							-89.5051,
							37.52855
						],
						[
							-89.50681,
							37.53015
						],
						[
							-89.50861,
							37.53174
						],
						[
							-89.5084,
							37.53324
						],
						[
							-89.5102,
							37.53485
						],
						[
							-89.51,
							37.53624
						],
						[
							-89.5118,
							37.53784
						],
						[
							-89.5152,
							37.54104
						],
						[
							-89.51511,
							37.54254
						],
						[
							-89.5149,
							37.54405
						],
						[
							-89.5147,
							37.54695
						],
						[
							-89.51641,
							37.54865
						],
						[
							-89.51821,
							37.55014
						],
						[
							-89.52161,
							37.55335
						],
						[
							-89.52151,
							37.55484
						],
						[
							-89.5232,
							37.55645
						],
						[
							-89.52311,
							37.55795
						],
						[
							-89.52291,
							37.55935
						],
						[
							-89.52271,
							37.56234
						],
						[
							-89.52251,
							37.56384
						],
						[
							-89.5223,
							37.56684
						],
						[
							-89.5221,
							37.56835
						],
						[
							-89.52181,
							37.57274
						],
						[
							-89.52161,
							37.57424
						],
						[
							-89.52151,
							37.57575
						],
						[
							-89.52131,
							37.57724
						],
						[
							-89.5212,
							37.57865
						],
						[
							-89.521,
							37.58165
						],
						[
							-89.5208,
							37.58315
						],
						[
							-89.52071,
							37.58464
						],
						[
							-89.5205,
							37.58615
						],
						[
							-89.5203,
							37.58905
						],
						[
							-89.5201,
							37.59055
						],
						[
							-89.51981,
							37.59504
						],
						[
							-89.51771,
							37.59635
						],
						[
							-89.5174,
							37.60085
						],
						[
							-89.5172,
							37.60234
						],
						[
							-89.51711,
							37.60385
						],
						[
							-89.51691,
							37.60524
						],
						[
							-89.5149,
							37.60665
						],
						[
							-89.5147,
							37.60965
						],
						[
							-89.5127,
							37.61104
						],
						[
							-89.51251,
							37.61254
						],
						[
							-89.51241,
							37.61405
						],
						[
							-89.5122,
							37.61695
						],
						[
							-89.512,
							37.61844
						],
						[
							-89.5118,
							37.62145
						],
						[
							-89.5116,
							37.62294
						],
						[
							-89.51341,
							37.62455
						],
						[
							-89.51511,
							37.62615
						],
						[
							-89.5149,
							37.62754
						],
						[
							-89.5167,
							37.62915
						],
						[
							-89.5165,
							37.63065
						],
						[
							-89.51641,
							37.63215
						],
						[
							-89.51821,
							37.63375
						],
						[
							-89.51801,
							37.63524
						],
						[
							-89.51981,
							37.63685
						],
						[
							-89.52151,
							37.63845
						],
						[
							-89.52131,
							37.63984
						],
						[
							-89.521,
							37.64434
						],
						[
							-89.5208,
							37.64575
						],
						[
							-89.52071,
							37.64724
						],
						[
							-89.5205,
							37.64875
						],
						[
							-89.5203,
							37.65174
						],
						[
							-89.5201,
							37.65325
						],
						[
							-89.5219,
							37.65484
						],
						[
							-89.52181,
							37.65635
						],
						[
							-89.52161,
							37.65785
						],
						[
							-89.52151,
							37.65924
						],
						[
							-89.52131,
							37.66075
						],
						[
							-89.521,
							37.66525
						],
						[
							-89.5208,
							37.66665
						],
						[
							-89.52071,
							37.66825
						],
						[
							-89.5205,
							37.66964
						],
						[
							-89.5223,
							37.67125
						],
						[
							-89.5203,
							37.67265
						],
						[
							-89.5201,
							37.67415
						],
						[
							-89.51981,
							37.67855
						],
						[
							-89.5196,
							37.68004
						],
						[
							-89.5194,
							37.68305
						],
						[
							-89.5192,
							37.68444
						],
						[
							-89.521,
							37.68605
						],
						[
							-89.52271,
							37.68775
						],
						[
							-89.52251,
							37.68914
						],
						[
							-89.5243,
							37.69075
						],
						[
							-89.5241,
							37.69225
						],
						[
							-89.52601,
							37.69235
						],
						[
							-89.5277,
							37.69394
						],
						[
							-89.5295,
							37.69555
						],
						[
							-89.53121,
							37.69715
						],
						[
							-89.53301,
							37.69875
						],
						[
							-89.53471,
							37.70034
						],
						[
							-89.54031,
							37.70065
						],
						[
							-89.542,
							37.70224
						],
						[
							-89.54391,
							37.70234
						],
						[
							-89.5456,
							37.70385
						],
						[
							-89.54751,
							37.70404
						],
						[
							-89.5512,
							37.70424
						],
						[
							-89.553,
							37.70575
						],
						[
							-89.5548,
							37.70594
						],
						[
							-89.5568,
							37.70455
						],
						[
							-89.55871,
							37.70465
						],
						[
							-89.5604,
							37.70625
						],
						[
							-89.5624,
							37.70484
						],
						[
							-89.5662,
							37.70504
						],
						[
							-89.56791,
							37.70665
						],
						[
							-89.57171,
							37.70684
						],
						[
							-89.5734,
							37.70845
						],
						[
							-89.57711,
							37.70864
						],
						[
							-89.57911,
							37.70725
						],
						[
							-89.581,
							37.70745
						],
						[
							-89.5828,
							37.70894
						],
						[
							-89.5846,
							37.70915
						],
						[
							-89.58651,
							37.70915
						],
						[
							-89.58831,
							37.70935
						],
						[
							-89.59011,
							37.71084
						],
						[
							-89.592,
							37.71105
						],
						[
							-89.59371,
							37.71254
						],
						[
							-89.59541,
							37.71415
						],
						[
							-89.5974,
							37.71285
						],
						[
							-89.5992,
							37.71434
						],
						[
							-89.60101,
							37.71454
						],
						[
							-89.60281,
							37.71605
						],
						[
							-89.60461,
							37.71614
						],
						[
							-89.60641,
							37.71775
						],
						[
							-89.60821,
							37.71785
						],
						[
							-89.6101,
							37.71804
						],
						[
							-89.61181,
							37.71955
						],
						[
							-89.6137,
							37.71965
						],
						[
							-89.6155,
							37.72125
						],
						[
							-89.61921,
							37.72145
						],
						[
							-89.6209,
							37.72305
						],
						[
							-89.6227,
							37.72464
						],
						[
							-89.62441,
							37.72625
						],
						[
							-89.62621,
							37.72785
						],
						[
							-89.62801,
							37.72795
						],
						[
							-89.62981,
							37.72955
						],
						[
							-89.6332,
							37.73275
						],
						[
							-89.63511,
							37.73275
						],
						[
							-89.637,
							37.73294
						],
						[
							-89.63871,
							37.73455
						],
						[
							-89.64051,
							37.73604
						],
						[
							-89.64231,
							37.73625
						],
						[
							-89.64411,
							37.73784
						],
						[
							-89.64591,
							37.73784
						],
						[
							-89.64772,
							37.73945
						],
						[
							-89.64941,
							37.74105
						],
						[
							-89.65131,
							37.74115
						],
						[
							-89.65312,
							37.74134
						],
						[
							-89.65491,
							37.74285
						],
						[
							-89.6567,
							37.74295
						],
						[
							-89.6585,
							37.74455
						],
						[
							-89.66021,
							37.74614
						],
						[
							-89.66211,
							37.74624
						],
						[
							-89.66382,
							37.74784
						],
						[
							-89.66571,
							37.74794
						],
						[
							-89.66742,
							37.74955
						],
						[
							-89.66722,
							37.75245
						],
						[
							-89.66701,
							37.75395
						],
						[
							-89.66692,
							37.75544
						],
						[
							-89.66492,
							37.75685
						],
						[
							-89.66481,
							37.75835
						],
						[
							-89.6628,
							37.75975
						],
						[
							-89.66272,
							37.76114
						],
						[
							-89.66252,
							37.76265
						],
						[
							-89.66231,
							37.76564
						],
						[
							-89.66211,
							37.76715
						],
						[
							-89.66011,
							37.76854
						],
						[
							-89.65982,
							37.77295
						],
						[
							-89.6596,
							37.77445
						],
						[
							-89.65951,
							37.77594
						],
						[
							-89.65931,
							37.77745
						],
						[
							-89.65921,
							37.77884
						],
						[
							-89.66101,
							37.78054
						],
						[
							-89.66081,
							37.78195
						],
						[
							-89.66061,
							37.78495
						],
						[
							-89.66042,
							37.78645
						],
						[
							-89.66222,
							37.78805
						],
						[
							-89.66201,
							37.78955
						],
						[
							-89.6619,
							37.79104
						],
						[
							-89.66362,
							37.79254
						],
						[
							-89.66351,
							37.79405
						],
						[
							-89.66541,
							37.79415
						],
						[
							-89.66711,
							37.79574
						],
						[
							-89.667,
							37.79724
						],
						[
							-89.66872,
							37.79885
						],
						[
							-89.67052,
							37.80045
						],
						[
							-89.67041,
							37.80195
						],
						[
							-89.67212,
							37.80355
						],
						[
							-89.674,
							37.80355
						],
						[
							-89.67572,
							37.80515
						],
						[
							-89.67761,
							37.80535
						],
						[
							-89.67932,
							37.80684
						],
						[
							-89.68121,
							37.80705
						],
						[
							-89.68321,
							37.80555
						],
						[
							-89.68492,
							37.80725
						],
						[
							-89.68681,
							37.80725
						],
						[
							-89.68851,
							37.80885
						],
						[
							-89.69031,
							37.81045
						],
						[
							-89.69202,
							37.81205
						],
						[
							-89.69382,
							37.81365
						],
						[
							-89.69551,
							37.81524
						],
						[
							-89.69742,
							37.81535
						],
						[
							-89.69911,
							37.81694
						],
						[
							-89.70102,
							37.81704
						],
						[
							-89.70302,
							37.81565
						],
						[
							-89.70471,
							37.81725
						],
						[
							-89.70662,
							37.81735
						],
						[
							-89.70842,
							37.81894
						],
						[
							-89.71011,
							37.82055
						],
						[
							-89.71181,
							37.82205
						],
						[
							-89.71371,
							37.82225
						],
						[
							-89.71541,
							37.82375
						],
						[
							-89.71921,
							37.82395
						],
						[
							-89.72111,
							37.82415
						],
						[
							-89.72092,
							37.82554
						],
						[
							-89.72272,
							37.82715
						],
						[
							-89.72441,
							37.82875
						],
						[
							-89.72621,
							37.83035
						],
						[
							-89.72601,
							37.83185
						],
						[
							-89.72781,
							37.83345
						],
						[
							-89.72951,
							37.83505
						],
						[
							-89.73131,
							37.83665
						],
						[
							-89.73111,
							37.83805
						],
						[
							-89.73291,
							37.83965
						],
						[
							-89.73271,
							37.84114
						],
						[
							-89.73451,
							37.84275
						],
						[
							-89.73442,
							37.84424
						],
						[
							-89.73421,
							37.84575
						],
						[
							-89.73601,
							37.84725
						],
						[
							-89.73781,
							37.84735
						],
						[
							-89.73961,
							37.84895
						],
						[
							-89.74132,
							37.85054
						],
						[
							-89.74312,
							37.85215
						],
						[
							-89.74481,
							37.85375
						],
						[
							-89.74672,
							37.85385
						],
						[
							-89.74841,
							37.85544
						],
						[
							-89.75032,
							37.85555
						],
						[
							-89.75382,
							37.85865
						],
						[
							-89.75572,
							37.85885
						],
						[
							-89.75742,
							37.86045
						],
						[
							-89.76091,
							37.86354
						],
						[
							-89.76262,
							37.86515
						],
						[
							-89.76442,
							37.86675
						],
						[
							-89.76611,
							37.86834
						],
						[
							-89.76791,
							37.86995
						],
						[
							-89.76961,
							37.87155
						],
						[
							-89.77141,
							37.87304
						],
						[
							-89.77321,
							37.87314
						],
						[
							-89.77512,
							37.87335
						],
						[
							-89.77701,
							37.87335
						],
						[
							-89.77872,
							37.87505
						],
						[
							-89.78061,
							37.87505
						],
						[
							-89.78232,
							37.87664
						],
						[
							-89.78421,
							37.87684
						],
						[
							-89.78612,
							37.87684
						],
						[
							-89.78781,
							37.87845
						],
						[
							-89.79352,
							37.87874
						],
						[
							-89.79532,
							37.87885
						],
						[
							-89.79712,
							37.88044
						],
						[
							-89.79881,
							37.88205
						],
						[
							-89.80231,
							37.88514
						],
						[
							-89.80411,
							37.88675
						],
						[
							-89.80582,
							37.88835
						],
						[
							-89.80751,
							37.89005
						],
						[
							-89.80942,
							37.89005
						],
						[
							-89.81131,
							37.89015
						],
						[
							-89.81302,
							37.89174
						],
						[
							-89.81491,
							37.89185
						],
						[
							-89.81662,
							37.89344
						],
						[
							-89.81851,
							37.89354
						],
						[
							-89.82202,
							37.89665
						],
						[
							-89.82391,
							37.89685
						],
						[
							-89.82561,
							37.89845
						],
						[
							-89.82741,
							37.90005
						],
						[
							-89.82931,
							37.90005
						],
						[
							-89.83112,
							37.90014
						],
						[
							-89.83301,
							37.90035
						],
						[
							-89.83481,
							37.90184
						],
						[
							-89.83661,
							37.90195
						],
						[
							-89.83841,
							37.90355
						],
						[
							-89.84012,
							37.90515
						],
						[
							-89.84201,
							37.90525
						],
						[
							-89.84372,
							37.90685
						],
						[
							-89.84552,
							37.90845
						],
						[
							-89.84741,
							37.90854
						],
						[
							-89.85112,
							37.90875
						],
						[
							-89.85292,
							37.91024
						],
						[
							-89.85472,
							37.91045
						],
						[
							-89.85652,
							37.91195
						],
						[
							-89.85822,
							37.91365
						],
						[
							-89.86011,
							37.91375
						],
						[
							-89.86191,
							37.91525
						],
						[
							-89.86371,
							37.91535
						],
						[
							-89.86551,
							37.91694
						],
						[
							-89.86922,
							37.91715
						],
						[
							-89.87102,
							37.91874
						],
						[
							-89.87271,
							37.92035
						],
						[
							-89.87262,
							37.92185
						],
						[
							-89.87611,
							37.92495
						],
						[
							-89.87781,
							37.92655
						],
						[
							-89.87772,
							37.92804
						],
						[
							-89.87952,
							37.92965
						],
						[
							-89.88121,
							37.93125
						],
						[
							-89.88112,
							37.93275
						],
						[
							-89.88281,
							37.93425
						],
						[
							-89.88472,
							37.93435
						],
						[
							-89.88652,
							37.93595
						],
						[
							-89.88632,
							37.93745
						],
						[
							-89.88811,
							37.93905
						],
						[
							-89.88982,
							37.94065
						],
						[
							-89.89162,
							37.94225
						],
						[
							-89.89331,
							37.94384
						],
						[
							-89.89511,
							37.94545
						],
						[
							-89.89491,
							37.94685
						],
						[
							-89.89671,
							37.94844
						],
						[
							-89.89841,
							37.95005
						],
						[
							-89.90021,
							37.95165
						],
						[
							-89.90201,
							37.95175
						],
						[
							-89.90381,
							37.95334
						],
						[
							-89.90561,
							37.95484
						],
						[
							-89.90541,
							37.95635
						],
						[
							-89.90721,
							37.95795
						],
						[
							-89.90892,
							37.95954
						],
						[
							-89.90881,
							37.96105
						],
						[
							-89.91231,
							37.96415
						],
						[
							-89.91411,
							37.96585
						],
						[
							-89.91582,
							37.96734
						],
						[
							-89.91571,
							37.96885
						],
						[
							-89.91751,
							37.96894
						],
						[
							-89.91931,
							37.97055
						],
						[
							-89.92131,
							37.96914
						],
						[
							-89.92311,
							37.97075
						],
						[
							-89.92682,
							37.97094
						],
						[
							-89.92862,
							37.97255
						],
						[
							-89.93042,
							37.97265
						],
						[
							-89.93611,
							37.97294
						],
						[
							-89.93811,
							37.97155
						],
						[
							-89.93991,
							37.97165
						],
						[
							-89.94391,
							37.96885
						],
						[
							-89.95151,
							37.96924
						],
						[
							-89.95331,
							37.96935
						],
						[
							-89.95531,
							37.96795
						],
						[
							-89.96091,
							37.96824
						],
						[
							-89.96301,
							37.96695
						],
						[
							-89.96502,
							37.96545
						],
						[
							-89.96693,
							37.96555
						],
						[
							-89.96872,
							37.96575
						],
						[
							-89.97252,
							37.96595
						],
						[
							-89.97452,
							37.96454
						],
						[
							-89.97632,
							37.96455
						],
						[
							-89.97822,
							37.96475
						],
						[
							-89.98001,
							37.96635
						],
						[
							-89.98193,
							37.96635
						],
						[
							-89.98533,
							37.96955
						],
						[
							-89.98521,
							37.97105
						],
						[
							-89.98702,
							37.97264
						],
						[
							-89.98692,
							37.97415
						],
						[
							-89.98862,
							37.97575
						],
						[
							-89.99212,
							37.97885
						],
						[
							-89.99383,
							37.98044
						],
						[
							-89.99743,
							37.98365
						],
						[
							-89.99912,
							37.98525
						],
						[
							-90.00101,
							37.98525
						],
						[
							-90.00292,
							37.98545
						],
						[
							-90.00472,
							37.98545
						],
						[
							-90.00852,
							37.98565
						],
						[
							-90.01022,
							37.98725
						],
						[
							-90.01212,
							37.98735
						],
						[
							-90.01392,
							37.98895
						],
						[
							-90.01562,
							37.99055
						],
						[
							-90.01742,
							37.99215
						],
						[
							-90.02113,
							37.99235
						],
						[
							-90.02642,
							37.99705
						],
						[
							-90.02833,
							37.99714
						],
						[
							-90.03002,
							37.99874
						],
						[
							-90.03182,
							38.00035
						],
						[
							-90.03352,
							38.00195
						],
						[
							-90.03532,
							38.00344
						],
						[
							-90.03702,
							38.00505
						],
						[
							-90.04082,
							38.00525
						],
						[
							-90.04252,
							38.00685
						],
						[
							-90.04443,
							38.00695
						],
						[
							-90.04623,
							38.00855
						],
						[
							-90.04792,
							38.01015
						],
						[
							-90.04983,
							38.01014
						],
						[
							-90.05163,
							38.01185
						],
						[
							-90.05343,
							38.01195
						],
						[
							-90.05532,
							38.01195
						],
						[
							-90.05712,
							38.01355
						],
						[
							-90.06272,
							38.01385
						],
						[
							-90.06441,
							38.01545
						],
						[
							-90.06632,
							38.01555
						],
						[
							-90.06812,
							38.01715
						],
						[
							-90.07182,
							38.01734
						],
						[
							-90.07362,
							38.01895
						],
						[
							-90.07552,
							38.01895
						],
						[
							-90.07742,
							38.01905
						],
						[
							-90.07932,
							38.01774
						],
						[
							-90.08122,
							38.01785
						],
						[
							-90.08302,
							38.01935
						],
						[
							-90.08672,
							38.01955
						],
						[
							-90.08852,
							38.02115
						],
						[
							-90.09042,
							38.02125
						],
						[
							-90.09212,
							38.02285
						],
						[
							-90.09392,
							38.02445
						],
						[
							-90.09562,
							38.02605
						],
						[
							-90.09753,
							38.02615
						],
						[
							-90.09933,
							38.02765
						],
						[
							-90.10122,
							38.02774
						],
						[
							-90.10293,
							38.02935
						],
						[
							-90.10473,
							38.03095
						],
						[
							-90.10642,
							38.03254
						],
						[
							-90.10632,
							38.03405
						],
						[
							-90.10812,
							38.03565
						],
						[
							-90.10792,
							38.03704
						],
						[
							-90.10983,
							38.03715
						],
						[
							-90.11163,
							38.03875
						],
						[
							-90.11332,
							38.04035
						],
						[
							-90.11512,
							38.04195
						],
						[
							-90.11683,
							38.04355
						],
						[
							-90.11661,
							38.04645
						],
						[
							-90.11832,
							38.04805
						],
						[
							-90.11822,
							38.04944
						],
						[
							-90.11813,
							38.05105
						],
						[
							-90.11982,
							38.05265
						],
						[
							-90.12162,
							38.05415
						],
						[
							-90.12153,
							38.05564
						],
						[
							-90.12322,
							38.05725
						],
						[
							-90.12682,
							38.06045
						],
						[
							-90.12852,
							38.06205
						],
						[
							-90.13032,
							38.06355
						],
						[
							-90.13212,
							38.06365
						],
						[
							-90.13392,
							38.06524
						],
						[
							-90.13583,
							38.06535
						],
						[
							-90.13752,
							38.06694
						],
						[
							-90.13943,
							38.06705
						],
						[
							-90.14132,
							38.06704
						],
						[
							-90.14312,
							38.06875
						],
						[
							-90.14492,
							38.06885
						],
						[
							-90.14683,
							38.06885
						],
						[
							-90.14872,
							38.06904
						],
						[
							-90.15243,
							38.06925
						],
						[
							-90.15432,
							38.06925
						],
						[
							-90.15623,
							38.06935
						],
						[
							-90.15823,
							38.06805
						],
						[
							-90.16012,
							38.06815
						],
						[
							-90.16202,
							38.06815
						],
						[
							-90.16572,
							38.06835
						],
						[
							-90.16752,
							38.06995
						],
						[
							-90.17312,
							38.07025
						],
						[
							-90.17492,
							38.07185
						],
						[
							-90.17683,
							38.07195
						],
						[
							-90.17852,
							38.07355
						],
						[
							-90.18032,
							38.07505
						],
						[
							-90.18212,
							38.07515
						],
						[
							-90.18572,
							38.07835
						],
						[
							-90.18742,
							38.07995
						],
						[
							-90.18922,
							38.08155
						],
						[
							-90.19093,
							38.08305
						],
						[
							-90.19282,
							38.08315
						],
						[
							-90.19462,
							38.08475
						],
						[
							-90.19633,
							38.08635
						],
						[
							-90.19813,
							38.08785
						],
						[
							-90.19993,
							38.08945
						],
						[
							-90.20173,
							38.08955
						],
						[
							-90.20531,
							38.09275
						],
						[
							-90.20712,
							38.09285
						],
						[
							-90.21072,
							38.09605
						],
						[
							-90.21252,
							38.09615
						],
						[
							-90.21442,
							38.09615
						],
						[
							-90.21622,
							38.09775
						],
						[
							-90.21812,
							38.09785
						],
						[
							-90.21983,
							38.09945
						],
						[
							-90.22512,
							38.10415
						],
						[
							-90.22683,
							38.10575
						],
						[
							-90.22862,
							38.10735
						],
						[
							-90.23041,
							38.10895
						],
						[
							-90.23212,
							38.11055
						],
						[
							-90.23392,
							38.11205
						],
						[
							-90.23563,
							38.11365
						],
						[
							-90.23923,
							38.11685
						],
						[
							-90.24094,
							38.11845
						],
						[
							-90.24274,
							38.11995
						],
						[
							-90.24451,
							38.12155
						],
						[
							-90.24623,
							38.12315
						],
						[
							-90.24803,
							38.12475
						],
						[
							-90.24792,
							38.12625
						],
						[
							-90.24963,
							38.12775
						],
						[
							-90.25143,
							38.12935
						],
						[
							-90.25133,
							38.13085
						],
						[
							-90.25304,
							38.13245
						],
						[
							-90.25484,
							38.13395
						],
						[
							-90.25653,
							38.13555
						],
						[
							-90.26013,
							38.13875
						],
						[
							-90.25993,
							38.14025
						],
						[
							-90.26523,
							38.14495
						],
						[
							-90.26514,
							38.14645
						],
						[
							-90.26694,
							38.14805
						],
						[
							-90.26863,
							38.14965
						],
						[
							-90.27043,
							38.15115
						],
						[
							-90.27223,
							38.15275
						],
						[
							-90.27393,
							38.15435
						],
						[
							-90.27573,
							38.15595
						],
						[
							-90.27743,
							38.15755
						],
						[
							-90.27924,
							38.15905
						],
						[
							-90.28104,
							38.16065
						],
						[
							-90.28273,
							38.16225
						],
						[
							-90.28453,
							38.16385
						],
						[
							-90.28633,
							38.16535
						],
						[
							-90.28822,
							38.16555
						],
						[
							-90.29173,
							38.16865
						],
						[
							-90.29343,
							38.17025
						],
						[
							-90.29523,
							38.17185
						],
						[
							-90.29703,
							38.17335
						],
						[
							-90.29874,
							38.17495
						],
						[
							-90.30054,
							38.17655
						],
						[
							-90.30243,
							38.17665
						],
						[
							-90.30412,
							38.17815
						],
						[
							-90.30792,
							38.17835
						],
						[
							-90.30972,
							38.17995
						],
						[
							-90.31152,
							38.18015
						],
						[
							-90.31332,
							38.18165
						],
						[
							-90.31512,
							38.18325
						],
						[
							-90.31703,
							38.18335
						],
						[
							-90.31873,
							38.18495
						],
						[
							-90.32053,
							38.18645
						],
						[
							-90.32224,
							38.18805
						],
						[
							-90.32404,
							38.18965
						],
						[
							-90.32593,
							38.18975
						],
						[
							-90.32773,
							38.19135
						],
						[
							-90.32944,
							38.19295
						],
						[
							-90.33122,
							38.19445
						],
						[
							-90.33302,
							38.19605
						],
						[
							-90.33482,
							38.19615
						],
						[
							-90.33662,
							38.19765
						],
						[
							-90.33843,
							38.19935
						],
						[
							-90.34013,
							38.20085
						],
						[
							-90.34003,
							38.20235
						],
						[
							-90.34183,
							38.20395
						],
						[
							-90.34174,
							38.20545
						],
						[
							-90.34343,
							38.20705
						],
						[
							-90.34523,
							38.20855
						],
						[
							-90.34703,
							38.21015
						],
						[
							-90.34683,
							38.21165
						],
						[
							-90.35043,
							38.21485
						],
						[
							-90.35033,
							38.21625
						],
						[
							-90.35013,
							38.21785
						],
						[
							-90.35004,
							38.21925
						],
						[
							-90.35184,
							38.22085
						],
						[
							-90.35173,
							38.22235
						],
						[
							-90.35342,
							38.22395
						],
						[
							-90.35303,
							38.22985
						],
						[
							-90.35474,
							38.23145
						],
						[
							-90.35432,
							38.23735
						],
						[
							-90.35603,
							38.23895
						],
						[
							-90.35783,
							38.24055
						],
						[
							-90.35764,
							38.24345
						],
						[
							-90.35744,
							38.24495
						],
						[
							-90.35722,
							38.24795
						],
						[
							-90.35902,
							38.24955
						],
						[
							-90.35893,
							38.25105
						],
						[
							-90.35873,
							38.25245
						],
						[
							-90.35843,
							38.25695
						],
						[
							-90.36192,
							38.26005
						],
						[
							-90.36163,
							38.26455
						],
						[
							-90.36144,
							38.26605
						],
						[
							-90.36124,
							38.26905
						],
						[
							-90.36304,
							38.27065
						],
						[
							-90.36293,
							38.27205
						],
						[
							-90.36462,
							38.27365
						],
						[
							-90.36433,
							38.27815
						],
						[
							-90.36414,
							38.28105
						],
						[
							-90.36392,
							38.28255
						],
						[
							-90.36383,
							38.28405
						],
						[
							-90.36352,
							38.28855
						],
						[
							-90.36523,
							38.29005
						],
						[
							-90.36704,
							38.29165
						],
						[
							-90.36673,
							38.29615
						],
						[
							-90.36653,
							38.29765
						],
						[
							-90.36623,
							38.30205
						],
						[
							-90.36613,
							38.30365
						],
						[
							-90.36603,
							38.30505
						],
						[
							-90.36774,
							38.30665
						],
						[
							-90.36752,
							38.30955
						],
						[
							-90.36732,
							38.31255
						],
						[
							-90.36713,
							38.31405
						],
						[
							-90.36693,
							38.31705
						],
						[
							-90.36493,
							38.31845
						],
						[
							-90.36473,
							38.32135
						],
						[
							-90.36453,
							38.32285
						],
						[
							-90.36443,
							38.32435
						],
						[
							-90.36403,
							38.33035
						],
						[
							-90.36383,
							38.33175
						],
						[
							-90.36372,
							38.33325
						],
						[
							-90.36173,
							38.33465
						],
						[
							-90.36144,
							38.33915
						],
						[
							-90.36133,
							38.34055
						],
						[
							-90.35933,
							38.34205
						],
						[
							-90.35913,
							38.34355
						],
						[
							-90.35902,
							38.34495
						],
						[
							-90.35702,
							38.34635
						],
						[
							-90.35693,
							38.34785
						],
						[
							-90.35493,
							38.34925
						],
						[
							-90.35474,
							38.35225
						],
						[
							-90.35452,
							38.35375
						],
						[
							-90.35423,
							38.35815
						],
						[
							-90.35223,
							38.35955
						],
						[
							-90.35204,
							38.36255
						],
						[
							-90.35004,
							38.36395
						],
						[
							-90.34982,
							38.36545
						],
						[
							-90.34782,
							38.36685
						],
						[
							-90.34773,
							38.36825
						],
						[
							-90.34953,
							38.36985
						],
						[
							-90.34753,
							38.37125
						],
						[
							-90.34734,
							38.37275
						],
						[
							-90.34534,
							38.37415
						],
						[
							-90.34523,
							38.37565
						],
						[
							-90.34123,
							38.37845
						],
						[
							-90.33923,
							38.37975
						],
						[
							-90.33913,
							38.38125
						],
						[
							-90.33712,
							38.38265
						],
						[
							-90.33704,
							38.38415
						],
						[
							-90.33302,
							38.38695
						],
						[
							-90.33282,
							38.38845
						],
						[
							-90.32482,
							38.39405
						],
						[
							-90.32282,
							38.39535
						],
						[
							-90.32082,
							38.39685
						],
						[
							-90.31883,
							38.39825
						],
						[
							-90.32063,
							38.39975
						],
						[
							-90.32052,
							38.40125
						],
						[
							-90.31852,
							38.40265
						],
						[
							-90.31652,
							38.40395
						],
						[
							-90.31441,
							38.40535
						],
						[
							-90.31432,
							38.40685
						],
						[
							-90.31033,
							38.40965
						],
						[
							-90.30833,
							38.41115
						],
						[
							-90.30633,
							38.41245
						],
						[
							-90.30622,
							38.41395
						],
						[
							-90.30222,
							38.41675
						],
						[
							-90.30032,
							38.41665
						],
						[
							-90.29832,
							38.41805
						],
						[
							-90.29812,
							38.41955
						],
						[
							-90.29623,
							38.42095
						],
						[
							-90.29412,
							38.42235
						],
						[
							-90.29012,
							38.42515
						],
						[
							-90.28812,
							38.42645
						],
						[
							-90.28793,
							38.42945
						],
						[
							-90.28593,
							38.43085
						],
						[
							-90.28582,
							38.43235
						],
						[
							-90.28562,
							38.43385
						],
						[
							-90.28362,
							38.43525
						],
						[
							-90.28352,
							38.43665
						],
						[
							-90.28323,
							38.44115
						],
						[
							-90.28303,
							38.44265
						],
						[
							-90.28283,
							38.44564
						],
						[
							-90.28262,
							38.44855
						],
						[
							-90.28062,
							38.45005
						],
						[
							-90.28042,
							38.45144
						],
						[
							-90.28022,
							38.45445
						],
						[
							-90.27822,
							38.45575
						],
						[
							-90.27813,
							38.45735
						],
						[
							-90.27792,
							38.45875
						],
						[
							-90.27972,
							38.46035
						],
						[
							-90.27772,
							38.46175
						],
						[
							-90.27752,
							38.46475
						],
						[
							-90.27552,
							38.46615
						],
						[
							-90.27532,
							38.46765
						],
						[
							-90.27522,
							38.46905
						],
						[
							-90.27512,
							38.47065
						],
						[
							-90.27312,
							38.47194
						],
						[
							-90.27302,
							38.47345
						],
						[
							-90.27473,
							38.47505
						],
						[
							-90.27273,
							38.47645
						],
						[
							-90.27253,
							38.47945
						],
						[
							-90.27232,
							38.48235
						],
						[
							-90.27212,
							38.48385
						],
						[
							-90.27192,
							38.48685
						],
						[
							-90.26992,
							38.48825
						],
						[
							-90.26983,
							38.48975
						],
						[
							-90.27152,
							38.49125
						],
						[
							-90.27142,
							38.49275
						],
						[
							-90.26942,
							38.49414
						],
						[
							-90.26932,
							38.49565
						],
						[
							-90.26533,
							38.49845
						],
						[
							-90.26513,
							38.49995
						],
						[
							-90.26311,
							38.50135
						],
						[
							-90.26283,
							38.50575
						],
						[
							-90.26083,
							38.50715
						],
						[
							-90.26072,
							38.50865
						],
						[
							-90.26052,
							38.51015
						],
						[
							-90.25852,
							38.51155
						],
						[
							-90.25832,
							38.51455
						],
						[
							-90.25822,
							38.51595
						],
						[
							-90.25622,
							38.51735
						],
						[
							-90.25602,
							38.51885
						],
						[
							-90.25562,
							38.52484
						],
						[
							-90.25542,
							38.52625
						],
						[
							-90.25523,
							38.52925
						],
						[
							-90.25323,
							38.53064
						],
						[
							-90.25312,
							38.53215
						],
						[
							-90.25112,
							38.53354
						],
						[
							-90.25092,
							38.53505
						],
						[
							-90.24892,
							38.53634
						],
						[
							-90.24873,
							38.53935
						],
						[
							-90.24673,
							38.54075
						],
						[
							-90.24662,
							38.54225
						],
						[
							-90.24451,
							38.54364
						],
						[
							-90.24442,
							38.54515
						],
						[
							-90.24242,
							38.54654
						],
						[
							-90.23843,
							38.54935
						],
						[
							-90.23643,
							38.55065
						],
						[
							-90.23632,
							38.55214
						],
						[
							-90.23432,
							38.55355
						],
						[
							-90.23412,
							38.55504
						],
						[
							-90.23212,
							38.55645
						],
						[
							-90.23193,
							38.55944
						],
						[
							-90.22993,
							38.56075
						],
						[
							-90.22973,
							38.56234
						],
						[
							-90.22772,
							38.56365
						],
						[
							-90.22742,
							38.56815
						],
						[
							-90.22343,
							38.57095
						],
						[
							-90.22132,
							38.57235
						],
						[
							-90.21932,
							38.57364
						],
						[
							-90.20933,
							38.58065
						],
						[
							-90.20922,
							38.58215
						],
						[
							-90.20712,
							38.58355
						],
						[
							-90.20512,
							38.58484
						],
						[
							-90.20312,
							38.58635
						],
						[
							-90.19912,
							38.58915
						],
						[
							-90.19723,
							38.58895
						],
						[
							-90.19523,
							38.59034
						],
						[
							-90.19501,
							38.59185
						],
						[
							-90.19102,
							38.59465
						],
						[
							-90.19082,
							38.59764
						],
						[
							-90.18882,
							38.59905
						],
						[
							-90.18862,
							38.60045
						],
						[
							-90.18662,
							38.60185
						],
						[
							-90.18652,
							38.60334
						],
						[
							-90.18252,
							38.60614
						],
						[
							-90.18243,
							38.60765
						],
						[
							-90.18223,
							38.60914
						],
						[
							-90.18182,
							38.61505
						],
						[
							-90.18162,
							38.61654
						],
						[
							-90.17962,
							38.61795
						],
						[
							-90.17933,
							38.62245
						],
						[
							-90.17722,
							38.62374
						],
						[
							-90.17702,
							38.62674
						],
						[
							-90.17883,
							38.62835
						],
						[
							-90.17682,
							38.62975
						],
						[
							-90.17662,
							38.63124
						],
						[
							-90.17641,
							38.63414
						],
						[
							-90.17632,
							38.63565
						],
						[
							-90.17421,
							38.63704
						],
						[
							-90.17401,
							38.64005
						],
						[
							-90.17753,
							38.64315
						],
						[
							-90.17731,
							38.64614
						],
						[
							-90.17711,
							38.64914
						],
						[
							-90.17882,
							38.65075
						],
						[
							-90.18062,
							38.65235
						],
						[
							-90.18042,
							38.65525
						],
						[
							-90.18212,
							38.65685
						],
						[
							-90.18201,
							38.65834
						],
						[
							-90.18381,
							38.65995
						],
						[
							-90.18372,
							38.66145
						],
						[
							-90.18541,
							38.66295
						],
						[
							-90.18533,
							38.66445
						],
						[
							-90.18513,
							38.66745
						],
						[
							-90.18693,
							38.66905
						],
						[
							-90.18673,
							38.67044
						],
						[
							-90.18642,
							38.67495
						],
						[
							-90.18811,
							38.67655
						],
						[
							-90.18803,
							38.67804
						],
						[
							-90.18783,
							38.68105
						],
						[
							-90.18963,
							38.68254
						],
						[
							-90.18941,
							38.68405
						],
						[
							-90.18932,
							38.68554
						],
						[
							-90.19112,
							38.68715
						],
						[
							-90.19282,
							38.68875
						],
						[
							-90.19273,
							38.69014
						],
						[
							-90.19453,
							38.69175
						],
						[
							-90.19422,
							38.69625
						],
						[
							-90.19402,
							38.69764
						],
						[
							-90.19383,
							38.70065
						],
						[
							-90.19363,
							38.70215
						],
						[
							-90.19332,
							38.70665
						],
						[
							-90.19323,
							38.70815
						],
						[
							-90.19302,
							38.70964
						],
						[
							-90.19281,
							38.71254
						],
						[
							-90.19273,
							38.71405
						],
						[
							-90.19252,
							38.71704
						],
						[
							-90.19042,
							38.71845
						],
						[
							-90.19011,
							38.72284
						],
						[
							-90.18991,
							38.72435
						],
						[
							-90.18983,
							38.72585
						],
						[
							-90.18971,
							38.72734
						],
						[
							-90.18963,
							38.72885
						],
						[
							-90.18941,
							38.73034
						],
						[
							-90.18741,
							38.73165
						],
						[
							-90.18732,
							38.73324
						],
						[
							-90.18721,
							38.73465
						],
						[
							-90.18521,
							38.73604
						],
						[
							-90.18501,
							38.73754
						],
						[
							-90.18492,
							38.73905
						],
						[
							-90.18471,
							38.74195
						],
						[
							-90.18071,
							38.74475
						],
						[
							-90.18051,
							38.74624
						],
						[
							-90.18042,
							38.74775
						],
						[
							-90.17842,
							38.74915
						],
						[
							-90.17831,
							38.75064
						],
						[
							-90.17812,
							38.75215
						],
						[
							-90.17792,
							38.75505
						],
						[
							-90.17592,
							38.75644
						],
						[
							-90.17572,
							38.75945
						],
						[
							-90.17361,
							38.76085
						],
						[
							-90.17162,
							38.76225
						],
						[
							-90.17151,
							38.76374
						],
						[
							-90.16951,
							38.76505
						],
						[
							-90.16942,
							38.76654
						],
						[
							-90.16731,
							38.76795
						],
						[
							-90.16132,
							38.77214
						],
						[
							-90.15921,
							38.77355
						],
						[
							-90.15732,
							38.77345
						],
						[
							-90.15532,
							38.77484
						],
						[
							-90.15341,
							38.77475
						],
						[
							-90.15332,
							38.77625
						],
						[
							-90.15132,
							38.77755
						],
						[
							-90.14931,
							38.77894
						],
						[
							-90.14731,
							38.78035
						],
						[
							-90.14531,
							38.78025
						],
						[
							-90.14131,
							38.78304
						],
						[
							-90.14122,
							38.78454
						],
						[
							-90.13922,
							38.78595
						],
						[
							-90.13721,
							38.78734
						],
						[
							-90.13512,
							38.78874
						],
						[
							-90.13321,
							38.78864
						],
						[
							-90.12721,
							38.79284
						],
						[
							-90.12712,
							38.79424
						],
						[
							-90.12502,
							38.79564
						]
					],
					[
						[
							-89.25095,
							29.15702
						],
						[
							-89.25117,
							29.15412
						],
						[
							-89.25126,
							29.15272
						],
						[
							-89.25306,
							29.15132
						],
						[
							-89.25326,
							29.14982
						],
						[
							-89.25337,
							29.14842
						],
						[
							-89.25356,
							29.14542
						],
						[
							-89.25376,
							29.14402
						],
						[
							-89.25545,
							29.14262
						],
						[
							-89.25567,
							29.14112
						],
						[
							-89.25576,
							29.13972
						],
						[
							-89.25756,
							29.13832
						],
						[
							-89.25767,
							29.13682
						],
						[
							-89.25947,
							29.13553
						],
						[
							-89.25956,
							29.13413
						],
						[
							-89.26136,
							29.13273
						],
						[
							-89.26147,
							29.13122
						],
						[
							-89.26327,
							29.12982
						],
						[
							-89.26347,
							29.12842
						],
						[
							-89.26356,
							29.12692
						],
						[
							-89.26366,
							29.12552
						],
						[
							-89.26547,
							29.12412
						],
						[
							-89.26556,
							29.12262
						],
						[
							-89.26566,
							29.12122
						],
						[
							-89.26586,
							29.11972
						],
						[
							-89.26756,
							29.11833
						],
						[
							-89.26775,
							29.11693
						],
						[
							-89.26797,
							29.11402
						],
						[
							-89.26977,
							29.11262
						],
						[
							-89.26997,
							29.11122
						],
						[
							-89.27177,
							29.10982
						],
						[
							-89.27186,
							29.10832
						],
						[
							-89.27357,
							29.10702
						],
						[
							-89.27377,
							29.10552
						],
						[
							-89.27557,
							29.10412
						],
						[
							-89.27576,
							29.10122
						],
						[
							-89.27756,
							29.09992
						],
						[
							-89.27766,
							29.09842
						],
						[
							-89.27786,
							29.09693
						],
						[
							-89.27796,
							29.09553
						],
						[
							-89.27976,
							29.09413
						],
						[
							-89.27985,
							29.09263
						],
						[
							-89.28007,
							29.08972
						],
						[
							-89.28187,
							29.08832
						],
						[
							-89.28207,
							29.08692
						],
						[
							-89.28216,
							29.08542
						],
						[
							-89.28396,
							29.08402
						],
						[
							-89.28406,
							29.08262
						],
						[
							-89.28587,
							29.08123
						],
						[
							-89.28767,
							29.07992
						],
						[
							-89.28947,
							29.07852
						],
						[
							-89.29127,
							29.07723
						],
						[
							-89.29487,
							29.07443
						],
						[
							-89.29656,
							29.07313
						],
						[
							-89.29665,
							29.07163
						],
						[
							-89.29845,
							29.07033
						],
						[
							-89.30026,
							29.06893
						],
						[
							-89.30205,
							29.06763
						],
						[
							-89.30386,
							29.06623
						],
						[
							-89.30405,
							29.06473
						],
						[
							-89.30576,
							29.06343
						],
						[
							-89.30596,
							29.06193
						],
						[
							-89.30607,
							29.06043
						],
						[
							-89.30785,
							29.05913
						],
						[
							-89.30965,
							29.05773
						],
						[
							-89.31145,
							29.05643
						],
						[
							-89.31156,
							29.05493
						],
						[
							-89.31336,
							29.05363
						],
						[
							-89.31345,
							29.05213
						],
						[
							-89.31525,
							29.05073
						],
						[
							-89.31547,
							29.04783
						],
						[
							-89.31727,
							29.04643
						],
						[
							-89.31736,
							29.04503
						],
						[
							-89.31916,
							29.04363
						],
						[
							-89.32096,
							29.04233
						],
						[
							-89.32276,
							29.04093
						],
						[
							-89.32287,
							29.03943
						],
						[
							-89.32465,
							29.03813
						],
						[
							-89.32645,
							29.03673
						],
						[
							-89.32825,
							29.03543
						],
						[
							-89.33006,
							29.03403
						],
						[
							-89.33186,
							29.03273
						],
						[
							-89.33205,
							29.02973
						],
						[
							-89.33385,
							29.02843
						],
						[
							-89.33407,
							29.02543
						],
						[
							-89.33585,
							29.02413
						],
						[
							-89.33765,
							29.02273
						],
						[
							-89.33946,
							29.02143
						],
						[
							-89.34126,
							29.02003
						],
						[
							-89.34136,
							29.01863
						],
						[
							-89.34145,
							29.01713
						],
						[
							-89.34167,
							29.01563
						],
						[
							-89.34347,
							29.01433
						],
						[
							-89.34367,
							29.01133
						],
						[
							-89.34547,
							29.01003
						],
						[
							-89.34907,
							29.00723
						],
						[
							-89.35087,
							29.00593
						],
						[
							-89.35096,
							29.00443
						],
						[
							-89.35276,
							29.00313
						],
						[
							-89.35456,
							29.00173
						],
						[
							-89.35467,
							29.00033
						],
						[
							-89.35647,
							28.99893
						],
						[
							-89.35656,
							28.99743
						],
						[
							-89.35836,
							28.99613
						],
						[
							-89.36015,
							28.99473
						],
						[
							-89.36196,
							28.99343
						],
						[
							-89.36207,
							28.99193
						],
						[
							-89.36385,
							28.99053
						],
						[
							-89.36396,
							28.98903
						],
						[
							-89.36576,
							28.98773
						],
						[
							-89.36755,
							28.98633
						],
						[
							-89.36925,
							28.98503
						],
						[
							-89.36945,
							28.98353
						],
						[
							-89.37125,
							28.98223
						],
						[
							-89.37147,
							28.97933
						],
						[
							-89.37327,
							28.97793
						],
						[
							-89.37335,
							28.97643
						],
						[
							-89.37516,
							28.97503
						],
						[
							-89.37875,
							28.97243
						],
						[
							-89.38056,
							28.97093
						],
						[
							-89.38236,
							28.96963
						],
						[
							-89.38245,
							28.96813
						],
						[
							-89.38425,
							28.96683
						],
						[
							-89.38596,
							28.96543
						],
						[
							-89.38615,
							28.96403
						],
						[
							-89.38626,
							28.96253
						],
						[
							-89.38805,
							28.96123
						],
						[
							-89.38985,
							28.95983
						],
						[
							-89.38996,
							28.95833
						],
						[
							-89.39175,
							28.95703
						],
						[
							-89.39195,
							28.95403
						],
						[
							-89.39376,
							28.95274
						],
						[
							-89.39386,
							28.95123
						],
						[
							-89.39566,
							28.94994
						],
						[
							-89.39575,
							28.94843
						],
						[
							-89.39755,
							28.94714
						],
						[
							-89.39936,
							28.94574
						],
						[
							-89.39946,
							28.94423
						],
						[
							-89.40126,
							28.94283
						],
						[
							-89.40135,
							28.94143
						],
						[
							-89.40315,
							28.94003
						],
						[
							-89.40335,
							28.93863
						],
						[
							-89.40506,
							28.93723
						],
						[
							-89.40686,
							28.93594
						],
						[
							-89.40695,
							28.93443
						],
						[
							-89.40875,
							28.93303
						],
						[
							-89.40886,
							28.93163
						],
						[
							-89.41066,
							28.93023
						],
						[
							-89.41246,
							28.92894
						],
						[
							-89.41605,
							28.92614
						],
						[
							-89.41615,
							28.92463
						]
					],
					[
						[
							-89.34516,
							29.27522
						],
						[
							-89.34686,
							29.27382
						],
						[
							-89.34866,
							29.27252
						],
						[
							-89.34885,
							29.27102
						],
						[
							-89.34907,
							29.26802
						],
						[
							-89.34927,
							29.26662
						],
						[
							-89.34936,
							29.26512
						],
						[
							-89.34956,
							29.26222
						],
						[
							-89.34806,
							29.26062
						],
						[
							-89.34646,
							29.25902
						],
						[
							-89.34656,
							29.25762
						],
						[
							-89.34676,
							29.25612
						],
						[
							-89.34516,
							29.25452
						],
						[
							-89.34527,
							29.25302
						],
						[
							-89.34376,
							29.25152
						],
						[
							-89.34206,
							29.25142
						],
						[
							-89.34216,
							29.24992
						],
						[
							-89.34235,
							29.24842
						],
						[
							-89.34246,
							29.24702
						],
						[
							-89.34086,
							29.24542
						],
						[
							-89.34096,
							29.24392
						],
						[
							-89.34116,
							29.24252
						],
						[
							-89.34126,
							29.24102
						],
						[
							-89.33967,
							29.23942
						],
						[
							-89.33987,
							29.23802
						],
						[
							-89.34006,
							29.23502
						],
						[
							-89.33855,
							29.23342
						],
						[
							-89.33877,
							29.23052
						],
						[
							-89.33886,
							29.22902
						],
						[
							-89.33906,
							29.22762
						],
						[
							-89.33926,
							29.22462
						],
						[
							-89.33936,
							29.22322
						],
						[
							-89.33946,
							29.22172
						],
						[
							-89.33967,
							29.22032
						],
						[
							-89.33987,
							29.21732
						],
						[
							-89.33836,
							29.21582
						],
						[
							-89.33855,
							29.21282
						],
						[
							-89.33706,
							29.21122
						],
						[
							-89.33717,
							29.20982
						],
						[
							-89.33726,
							29.20832
						],
						[
							-89.33736,
							29.20692
						],
						[
							-89.33746,
							29.20542
						],
						[
							-89.33765,
							29.20392
						],
						[
							-89.33787,
							29.20102
						],
						[
							-89.33807,
							29.19952
						],
						[
							-89.33826,
							29.19662
						],
						[
							-89.33836,
							29.19512
						],
						[
							-89.33846,
							29.19372
						],
						[
							-89.34026,
							29.19232
						],
						[
							-89.34036,
							29.19082
						],
						[
							-89.34057,
							29.18942
						],
						[
							-89.34235,
							29.18802
						],
						[
							-89.34257,
							29.18512
						],
						[
							-89.34266,
							29.18362
						],
						[
							-89.34286,
							29.18222
						],
						[
							-89.34126,
							29.18062
						],
						[
							-89.33967,
							29.18052
						],
						[
							-89.33976,
							29.17902
						],
						[
							-89.34006,
							29.17462
						],
						[
							-89.34016,
							29.17312
						],
						[
							-89.34036,
							29.17172
						],
						[
							-89.34216,
							29.17032
						],
						[
							-89.34226,
							29.16892
						],
						[
							-89.34235,
							29.16742
						],
						[
							-89.34086,
							29.16583
						],
						[
							-89.34266,
							29.16452
						],
						[
							-89.34286,
							29.16152
						],
						[
							-89.34136,
							29.16002
						],
						[
							-89.34156,
							29.15702
						],
						[
							-89.34336,
							29.15572
						],
						[
							-89.34516,
							29.15432
						],
						[
							-89.34527,
							29.15292
						],
						[
							-89.34536,
							29.15143
						],
						[
							-89.34556,
							29.14992
						],
						[
							-89.34576,
							29.14702
						],
						[
							-89.34586,
							29.14562
						],
						[
							-89.34596,
							29.14403
						],
						[
							-89.34617,
							29.14263
						],
						[
							-89.34626,
							29.14113
						],
						[
							-89.34646,
							29.13822
						],
						[
							-89.34666,
							29.13672
						],
						[
							-89.34676,
							29.13532
						],
						[
							-89.34686,
							29.13383
						],
						[
							-89.34536,
							29.13223
						],
						[
							-89.34547,
							29.13083
						],
						[
							-89.34556,
							29.12932
						],
						[
							-89.34736,
							29.12803
						],
						[
							-89.34756,
							29.12503
						],
						[
							-89.34776,
							29.12363
						],
						[
							-89.34806,
							29.11912
						],
						[
							-89.34826,
							29.11772
						],
						[
							-89.34837,
							29.11622
						],
						[
							-89.34676,
							29.11463
						],
						[
							-89.34686,
							29.11323
						],
						[
							-89.34386,
							29.11003
						],
						[
							-89.34226,
							29.10853
						],
						[
							-89.34235,
							29.10703
						],
						[
							-89.34086,
							29.10543
						],
						[
							-89.34096,
							29.10403
						],
						[
							-89.34116,
							29.10103
						],
						[
							-89.34136,
							29.09952
						],
						[
							-89.34145,
							29.09812
						],
						[
							-89.34167,
							29.09523
						],
						[
							-89.34187,
							29.09373
						],
						[
							-89.34196,
							29.09223
						],
						[
							-89.34206,
							29.09083
						],
						[
							-89.34216,
							29.08933
						]
					],
					[
						[
							-89.26806,
							29.19212
						],
						[
							-89.27116,
							29.19522
						],
						[
							-89.27276,
							29.19672
						],
						[
							-89.27425,
							29.19842
						],
						[
							-89.27416,
							29.19982
						],
						[
							-89.27576,
							29.20142
						],
						[
							-89.27876,
							29.20462
						],
						[
							-89.28036,
							29.20612
						],
						[
							-89.28027,
							29.20762
						],
						[
							-89.28176,
							29.20922
						],
						[
							-89.28165,
							29.21062
						],
						[
							-89.28316,
							29.21222
						],
						[
							-89.28297,
							29.21512
						],
						[
							-89.28455,
							29.21672
						],
						[
							-89.28436,
							29.21822
						],
						[
							-89.28596,
							29.21972
						],
						[
							-89.28576,
							29.22122
						],
						[
							-89.28736,
							29.22282
						],
						[
							-89.28886,
							29.22442
						],
						[
							-89.29046,
							29.22592
						],
						[
							-89.29195,
							29.22752
						],
						[
							-89.29186,
							29.22902
						],
						[
							-89.29656,
							29.23372
						],
						[
							-89.29636,
							29.23522
						],
						[
							-89.30106,
							29.23992
						],
						[
							-89.30256,
							29.24142
						],
						[
							-89.30405,
							29.24302
						],
						[
							-89.30726,
							29.24622
						],
						[
							-89.30875,
							29.24782
						],
						[
							-89.31046,
							29.24792
						],
						[
							-89.31196,
							29.24942
						],
						[
							-89.31367,
							29.24952
						],
						[
							-89.31516,
							29.25112
						],
						[
							-89.31986,
							29.25582
						],
						[
							-89.32147,
							29.25742
						],
						[
							-89.32307,
							29.25752
						],
						[
							-89.32465,
							29.25912
						],
						[
							-89.32616,
							29.26072
						],
						[
							-89.32786,
							29.26082
						],
						[
							-89.32937,
							29.26242
						],
						[
							-89.33096,
							29.26402
						],
						[
							-89.33247,
							29.26552
						],
						[
							-89.33717,
							29.27022
						],
						[
							-89.33866,
							29.27182
						],
						[
							-89.34036,
							29.27192
						],
						[
							-89.34187,
							29.27352
						],
						[
							-89.34356,
							29.27362
						],
						[
							-89.34516,
							29.27522
						]
					],
					[
						[
							-89.17276,
							29.32442
						],
						[
							-89.17456,
							29.32312
						],
						[
							-89.17476,
							29.32162
						],
						[
							-89.17825,
							29.31892
						],
						[
							-89.18185,
							29.31612
						],
						[
							-89.18366,
							29.31482
						],
						[
							-89.18386,
							29.31332
						],
						[
							-89.18405,
							29.31042
						],
						[
							-89.18417,
							29.30891
						],
						[
							-89.18436,
							29.30751
						],
						[
							-89.18445,
							29.30601
						],
						[
							-89.18456,
							29.30452
						],
						[
							-89.18636,
							29.30322
						],
						[
							-89.18645,
							29.30172
						],
						[
							-89.18825,
							29.30032
						],
						[
							-89.18845,
							29.29892
						],
						[
							-89.19025,
							29.29752
						],
						[
							-89.19205,
							29.29622
						],
						[
							-89.19216,
							29.29472
						],
						[
							-89.19396,
							29.29332
						],
						[
							-89.19576,
							29.29202
						],
						[
							-89.19756,
							29.29061
						],
						[
							-89.19596,
							29.28902
						],
						[
							-89.19776,
							29.28772
						],
						[
							-89.19956,
							29.28632
						],
						[
							-89.20136,
							29.28502
						],
						[
							-89.20316,
							29.28362
						],
						[
							-89.20496,
							29.28232
						],
						[
							-89.20856,
							29.27952
						],
						[
							-89.20866,
							29.27812
						],
						[
							-89.21226,
							29.27532
						],
						[
							-89.21416,
							29.27402
						],
						[
							-89.21586,
							29.27272
						],
						[
							-89.21596,
							29.27122
						],
						[
							-89.21616,
							29.26972
						],
						[
							-89.21796,
							29.26842
						],
						[
							-89.21806,
							29.26692
						],
						[
							-89.21986,
							29.26562
						],
						[
							-89.21996,
							29.26412
						],
						[
							-89.22176,
							29.26282
						],
						[
							-89.22536,
							29.26002
						],
						[
							-89.22716,
							29.25872
						],
						[
							-89.22726,
							29.25722
						],
						[
							-89.22906,
							29.25582
						],
						[
							-89.22926,
							29.25442
						],
						[
							-89.22936,
							29.25292
						],
						[
							-89.23116,
							29.25162
						],
						[
							-89.23126,
							29.25012
						],
						[
							-89.23305,
							29.24872
						],
						[
							-89.23486,
							29.24742
						],
						[
							-89.23496,
							29.24602
						],
						[
							-89.23676,
							29.24452
						],
						[
							-89.23856,
							29.24322
						],
						[
							-89.23865,
							29.24172
						],
						[
							-89.24046,
							29.24042
						],
						[
							-89.24056,
							29.23892
						],
						[
							-89.24076,
							29.23742
						],
						[
							-89.24087,
							29.23602
						],
						[
							-89.24107,
							29.23302
						],
						[
							-89.24126,
							29.23162
						],
						[
							-89.24307,
							29.23022
						],
						[
							-89.24316,
							29.22882
						],
						[
							-89.24496,
							29.22742
						],
						[
							-89.24515,
							29.22452
						],
						[
							-89.24696,
							29.22312
						],
						[
							-89.24715,
							29.22172
						],
						[
							-89.24895,
							29.22032
						],
						[
							-89.24926,
							29.21592
						],
						[
							-89.25106,
							29.21452
						],
						[
							-89.25117,
							29.21312
						],
						[
							-89.25137,
							29.21162
						],
						[
							-89.25317,
							29.21022
						],
						[
							-89.25337,
							29.20732
						],
						[
							-89.25517,
							29.20592
						],
						[
							-89.25877,
							29.20332
						],
						[
							-89.26237,
							29.20052
						],
						[
							-89.26417,
							29.19922
						],
						[
							-89.26597,
							29.19782
						],
						[
							-89.26775,
							29.19652
						],
						[
							-89.26806,
							29.19212
						]
					],
					[
						[
							-89.25095,
							29.15702
						],
						[
							-89.25075,
							29.15852
						],
						[
							-89.25387,
							29.16162
						],
						[
							-89.25376,
							29.16312
						],
						[
							-89.25526,
							29.16472
						],
						[
							-89.25517,
							29.16622
						],
						[
							-89.25677,
							29.16772
						],
						[
							-89.25826,
							29.16932
						],
						[
							-89.25816,
							29.17082
						],
						[
							-89.25967,
							29.17242
						],
						[
							-89.25956,
							29.17382
						],
						[
							-89.26116,
							29.17542
						],
						[
							-89.26266,
							29.17702
						],
						[
							-89.26257,
							29.17842
						],
						[
							-89.26406,
							29.18002
						],
						[
							-89.26395,
							29.18152
						],
						[
							-89.26556,
							29.18312
						],
						[
							-89.26536,
							29.18452
						],
						[
							-89.26696,
							29.18612
						],
						[
							-89.26676,
							29.18752
						],
						[
							-89.26666,
							29.18902
						],
						[
							-89.26826,
							29.19062
						],
						[
							-89.26806,
							29.19212
						]
					],
					[
						[
							-89.24796,
							29.15242
						],
						[
							-89.24946,
							29.15402
						],
						[
							-89.24937,
							29.15542
						],
						[
							-89.25095,
							29.15702
						]
					],
					[
						[
							-89.24796,
							29.15242
						],
						[
							-89.24487,
							29.14932
						],
						[
							-89.24496,
							29.14782
						],
						[
							-89.24515,
							29.14632
						],
						[
							-89.24357,
							29.14483
						],
						[
							-89.24366,
							29.14332
						],
						[
							-89.24216,
							29.14182
						],
						[
							-89.24226,
							29.14032
						],
						[
							-89.24076,
							29.13872
						],
						[
							-89.24087,
							29.13732
						],
						[
							-89.24096,
							29.13582
						],
						[
							-89.23946,
							29.13422
						],
						[
							-89.23786,
							29.13262
						],
						[
							-89.23797,
							29.13112
						],
						[
							-89.23817,
							29.12972
						],
						[
							-89.23826,
							29.12822
						],
						[
							-89.23837,
							29.12682
						],
						[
							-89.23846,
							29.12532
						],
						[
							-89.23865,
							29.12382
						],
						[
							-89.23876,
							29.12242
						],
						[
							-89.23885,
							29.12092
						],
						[
							-89.23736,
							29.11932
						],
						[
							-89.23576,
							29.11782
						],
						[
							-89.23426,
							29.11622
						],
						[
							-89.23266,
							29.11462
						],
						[
							-89.22967,
							29.11143
						],
						[
							-89.22976,
							29.11003
						],
						[
							-89.22816,
							29.10842
						],
						[
							-89.22835,
							29.10702
						],
						[
							-89.22855,
							29.10402
						],
						[
							-89.22866,
							29.10262
						],
						[
							-89.22716,
							29.10103
						],
						[
							-89.22556,
							29.09942
						],
						[
							-89.22407,
							29.09783
						],
						[
							-89.22416,
							29.09643
						],
						[
							-89.22436,
							29.09493
						],
						[
							-89.22276,
							29.09333
						],
						[
							-89.22126,
							29.09173
						],
						[
							-89.21966,
							29.09022
						],
						[
							-89.21816,
							29.08863
						],
						[
							-89.21825,
							29.08713
						],
						[
							-89.21676,
							29.08552
						],
						[
							-89.21687,
							29.08412
						],
						[
							-89.21526,
							29.08253
						],
						[
							-89.21546,
							29.08103
						],
						[
							-89.21557,
							29.07963
						],
						[
							-89.21397,
							29.07802
						],
						[
							-89.21096,
							29.07482
						],
						[
							-89.20936,
							29.07332
						],
						[
							-89.20786,
							29.07173
						],
						[
							-89.20626,
							29.07023
						],
						[
							-89.20637,
							29.06872
						],
						[
							-89.20486,
							29.06713
						],
						[
							-89.20496,
							29.06563
						],
						[
							-89.20346,
							29.06413
						],
						[
							-89.20196,
							29.06253
						],
						[
							-89.20207,
							29.06103
						],
						[
							-89.20046,
							29.05953
						],
						[
							-89.19897,
							29.05783
						],
						[
							-89.19905,
							29.05643
						],
						[
							-89.19756,
							29.05483
						],
						[
							-89.19595,
							29.05323
						],
						[
							-89.19616,
							29.05183
						],
						[
							-89.19455,
							29.05023
						],
						[
							-89.19305,
							29.04872
						],
						[
							-89.19156,
							29.04703
						],
						[
							-89.18996,
							29.04553
						],
						[
							-89.18845,
							29.04393
						],
						[
							-89.18686,
							29.04243
						],
						[
							-89.18695,
							29.04093
						],
						[
							-89.18396,
							29.03773
						],
						[
							-89.18236,
							29.03623
						],
						[
							-89.18065,
							29.03612
						],
						[
							-89.18085,
							29.03463
						],
						[
							-89.17926,
							29.03303
						],
						[
							-89.17775,
							29.03142
						],
						[
							-89.17606,
							29.03133
						],
						[
							-89.17456,
							29.02973
						],
						[
							-89.17145,
							29.02663
						],
						[
							-89.17165,
							29.02363
						],
						[
							-89.17015,
							29.02212
						],
						[
							-89.16866,
							29.02053
						],
						[
							-89.16705,
							29.01893
						],
						[
							-89.16545,
							29.01883
						],
						[
							-89.16205,
							29.01863
						],
						[
							-89.16055,
							29.01703
						],
						[
							-89.15745,
							29.01393
						],
						[
							-89.15575,
							29.01383
						],
						[
							-89.15276,
							29.01063
						],
						[
							-89.15115,
							29.00913
						],
						[
							-89.14966,
							29.00753
						],
						[
							-89.14975,
							29.00603
						]
					],
					[
						[
							-88.99785,
							29.17122
						],
						[
							-88.99936,
							29.17282
						],
						[
							-89.00095,
							29.17432
						],
						[
							-89.00246,
							29.17592
						],
						[
							-89.00555,
							29.17902
						],
						[
							-89.00725,
							29.17922
						],
						[
							-89.00885,
							29.17922
						],
						[
							-89.01045,
							29.18082
						],
						[
							-89.01195,
							29.18242
						],
						[
							-89.01366,
							29.18252
						],
						[
							-89.01355,
							29.18402
						],
						[
							-89.01506,
							29.18562
						],
						[
							-89.01836,
							29.18582
						],
						[
							-89.02005,
							29.18602
						],
						[
							-89.02176,
							29.18612
						],
						[
							-89.02325,
							29.18762
						],
						[
							-89.02475,
							29.18922
						],
						[
							-89.02646,
							29.18932
						],
						[
							-89.02826,
							29.18792
						],
						[
							-89.02995,
							29.18812
						],
						[
							-89.03145,
							29.18972
						],
						[
							-89.03316,
							29.18972
						],
						[
							-89.03485,
							29.18992
						],
						[
							-89.03986,
							29.19022
						],
						[
							-89.04135,
							29.19182
						],
						[
							-89.04636,
							29.19212
						],
						[
							-89.04976,
							29.19232
						],
						[
							-89.05135,
							29.19252
						],
						[
							-89.05646,
							29.19282
						],
						[
							-89.05806,
							29.19292
						],
						[
							-89.05986,
							29.19152
						],
						[
							-89.06155,
							29.19172
						],
						[
							-89.06485,
							29.19192
						],
						[
							-89.06665,
							29.19052
						],
						[
							-89.07005,
							29.19072
						],
						[
							-89.07166,
							29.19092
						],
						[
							-89.07346,
							29.18952
						],
						[
							-89.07686,
							29.18972
						],
						[
							-89.07866,
							29.18842
						],
						[
							-89.08195,
							29.18862
						],
						[
							-89.08375,
							29.18732
						],
						[
							-89.08545,
							29.18742
						],
						[
							-89.08725,
							29.18602
						],
						[
							-89.08905,
							29.18472
						],
						[
							-89.09235,
							29.18492
						],
						[
							-89.09415,
							29.18352
						],
						[
							-89.09586,
							29.18362
						],
						[
							-89.09755,
							29.18382
						],
						[
							-89.09915,
							29.18392
						],
						[
							-89.10095,
							29.18252
						],
						[
							-89.10265,
							29.18262
						],
						[
							-89.10425,
							29.18282
						],
						[
							-89.10605,
							29.18142
						],
						[
							-89.10785,
							29.18012
						],
						[
							-89.10956,
							29.18012
						],
						[
							-89.11136,
							29.17882
						],
						[
							-89.11305,
							29.17892
						],
						[
							-89.11485,
							29.17752
						],
						[
							-89.11655,
							29.17762
						],
						[
							-89.11815,
							29.17782
						],
						[
							-89.11995,
							29.17642
						],
						[
							-89.12335,
							29.17662
						],
						[
							-89.12505,
							29.17532
						],
						[
							-89.12676,
							29.17542
						],
						[
							-89.12856,
							29.17412
						],
						[
							-89.13036,
							29.17272
						],
						[
							-89.13205,
							29.17282
						],
						[
							-89.13385,
							29.17142
						],
						[
							-89.13556,
							29.17162
						],
						[
							-89.13725,
							29.17022
						],
						[
							-89.14066,
							29.17042
						],
						[
							-89.14246,
							29.16912
						],
						[
							-89.14606,
							29.16632
						],
						[
							-89.14786,
							29.16502
						],
						[
							-89.14946,
							29.16512
						],
						[
							-89.15126,
							29.16382
						],
						[
							-89.15295,
							29.16392
						],
						[
							-89.15475,
							29.16252
						],
						[
							-89.15645,
							29.16262
						],
						[
							-89.15825,
							29.16132
						],
						[
							-89.16005,
							29.15992
						],
						[
							-89.16185,
							29.15862
						],
						[
							-89.16345,
							29.15862
						],
						[
							-89.16525,
							29.15732
						],
						[
							-89.17195,
							29.15772
						],
						[
							-89.17366,
							29.15792
						],
						[
							-89.17546,
							29.15652
						],
						[
							-89.17705,
							29.15672
						],
						[
							-89.17876,
							29.15672
						],
						[
							-89.18046,
							29.15692
						],
						[
							-89.18226,
							29.15552
						],
						[
							-89.18385,
							29.15562
						],
						[
							-89.18565,
							29.15432
						],
						[
							-89.18735,
							29.15442
						],
						[
							-89.18916,
							29.15302
						],
						[
							-89.19087,
							29.15312
						],
						[
							-89.19267,
							29.15182
						],
						[
							-89.19436,
							29.15042
						],
						[
							-89.19607,
							29.15052
						],
						[
							-89.19786,
							29.14912
						],
						[
							-89.19796,
							29.14772
						],
						[
							-89.19976,
							29.14632
						],
						[
							-89.20145,
							29.14642
						],
						[
							-89.20325,
							29.14512
						],
						[
							-89.20506,
							29.14372
						],
						[
							-89.20686,
							29.14242
						],
						[
							-89.20856,
							29.14252
						],
						[
							-89.21036,
							29.14112
						],
						[
							-89.21366,
							29.14132
						],
						[
							-89.21526,
							29.14152
						],
						[
							-89.21867,
							29.14172
						],
						[
							-89.22016,
							29.14332
						],
						[
							-89.22855,
							29.14382
						],
						[
							-89.23016,
							29.14392
						],
						[
							-89.23176,
							29.14552
						],
						[
							-89.23347,
							29.14562
						],
						[
							-89.23496,
							29.14722
						],
						[
							-89.23666,
							29.14732
						],
						[
							-89.23817,
							29.14892
						],
						[
							-89.23986,
							29.14903
						],
						[
							-89.24136,
							29.15062
						],
						[
							-89.24307,
							29.15072
						],
						[
							-89.24467,
							29.15222
						],
						[
							-89.24796,
							29.15242
						]
					],
					[
						[
							-89.05916,
							29.08392
						],
						[
							-89.06076,
							29.08552
						],
						[
							-89.06226,
							29.08713
						],
						[
							-89.06386,
							29.08872
						],
						[
							-89.06535,
							29.09032
						],
						[
							-89.06685,
							29.09182
						],
						[
							-89.06676,
							29.09332
						],
						[
							-89.06665,
							29.09472
						],
						[
							-89.06656,
							29.09622
						],
						[
							-89.06636,
							29.09773
						],
						[
							-89.06615,
							29.10062
						],
						[
							-89.06595,
							29.10212
						],
						[
							-89.06755,
							29.10362
						],
						[
							-89.06735,
							29.10512
						],
						[
							-89.06726,
							29.10663
						],
						[
							-89.06705,
							29.10952
						],
						[
							-89.06685,
							29.11102
						],
						[
							-89.06665,
							29.11392
						],
						[
							-89.06656,
							29.11542
						],
						[
							-89.06636,
							29.11692
						],
						[
							-89.06456,
							29.11822
						],
						[
							-89.06445,
							29.11962
						],
						[
							-89.06265,
							29.12102
						],
						[
							-89.06085,
							29.12232
						],
						[
							-89.05725,
							29.12512
						],
						[
							-89.05545,
							29.12642
						],
						[
							-89.05365,
							29.12782
						],
						[
							-89.05185,
							29.12912
						],
						[
							-89.05005,
							29.13052
						],
						[
							-89.04655,
							29.13322
						],
						[
							-89.04486,
							29.13312
						],
						[
							-89.04306,
							29.13442
						],
						[
							-89.04126,
							29.13582
						],
						[
							-89.03946,
							29.13712
						],
						[
							-89.03775,
							29.13702
						],
						[
							-89.03595,
							29.13832
						]
					]
				]
			}
		}
	]
}