{
	"type": "FeatureCollection",
	"features": [
		{
			"type": "Feature",
			"properties": {
				"locationID": "cou001",
				"Location/feature name (incl. historical names)": "Copiah County",
				"Geometry type": "polygon",
				"Geography type": "county",
				"Country": "USA",
				"Region": "",
				"State/Province": "Mississippi",
				"County": "Copiah",
				"City": "",
				"Neighborhood (incl. boroughs)": "",
				"Street address": "",
				"Notes": "",
				"Source": "",
				"songs": [
					{
						"title": "Clean Slate",
						"album": "Jenny from Thebes",
						"albums": [
							"Jenny from Thebes"
						],
						"lyric": "\"Breakaway republic dude, supremely filthy mouth / Copiah, Mississippi; points much further south\""
					}
				]
			},
			"geometry": {
				"type": "MultiPolygon",
				"coordinates": [
					[
						[
							[
								-90.138341,
								31.875319
							],
							[
								-90.138293,
								31.875159
							],
							[
								-90.138287,
								31.875141
							],
							[
								-90.138131,
								31.874607
							],
							[
								-90.138079,
								31.874429
							],
							[
								-90.137996,
								31.87418
							],
							[
								-90.137913,
								31.873932
							],
							[
								-90.137765,
								31.873491
							],
							[
								-90.137442,
								31.872523
							],
							[
								-90.137273,
								31.87198
							],
							[
								-90.137211,
								31.871782
							],
							[
								-90.137149,
								31.871584
							],
							[
								-90.137101,
								31.87143
							],
							[
								-90.137053,
								31.871277
							],
							[
								-90.136894,
								31.870767
							],
							[
								-90.136893,
								31.87066
							],
							[
								-90.136892,
								31.869672
							],
							[
								-90.13689,
								31.868485
							],
							[
								-90.136974,
								31.86722
							],
							[
								-90.136986,
								31.867032
							],
							[
								-90.137084,
								31.866569
							],
							[
								-90.137121,
								31.866393
							],
							[
								-90.137297,
								31.865484
							],
							[
								-90.137214,
								31.864863
							],
							[
								-90.137192,
								31.864698
							],
							[
								-90.137169,
								31.864534
							],
							[
								-90.137135,
								31.864308
							],
							[
								-90.136704,
								31.863509
							],
							[
								-90.136273,
								31.86271
							],
							[
								-90.136214,
								31.862601
							],
							[
								-90.136144,
								31.862527
							],
							[
								-90.135734,
								31.862093
							],
							[
								-90.135324,
								31.861659
							],
							[
								-90.13519,
								31.861516
							],
							[
								-90.134868,
								31.86128
							],
							[
								-90.134544,
								31.861042
							],
							[
								-90.134492,
								31.861004
							],
							[
								-90.13422,
								31.860805
							],
							[
								-90.133685,
								31.860413
							],
							[
								-90.13315,
								31.860021
							],
							[
								-90.133022,
								31.859927
							],
							[
								-90.132976,
								31.859864
							],
							[
								-90.132366,
								31.859043
							],
							[
								-90.132013,
								31.858302
							],
							[
								-90.132094,
								31.857536
							],
							[
								-90.13243,
								31.857086
							],
							[
								-90.132552,
								31.856923
							],
							[
								-90.134459,
								31.855795
							],
							[
								-90.135784,
								31.855049
							],
							[
								-90.136327,
								31.854407
							],
							[
								-90.13642,
								31.854297
							],
							[
								-90.136396,
								31.853777
							],
							[
								-90.136366,
								31.853144
							],
							[
								-90.136453,
								31.852705
							],
							[
								-90.136641,
								31.851748
							],
							[
								-90.136492,
								31.850265
							],
							[
								-90.13648,
								31.850144
							],
							[
								-90.136468,
								31.850023
							],
							[
								-90.136461,
								31.849951
							],
							[
								-90.136615,
								31.849812
							],
							[
								-90.137267,
								31.849222
							],
							[
								-90.138158,
								31.848616
							],
							[
								-90.13891,
								31.848104
							],
							[
								-90.139813,
								31.847881
							],
							[
								-90.141028,
								31.847581
							],
							[
								-90.141177,
								31.84753
							],
							[
								-90.143483,
								31.846741
							],
							[
								-90.143601,
								31.846719
							],
							[
								-90.144238,
								31.846602
							],
							[
								-90.144874,
								31.846486
							],
							[
								-90.147334,
								31.846034
							],
							[
								-90.148142,
								31.84579
							],
							[
								-90.149196,
								31.845471
							],
							[
								-90.150028,
								31.845039
							],
							[
								-90.150102,
								31.845
							],
							[
								-90.150352,
								31.844871
							],
							[
								-90.152114,
								31.844719
							],
							[
								-90.153293,
								31.84482
							],
							[
								-90.155067,
								31.84516
							],
							[
								-90.156784,
								31.84542
							],
							[
								-90.158283,
								31.845535
							],
							[
								-90.158942,
								31.84546
							],
							[
								-90.159105,
								31.845039
							],
							[
								-90.159183,
								31.844839
							],
							[
								-90.15918,
								31.844821
							],
							[
								-90.159168,
								31.844743
							],
							[
								-90.158951,
								31.844057
							],
							[
								-90.15893,
								31.843373
							],
							[
								-90.158918,
								31.843179
							],
							[
								-90.158797,
								31.842992
							],
							[
								-90.158196,
								31.842068
							],
							[
								-90.156247,
								31.840939
							],
							[
								-90.155964,
								31.840701
							],
							[
								-90.155416,
								31.84024
							],
							[
								-90.154068,
								31.839108
							],
							[
								-90.151817,
								31.837343
							],
							[
								-90.151711,
								31.837262
							],
							[
								-90.149578,
								31.835619
							],
							[
								-90.148747,
								31.834983
							],
							[
								-90.147873,
								31.834278
							],
							[
								-90.146975,
								31.833456
							],
							[
								-90.145896,
								31.830994
							],
							[
								-90.144646,
								31.829926
							],
							[
								-90.144611,
								31.829921
							],
							[
								-90.144113,
								31.829854
							],
							[
								-90.143916,
								31.829827
							],
							[
								-90.143615,
								31.829786
							],
							[
								-90.143552,
								31.829777
							],
							[
								-90.142714,
								31.83003
							],
							[
								-90.141035,
								31.831358
							],
							[
								-90.1391,
								31.832308
							],
							[
								-90.138545,
								31.832557
							],
							[
								-90.137991,
								31.832806
							],
							[
								-90.137906,
								31.832844
							],
							[
								-90.13786,
								31.832842
							],
							[
								-90.137328,
								31.832815
							],
							[
								-90.136795,
								31.832788
							],
							[
								-90.136407,
								31.832769
							],
							[
								-90.135085,
								31.832217
							],
							[
								-90.134045,
								31.831586
							],
							[
								-90.133432,
								31.831214
							],
							[
								-90.132819,
								31.830841
							],
							[
								-90.131018,
								31.829748
							],
							[
								-90.128262,
								31.827469
							],
							[
								-90.127292,
								31.825619
							],
							[
								-90.127318,
								31.825382
							],
							[
								-90.127367,
								31.824969
							],
							[
								-90.127789,
								31.823858
							],
							[
								-90.128073,
								31.823278
							],
							[
								-90.128236,
								31.822945
							],
							[
								-90.128602,
								31.822865
							],
							[
								-90.12913,
								31.822749
							],
							[
								-90.129319,
								31.822661
							],
							[
								-90.129463,
								31.822594
							],
							[
								-90.129607,
								31.822528
							],
							[
								-90.129638,
								31.822513
							],
							[
								-90.129724,
								31.822787
							],
							[
								-90.130591,
								31.824222
							],
							[
								-90.131645,
								31.825739
							],
							[
								-90.132669,
								31.826776
							],
							[
								-90.133963,
								31.827288
							],
							[
								-90.134774,
								31.82739
							],
							[
								-90.135968,
								31.827079
							],
							[
								-90.136942,
								31.826019
							],
							[
								-90.137575,
								31.824647
							],
							[
								-90.137593,
								31.823956
							],
							[
								-90.137598,
								31.823759
							],
							[
								-90.13738,
								31.823407
							],
							[
								-90.1362,
								31.821523
							],
							[
								-90.135846,
								31.820288
							],
							[
								-90.135824,
								31.82021
							],
							[
								-90.13584,
								31.820113
							],
							[
								-90.136024,
								31.818968
							],
							[
								-90.136457,
								31.818491
							],
							[
								-90.137148,
								31.81773
							],
							[
								-90.13849,
								31.816911
							],
							[
								-90.140194,
								31.815002
							],
							[
								-90.141101,
								31.81405
							],
							[
								-90.142273,
								31.812818
							],
							[
								-90.143011,
								31.812226
							],
							[
								-90.144223,
								31.811255
							],
							[
								-90.144398,
								31.811133
							],
							[
								-90.14518,
								31.810586
							],
							[
								-90.145963,
								31.810039
							],
							[
								-90.146437,
								31.809707
							],
							[
								-90.148706,
								31.807844
							],
							[
								-90.149494,
								31.806588
							],
							[
								-90.149761,
								31.806163
							],
							[
								-90.150051,
								31.804399
							],
							[
								-90.15007,
								31.804282
							],
							[
								-90.150227,
								31.803979
							],
							[
								-90.150268,
								31.803898
							],
							[
								-90.150656,
								31.803128
							],
							[
								-90.150673,
								31.802995
							],
							[
								-90.150741,
								31.802474
							],
							[
								-90.150807,
								31.801971
							],
							[
								-90.150941,
								31.800947
							],
							[
								-90.150953,
								31.800854
							],
							[
								-90.150736,
								31.800003
							],
							[
								-90.150702,
								31.799872
							],
							[
								-90.150631,
								31.799818
							],
							[
								-90.148753,
								31.798403
							],
							[
								-90.147919,
								31.797321
							],
							[
								-90.147509,
								31.796787
							],
							[
								-90.147222,
								31.796601
							],
							[
								-90.145372,
								31.7954
							],
							[
								-90.144999,
								31.795109
							],
							[
								-90.143943,
								31.794284
							],
							[
								-90.143191,
								31.793085
							],
							[
								-90.142315,
								31.791468
							],
							[
								-90.14222,
								31.79134
							],
							[
								-90.142084,
								31.791156
							],
							[
								-90.141949,
								31.790972
							],
							[
								-90.141412,
								31.790242
							],
							[
								-90.140875,
								31.789513
							],
							[
								-90.140757,
								31.789353
							],
							[
								-90.140665,
								31.789329
							],
							[
								-90.13905,
								31.788907
							],
							[
								-90.137386,
								31.788836
							],
							[
								-90.137326,
								31.788833
							],
							[
								-90.13538,
								31.788939
							],
							[
								-90.135013,
								31.78896
							],
							[
								-90.132448,
								31.7891
							],
							[
								-90.128331,
								31.788937
							],
							[
								-90.125084,
								31.789101
							],
							[
								-90.124455,
								31.789118
							],
							[
								-90.123496,
								31.789143
							],
							[
								-90.123221,
								31.78919
							],
							[
								-90.121707,
								31.789449
							],
							[
								-90.119979,
								31.789794
							],
							[
								-90.119475,
								31.789894
							],
							[
								-90.11796,
								31.790328
							],
							[
								-90.116728,
								31.790834
							],
							[
								-90.11543,
								31.791243
							],
							[
								-90.115287,
								31.791258
							],
							[
								-90.114724,
								31.791318
							],
							[
								-90.114162,
								31.791379
							],
							[
								-90.113715,
								31.791427
							],
							[
								-90.112508,
								31.79127
							],
							[
								-90.112077,
								31.790982
							],
							[
								-90.111534,
								31.79062
							],
							[
								-90.111399,
								31.790285
							],
							[
								-90.111326,
								31.790109
							],
							[
								-90.111253,
								31.789932
							],
							[
								-90.110981,
								31.789266
							],
							[
								-90.110833,
								31.787959
							],
							[
								-90.110777,
								31.786312
							],
							[
								-90.110684,
								31.78477
							],
							[
								-90.110543,
								31.783497
							],
							[
								-90.110541,
								31.783483
							],
							[
								-90.110537,
								31.783443
							],
							[
								-90.110536,
								31.78343
							],
							[
								-90.11022,
								31.782511
							],
							[
								-90.109651,
								31.781701
							],
							[
								-90.109518,
								31.781512
							],
							[
								-90.108835,
								31.780635
							],
							[
								-90.108699,
								31.780534
							],
							[
								-90.108126,
								31.780105
							],
							[
								-90.107623,
								31.779518
							],
							[
								-90.10745,
								31.778783
							],
							[
								-90.107491,
								31.777685
							],
							[
								-90.107935,
								31.776758
							],
							[
								-90.108181,
								31.776245
							],
							[
								-90.109043,
								31.775152
							],
							[
								-90.109118,
								31.775087
							],
							[
								-90.109192,
								31.775023
							],
							[
								-90.109432,
								31.774816
							],
							[
								-90.109672,
								31.774608
							],
							[
								-90.110168,
								31.774179
							],
							[
								-90.110853,
								31.7735
							],
							[
								-90.110881,
								31.773473
							],
							[
								-90.111321,
								31.772882
							],
							[
								-90.111685,
								31.772146
							],
							[
								-90.112038,
								31.771233
							],
							[
								-90.112501,
								31.769705
							],
							[
								-90.113204,
								31.769
							],
							[
								-90.114114,
								31.768245
							],
							[
								-90.114746,
								31.768092
							],
							[
								-90.115089,
								31.768009
							],
							[
								-90.115199,
								31.767983
							],
							[
								-90.115652,
								31.767873
							],
							[
								-90.115912,
								31.76781
							],
							[
								-90.116216,
								31.767787
							],
							[
								-90.116619,
								31.767757
							],
							[
								-90.117022,
								31.767727
							],
							[
								-90.117154,
								31.767718
							],
							[
								-90.117286,
								31.767708
							],
							[
								-90.1174,
								31.7677
							],
							[
								-90.117513,
								31.767691
							],
							[
								-90.118766,
								31.767718
							],
							[
								-90.119748,
								31.768045
							],
							[
								-90.120186,
								31.768883
							],
							[
								-90.120445,
								31.769738
							],
							[
								-90.120415,
								31.771208
							],
							[
								-90.120316,
								31.772265
							],
							[
								-90.120617,
								31.773302
							],
							[
								-90.1207,
								31.773587
							],
							[
								-90.121127,
								31.774199
							],
							[
								-90.121658,
								31.774754
							],
							[
								-90.122188,
								31.774905
							],
							[
								-90.122441,
								31.774977
							],
							[
								-90.123233,
								31.774966
							],
							[
								-90.124162,
								31.774308
							],
							[
								-90.124432,
								31.773669
							],
							[
								-90.124645,
								31.773022
							],
							[
								-90.124929,
								31.772642
							],
							[
								-90.125084,
								31.772435
							],
							[
								-90.125686,
								31.771426
							],
							[
								-90.126595,
								31.770665
							],
							[
								-90.127856,
								31.769838
							],
							[
								-90.128115,
								31.769668
							],
							[
								-90.128328,
								31.76931
							],
							[
								-90.128387,
								31.769212
							],
							[
								-90.128446,
								31.769113
							],
							[
								-90.128591,
								31.768868
							],
							[
								-90.128686,
								31.76871
							],
							[
								-90.128927,
								31.768306
							],
							[
								-90.128982,
								31.768214
							],
							[
								-90.129212,
								31.767189
							],
							[
								-90.128799,
								31.765916
							],
							[
								-90.128472,
								31.765613
							],
							[
								-90.128184,
								31.765346
							],
							[
								-90.127743,
								31.764749
							],
							[
								-90.127614,
								31.764574
							],
							[
								-90.126933,
								31.763972
							],
							[
								-90.126232,
								31.763393
							],
							[
								-90.125871,
								31.762854
							],
							[
								-90.125492,
								31.762356
							],
							[
								-90.12526,
								31.762003
							],
							[
								-90.125085,
								31.761737
							],
							[
								-90.124681,
								31.760169
							],
							[
								-90.124508,
								31.759524
							],
							[
								-90.124303,
								31.759208
							],
							[
								-90.124081,
								31.758863
							],
							[
								-90.123267,
								31.758245
							],
							[
								-90.122549,
								31.757715
							],
							[
								-90.122129,
								31.756828
							],
							[
								-90.121795,
								31.755853
							],
							[
								-90.121686,
								31.754901
							],
							[
								-90.121924,
								31.7536
							],
							[
								-90.122565,
								31.75268
							],
							[
								-90.122666,
								31.752534
							],
							[
								-90.12285,
								31.752272
							],
							[
								-90.122988,
								31.752108
							],
							[
								-90.123103,
								31.751972
							],
							[
								-90.123232,
								31.751994
							],
							[
								-90.123361,
								31.752017
							],
							[
								-90.123835,
								31.7521
							],
							[
								-90.123875,
								31.752105
							],
							[
								-90.125073,
								31.752264
							],
							[
								-90.126377,
								31.75248
							],
							[
								-90.126474,
								31.752577
							],
							[
								-90.128363,
								31.754456
							],
							[
								-90.131274,
								31.756048
							],
							[
								-90.133738,
								31.754579
							],
							[
								-90.134941,
								31.753869
							],
							[
								-90.135952,
								31.753273
							],
							[
								-90.137537,
								31.752625
							],
							[
								-90.140963,
								31.75016
							],
							[
								-90.142786,
								31.748504
							],
							[
								-90.143076,
								31.748027
							],
							[
								-90.143601,
								31.74716
							],
							[
								-90.147266,
								31.746439
							],
							[
								-90.147775,
								31.746336
							],
							[
								-90.147898,
								31.746349
							],
							[
								-90.154472,
								31.747144
							],
							[
								-90.156869,
								31.745685
							],
							[
								-90.159685,
								31.745497
							],
							[
								-90.16122,
								31.744979
							],
							[
								-90.163714,
								31.74414
							],
							[
								-90.166281,
								31.741637
							],
							[
								-90.166398,
								31.741533
							],
							[
								-90.166414,
								31.741517
							],
							[
								-90.166435,
								31.741494
							],
							[
								-90.167378,
								31.740824
							],
							[
								-90.167709,
								31.740592
							],
							[
								-90.171329,
								31.739763
							],
							[
								-90.172601,
								31.739756
							],
							[
								-90.17307,
								31.739486
							],
							[
								-90.1732,
								31.739411
							],
							[
								-90.173377,
								31.739309
							],
							[
								-90.177052,
								31.737194
							],
							[
								-90.177876,
								31.736723
							],
							[
								-90.178031,
								31.736632
							],
							[
								-90.178228,
								31.736516
							],
							[
								-90.181266,
								31.732911
							],
							[
								-90.183433,
								31.731818
							],
							[
								-90.184139,
								31.731462
							],
							[
								-90.186902,
								31.7307
							],
							[
								-90.188837,
								31.730167
							],
							[
								-90.191737,
								31.729908
							],
							[
								-90.192931,
								31.729448
							],
							[
								-90.193878,
								31.729087
							],
							[
								-90.195422,
								31.727915
							],
							[
								-90.198311,
								31.72718
							],
							[
								-90.203561,
								31.725837
							],
							[
								-90.206013,
								31.725495
							],
							[
								-90.206552,
								31.725419
							],
							[
								-90.210437,
								31.725685
							],
							[
								-90.210773,
								31.725708
							],
							[
								-90.211432,
								31.725713
							],
							[
								-90.214107,
								31.725736
							],
							[
								-90.214399,
								31.725623
							],
							[
								-90.215328,
								31.725264
							],
							[
								-90.217684,
								31.724357
							],
							[
								-90.220678,
								31.724274
							],
							[
								-90.220974,
								31.724192
							],
							[
								-90.221181,
								31.724122
							],
							[
								-90.22407,
								31.723139
							],
							[
								-90.226097,
								31.723721
							],
							[
								-90.227921,
								31.723719
							],
							[
								-90.229922,
								31.72373
							],
							[
								-90.230285,
								31.723317
							],
							[
								-90.232498,
								31.722641
							],
							[
								-90.233332,
								31.722386
							],
							[
								-90.23488,
								31.721626
							],
							[
								-90.235062,
								31.721534
							],
							[
								-90.236622,
								31.720811
							],
							[
								-90.238803,
								31.72048
							],
							[
								-90.239982,
								31.719831
							],
							[
								-90.240735,
								31.719418
							],
							[
								-90.242157,
								31.718638
							],
							[
								-90.242792,
								31.71847
							],
							[
								-90.243891,
								31.71818
							],
							[
								-90.245191,
								31.717524
							],
							[
								-90.245765,
								31.71752
							],
							[
								-90.246147,
								31.717251
							],
							[
								-90.247319,
								31.716429
							],
							[
								-90.247436,
								31.716299
							],
							[
								-90.248035,
								31.715614
							],
							[
								-90.248058,
								31.715588
							],
							[
								-90.248233,
								31.715389
							],
							[
								-90.248269,
								31.715365
							],
							[
								-90.248475,
								31.715236
							],
							[
								-90.249053,
								31.714872
							],
							[
								-90.249167,
								31.714801
							],
							[
								-90.249316,
								31.71471
							],
							[
								-90.249458,
								31.714622
							],
							[
								-90.249887,
								31.71436
							],
							[
								-90.25003,
								31.714274
							],
							[
								-90.250062,
								31.714255
							],
							[
								-90.250088,
								31.714239
							],
							[
								-90.250088,
								31.714146
							],
							[
								-90.250121,
								31.714125
							],
							[
								-90.250539,
								31.713873
							],
							[
								-90.250679,
								31.71379
							],
							[
								-90.250796,
								31.713719
							],
							[
								-90.250842,
								31.713685
							],
							[
								-90.251316,
								31.713348
							],
							[
								-90.251475,
								31.713236
							],
							[
								-90.252664,
								31.712392
							],
							[
								-90.252817,
								31.712237
							],
							[
								-90.254944,
								31.710086
							],
							[
								-90.256044,
								31.708413
							],
							[
								-90.256965,
								31.707013
							],
							[
								-90.259003,
								31.703916
							],
							[
								-90.260007,
								31.704081
							],
							[
								-90.261287,
								31.704293
							],
							[
								-90.263619,
								31.703909
							],
							[
								-90.265252,
								31.70434
							],
							[
								-90.269048,
								31.704518
							],
							[
								-90.272402,
								31.704222
							],
							[
								-90.2738,
								31.703325
							],
							[
								-90.277779,
								31.700774
							],
							[
								-90.277852,
								31.700727
							],
							[
								-90.27808,
								31.7006
							],
							[
								-90.27827,
								31.700525
							],
							[
								-90.279813,
								31.699919
							],
							[
								-90.279953,
								31.699865
							],
							[
								-90.280355,
								31.699866
							],
							[
								-90.280923,
								31.699863
							],
							[
								-90.282629,
								31.699857
							],
							[
								-90.283198,
								31.699856
							],
							[
								-90.285307,
								31.699856
							],
							[
								-90.291634,
								31.699859
							],
							[
								-90.293744,
								31.699861
							],
							[
								-90.296166,
								31.699924
							],
							[
								-90.296388,
								31.699925
							],
							[
								-90.306208,
								31.699977
							],
							[
								-90.307094,
								31.69998
							],
							[
								-90.309754,
								31.699995
							],
							[
								-90.310642,
								31.700001
							],
							[
								-90.310926,
								31.700003
							],
							[
								-90.311779,
								31.70001
							],
							[
								-90.312064,
								31.700013
							],
							[
								-90.312093,
								31.700013
							],
							[
								-90.312181,
								31.700013
							],
							[
								-90.312211,
								31.700014
							],
							[
								-90.314916,
								31.700037
							],
							[
								-90.315612,
								31.700043
							],
							[
								-90.321874,
								31.700097
							],
							[
								-90.32582,
								31.70013
							],
							[
								-90.32922,
								31.700155
							],
							[
								-90.330232,
								31.700155
							],
							[
								-90.33327,
								31.700156
							],
							[
								-90.334283,
								31.700157
							],
							[
								-90.335858,
								31.700157
							],
							[
								-90.338306,
								31.700157
							],
							[
								-90.338461,
								31.700157
							],
							[
								-90.343706,
								31.700156
							],
							[
								-90.350377,
								31.700155
							],
							[
								-90.353618,
								31.700155
							],
							[
								-90.354401,
								31.700155
							],
							[
								-90.355213,
								31.700155
							],
							[
								-90.357451,
								31.700155
							],
							[
								-90.357649,
								31.70016
							],
							[
								-90.358461,
								31.700183
							],
							[
								-90.358757,
								31.700191
							],
							[
								-90.359123,
								31.700201
							],
							[
								-90.359633,
								31.700199
							],
							[
								-90.359648,
								31.700198
							],
							[
								-90.359946,
								31.700198
							],
							[
								-90.362365,
								31.700209
							],
							[
								-90.36763,
								31.700235
							],
							[
								-90.369625,
								31.700245
							],
							[
								-90.372045,
								31.700267
							],
							[
								-90.372085,
								31.700258
							],
							[
								-90.372815,
								31.70026
							],
							[
								-90.37393,
								31.70026
							],
							[
								-90.374985,
								31.700268
							],
							[
								-90.37511,
								31.700269
							],
							[
								-90.375233,
								31.70027
							],
							[
								-90.375876,
								31.700276
							],
							[
								-90.37636,
								31.70028
							],
							[
								-90.376549,
								31.700274
							],
							[
								-90.37668,
								31.70027
							],
							[
								-90.37731,
								31.70026
							],
							[
								-90.37857,
								31.70026
							],
							[
								-90.37919,
								31.70026
							],
							[
								-90.379244,
								31.700255
							],
							[
								-90.3793,
								31.70025
							],
							[
								-90.37935,
								31.700248
							],
							[
								-90.379369,
								31.700247
							],
							[
								-90.379668,
								31.70024
							],
							[
								-90.37969,
								31.70024
							],
							[
								-90.379775,
								31.70024
							],
							[
								-90.379836,
								31.70024
							],
							[
								-90.37993,
								31.70024
							],
							[
								-90.380019,
								31.700219
							],
							[
								-90.380079,
								31.700205
							],
							[
								-90.380073,
								31.700118
							],
							[
								-90.380058,
								31.699858
							],
							[
								-90.380054,
								31.699772
							],
							[
								-90.380045,
								31.699563
							],
							[
								-90.38002,
								31.698938
							],
							[
								-90.380012,
								31.69873
							],
							[
								-90.380006,
								31.698577
							],
							[
								-90.379996,
								31.698316
							],
							[
								-90.379977,
								31.697826
							],
							[
								-90.379872,
								31.695115
							],
							[
								-90.379837,
								31.694212
							],
							[
								-90.379797,
								31.69323
							],
							[
								-90.379749,
								31.691976
							],
							[
								-90.379684,
								31.690289
							],
							[
								-90.379665,
								31.689795
							],
							[
								-90.379607,
								31.689312
							],
							[
								-90.379593,
								31.689199
							],
							[
								-90.379533,
								31.68792
							],
							[
								-90.379409,
								31.685194
							],
							[
								-90.380859,
								31.685169
							],
							[
								-90.38225,
								31.685147
							],
							[
								-90.382913,
								31.685148
							],
							[
								-90.383171,
								31.685149
							],
							[
								-90.384848,
								31.685153
							],
							[
								-90.385925,
								31.685155
							],
							[
								-90.386844,
								31.685157
							],
							[
								-90.388802,
								31.685169
							],
							[
								-90.39075,
								31.685182
							],
							[
								-90.394677,
								31.685206
							],
							[
								-90.396636,
								31.685219
							],
							[
								-90.397111,
								31.685222
							],
							[
								-90.397376,
								31.685223
							],
							[
								-90.398539,
								31.685231
							],
							[
								-90.399015,
								31.685234
							],
							[
								-90.399711,
								31.685238
							],
							[
								-90.4018,
								31.685252
							],
							[
								-90.402497,
								31.685257
							],
							[
								-90.402691,
								31.685258
							],
							[
								-90.403274,
								31.685263
							],
							[
								-90.403469,
								31.685265
							],
							[
								-90.403539,
								31.685265
							],
							[
								-90.403752,
								31.685267
							],
							[
								-90.403823,
								31.685268
							],
							[
								-90.403867,
								31.685268
							],
							[
								-90.403988,
								31.68527
							],
							[
								-90.404002,
								31.68527
							],
							[
								-90.404047,
								31.68527
							],
							[
								-90.404115,
								31.68527
							],
							[
								-90.404319,
								31.685272
							],
							[
								-90.404388,
								31.685273
							],
							[
								-90.405243,
								31.685279
							],
							[
								-90.407809,
								31.6853
							],
							[
								-90.408574,
								31.685306
							],
							[
								-90.408665,
								31.685307
							],
							[
								-90.408746,
								31.685307
							],
							[
								-90.408924,
								31.685308
							],
							[
								-90.40908,
								31.68531
							],
							[
								-90.409265,
								31.685312
							],
							[
								-90.409701,
								31.685315
							],
							[
								-90.409961,
								31.685317
							],
							[
								-90.410695,
								31.685309
							],
							[
								-90.412903,
								31.685286
							],
							[
								-90.41364,
								31.68528
							],
							[
								-90.41379,
								31.689402
							],
							[
								-90.41412,
								31.69835
							],
							[
								-90.414198,
								31.700456
							],
							[
								-90.415265,
								31.700461
							],
							[
								-90.415518,
								31.700462
							],
							[
								-90.419432,
								31.700478
							],
							[
								-90.419646,
								31.700481
							],
							[
								-90.423283,
								31.700504
							],
							[
								-90.428193,
								31.700536
							],
							[
								-90.428282,
								31.700537
							],
							[
								-90.434196,
								31.700574
							],
							[
								-90.437834,
								31.700598
							],
							[
								-90.440606,
								31.700625
							],
							[
								-90.447186,
								31.700691
							],
							[
								-90.447268,
								31.699261
							],
							[
								-90.447571,
								31.699259
							],
							[
								-90.450344,
								31.69925
							],
							[
								-90.450499,
								31.699249
							],
							[
								-90.450965,
								31.699247
							],
							[
								-90.451121,
								31.699247
							],
							[
								-90.451184,
								31.699246
							],
							[
								-90.451373,
								31.699246
							],
							[
								-90.451437,
								31.699246
							],
							[
								-90.451521,
								31.699245
							],
							[
								-90.451972,
								31.699239
							],
							[
								-90.453581,
								31.69922
							],
							[
								-90.453713,
								31.699219
							],
							[
								-90.454119,
								31.699218
							],
							[
								-90.455965,
								31.699205
							],
							[
								-90.461507,
								31.699173
							],
							[
								-90.463356,
								31.699163
							],
							[
								-90.463389,
								31.699162
							],
							[
								-90.46349,
								31.699162
							],
							[
								-90.463524,
								31.699162
							],
							[
								-90.465209,
								31.699151
							],
							[
								-90.470265,
								31.699122
							],
							[
								-90.471951,
								31.699112
							],
							[
								-90.472795,
								31.699107
							],
							[
								-90.473373,
								31.699104
							],
							[
								-90.473665,
								31.699102
							],
							[
								-90.478808,
								31.699071
							],
							[
								-90.480523,
								31.699061
							],
							[
								-90.480943,
								31.699061
							],
							[
								-90.482206,
								31.699061
							],
							[
								-90.482627,
								31.699062
							],
							[
								-90.483346,
								31.699061
							],
							[
								-90.485506,
								31.699061
							],
							[
								-90.486228,
								31.699062
							],
							[
								-90.487252,
								31.699062
							],
							[
								-90.490326,
								31.699063
							],
							[
								-90.491351,
								31.699064
							],
							[
								-90.491736,
								31.699064
							],
							[
								-90.492573,
								31.699064
							],
							[
								-90.496239,
								31.699065
							],
							[
								-90.497461,
								31.699066
							],
							[
								-90.49748,
								31.699066
							],
							[
								-90.498228,
								31.69906
							],
							[
								-90.500095,
								31.699047
							],
							[
								-90.50053,
								31.699039
							],
							[
								-90.501298,
								31.699025
							],
							[
								-90.501557,
								31.69902
							],
							[
								-90.503855,
								31.698984
							],
							[
								-90.511529,
								31.698863
							],
							[
								-90.514087,
								31.698824
							],
							[
								-90.514274,
								31.698824
							],
							[
								-90.515027,
								31.698824
							],
							[
								-90.517849,
								31.698825
							],
							[
								-90.51879,
								31.698826
							],
							[
								-90.518856,
								31.698826
							],
							[
								-90.520246,
								31.698826
							],
							[
								-90.524616,
								31.698826
							],
							[
								-90.526073,
								31.698827
							],
							[
								-90.528182,
								31.698827
							],
							[
								-90.534512,
								31.698828
							],
							[
								-90.536622,
								31.69883
							],
							[
								-90.537338,
								31.698827
							],
							[
								-90.539492,
								31.698823
							],
							[
								-90.540116,
								31.698823
							],
							[
								-90.540211,
								31.698823
							],
							[
								-90.541943,
								31.698823
							],
							[
								-90.54714,
								31.698823
							],
							[
								-90.548547,
								31.698824
							],
							[
								-90.548804,
								31.698814
							],
							[
								-90.548873,
								31.698811
							],
							[
								-90.551306,
								31.698715
							],
							[
								-90.555864,
								31.698536
							],
							[
								-90.558606,
								31.698428
							],
							[
								-90.56104,
								31.698333
							],
							[
								-90.561096,
								31.698331
							],
							[
								-90.56128,
								31.698327
							],
							[
								-90.561909,
								31.698314
							],
							[
								-90.562002,
								31.698314
							],
							[
								-90.562243,
								31.698315
							],
							[
								-90.563785,
								31.698317
							],
							[
								-90.568416,
								31.698325
							],
							[
								-90.56996,
								31.698329
							],
							[
								-90.571908,
								31.698325
							],
							[
								-90.577754,
								31.698315
							],
							[
								-90.578841,
								31.698314
							],
							[
								-90.579704,
								31.698318
							],
							[
								-90.580444,
								31.69832
							],
							[
								-90.582665,
								31.698329
							],
							[
								-90.583406,
								31.698332
							],
							[
								-90.583646,
								31.698333
							],
							[
								-90.58553,
								31.69834
							],
							[
								-90.589991,
								31.698357
							],
							[
								-90.591901,
								31.698364
							],
							[
								-90.594025,
								31.698373
							],
							[
								-90.59426,
								31.698374
							],
							[
								-90.594322,
								31.698375
							],
							[
								-90.594966,
								31.698372
							],
							[
								-90.595202,
								31.698372
							],
							[
								-90.596725,
								31.698357
							],
							[
								-90.601297,
								31.698314
							],
							[
								-90.602821,
								31.698301
							],
							[
								-90.604754,
								31.698284
							],
							[
								-90.610555,
								31.698235
							],
							[
								-90.611784,
								31.698225
							],
							[
								-90.612145,
								31.698222
							],
							[
								-90.612489,
								31.698229
							],
							[
								-90.613353,
								31.698235
							],
							[
								-90.615945,
								31.698253
							],
							[
								-90.61681,
								31.69826
							],
							[
								-90.617097,
								31.698245
							],
							[
								-90.61742,
								31.69823
							],
							[
								-90.61767,
								31.69822
							],
							[
								-90.617961,
								31.698214
							],
							[
								-90.61825,
								31.69821
							],
							[
								-90.618438,
								31.698206
							],
							[
								-90.61875,
								31.6982
							],
							[
								-90.619004,
								31.698189
							],
							[
								-90.619193,
								31.698182
							],
							[
								-90.61924,
								31.69818
							],
							[
								-90.619429,
								31.69818
							],
							[
								-90.61945,
								31.69818
							],
							[
								-90.62014,
								31.698167
							],
							[
								-90.620377,
								31.698163
							],
							[
								-90.620685,
								31.698157
							],
							[
								-90.62108,
								31.69815
							],
							[
								-90.621611,
								31.698107
							],
							[
								-90.621684,
								31.698096
							],
							[
								-90.623968,
								31.698107
							],
							[
								-90.624924,
								31.698113
							],
							[
								-90.63043,
								31.698058
							],
							[
								-90.630839,
								31.698054
							],
							[
								-90.631475,
								31.698049
							],
							[
								-90.63313,
								31.69808
							],
							[
								-90.634347,
								31.698101
							],
							[
								-90.63777,
								31.698162
							],
							[
								-90.638,
								31.698162
							],
							[
								-90.639218,
								31.698163
							],
							[
								-90.640611,
								31.698164
							],
							[
								-90.644792,
								31.698168
							],
							[
								-90.646186,
								31.69817
							],
							[
								-90.646272,
								31.698171
							],
							[
								-90.647308,
								31.69817
							],
							[
								-90.647723,
								31.698169
							],
							[
								-90.652335,
								31.698166
							],
							[
								-90.653873,
								31.698166
							],
							[
								-90.653899,
								31.69817
							],
							[
								-90.65398,
								31.698185
							],
							[
								-90.654007,
								31.69819
							],
							[
								-90.654089,
								31.698207
							],
							[
								-90.655032,
								31.698213
							],
							[
								-90.658108,
								31.698234
							],
							[
								-90.659134,
								31.698241
							],
							[
								-90.659529,
								31.698241
							],
							[
								-90.660716,
								31.698242
							],
							[
								-90.661112,
								31.698243
							],
							[
								-90.66348,
								31.698245
							],
							[
								-90.66502,
								31.698247
							],
							[
								-90.670587,
								31.698252
							],
							[
								-90.672957,
								31.698255
							],
							[
								-90.674021,
								31.698256
							],
							[
								-90.677216,
								31.698259
							],
							[
								-90.678282,
								31.69826
							],
							[
								-90.680252,
								31.698262
							],
							[
								-90.686163,
								31.698268
							],
							[
								-90.688134,
								31.69827
							],
							[
								-90.688557,
								31.69827
							],
							[
								-90.689016,
								31.698271
							],
							[
								-90.689311,
								31.698271
							],
							[
								-90.689829,
								31.698271
							],
							[
								-90.690253,
								31.698272
							],
							[
								-90.691704,
								31.698278
							],
							[
								-90.695662,
								31.698295
							],
							[
								-90.696057,
								31.698296
							],
							[
								-90.697509,
								31.698303
							],
							[
								-90.698981,
								31.698309
							],
							[
								-90.703398,
								31.698327
							],
							[
								-90.703672,
								31.698329
							],
							[
								-90.704234,
								31.698331
							],
							[
								-90.704465,
								31.698335
							],
							[
								-90.704664,
								31.698339
							],
							[
								-90.704871,
								31.69834
							],
							[
								-90.70504,
								31.698343
							],
							[
								-90.705134,
								31.698344
							],
							[
								-90.705208,
								31.698345
							],
							[
								-90.705841,
								31.698354
							],
							[
								-90.705923,
								31.698353
							],
							[
								-90.706187,
								31.69835
							],
							[
								-90.707031,
								31.698341
							],
							[
								-90.709565,
								31.698313
							],
							[
								-90.71041,
								31.698305
							],
							[
								-90.710935,
								31.698313
							],
							[
								-90.712513,
								31.698339
							],
							[
								-90.713039,
								31.698348
							],
							[
								-90.714605,
								31.698373
							],
							[
								-90.719154,
								31.698449
							],
							[
								-90.719304,
								31.698444
							],
							[
								-90.72087,
								31.6984
							],
							[
								-90.720879,
								31.698381
							],
							[
								-90.720912,
								31.698329
							],
							[
								-90.720924,
								31.698311
							],
							[
								-90.721003,
								31.698313
							],
							[
								-90.721108,
								31.698316
							],
							[
								-90.721664,
								31.698341
							],
							[
								-90.72185,
								31.69835
							],
							[
								-90.721921,
								31.698345
							],
							[
								-90.722137,
								31.698334
							],
							[
								-90.72221,
								31.69833
							],
							[
								-90.723707,
								31.698361
							],
							[
								-90.727166,
								31.698433
							],
							[
								-90.7282,
								31.698455
							],
							[
								-90.729698,
								31.698487
							],
							[
								-90.731123,
								31.698487
							],
							[
								-90.733578,
								31.698489
							],
							[
								-90.734438,
								31.69849
							],
							[
								-90.735398,
								31.69849
							],
							[
								-90.736824,
								31.698491
							],
							[
								-90.7368,
								31.703647
							],
							[
								-90.73673,
								31.719117
							],
							[
								-90.736708,
								31.724247
							],
							[
								-90.736707,
								31.724274
							],
							[
								-90.736705,
								31.724371
							],
							[
								-90.736702,
								31.724668
							],
							[
								-90.736702,
								31.724767
							],
							[
								-90.736699,
								31.725412
							],
							[
								-90.736692,
								31.727351
							],
							[
								-90.73669,
								31.727998
							],
							[
								-90.736674,
								31.731084
							],
							[
								-90.736647,
								31.737651
							],
							[
								-90.736635,
								31.740343
							],
							[
								-90.736623,
								31.743182
							],
							[
								-90.736619,
								31.743432
							],
							[
								-90.736584,
								31.745127
							],
							[
								-90.736485,
								31.750164
							],
							[
								-90.736485,
								31.75022
							],
							[
								-90.736495,
								31.751919
							],
							[
								-90.736499,
								31.752814
							],
							[
								-90.736517,
								31.755503
							],
							[
								-90.736523,
								31.7564
							],
							[
								-90.736525,
								31.756859
							],
							[
								-90.736516,
								31.757714
							],
							[
								-90.736476,
								31.761662
							],
							[
								-90.736471,
								31.762229
							],
							[
								-90.736463,
								31.76298
							],
							[
								-90.736453,
								31.763742
							],
							[
								-90.736431,
								31.766035
							],
							[
								-90.736426,
								31.766802
							],
							[
								-90.736409,
								31.768147
							],
							[
								-90.736368,
								31.772189
							],
							[
								-90.736356,
								31.773531
							],
							[
								-90.736346,
								31.775056
							],
							[
								-90.736321,
								31.77961
							],
							[
								-90.736315,
								31.78113
							],
							[
								-90.736306,
								31.782129
							],
							[
								-90.736288,
								31.785132
							],
							[
								-90.736282,
								31.786134
							],
							[
								-90.736273,
								31.787493
							],
							[
								-90.73625,
								31.791573
							],
							[
								-90.736242,
								31.792933
							],
							[
								-90.73624,
								31.794607
							],
							[
								-90.736239,
								31.797365
							],
							[
								-90.73623,
								31.797599
							],
							[
								-90.736164,
								31.799629
							],
							[
								-90.73611,
								31.801303
							],
							[
								-90.736104,
								31.801456
							],
							[
								-90.73609,
								31.801915
							],
							[
								-90.736085,
								31.802069
							],
							[
								-90.736052,
								31.803075
							],
							[
								-90.735954,
								31.806094
							],
							[
								-90.735922,
								31.807101
							],
							[
								-90.735819,
								31.810245
							],
							[
								-90.735649,
								31.815493
							],
							[
								-90.734894,
								31.819613
							],
							[
								-90.734328,
								31.822709
							],
							[
								-90.734279,
								31.822975
							],
							[
								-90.734239,
								31.823198
							],
							[
								-90.734177,
								31.823534
							],
							[
								-90.733724,
								31.826009
							],
							[
								-90.733574,
								31.826834
							],
							[
								-90.733299,
								31.828336
							],
							[
								-90.733,
								31.829976
							],
							[
								-90.730822,
								31.831914
							],
							[
								-90.72985,
								31.83278
							],
							[
								-90.729683,
								31.832931
							],
							[
								-90.727103,
								31.835261
							],
							[
								-90.725637,
								31.836586
							],
							[
								-90.72517,
								31.837009
							],
							[
								-90.722525,
								31.839398
							],
							[
								-90.719364,
								31.842252
							],
							[
								-90.716785,
								31.844583
							],
							[
								-90.716784,
								31.844832
							],
							[
								-90.716782,
								31.845583
							],
							[
								-90.716782,
								31.845833
							],
							[
								-90.716776,
								31.848225
							],
							[
								-90.716761,
								31.855404
							],
							[
								-90.716756,
								31.857797
							],
							[
								-90.716754,
								31.858304
							],
							[
								-90.716752,
								31.859827
							],
							[
								-90.716751,
								31.860335
							],
							[
								-90.716746,
								31.862592
							],
							[
								-90.716732,
								31.869364
							],
							[
								-90.716728,
								31.871371
							],
							[
								-90.716721,
								31.871622
							],
							[
								-90.71669,
								31.872444
							],
							[
								-90.7166,
								31.874912
							],
							[
								-90.716591,
								31.87516
							],
							[
								-90.716585,
								31.875736
							],
							[
								-90.716573,
								31.876881
							],
							[
								-90.716539,
								31.880317
							],
							[
								-90.716528,
								31.881463
							],
							[
								-90.716521,
								31.882113
							],
							[
								-90.716502,
								31.884067
							],
							[
								-90.716496,
								31.884718
							],
							[
								-90.716487,
								31.885531
							],
							[
								-90.716464,
								31.887971
							],
							[
								-90.716456,
								31.888785
							],
							[
								-90.716462,
								31.889225
							],
							[
								-90.71648,
								31.890545
							],
							[
								-90.716487,
								31.890986
							],
							[
								-90.716488,
								31.891045
							],
							[
								-90.716478,
								31.892581
							],
							[
								-90.716448,
								31.897366
							],
							[
								-90.716438,
								31.898962
							],
							[
								-90.716436,
								31.899197
							],
							[
								-90.716432,
								31.899902
							],
							[
								-90.716431,
								31.900138
							],
							[
								-90.71643,
								31.900431
							],
							[
								-90.71643,
								31.90046
							],
							[
								-90.716424,
								31.901313
							],
							[
								-90.716422,
								31.901607
							],
							[
								-90.716418,
								31.902124
							],
							[
								-90.716409,
								31.903679
							],
							[
								-90.716406,
								31.904197
							],
							[
								-90.716386,
								31.9074
							],
							[
								-90.716383,
								31.907762
							],
							[
								-90.716378,
								31.908741
							],
							[
								-90.716323,
								31.917362
							],
							[
								-90.716317,
								31.918459
							],
							[
								-90.716296,
								31.921885
							],
							[
								-90.716297,
								31.922025
							],
							[
								-90.716304,
								31.922883
							],
							[
								-90.716326,
								31.925459
							],
							[
								-90.716334,
								31.926318
							],
							[
								-90.716352,
								31.927593
							],
							[
								-90.716377,
								31.929264
							],
							[
								-90.716407,
								31.931418
							],
							[
								-90.716426,
								31.932694
							],
							[
								-90.716447,
								31.93499
							],
							[
								-90.71649,
								31.939617
							],
							[
								-90.716441,
								31.941879
							],
							[
								-90.716392,
								31.944176
							],
							[
								-90.716299,
								31.947189
							],
							[
								-90.71619,
								31.950728
							],
							[
								-90.71602,
								31.956231
							],
							[
								-90.715928,
								31.959246
							],
							[
								-90.71591,
								31.959841
							],
							[
								-90.71586,
								31.961627
							],
							[
								-90.715843,
								31.962223
							],
							[
								-90.715808,
								31.963419
							],
							[
								-90.715793,
								31.963965
							],
							[
								-90.715571,
								31.967001
							],
							[
								-90.715484,
								31.968195
							],
							[
								-90.715456,
								31.968581
							],
							[
								-90.715452,
								31.968631
							],
							[
								-90.715356,
								31.969939
							],
							[
								-90.715325,
								31.970375
							],
							[
								-90.715152,
								31.972747
							],
							[
								-90.714461,
								31.977262
							],
							[
								-90.714405,
								31.977629
							],
							[
								-90.715241,
								31.993291
							],
							[
								-90.715412,
								31.996951
							],
							[
								-90.715413,
								31.996965
							],
							[
								-90.715598,
								32.00014
							],
							[
								-90.715906,
								32.004966
							],
							[
								-90.716701,
								32.017067
							],
							[
								-90.716722,
								32.017394
							],
							[
								-90.716798,
								32.018579
							],
							[
								-90.716867,
								32.019637
							],
							[
								-90.716942,
								32.022138
							],
							[
								-90.716979,
								32.023325
							],
							[
								-90.716992,
								32.023784
							],
							[
								-90.717034,
								32.025163
							],
							[
								-90.717038,
								32.025268
							],
							[
								-90.717052,
								32.025624
							],
							[
								-90.717054,
								32.025695
							],
							[
								-90.717062,
								32.025909
							],
							[
								-90.717065,
								32.025981
							],
							[
								-90.717069,
								32.026087
							],
							[
								-90.717073,
								32.026193
							],
							[
								-90.717079,
								32.026344
							],
							[
								-90.71708,
								32.026373
							],
							[
								-90.717085,
								32.026498
							],
							[
								-90.717096,
								32.026801
							],
							[
								-90.717107,
								32.027106
							],
							[
								-90.71712,
								32.027428
							],
							[
								-90.717125,
								32.027555
							],
							[
								-90.717134,
								32.02775
							],
							[
								-90.717138,
								32.027849
							],
							[
								-90.717141,
								32.02795
							],
							[
								-90.717149,
								32.028141
							],
							[
								-90.717378,
								32.032176
							],
							[
								-90.718098,
								32.044859
							],
							[
								-90.718297,
								32.048352
							],
							[
								-90.717561,
								32.048353
							],
							[
								-90.716412,
								32.048355
							],
							[
								-90.712968,
								32.04836
							],
							[
								-90.71182,
								32.048363
							],
							[
								-90.710324,
								32.048364
							],
							[
								-90.705836,
								32.048372
							],
							[
								-90.704341,
								32.048377
							],
							[
								-90.702483,
								32.04838
							],
							[
								-90.69691,
								32.048391
							],
							[
								-90.695053,
								32.048396
							],
							[
								-90.693261,
								32.048399
							],
							[
								-90.687884,
								32.048409
							],
							[
								-90.686093,
								32.048413
							],
							[
								-90.685802,
								32.048415
							],
							[
								-90.68493,
								32.048422
							],
							[
								-90.68464,
								32.048425
							],
							[
								-90.680585,
								32.048431
							],
							[
								-90.676508,
								32.048438
							],
							[
								-90.676291,
								32.048438
							],
							[
								-90.670703,
								32.048447
							],
							[
								-90.663926,
								32.048459
							],
							[
								-90.661977,
								32.048463
							],
							[
								-90.66139,
								32.048462
							],
							[
								-90.661326,
								32.048462
							],
							[
								-90.658981,
								32.048467
							],
							[
								-90.658853,
								32.048467
							],
							[
								-90.658775,
								32.048467
							],
							[
								-90.658667,
								32.048467
							],
							[
								-90.658559,
								32.048467
							],
							[
								-90.656437,
								32.048471
							],
							[
								-90.655159,
								32.048475
							],
							[
								-90.655148,
								32.049958
							],
							[
								-90.650896,
								32.049968
							],
							[
								-90.648742,
								32.049975
							],
							[
								-90.648584,
								32.049975
							],
							[
								-90.648559,
								32.049975
							],
							[
								-90.648466,
								32.049976
							],
							[
								-90.648374,
								32.049978
							],
							[
								-90.647805,
								32.049989
							],
							[
								-90.645544,
								32.050035
							],
							[
								-90.644916,
								32.050048
							],
							[
								-90.644792,
								32.050049
							],
							[
								-90.644726,
								32.050049
							],
							[
								-90.644663,
								32.05005
							],
							[
								-90.638572,
								32.050094
							],
							[
								-90.633459,
								32.050088
							],
							[
								-90.625839,
								32.050079
							],
							[
								-90.625098,
								32.050079
							],
							[
								-90.625022,
								32.050078
							],
							[
								-90.622695,
								32.050061
							],
							[
								-90.62243,
								32.05006
							],
							[
								-90.62189,
								32.050058
							],
							[
								-90.621764,
								32.050058
							],
							[
								-90.621587,
								32.050058
							],
							[
								-90.620252,
								32.050061
							],
							[
								-90.619186,
								32.050063
							],
							[
								-90.617383,
								32.050067
							],
							[
								-90.615988,
								32.050075
							],
							[
								-90.615151,
								32.05008
							],
							[
								-90.614923,
								32.050083
							],
							[
								-90.613836,
								32.050102
							],
							[
								-90.613732,
								32.050104
							],
							[
								-90.61289,
								32.050077
							],
							[
								-90.610932,
								32.049991
							],
							[
								-90.606609,
								32.050015
							],
							[
								-90.605552,
								32.050012
							],
							[
								-90.601671,
								32.050003
							],
							[
								-90.598098,
								32.049944
							],
							[
								-90.596846,
								32.049924
							],
							[
								-90.595296,
								32.049919
							],
							[
								-90.595052,
								32.049924
							],
							[
								-90.593273,
								32.049956
							],
							[
								-90.593189,
								32.049956
							],
							[
								-90.591398,
								32.049939
							],
							[
								-90.591311,
								32.049936
							],
							[
								-90.589287,
								32.049881
							],
							[
								-90.589141,
								32.049903
							],
							[
								-90.588438,
								32.049825
							],
							[
								-90.588238,
								32.049819
							],
							[
								-90.587664,
								32.049839
							],
							[
								-90.587428,
								32.049856
							],
							[
								-90.587233,
								32.049859
							],
							[
								-90.586841,
								32.04982
							],
							[
								-90.582251,
								32.049932
							],
							[
								-90.579394,
								32.049964
							],
							[
								-90.576945,
								32.050001
							],
							[
								-90.574096,
								32.05001
							],
							[
								-90.573624,
								32.05001
							],
							[
								-90.572603,
								32.050016
							],
							[
								-90.572209,
								32.050032
							],
							[
								-90.571767,
								32.050051
							],
							[
								-90.571738,
								32.05005
							],
							[
								-90.569888,
								32.049974
							],
							[
								-90.569346,
								32.049974
							],
							[
								-90.562167,
								32.049977
							],
							[
								-90.559866,
								32.049978
							],
							[
								-90.559774,
								32.049978
							],
							[
								-90.559682,
								32.049978
							],
							[
								-90.558389,
								32.049978
							],
							[
								-90.554237,
								32.049981
							],
							[
								-90.553136,
								32.049981
							],
							[
								-90.553013,
								32.049982
							],
							[
								-90.552854,
								32.049982
							],
							[
								-90.552033,
								32.049985
							],
							[
								-90.549571,
								32.049999
							],
							[
								-90.548989,
								32.050003
							],
							[
								-90.548831,
								32.050004
							],
							[
								-90.548751,
								32.050004
							],
							[
								-90.548669,
								32.050005
							],
							[
								-90.548588,
								32.050006
							],
							[
								-90.5482,
								32.050005
							],
							[
								-90.54655,
								32.050004
							],
							[
								-90.546134,
								32.050004
							],
							[
								-90.546067,
								32.050004
							],
							[
								-90.546,
								32.050004
							],
							[
								-90.54593,
								32.050004
							],
							[
								-90.545861,
								32.050004
							],
							[
								-90.545304,
								32.050005
							],
							[
								-90.544993,
								32.050005
							],
							[
								-90.544144,
								32.050007
							],
							[
								-90.543758,
								32.050007
							],
							[
								-90.543089,
								32.050008
							],
							[
								-90.536546,
								32.050018
							],
							[
								-90.534356,
								32.05002
							],
							[
								-90.531919,
								32.050024
							],
							[
								-90.531445,
								32.050024
							],
							[
								-90.526732,
								32.050024
							],
							[
								-90.515127,
								32.050025
							],
							[
								-90.515014,
								32.050027
							],
							[
								-90.511521,
								32.050093
							],
							[
								-90.51106,
								32.050118
							],
							[
								-90.510819,
								32.05013
							],
							[
								-90.510722,
								32.050129
							],
							[
								-90.509958,
								32.050124
							],
							[
								-90.509681,
								32.050123
							],
							[
								-90.506724,
								32.050106
							],
							[
								-90.506531,
								32.050103
							],
							[
								-90.505672,
								32.050091
							],
							[
								-90.503097,
								32.050058
							],
							[
								-90.502239,
								32.050047
							],
							[
								-90.500339,
								32.05003
							],
							[
								-90.500095,
								32.050028
							],
							[
								-90.494642,
								32.049934
							],
							[
								-90.492743,
								32.049902
							],
							[
								-90.491564,
								32.049892
							],
							[
								-90.48803,
								32.049863
							],
							[
								-90.486852,
								32.049854
							],
							[
								-90.485541,
								32.049843
							],
							[
								-90.485172,
								32.04984
							],
							[
								-90.481608,
								32.049809
							],
							[
								-90.480298,
								32.049798
							],
							[
								-90.477011,
								32.049769
							],
							[
								-90.469752,
								32.049706
							],
							[
								-90.467923,
								32.04969
							],
							[
								-90.467479,
								32.049688
							],
							[
								-90.464638,
								32.049673
							],
							[
								-90.463718,
								32.049669
							],
							[
								-90.463356,
								32.049667
							],
							[
								-90.462273,
								32.049661
							],
							[
								-90.461912,
								32.049661
							],
							[
								-90.461534,
								32.049658
							],
							[
								-90.4604,
								32.049652
							],
							[
								-90.460022,
								32.049651
							],
							[
								-90.458204,
								32.049641
							],
							[
								-90.452749,
								32.049614
							],
							[
								-90.450933,
								32.049605
							],
							[
								-90.450862,
								32.049605
							],
							[
								-90.450664,
								32.049607
							],
							[
								-90.448149,
								32.04964
							],
							[
								-90.448079,
								32.04964
							],
							[
								-90.444066,
								32.04963
							],
							[
								-90.44389,
								32.049631
							],
							[
								-90.437918,
								32.049654
							],
							[
								-90.43374,
								32.04967
							],
							[
								-90.431935,
								32.049677
							],
							[
								-90.424193,
								32.049708
							],
							[
								-90.420285,
								32.049718
							],
							[
								-90.419771,
								32.04972
							],
							[
								-90.419567,
								32.049721
							],
							[
								-90.418052,
								32.049729
							],
							[
								-90.41748,
								32.049734
							],
							[
								-90.412765,
								32.04975
							],
							[
								-90.407168,
								32.049769
							],
							[
								-90.397236,
								32.049804
							],
							[
								-90.394438,
								32.049811
							],
							[
								-90.392243,
								32.049815
							],
							[
								-90.391775,
								32.049817
							],
							[
								-90.390778,
								32.049821
							],
							[
								-90.3906,
								32.049821
							],
							[
								-90.390002,
								32.049821
							],
							[
								-90.387676,
								32.049822
							],
							[
								-90.386901,
								32.049823
							],
							[
								-90.385998,
								32.049823
							],
							[
								-90.383292,
								32.049825
							],
							[
								-90.38239,
								32.049826
							],
							[
								-90.38121,
								32.049826
							],
							[
								-90.380852,
								32.049827
							],
							[
								-90.37767,
								32.049827
							],
							[
								-90.376491,
								32.049829
							],
							[
								-90.375091,
								32.04983
							],
							[
								-90.373708,
								32.049813
							],
							[
								-90.36536,
								32.04972
							],
							[
								-90.362578,
								32.04969
							],
							[
								-90.362416,
								32.049688
							],
							[
								-90.362057,
								32.049687
							],
							[
								-90.360496,
								32.049686
							],
							[
								-90.359976,
								32.049686
							],
							[
								-90.357438,
								32.049683
							],
							[
								-90.349825,
								32.049677
							],
							[
								-90.347288,
								32.049675
							],
							[
								-90.34464,
								32.049673
							],
							[
								-90.339442,
								32.049668
							],
							[
								-90.339158,
								32.049669
							],
							[
								-90.338879,
								32.049669
							],
							[
								-90.338667,
								32.049669
							],
							[
								-90.338462,
								32.049669
							],
							[
								-90.338229,
								32.049667
							],
							[
								-90.335995,
								32.04967
							],
							[
								-90.33407,
								32.049665
							],
							[
								-90.318701,
								32.049655
							],
							[
								-90.317525,
								32.049655
							],
							[
								-90.308869,
								32.049649
							],
							[
								-90.300953,
								32.049647
							],
							[
								-90.296831,
								32.049643
							],
							[
								-90.290947,
								32.049645
							],
							[
								-90.290336,
								32.049649
							],
							[
								-90.289734,
								32.049654
							],
							[
								-90.289429,
								32.049656
							],
							[
								-90.289276,
								32.049656
							],
							[
								-90.289357,
								32.04973
							],
							[
								-90.289382,
								32.049769
							],
							[
								-90.289389,
								32.049834
							],
							[
								-90.289369,
								32.0499
							],
							[
								-90.289332,
								32.049912
							],
							[
								-90.289292,
								32.049928
							],
							[
								-90.289221,
								32.049922
							],
							[
								-90.289015,
								32.049845
							],
							[
								-90.288957,
								32.04984
							],
							[
								-90.288918,
								32.049851
							],
							[
								-90.288886,
								32.049873
							],
							[
								-90.28886,
								32.049911
							],
							[
								-90.288814,
								32.050043
							],
							[
								-90.288782,
								32.050076
							],
							[
								-90.28875,
								32.050076
							],
							[
								-90.288711,
								32.050065
							],
							[
								-90.288686,
								32.050032
							],
							[
								-90.288629,
								32.049872
							],
							[
								-90.288608,
								32.049812
							],
							[
								-90.288582,
								32.049768
							],
							[
								-90.288434,
								32.049615
							],
							[
								-90.285734,
								32.049613
							],
							[
								-90.285282,
								32.049615
							],
							[
								-90.277211,
								32.049677
							],
							[
								-90.276943,
								32.049689
							],
							[
								-90.275951,
								32.049697
							],
							[
								-90.275297,
								32.049693
							],
							[
								-90.275079,
								32.049695
							],
							[
								-90.274597,
								32.049604
							],
							[
								-90.258223,
								32.049677
							],
							[
								-90.257772,
								32.049684
							],
							[
								-90.254361,
								32.049696
							],
							[
								-90.250142,
								32.049723
							],
							[
								-90.248865,
								32.049715
							],
							[
								-90.248775,
								32.049716
							],
							[
								-90.245582,
								32.049709
							],
							[
								-90.240454,
								32.049698
							],
							[
								-90.235311,
								32.049692
							],
							[
								-90.231763,
								32.049701
							],
							[
								-90.231667,
								32.049736
							],
							[
								-90.231555,
								32.049774
							],
							[
								-90.230548,
								32.049739
							],
							[
								-90.230439,
								32.049733
							],
							[
								-90.230331,
								32.049728
							],
							[
								-90.230295,
								32.049539
							],
							[
								-90.230157,
								32.048905
							],
							[
								-90.230111,
								32.048621
							],
							[
								-90.230077,
								32.048444
							],
							[
								-90.230002,
								32.047837
							],
							[
								-90.229985,
								32.047623
							],
							[
								-90.22997,
								32.047121
							],
							[
								-90.229973,
								32.046978
							],
							[
								-90.229989,
								32.046832
							],
							[
								-90.230002,
								32.046798
							],
							[
								-90.230038,
								32.046658
							],
							[
								-90.230099,
								32.046524
							],
							[
								-90.230137,
								32.046421
							],
							[
								-90.230156,
								32.046389
							],
							[
								-90.2302,
								32.046289
							],
							[
								-90.230239,
								32.046186
							],
							[
								-90.230289,
								32.046087
							],
							[
								-90.230312,
								32.046057
							],
							[
								-90.23037,
								32.045962
							],
							[
								-90.230434,
								32.045869
							],
							[
								-90.230503,
								32.045779
							],
							[
								-90.230629,
								32.045635
							],
							[
								-90.230769,
								32.0455
							],
							[
								-90.230856,
								32.045422
							],
							[
								-90.231014,
								32.045303
							],
							[
								-90.231083,
								32.045261
							],
							[
								-90.231367,
								32.045105
							],
							[
								-90.231435,
								32.045062
							],
							[
								-90.231547,
								32.04501
							],
							[
								-90.23183,
								32.044851
							],
							[
								-90.231894,
								32.044804
							],
							[
								-90.232167,
								32.044578
							],
							[
								-90.232301,
								32.044439
							],
							[
								-90.232428,
								32.044295
							],
							[
								-90.232497,
								32.044205
							],
							[
								-90.232548,
								32.044148
							],
							[
								-90.232967,
								32.043608
							],
							[
								-90.233078,
								32.043454
							],
							[
								-90.233199,
								32.043265
							],
							[
								-90.233267,
								32.043175
							],
							[
								-90.23332,
								32.043077
							],
							[
								-90.233379,
								32.042982
							],
							[
								-90.233444,
								32.042849
							],
							[
								-90.233481,
								32.042785
							],
							[
								-90.233504,
								32.042755
							],
							[
								-90.233535,
								32.042688
							],
							[
								-90.233665,
								32.042463
							],
							[
								-90.233865,
								32.042147
							],
							[
								-90.233879,
								32.042113
							],
							[
								-90.233937,
								32.042017
							],
							[
								-90.234088,
								32.041722
							],
							[
								-90.234196,
								32.04145
							],
							[
								-90.234214,
								32.041417
							],
							[
								-90.234255,
								32.041316
							],
							[
								-90.234306,
								32.041217
							],
							[
								-90.234327,
								32.041186
							],
							[
								-90.2344,
								32.041018
							],
							[
								-90.234471,
								32.040888
							],
							[
								-90.234521,
								32.04075
							],
							[
								-90.234568,
								32.040651
							],
							[
								-90.23466,
								32.04049
							],
							[
								-90.234798,
								32.040309
							],
							[
								-90.23486,
								32.040216
							],
							[
								-90.234898,
								32.040151
							],
							[
								-90.234928,
								32.040085
							],
							[
								-90.23506,
								32.03986
							],
							[
								-90.235215,
								32.039586
							],
							[
								-90.235257,
								32.039523
							],
							[
								-90.23527,
								32.039489
							],
							[
								-90.23537,
								32.039331
							],
							[
								-90.235395,
								32.039302
							],
							[
								-90.235431,
								32.039237
							],
							[
								-90.235474,
								32.039175
							],
							[
								-90.235531,
								32.039079
							],
							[
								-90.235619,
								32.038957
							],
							[
								-90.23569,
								32.038868
							],
							[
								-90.235711,
								32.038836
							],
							[
								-90.235891,
								32.038637
							],
							[
								-90.236027,
								32.038455
							],
							[
								-90.236099,
								32.038367
							],
							[
								-90.236118,
								32.038334
							],
							[
								-90.236218,
								32.038219
							],
							[
								-90.236414,
								32.037942
							],
							[
								-90.236452,
								32.037878
							],
							[
								-90.236633,
								32.037635
							],
							[
								-90.236652,
								32.037603
							],
							[
								-90.236739,
								32.03748
							],
							[
								-90.236814,
								32.037393
							],
							[
								-90.236858,
								32.037332
							],
							[
								-90.236951,
								32.037258
							],
							[
								-90.2371,
								32.03719
							],
							[
								-90.237218,
								32.03715
							],
							[
								-90.237384,
								32.037116
							],
							[
								-90.237509,
								32.037095
							],
							[
								-90.237845,
								32.03706
							],
							[
								-90.237887,
								32.037053
							],
							[
								-90.238014,
								32.037048
							],
							[
								-90.238227,
								32.037048
							],
							[
								-90.238438,
								32.037058
							],
							[
								-90.238819,
								32.037088
							],
							[
								-90.238945,
								32.037101
							],
							[
								-90.23924,
								32.03714
							],
							[
								-90.239406,
								32.037173
							],
							[
								-90.239486,
								32.037196
							],
							[
								-90.239853,
								32.037287
							],
							[
								-90.240019,
								32.037317
							],
							[
								-90.240431,
								32.037404
							],
							[
								-90.240846,
								32.03748
							],
							[
								-90.241181,
								32.037529
							],
							[
								-90.241774,
								32.037566
							],
							[
								-90.241859,
								32.037565
							],
							[
								-90.242113,
								32.037551
							],
							[
								-90.242282,
								32.03753
							],
							[
								-90.242404,
								32.037502
							],
							[
								-90.242484,
								32.037476
							],
							[
								-90.242638,
								32.037416
							],
							[
								-90.242673,
								32.037395
							],
							[
								-90.242749,
								32.037364
							],
							[
								-90.242784,
								32.037343
							],
							[
								-90.242847,
								32.037295
							],
							[
								-90.242914,
								32.037251
							],
							[
								-90.243226,
								32.037007
							],
							[
								-90.243836,
								32.036507
							],
							[
								-90.24416,
								32.036223
							],
							[
								-90.24436,
								32.035991
							],
							[
								-90.244517,
								32.035821
							],
							[
								-90.244586,
								32.035731
							],
							[
								-90.244699,
								32.035538
							],
							[
								-90.244751,
								32.035439
							],
							[
								-90.244819,
								32.03527
							],
							[
								-90.24488,
								32.035024
							],
							[
								-90.245052,
								32.034581
							],
							[
								-90.245174,
								32.034352
							],
							[
								-90.245204,
								32.034305
							],
							[
								-90.245239,
								32.03424
							],
							[
								-90.24533,
								32.034119
							],
							[
								-90.24544,
								32.034009
							],
							[
								-90.245546,
								32.033918
							],
							[
								-90.245559,
								32.033907
							],
							[
								-90.245727,
								32.033797
							],
							[
								-90.2458,
								32.033761
							],
							[
								-90.245834,
								32.03374
							],
							[
								-90.245958,
								32.033641
							],
							[
								-90.246025,
								32.033596
							],
							[
								-90.24612,
								32.033525
							],
							[
								-90.246391,
								32.033351
							],
							[
								-90.246486,
								32.03328
							],
							[
								-90.246701,
								32.033106
							],
							[
								-90.246813,
								32.033009
							],
							[
								-90.24688,
								32.032953
							],
							[
								-90.247169,
								32.03269
							],
							[
								-90.247204,
								32.032667
							],
							[
								-90.24724,
								32.032629
							],
							[
								-90.24735,
								32.032519
							],
							[
								-90.247387,
								32.032483
							],
							[
								-90.247509,
								32.032336
							],
							[
								-90.247643,
								32.032153
							],
							[
								-90.247679,
								32.032111
							],
							[
								-90.247693,
								32.032095
							],
							[
								-90.247803,
								32.031901
							],
							[
								-90.247899,
								32.031663
							],
							[
								-90.247919,
								32.031521
							],
							[
								-90.247927,
								32.031306
							],
							[
								-90.247904,
								32.031128
							],
							[
								-90.247851,
								32.030917
							],
							[
								-90.247788,
								32.030766
							],
							[
								-90.247752,
								32.030681
							],
							[
								-90.247715,
								32.030616
							],
							[
								-90.247644,
								32.030527
							],
							[
								-90.247562,
								32.030445
							],
							[
								-90.247512,
								32.030389
							],
							[
								-90.247353,
								32.030255
							],
							[
								-90.247286,
								32.03021
							],
							[
								-90.247099,
								32.030125
							],
							[
								-90.246941,
								32.030072
							],
							[
								-90.246849,
								32.029991
							],
							[
								-90.246796,
								32.029935
							],
							[
								-90.246538,
								32.029696
							],
							[
								-90.245895,
								32.029123
							],
							[
								-90.245482,
								32.028762
							],
							[
								-90.245091,
								32.028433
							],
							[
								-90.244863,
								32.028219
							],
							[
								-90.244783,
								32.028135
							],
							[
								-90.244437,
								32.027727
							],
							[
								-90.244367,
								32.027637
							],
							[
								-90.24419,
								32.027351
							],
							[
								-90.244078,
								32.027118
							],
							[
								-90.24404,
								32.027054
							],
							[
								-90.243997,
								32.026953
							],
							[
								-90.243932,
								32.026782
							],
							[
								-90.243866,
								32.026574
							],
							[
								-90.243836,
								32.026433
							],
							[
								-90.243823,
								32.026326
							],
							[
								-90.24381,
								32.026075
							],
							[
								-90.243812,
								32.02586
							],
							[
								-90.243833,
								32.025431
							],
							[
								-90.24392,
								32.024609
							],
							[
								-90.243942,
								32.024215
							],
							[
								-90.24394,
								32.023928
							],
							[
								-90.243913,
								32.023642
							],
							[
								-90.243882,
								32.023465
							],
							[
								-90.243798,
								32.02315
							],
							[
								-90.243707,
								32.022874
							],
							[
								-90.243634,
								32.022706
							],
							[
								-90.243586,
								32.022606
							],
							[
								-90.243572,
								32.022584
							],
							[
								-90.243524,
								32.022512
							],
							[
								-90.243448,
								32.022426
							],
							[
								-90.243392,
								32.022372
							],
							[
								-90.24312,
								32.022145
							],
							[
								-90.243082,
								32.02213
							],
							[
								-90.243041,
								32.02212
							],
							[
								-90.242873,
								32.022103
							],
							[
								-90.24283,
								32.022106
							],
							[
								-90.242539,
								32.022154
							],
							[
								-90.242335,
								32.022203
							],
							[
								-90.242257,
								32.022233
							],
							[
								-90.242152,
								32.022292
							],
							[
								-90.242084,
								32.022336
							],
							[
								-90.241858,
								32.022498
							],
							[
								-90.24122,
								32.023023
							],
							[
								-90.240875,
								32.023289
							],
							[
								-90.240675,
								32.023421
							],
							[
								-90.240365,
								32.023611
							],
							[
								-90.240292,
								32.023643
							],
							[
								-90.240222,
								32.023684
							],
							[
								-90.240036,
								32.02377
							],
							[
								-90.239854,
								32.023862
							],
							[
								-90.239668,
								32.023947
							],
							[
								-90.239591,
								32.023978
							],
							[
								-90.239518,
								32.024013
							],
							[
								-90.2394,
								32.024055
							],
							[
								-90.23928,
								32.024088
							],
							[
								-90.239243,
								32.024107
							],
							[
								-90.239124,
								32.024144
							],
							[
								-90.239008,
								32.024189
							],
							[
								-90.238967,
								32.024199
							],
							[
								-90.23889,
								32.024228
							],
							[
								-90.238729,
								32.024274
							],
							[
								-90.238611,
								32.024314
							],
							[
								-90.238091,
								32.024472
							],
							[
								-90.237969,
								32.024501
							],
							[
								-90.23785,
								32.024541
							],
							[
								-90.237284,
								32.024695
							],
							[
								-90.237202,
								32.024713
							],
							[
								-90.237085,
								32.024755
							],
							[
								-90.236883,
								32.024812
							],
							[
								-90.23664,
								32.024876
							],
							[
								-90.236228,
								32.024963
							],
							[
								-90.23581,
								32.025026
							],
							[
								-90.235431,
								32.025067
							],
							[
								-90.235091,
								32.025077
							],
							[
								-90.234751,
								32.025066
							],
							[
								-90.234667,
								32.025058
							],
							[
								-90.234626,
								32.025049
							],
							[
								-90.234309,
								32.024945
							],
							[
								-90.234201,
								32.024888
							],
							[
								-90.234063,
								32.024805
							],
							[
								-90.233906,
								32.024684
							],
							[
								-90.233789,
								32.024579
							],
							[
								-90.233601,
								32.024341
							],
							[
								-90.233563,
								32.024277
							],
							[
								-90.233478,
								32.024113
							],
							[
								-90.233416,
								32.023979
							],
							[
								-90.233389,
								32.023911
							],
							[
								-90.233364,
								32.023806
							],
							[
								-90.233344,
								32.023663
							],
							[
								-90.233342,
								32.023556
							],
							[
								-90.23336,
								32.023486
							],
							[
								-90.233375,
								32.023379
							],
							[
								-90.23345,
								32.023173
							],
							[
								-90.23349,
								32.02311
							],
							[
								-90.233562,
								32.023021
							],
							[
								-90.233644,
								32.022939
							],
							[
								-90.233735,
								32.022863
							],
							[
								-90.233873,
								32.022781
							],
							[
								-90.234026,
								32.022718
							],
							[
								-90.234066,
								32.022706
							],
							[
								-90.234274,
								32.022668
							],
							[
								-90.234485,
								32.022648
							],
							[
								-90.23461,
								32.022627
							],
							[
								-90.234736,
								32.022613
							],
							[
								-90.23486,
								32.022588
							],
							[
								-90.235028,
								32.022567
							],
							[
								-90.235233,
								32.022522
							],
							[
								-90.235352,
								32.022483
							],
							[
								-90.235475,
								32.022454
							],
							[
								-90.235641,
								32.022424
							],
							[
								-90.235725,
								32.022416
							],
							[
								-90.235895,
								32.022409
							],
							[
								-90.236107,
								32.022421
							],
							[
								-90.236191,
								32.022432
							],
							[
								-90.23644,
								32.022477
							],
							[
								-90.236766,
								32.022556
							],
							[
								-90.236923,
								32.022612
							],
							[
								-90.237005,
								32.022628
							],
							[
								-90.237152,
								32.02269
							],
							[
								-90.237348,
								32.022758
							],
							[
								-90.237384,
								32.022776
							],
							[
								-90.237626,
								32.022844
							],
							[
								-90.237795,
								32.02286
							],
							[
								-90.23788,
								32.02286
							],
							[
								-90.238091,
								32.022843
							],
							[
								-90.238215,
								32.022818
							],
							[
								-90.238332,
								32.022776
							],
							[
								-90.23848,
								32.022708
							],
							[
								-90.238583,
								32.022645
							],
							[
								-90.238675,
								32.02257
							],
							[
								-90.238756,
								32.022487
							],
							[
								-90.238878,
								32.02234
							],
							[
								-90.238964,
								32.022217
							],
							[
								-90.239057,
								32.021978
							],
							[
								-90.239174,
								32.021597
							],
							[
								-90.239272,
								32.02136
							],
							[
								-90.239334,
								32.021227
							],
							[
								-90.239369,
								32.021162
							],
							[
								-90.23946,
								32.020923
							],
							[
								-90.239506,
								32.020823
							],
							[
								-90.239575,
								32.020692
							],
							[
								-90.239602,
								32.020624
							],
							[
								-90.239615,
								32.020553
							],
							[
								-90.239628,
								32.02041
							],
							[
								-90.23963,
								32.020195
							],
							[
								-90.239597,
								32.019946
							],
							[
								-90.239589,
								32.01991
							],
							[
								-90.239563,
								32.019842
							],
							[
								-90.239514,
								32.019784
							],
							[
								-90.23943,
								32.019703
							],
							[
								-90.239308,
								32.019602
							],
							[
								-90.239174,
								32.019515
							],
							[
								-90.239062,
								32.019463
							],
							[
								-90.239021,
								32.019453
							],
							[
								-90.238904,
								32.019411
							],
							[
								-90.238868,
								32.019392
							],
							[
								-90.238792,
								32.019361
							],
							[
								-90.238556,
								32.01928
							],
							[
								-90.238356,
								32.01922
							],
							[
								-90.238192,
								32.019183
							],
							[
								-90.238036,
								32.019125
							],
							[
								-90.237913,
								32.019098
							],
							[
								-90.237835,
								32.01907
							],
							[
								-90.237754,
								32.019049
							],
							[
								-90.237597,
								32.018995
							],
							[
								-90.237559,
								32.018978
							],
							[
								-90.237401,
								32.018926
							],
							[
								-90.237325,
								32.018893
							],
							[
								-90.237245,
								32.018868
							],
							[
								-90.23709,
								32.01881
							],
							[
								-90.237009,
								32.018787
							],
							[
								-90.236851,
								32.018735
							],
							[
								-90.236774,
								32.018706
							],
							[
								-90.236567,
								32.018609
							],
							[
								-90.23644,
								32.01855
							],
							[
								-90.236333,
								32.018491
							],
							[
								-90.236231,
								32.018427
							],
							[
								-90.236157,
								32.018391
							],
							[
								-90.235989,
								32.018282
							],
							[
								-90.235578,
								32.018027
							],
							[
								-90.235447,
								32.017935
							],
							[
								-90.235009,
								32.017597
							],
							[
								-90.234754,
								32.017408
							],
							[
								-90.234654,
								32.01734
							],
							[
								-90.234481,
								32.017237
							],
							[
								-90.234408,
								32.0172
							],
							[
								-90.234294,
								32.017152
							],
							[
								-90.234013,
								32.017072
							],
							[
								-90.233971,
								32.017068
							],
							[
								-90.233801,
								32.017065
							],
							[
								-90.233674,
								32.017072
							],
							[
								-90.233591,
								32.017089
							],
							[
								-90.233511,
								32.017115
							],
							[
								-90.233335,
								32.017387
							],
							[
								-90.233174,
								32.017597
							],
							[
								-90.233111,
								32.017665
							],
							[
								-90.23294,
								32.017852
							],
							[
								-90.232855,
								32.017976
							],
							[
								-90.232783,
								32.018065
							],
							[
								-90.232723,
								32.01816
							],
							[
								-90.232697,
								32.018188
							],
							[
								-90.232633,
								32.018281
							],
							[
								-90.232598,
								32.018347
							],
							[
								-90.232408,
								32.018585
							],
							[
								-90.232208,
								32.018859
							],
							[
								-90.232008,
								32.019045
							],
							[
								-90.231861,
								32.019175
							],
							[
								-90.231619,
								32.019375
							],
							[
								-90.231525,
								32.019448
							],
							[
								-90.231295,
								32.019607
							],
							[
								-90.231119,
								32.019707
							],
							[
								-90.230856,
								32.019889
							],
							[
								-90.230443,
								32.020198
							],
							[
								-90.230179,
								32.020379
							],
							[
								-90.229973,
								32.020505
							],
							[
								-90.2299,
								32.020541
							],
							[
								-90.229796,
								32.020604
							],
							[
								-90.229723,
								32.02064
							],
							[
								-90.229583,
								32.020721
							],
							[
								-90.229403,
								32.020815
							],
							[
								-90.229362,
								32.020826
							],
							[
								-90.229254,
								32.020882
							],
							[
								-90.22902,
								32.020968
							],
							[
								-90.228779,
								32.021039
							],
							[
								-90.228327,
								32.021136
							],
							[
								-90.228117,
								32.021167
							],
							[
								-90.227735,
								32.021168
							],
							[
								-90.22765,
								32.021163
							],
							[
								-90.227482,
								32.021143
							],
							[
								-90.227315,
								32.021115
							],
							[
								-90.226943,
								32.02104
							],
							[
								-90.226653,
								32.020986
							],
							[
								-90.226286,
								32.020898
							],
							[
								-90.22617,
								32.020854
							],
							[
								-90.22609,
								32.020831
							],
							[
								-90.225934,
								32.020773
							],
							[
								-90.225771,
								32.020735
							],
							[
								-90.22561,
								32.020688
							],
							[
								-90.225528,
								32.02067
							],
							[
								-90.225408,
								32.020634
							],
							[
								-90.225325,
								32.020622
							],
							[
								-90.225049,
								32.020529
							],
							[
								-90.225022,
								32.020519
							],
							[
								-90.224932,
								32.020486
							],
							[
								-90.224742,
								32.020405
							],
							[
								-90.224511,
								32.020314
							],
							[
								-90.224398,
								32.020264
							],
							[
								-90.224203,
								32.020194
							],
							[
								-90.22413,
								32.020157
							],
							[
								-90.223869,
								32.020039
							],
							[
								-90.223575,
								32.019895
							],
							[
								-90.223325,
								32.019759
							],
							[
								-90.223286,
								32.019741
							],
							[
								-90.22325,
								32.019725
							],
							[
								-90.223179,
								32.019686
							],
							[
								-90.223141,
								32.01967
							],
							[
								-90.222889,
								32.019537
							],
							[
								-90.222706,
								32.019445
							],
							[
								-90.222591,
								32.019398
							],
							[
								-90.222486,
								32.019338
							],
							[
								-90.222447,
								32.019323
							],
							[
								-90.222302,
								32.019249
							],
							[
								-90.222234,
								32.019207
							],
							[
								-90.221997,
								32.019129
							],
							[
								-90.221874,
								32.019101
							],
							[
								-90.221796,
								32.019071
							],
							[
								-90.221673,
								32.019043
							],
							[
								-90.221589,
								32.019034
							],
							[
								-90.221468,
								32.018999
							],
							[
								-90.221301,
								32.018972
							],
							[
								-90.22122,
								32.018951
							],
							[
								-90.221136,
								32.01894
							],
							[
								-90.220928,
								32.018905
							],
							[
								-90.220716,
								32.018889
							],
							[
								-90.220589,
								32.018888
							],
							[
								-90.220504,
								32.018893
							],
							[
								-90.220338,
								32.018924
							],
							[
								-90.220177,
								32.018971
							],
							[
								-90.220023,
								32.019031
							],
							[
								-90.21995,
								32.019067
							],
							[
								-90.219918,
								32.019091
							],
							[
								-90.219847,
								32.01913
							],
							[
								-90.21978,
								32.019174
							],
							[
								-90.219562,
								32.019345
							],
							[
								-90.219477,
								32.019425
							],
							[
								-90.219324,
								32.019598
							],
							[
								-90.219242,
								32.019762
							],
							[
								-90.219182,
								32.019897
							],
							[
								-90.21909,
								32.02021
							],
							[
								-90.219052,
								32.020386
							],
							[
								-90.219013,
								32.020671
							],
							[
								-90.218976,
								32.020884
							],
							[
								-90.218973,
								32.020896
							],
							[
								-90.218904,
								32.021201
							],
							[
								-90.218786,
								32.02162
							],
							[
								-90.218691,
								32.021895
							],
							[
								-90.218641,
								32.021994
							],
							[
								-90.218514,
								32.022179
							],
							[
								-90.21848,
								32.022245
							],
							[
								-90.218436,
								32.022306
							],
							[
								-90.218216,
								32.02257
							],
							[
								-90.218197,
								32.022602
							],
							[
								-90.217921,
								32.022874
							],
							[
								-90.217743,
								32.023028
							],
							[
								-90.216984,
								32.023653
							],
							[
								-90.216698,
								32.023868
							],
							[
								-90.216545,
								32.023968
							],
							[
								-90.216531,
								32.023978
							],
							[
								-90.21637,
								32.024095
							],
							[
								-90.216139,
								32.024253
							],
							[
								-90.215979,
								32.024371
							],
							[
								-90.215843,
								32.024456
							],
							[
								-90.215421,
								32.024756
							],
							[
								-90.214987,
								32.025044
							],
							[
								-90.214807,
								32.025138
							],
							[
								-90.214769,
								32.025154
							],
							[
								-90.214699,
								32.025195
							],
							[
								-90.214624,
								32.025229
							],
							[
								-90.214554,
								32.025269
							],
							[
								-90.214476,
								32.025297
							],
							[
								-90.214394,
								32.025316
							],
							[
								-90.214315,
								32.025341
							],
							[
								-90.214273,
								32.025349
							],
							[
								-90.214061,
								32.025351
							],
							[
								-90.21402,
								32.025344
							],
							[
								-90.213947,
								32.025306
							],
							[
								-90.213787,
								32.025189
							],
							[
								-90.213644,
								32.025056
							],
							[
								-90.213596,
								32.024997
							],
							[
								-90.213433,
								32.024706
							],
							[
								-90.213297,
								32.024404
							],
							[
								-90.213285,
								32.02437
							],
							[
								-90.213272,
								32.024299
							],
							[
								-90.213263,
								32.02412
							],
							[
								-90.213285,
								32.023906
							],
							[
								-90.213304,
								32.023837
							],
							[
								-90.213346,
								32.023735
							],
							[
								-90.213387,
								32.023673
							],
							[
								-90.213431,
								32.023565
							],
							[
								-90.213482,
								32.023507
							],
							[
								-90.213549,
								32.023376
							],
							[
								-90.213607,
								32.02328
							],
							[
								-90.21365,
								32.023218
							],
							[
								-90.213837,
								32.022979
							],
							[
								-90.213943,
								32.022867
							],
							[
								-90.214212,
								32.022639
							],
							[
								-90.214342,
								32.022546
							],
							[
								-90.214374,
								32.022528
							],
							[
								-90.21445,
								32.022489
							],
							[
								-90.214634,
								32.022401
							],
							[
								-90.214786,
								32.022336
							],
							[
								-90.214895,
								32.022281
							],
							[
								-90.215008,
								32.022231
							],
							[
								-90.215081,
								32.022194
							],
							[
								-90.21515,
								32.022153
							],
							[
								-90.215509,
								32.021847
							],
							[
								-90.215624,
								32.021741
							],
							[
								-90.215678,
								32.021686
							],
							[
								-90.215702,
								32.021656
							],
							[
								-90.21582,
								32.021466
							],
							[
								-90.215971,
								32.02125
							],
							[
								-90.215998,
								32.021204
							],
							[
								-90.216047,
								32.021146
							],
							[
								-90.216237,
								32.020866
							],
							[
								-90.216459,
								32.02052
							],
							[
								-90.216596,
								32.020297
							],
							[
								-90.216638,
								32.020235
							],
							[
								-90.216713,
								32.020106
							],
							[
								-90.216801,
								32.019983
							],
							[
								-90.216898,
								32.019824
							],
							[
								-90.216965,
								32.019733
							],
							[
								-90.217027,
								32.019639
							],
							[
								-90.217063,
								32.019574
							],
							[
								-90.217151,
								32.019452
							],
							[
								-90.217189,
								32.019388
							],
							[
								-90.217302,
								32.019236
							],
							[
								-90.217422,
								32.019064
							],
							[
								-90.217497,
								32.018959
							],
							[
								-90.217574,
								32.018873
							],
							[
								-90.21771,
								32.018692
							],
							[
								-90.217909,
								32.018459
							],
							[
								-90.217954,
								32.018398
							],
							[
								-90.218102,
								32.018223
							],
							[
								-90.21828,
								32.017979
							],
							[
								-90.218584,
								32.017547
							],
							[
								-90.218683,
								32.017389
							],
							[
								-90.218966,
								32.016988
							],
							[
								-90.219082,
								32.016837
							],
							[
								-90.219203,
								32.01669
							],
							[
								-90.219268,
								32.016598
							],
							[
								-90.219342,
								32.01651
							],
							[
								-90.219573,
								32.016253
							],
							[
								-90.21972,
								32.016077
							],
							[
								-90.219857,
								32.01594
							],
							[
								-90.220014,
								32.015771
							],
							[
								-90.220086,
								32.015682
							],
							[
								-90.220221,
								32.015544
							],
							[
								-90.220297,
								32.015457
							],
							[
								-90.220379,
								32.015375
							],
							[
								-90.220456,
								32.015289
							],
							[
								-90.220653,
								32.015102
							],
							[
								-90.220757,
								32.014989
							],
							[
								-90.221039,
								32.014721
							],
							[
								-90.221117,
								32.014636
							],
							[
								-90.221606,
								32.014189
							],
							[
								-90.222079,
								32.013778
							],
							[
								-90.222103,
								32.013748
							],
							[
								-90.222272,
								32.013587
							],
							[
								-90.22242,
								32.013413
							],
							[
								-90.222462,
								32.01335
							],
							[
								-90.222511,
								32.013295
							],
							[
								-90.222567,
								32.013238
							],
							[
								-90.222632,
								32.013145
							],
							[
								-90.22269,
								32.013049
							],
							[
								-90.222782,
								32.012929
							],
							[
								-90.222908,
								32.012785
							],
							[
								-90.223033,
								32.012597
							],
							[
								-90.2231,
								32.012506
							],
							[
								-90.223127,
								32.012478
							],
							[
								-90.223159,
								32.012411
							],
							[
								-90.223198,
								32.012348
							],
							[
								-90.223307,
								32.012076
							],
							[
								-90.223336,
								32.011971
							],
							[
								-90.223388,
								32.011835
							],
							[
								-90.223462,
								32.011592
							],
							[
								-90.223482,
								32.011559
							],
							[
								-90.223509,
								32.011491
							],
							[
								-90.22353,
								32.01146
							],
							[
								-90.223562,
								32.011394
							],
							[
								-90.223616,
								32.01122
							],
							[
								-90.223697,
								32.011046
							],
							[
								-90.223718,
								32.011015
							],
							[
								-90.223769,
								32.010916
							],
							[
								-90.223842,
								32.010787
							],
							[
								-90.223961,
								32.010638
							],
							[
								-90.224214,
								32.010396
							],
							[
								-90.224546,
								32.010118
							],
							[
								-90.224581,
								32.010093
							],
							[
								-90.224692,
								32.01004
							],
							[
								-90.224832,
								32.009959
							],
							[
								-90.224948,
								32.009913
							],
							[
								-90.225042,
								32.009842
							],
							[
								-90.225149,
								32.009783
							],
							[
								-90.225188,
								32.009769
							],
							[
								-90.225271,
								32.009754
							],
							[
								-90.225441,
								32.009744
							],
							[
								-90.225738,
								32.009743
							],
							[
								-90.225823,
								32.009746
							],
							[
								-90.226118,
								32.009773
							],
							[
								-90.226325,
								32.009812
							],
							[
								-90.226479,
								32.009836
							],
							[
								-90.226534,
								32.009846
							],
							[
								-90.226614,
								32.009869
							],
							[
								-90.226652,
								32.009885
							],
							[
								-90.226796,
								32.009961
							],
							[
								-90.22687,
								32.009996
							],
							[
								-90.227037,
								32.010023
							],
							[
								-90.227202,
								32.010056
							],
							[
								-90.227401,
								32.010119
							],
							[
								-90.227477,
								32.01015
							],
							[
								-90.227676,
								32.010214
							],
							[
								-90.228083,
								32.010316
							],
							[
								-90.228292,
								32.010346
							],
							[
								-90.228801,
								32.010368
							],
							[
								-90.229013,
								32.010361
							],
							[
								-90.22931,
								32.01034
							],
							[
								-90.229604,
								32.010305
							],
							[
								-90.229727,
								32.010279
							],
							[
								-90.229811,
								32.010268
							],
							[
								-90.229935,
								32.010241
							],
							[
								-90.2301,
								32.010207
							],
							[
								-90.23022,
								32.010172
							],
							[
								-90.230586,
								32.01008
							],
							[
								-90.230946,
								32.009971
							],
							[
								-90.231022,
								32.009939
							],
							[
								-90.23126,
								32.009864
							],
							[
								-90.231377,
								32.00982
							],
							[
								-90.231496,
								32.009781
							],
							[
								-90.231736,
								32.00971
							],
							[
								-90.231859,
								32.009683
							],
							[
								-90.232018,
								32.009632
							],
							[
								-90.232212,
								32.00956
							],
							[
								-90.232324,
								32.009509
							],
							[
								-90.232461,
								32.009424
							],
							[
								-90.23261,
								32.009296
							],
							[
								-90.232637,
								32.009268
							],
							[
								-90.232705,
								32.009177
							],
							[
								-90.232779,
								32.00906
							],
							[
								-90.232814,
								32.008919
							],
							[
								-90.232826,
								32.008776
							],
							[
								-90.232814,
								32.008633
							],
							[
								-90.232756,
								32.00846
							],
							[
								-90.232721,
								32.008395
							],
							[
								-90.232699,
								32.008365
							],
							[
								-90.232667,
								32.008298
							],
							[
								-90.232579,
								32.008176
							],
							[
								-90.232479,
								32.00806
							],
							[
								-90.232236,
								32.007811
							],
							[
								-90.232111,
								32.007666
							],
							[
								-90.23193,
								32.007467
							],
							[
								-90.231644,
								32.007202
							],
							[
								-90.231311,
								32.006926
							],
							[
								-90.231213,
								32.006858
							],
							[
								-90.231077,
								32.006772
							],
							[
								-90.230946,
								32.00668
							],
							[
								-90.230909,
								32.006656
							],
							[
								-90.230777,
								32.006572
							],
							[
								-90.230682,
								32.006501
							],
							[
								-90.230372,
								32.006255
							],
							[
								-90.230175,
								32.006068
							],
							[
								-90.229982,
								32.005832
							],
							[
								-90.229938,
								32.00577
							],
							[
								-90.229808,
								32.005546
							],
							[
								-90.229681,
								32.005241
							],
							[
								-90.229585,
								32.005042
							],
							[
								-90.229557,
								32.004974
							],
							[
								-90.229462,
								32.004814
							],
							[
								-90.229302,
								32.004603
							],
							[
								-90.229237,
								32.00451
							],
							[
								-90.229167,
								32.004421
							],
							[
								-90.229093,
								32.004292
							],
							[
								-90.229027,
								32.0042
							],
							[
								-90.229,
								32.004152
							],
							[
								-90.228967,
								32.004105
							],
							[
								-90.228946,
								32.004065
							],
							[
								-90.2289,
								32.003997
							],
							[
								-90.228851,
								32.003898
							],
							[
								-90.228792,
								32.003802
							],
							[
								-90.228696,
								32.003684
							],
							[
								-90.228493,
								32.003411
							],
							[
								-90.228218,
								32.003092
							],
							[
								-90.228058,
								32.002925
							],
							[
								-90.227912,
								32.002795
							],
							[
								-90.227802,
								32.00269
							],
							[
								-90.227706,
								32.002597
							],
							[
								-90.227631,
								32.002526
							],
							[
								-90.227486,
								32.002396
							],
							[
								-90.22738,
								32.002284
							],
							[
								-90.227306,
								32.002196
							],
							[
								-90.227125,
								32.001997
							],
							[
								-90.227066,
								32.001902
							],
							[
								-90.227032,
								32.001836
							],
							[
								-90.226989,
								32.001774
							],
							[
								-90.226955,
								32.001709
							],
							[
								-90.226917,
								32.001606
							],
							[
								-90.226884,
								32.00154
							],
							[
								-90.226859,
								32.001435
							],
							[
								-90.226834,
								32.001366
							],
							[
								-90.226793,
								32.001191
							],
							[
								-90.226767,
								32.001123
							],
							[
								-90.226703,
								32.000915
							],
							[
								-90.226669,
								32.000849
							],
							[
								-90.226629,
								32.000709
							],
							[
								-90.226527,
								32.000436
							],
							[
								-90.226508,
								32.000366
							],
							[
								-90.226472,
								32.00019
							],
							[
								-90.226433,
								32.00005
							],
							[
								-90.226337,
								31.999813
							],
							[
								-90.226222,
								31.999506
							],
							[
								-90.226164,
								31.999333
							],
							[
								-90.226121,
								31.999232
							],
							[
								-90.226103,
								31.9992
							],
							[
								-90.226,
								31.998911
							],
							[
								-90.225915,
								31.998708
							],
							[
								-90.225865,
								31.998571
							],
							[
								-90.225702,
								31.99824
							],
							[
								-90.225645,
								31.998144
							],
							[
								-90.225482,
								31.997921
							],
							[
								-90.225467,
								31.9979
							],
							[
								-90.224986,
								31.997308
							],
							[
								-90.224768,
								31.997088
							],
							[
								-90.224518,
								31.996845
							],
							[
								-90.224356,
								31.996678
							],
							[
								-90.224273,
								31.996597
							],
							[
								-90.223717,
								31.996054
							],
							[
								-90.223666,
								31.995997
							],
							[
								-90.223554,
								31.995889
							],
							[
								-90.223477,
								31.995803
							],
							[
								-90.223383,
								31.995684
							],
							[
								-90.223319,
								31.995591
							],
							[
								-90.223147,
								31.995386
							],
							[
								-90.22313,
								31.995364
							],
							[
								-90.223078,
								31.995295
							],
							[
								-90.222941,
								31.995073
							],
							[
								-90.222916,
								31.995044
							],
							[
								-90.222794,
								31.994815
							],
							[
								-90.222718,
								31.99461
							],
							[
								-90.222689,
								31.994505
							],
							[
								-90.222631,
								31.994333
							],
							[
								-90.222603,
								31.994228
							],
							[
								-90.222526,
								31.993803
							],
							[
								-90.222477,
								31.993592
							],
							[
								-90.222457,
								31.993414
							],
							[
								-90.222445,
								31.993235
							],
							[
								-90.222439,
								31.992626
							],
							[
								-90.222448,
								31.992268
							],
							[
								-90.222466,
								31.992054
							],
							[
								-90.222513,
								31.991879
							],
							[
								-90.222551,
								31.991703
							],
							[
								-90.222616,
								31.991349
							],
							[
								-90.222712,
								31.990927
							],
							[
								-90.222796,
								31.990649
							],
							[
								-90.222847,
								31.990501
							],
							[
								-90.222869,
								31.990442
							],
							[
								-90.222906,
								31.990303
							],
							[
								-90.222935,
								31.990125
							],
							[
								-90.222958,
								31.989875
							],
							[
								-90.222959,
								31.989696
							],
							[
								-90.22295,
								31.989624
							],
							[
								-90.222961,
								31.989374
							],
							[
								-90.222949,
								31.989159
							],
							[
								-90.222914,
								31.989018
							],
							[
								-90.222843,
								31.988849
							],
							[
								-90.222812,
								31.988797
							],
							[
								-90.22276,
								31.98874
							],
							[
								-90.222582,
								31.988585
							],
							[
								-90.222428,
								31.988524
							],
							[
								-90.222347,
								31.988504
							],
							[
								-90.222222,
								31.988482
							],
							[
								-90.222138,
								31.988473
							],
							[
								-90.222053,
								31.98847
							],
							[
								-90.221798,
								31.988478
							],
							[
								-90.22142,
								31.988524
							],
							[
								-90.221253,
								31.988553
							],
							[
								-90.220931,
								31.988643
							],
							[
								-90.220884,
								31.988665
							],
							[
								-90.220804,
								31.988691
							],
							[
								-90.220659,
								31.988764
							],
							[
								-90.220492,
								31.988876
							],
							[
								-90.220203,
								31.989087
							],
							[
								-90.220032,
								31.989193
							],
							[
								-90.219958,
								31.989228
							],
							[
								-90.219888,
								31.989269
							],
							[
								-90.219548,
								31.989415
							],
							[
								-90.219393,
								31.989473
							],
							[
								-90.219313,
								31.989498
							],
							[
								-90.219159,
								31.989556
							],
							[
								-90.219039,
								31.989594
							],
							[
								-90.218962,
								31.989624
							],
							[
								-90.218902,
								31.989642
							],
							[
								-90.218842,
								31.989661
							],
							[
								-90.218805,
								31.989678
							],
							[
								-90.218205,
								31.989857
							],
							[
								-90.21804,
								31.989894
							],
							[
								-90.217873,
								31.98992
							],
							[
								-90.217704,
								31.989932
							],
							[
								-90.217449,
								31.989923
							],
							[
								-90.217324,
								31.989904
							],
							[
								-90.217242,
								31.989886
							],
							[
								-90.217009,
								31.989801
							],
							[
								-90.2169,
								31.989745
							],
							[
								-90.216762,
								31.989661
							],
							[
								-90.216603,
								31.989542
							],
							[
								-90.216333,
								31.989314
							],
							[
								-90.21616,
								31.989156
							],
							[
								-90.216111,
								31.989097
							],
							[
								-90.215914,
								31.98891
							],
							[
								-90.215805,
								31.988799
							],
							[
								-90.215601,
								31.98857
							],
							[
								-90.215504,
								31.988453
							],
							[
								-90.215416,
								31.98833
							],
							[
								-90.215251,
								31.98808
							],
							[
								-90.215175,
								31.987952
							],
							[
								-90.215159,
								31.987918
							],
							[
								-90.214987,
								31.98763
							],
							[
								-90.214934,
								31.987532
							],
							[
								-90.214819,
								31.987341
							],
							[
								-90.214733,
								31.987217
							],
							[
								-90.214674,
								31.987122
							],
							[
								-90.214522,
								31.986906
							],
							[
								-90.214341,
								31.986708
							],
							[
								-90.214145,
								31.986519
							],
							[
								-90.214086,
								31.986467
							],
							[
								-90.214054,
								31.986444
							],
							[
								-90.213947,
								31.986385
							],
							[
								-90.21388,
								31.98634
							],
							[
								-90.213772,
								31.986284
							],
							[
								-90.213655,
								31.98624
							],
							[
								-90.213575,
								31.986216
							],
							[
								-90.213492,
								31.986204
							],
							[
								-90.213407,
								31.986198
							],
							[
								-90.213322,
								31.986198
							],
							[
								-90.213203,
								31.986235
							],
							[
								-90.213024,
								31.986332
							],
							[
								-90.212959,
								31.986378
							],
							[
								-90.212817,
								31.986512
							],
							[
								-90.212713,
								31.986625
							],
							[
								-90.212667,
								31.986685
							],
							[
								-90.212544,
								31.986831
							],
							[
								-90.212522,
								31.986862
							],
							[
								-90.212467,
								31.986958
							],
							[
								-90.212336,
								31.987223
							],
							[
								-90.212323,
								31.987257
							],
							[
								-90.212286,
								31.987321
							],
							[
								-90.212224,
								31.987455
							],
							[
								-90.212169,
								31.987552
							],
							[
								-90.212088,
								31.987677
							],
							[
								-90.212001,
								31.9878
							],
							[
								-90.211921,
								31.987927
							],
							[
								-90.211906,
								31.98796
							],
							[
								-90.211862,
								31.988022
							],
							[
								-90.211722,
								31.988201
							],
							[
								-90.211599,
								31.988347
							],
							[
								-90.211425,
								31.988593
							],
							[
								-90.211362,
								31.988656
							],
							[
								-90.211303,
								31.988707
							],
							[
								-90.211204,
								31.988776
							],
							[
								-90.21095,
								31.988966
							],
							[
								-90.210809,
								31.989046
							],
							[
								-90.210706,
								31.98911
							],
							[
								-90.21067,
								31.989128
							],
							[
								-90.210402,
								31.989237
							],
							[
								-90.210281,
								31.989269
							],
							[
								-90.21003,
								31.989307
							],
							[
								-90.209692,
								31.989332
							],
							[
								-90.209479,
								31.989339
							],
							[
								-90.209267,
								31.98934
							],
							[
								-90.209004,
								31.989313
							],
							[
								-90.208765,
								31.989268
							],
							[
								-90.20864,
								31.98925
							],
							[
								-90.208478,
								31.989206
							],
							[
								-90.208232,
								31.98915
							],
							[
								-90.208071,
								31.989106
							],
							[
								-90.207953,
								31.989066
							],
							[
								-90.207553,
								31.988947
							],
							[
								-90.20748,
								31.988911
							],
							[
								-90.207212,
								31.988804
							],
							[
								-90.207141,
								31.988765
							],
							[
								-90.207026,
								31.988719
							],
							[
								-90.206916,
								31.988664
							],
							[
								-90.206848,
								31.988621
							],
							[
								-90.206751,
								31.988552
							],
							[
								-90.206506,
								31.988353
							],
							[
								-90.206356,
								31.988226
							],
							[
								-90.206096,
								31.987991
							],
							[
								-90.205919,
								31.987789
							],
							[
								-90.205851,
								31.987658
							],
							[
								-90.205811,
								31.987595
							],
							[
								-90.20578,
								31.987528
							],
							[
								-90.205726,
								31.987392
							],
							[
								-90.205672,
								31.987219
							],
							[
								-90.205633,
								31.987117
							],
							[
								-90.205597,
								31.987051
							],
							[
								-90.20559,
								31.987008
							],
							[
								-90.20556,
								31.986903
							],
							[
								-90.205536,
								31.986835
							],
							[
								-90.205517,
								31.986765
							],
							[
								-90.205491,
								31.986696
							],
							[
								-90.205432,
								31.986453
							],
							[
								-90.205398,
								31.98631
							],
							[
								-90.205329,
								31.985884
							],
							[
								-90.205248,
								31.985278
							],
							[
								-90.205227,
								31.985064
							],
							[
								-90.205192,
								31.984608
							],
							[
								-90.205189,
								31.984563
							],
							[
								-90.20515,
								31.98417
							],
							[
								-90.20514,
								31.984027
							],
							[
								-90.205134,
								31.983991
							],
							[
								-90.205137,
								31.983955
							],
							[
								-90.205121,
								31.983633
							],
							[
								-90.205125,
								31.983382
							],
							[
								-90.205136,
								31.983239
							],
							[
								-90.205199,
								31.982849
							],
							[
								-90.205273,
								31.982569
							],
							[
								-90.205276,
								31.982547
							],
							[
								-90.205285,
								31.982498
							],
							[
								-90.205343,
								31.982288
							],
							[
								-90.205398,
								31.982115
							],
							[
								-90.205424,
								31.982047
							],
							[
								-90.205456,
								31.98198
							],
							[
								-90.205482,
								31.981912
							],
							[
								-90.205494,
								31.981841
							],
							[
								-90.205523,
								31.981736
							],
							[
								-90.205575,
								31.9816
							],
							[
								-90.205607,
								31.981459
							],
							[
								-90.205801,
								31.980947
							],
							[
								-90.205836,
								31.980882
							],
							[
								-90.205882,
								31.980781
							],
							[
								-90.205951,
								31.980611
							],
							[
								-90.206007,
								31.980515
							],
							[
								-90.206035,
								31.980447
							],
							[
								-90.206106,
								31.980317
							],
							[
								-90.20623,
								31.98005
							],
							[
								-90.206278,
								31.979913
							],
							[
								-90.20631,
								31.979846
							],
							[
								-90.206352,
								31.979707
							],
							[
								-90.206385,
								31.979641
							],
							[
								-90.20646,
								31.979436
							],
							[
								-90.206502,
								31.979334
							],
							[
								-90.206531,
								31.979229
							],
							[
								-90.206555,
								31.979161
							],
							[
								-90.206605,
								31.978986
							],
							[
								-90.206703,
								31.978674
							],
							[
								-90.206773,
								31.978505
							],
							[
								-90.206787,
								31.978454
							],
							[
								-90.206814,
								31.978366
							],
							[
								-90.20684,
								31.978298
							],
							[
								-90.20686,
								31.978228
							],
							[
								-90.2069,
								31.978126
							],
							[
								-90.207023,
								31.977671
							],
							[
								-90.207045,
								31.977565
							],
							[
								-90.207094,
								31.977245
							],
							[
								-90.20711,
								31.977037
							],
							[
								-90.207109,
								31.976917
							],
							[
								-90.207085,
								31.976559
							],
							[
								-90.20707,
								31.976427
							],
							[
								-90.207057,
								31.97631
							],
							[
								-90.207025,
								31.976133
							],
							[
								-90.206998,
								31.976027
							],
							[
								-90.206942,
								31.975855
							],
							[
								-90.206887,
								31.975719
							],
							[
								-90.206788,
								31.975521
							],
							[
								-90.206603,
								31.975238
							],
							[
								-90.206509,
								31.975119
							],
							[
								-90.206469,
								31.975056
							],
							[
								-90.206296,
								31.974852
							],
							[
								-90.206265,
								31.974818
							],
							[
								-90.206218,
								31.974766
							],
							[
								-90.206079,
								31.974631
							],
							[
								-90.205973,
								31.974519
							],
							[
								-90.205863,
								31.97441
							],
							[
								-90.205841,
								31.974379
							],
							[
								-90.205788,
								31.974321
							],
							[
								-90.20567,
								31.974217
							],
							[
								-90.20539,
								31.973998
							],
							[
								-90.205048,
								31.973757
							],
							[
								-90.204966,
								31.9737
							],
							[
								-90.204824,
								31.973622
							],
							[
								-90.204495,
								31.973459
							],
							[
								-90.204358,
								31.973374
							],
							[
								-90.204252,
								31.973315
							],
							[
								-90.204186,
								31.973269
							],
							[
								-90.203838,
								31.973006
							],
							[
								-90.203286,
								31.972612
							],
							[
								-90.203096,
								31.972469
							],
							[
								-90.202564,
								31.972041
							],
							[
								-90.202359,
								31.971875
							],
							[
								-90.201909,
								31.971493
							],
							[
								-90.201802,
								31.971382
							],
							[
								-90.201737,
								31.971174
							],
							[
								-90.201687,
								31.970963
							],
							[
								-90.201666,
								31.970893
							],
							[
								-90.201628,
								31.970717
							],
							[
								-90.20161,
								31.970502
							],
							[
								-90.201571,
								31.969822
							],
							[
								-90.20157,
								31.969607
							],
							[
								-90.201554,
								31.969105
							],
							[
								-90.201538,
								31.96889
							],
							[
								-90.201515,
								31.968712
							],
							[
								-90.201457,
								31.968393
							],
							[
								-90.20142,
								31.968216
							],
							[
								-90.201343,
								31.968011
							],
							[
								-90.201277,
								31.967877
							],
							[
								-90.2012,
								31.967791
							],
							[
								-90.201119,
								31.967709
							],
							[
								-90.201087,
								31.967685
							],
							[
								-90.200949,
								31.967601
							],
							[
								-90.200854,
								31.96753
							],
							[
								-90.200794,
								31.967479
							],
							[
								-90.200768,
								31.967451
							],
							[
								-90.200725,
								31.967388
							],
							[
								-90.200664,
								31.967339
							],
							[
								-90.200476,
								31.967255
							],
							[
								-90.200243,
								31.967168
							],
							[
								-90.200085,
								31.967116
							],
							[
								-90.199853,
								31.967027
							],
							[
								-90.199772,
								31.967005
							],
							[
								-90.199547,
								31.966904
							],
							[
								-90.199378,
								31.966796
							],
							[
								-90.199306,
								31.966757
							],
							[
								-90.199273,
								31.966735
							],
							[
								-90.1992,
								31.966698
							],
							[
								-90.199131,
								31.966656
							],
							[
								-90.199056,
								31.966623
							],
							[
								-90.198897,
								31.966573
							],
							[
								-90.198819,
								31.966544
							],
							[
								-90.198694,
								31.966523
							],
							[
								-90.19849,
								31.966475
							],
							[
								-90.198409,
								31.966452
							],
							[
								-90.198327,
								31.966434
							],
							[
								-90.198129,
								31.96637
							],
							[
								-90.197964,
								31.966334
							],
							[
								-90.197924,
								31.966322
							],
							[
								-90.19773,
								31.966249
							],
							[
								-90.197579,
								31.966183
							],
							[
								-90.197439,
								31.966103
							],
							[
								-90.197318,
								31.966002
							],
							[
								-90.197292,
								31.965973
							],
							[
								-90.197211,
								31.965848
							],
							[
								-90.197112,
								31.965649
							],
							[
								-90.197037,
								31.965406
							],
							[
								-90.197023,
								31.965335
							],
							[
								-90.196993,
								31.965085
							],
							[
								-90.196992,
								31.964942
							],
							[
								-90.197026,
								31.964621
							],
							[
								-90.197074,
								31.96441
							],
							[
								-90.197098,
								31.964341
							],
							[
								-90.197128,
								31.964274
							],
							[
								-90.197149,
								31.964205
							],
							[
								-90.197168,
								31.964098
							],
							[
								-90.19719,
								31.964029
							],
							[
								-90.197224,
								31.963889
							],
							[
								-90.197301,
								31.96361
							],
							[
								-90.197324,
								31.963504
							],
							[
								-90.19736,
								31.963401
							],
							[
								-90.197407,
								31.963189
							],
							[
								-90.197472,
								31.962835
							],
							[
								-90.197488,
								31.962728
							],
							[
								-90.197511,
								31.962622
							],
							[
								-90.197556,
								31.962157
							],
							[
								-90.197612,
								31.961333
							],
							[
								-90.197632,
								31.961155
							],
							[
								-90.197718,
								31.960189
							],
							[
								-90.197774,
								31.959653
							],
							[
								-90.197829,
								31.959298
							],
							[
								-90.197914,
								31.95902
							],
							[
								-90.197963,
								31.958809
							],
							[
								-90.197981,
								31.958667
							],
							[
								-90.198025,
								31.958418
							],
							[
								-90.19806,
								31.958169
							],
							[
								-90.19811,
								31.957869
							],
							[
								-90.197958,
								31.957673
							],
							[
								-90.197096,
								31.957264
							],
							[
								-90.196186,
								31.957048
							],
							[
								-90.194543,
								31.956541
							],
							[
								-90.194493,
								31.956538
							],
							[
								-90.193644,
								31.956552
							],
							[
								-90.193219,
								31.956554
							],
							[
								-90.193049,
								31.956551
							],
							[
								-90.192795,
								31.956539
							],
							[
								-90.192499,
								31.956518
							],
							[
								-90.192331,
								31.956499
							],
							[
								-90.192165,
								31.956468
							],
							[
								-90.192003,
								31.956425
							],
							[
								-90.191687,
								31.956319
							],
							[
								-90.191536,
								31.956255
							],
							[
								-90.191426,
								31.956202
							],
							[
								-90.191209,
								31.956089
							],
							[
								-90.191106,
								31.956026
							],
							[
								-90.190549,
								31.955639
							],
							[
								-90.190513,
								31.955619
							],
							[
								-90.190424,
								31.955545
							],
							[
								-90.19027,
								31.955419
							],
							[
								-90.19016,
								31.955323
							],
							[
								-90.190074,
								31.955248
							],
							[
								-90.190004,
								31.955187
							],
							[
								-90.18949,
								31.95471
							],
							[
								-90.189155,
								31.954386
							],
							[
								-90.189054,
								31.954271
							],
							[
								-90.188997,
								31.954218
							],
							[
								-90.188933,
								31.954125
							],
							[
								-90.18879,
								31.953947
							],
							[
								-90.188467,
								31.953569
							],
							[
								-90.188358,
								31.95346
							],
							[
								-90.18818,
								31.953259
							],
							[
								-90.187981,
								31.952983
							],
							[
								-90.187906,
								31.952854
							],
							[
								-90.187864,
								31.952792
							],
							[
								-90.187757,
								31.952597
							],
							[
								-90.187698,
								31.952463
							],
							[
								-90.187675,
								31.952394
							],
							[
								-90.187638,
								31.952329
							],
							[
								-90.187593,
								31.952228
							],
							[
								-90.187556,
								31.952126
							],
							[
								-90.187526,
								31.952021
							],
							[
								-90.187484,
								31.951809
							],
							[
								-90.187471,
								31.951702
							],
							[
								-90.18748,
								31.951343
							],
							[
								-90.18749,
								31.9512
							],
							[
								-90.187516,
								31.95095
							],
							[
								-90.18756,
								31.950629
							],
							[
								-90.187616,
								31.95031
							],
							[
								-90.187634,
								31.95024
							],
							[
								-90.187752,
								31.949933
							],
							[
								-90.187891,
								31.949685
							],
							[
								-90.187915,
								31.949656
							],
							[
								-90.188081,
								31.949493
							],
							[
								-90.188383,
								31.949295
							],
							[
								-90.188531,
								31.949225
							],
							[
								-90.188638,
								31.949166
							],
							[
								-90.188827,
								31.949086
							],
							[
								-90.188947,
								31.949051
							],
							[
								-90.189031,
								31.949036
							],
							[
								-90.189242,
								31.949024
							],
							[
								-90.18937,
								31.949025
							],
							[
								-90.189491,
								31.949057
							],
							[
								-90.18956,
								31.949099
							],
							[
								-90.189769,
								31.949277
							],
							[
								-90.189823,
								31.949332
							],
							[
								-90.189917,
								31.949452
							],
							[
								-90.189937,
								31.949483
							],
							[
								-90.189951,
								31.949517
							],
							[
								-90.189996,
								31.949692
							],
							[
								-90.190001,
								31.949728
							],
							[
								-90.190007,
								31.950051
							],
							[
								-90.189979,
								31.950768
							],
							[
								-90.189981,
								31.951234
							],
							[
								-90.190018,
								31.951628
							],
							[
								-90.190035,
								31.951698
							],
							[
								-90.190043,
								31.951769
							],
							[
								-90.190065,
								31.951875
							],
							[
								-90.19008,
								31.951982
							],
							[
								-90.190091,
								31.952016
							],
							[
								-90.190152,
								31.95215
							],
							[
								-90.190305,
								31.952523
							],
							[
								-90.190382,
								31.95269
							],
							[
								-90.190485,
								31.952847
							],
							[
								-90.190601,
								31.952997
							],
							[
								-90.190652,
								31.953054
							],
							[
								-90.19074,
								31.953132
							],
							[
								-90.190833,
								31.953206
							],
							[
								-90.19097,
								31.953291
							],
							[
								-90.191083,
								31.95334
							],
							[
								-90.191193,
								31.953394
							],
							[
								-90.191269,
								31.953426
							],
							[
								-90.191425,
								31.953481
							],
							[
								-90.191546,
								31.953517
							],
							[
								-90.191668,
								31.953548
							],
							[
								-90.19171,
								31.953554
							],
							[
								-90.192049,
								31.953565
							],
							[
								-90.192301,
								31.953535
							],
							[
								-90.192422,
								31.953502
							],
							[
								-90.192462,
								31.95349
							],
							[
								-90.192499,
								31.953472
							],
							[
								-90.192578,
								31.953447
							],
							[
								-90.192616,
								31.953431
							],
							[
								-90.192688,
								31.953393
							],
							[
								-90.192756,
								31.95335
							],
							[
								-90.192911,
								31.953228
							],
							[
								-90.193043,
								31.953088
							],
							[
								-90.192811,
								31.953118
							],
							[
								-90.191867,
								31.944108
							],
							[
								-90.192132,
								31.943878
							],
							[
								-90.192191,
								31.943817
							],
							[
								-90.192421,
								31.943677
							],
							[
								-90.192583,
								31.943595
							],
							[
								-90.192921,
								31.943462
							],
							[
								-90.194267,
								31.943159
							],
							[
								-90.194395,
								31.94313
							],
							[
								-90.19443,
								31.943123
							],
							[
								-90.194519,
								31.943106
							],
							[
								-90.194898,
								31.943066
							],
							[
								-90.195026,
								31.943066
							],
							[
								-90.19511,
								31.943075
							],
							[
								-90.195193,
								31.94309
							],
							[
								-90.195397,
								31.943139
							],
							[
								-90.195658,
								31.943182
							],
							[
								-90.197837,
								31.942908
							],
							[
								-90.198256,
								31.941993
							],
							[
								-90.198297,
								31.941904
							],
							[
								-90.197918,
								31.94161
							],
							[
								-90.197802,
								31.94152
							],
							[
								-90.197685,
								31.94143
							],
							[
								-90.197146,
								31.941015
							],
							[
								-90.194528,
								31.939628
							],
							[
								-90.193734,
								31.93956
							],
							[
								-90.19168,
								31.939385
							],
							[
								-90.191385,
								31.93936
							],
							[
								-90.190666,
								31.939958
							],
							[
								-90.19041,
								31.940204
							],
							[
								-90.189702,
								31.940882
							],
							[
								-90.188516,
								31.941541
							],
							[
								-90.186967,
								31.941606
							],
							[
								-90.186216,
								31.940692
							],
							[
								-90.185729,
								31.939921
							],
							[
								-90.185691,
								31.93986
							],
							[
								-90.185653,
								31.939799
							],
							[
								-90.185592,
								31.939703
							],
							[
								-90.185532,
								31.939607
							],
							[
								-90.184893,
								31.938594
							],
							[
								-90.184214,
								31.937729
							],
							[
								-90.183882,
								31.937628
							],
							[
								-90.183788,
								31.9376
							],
							[
								-90.183027,
								31.93737
							],
							[
								-90.182556,
								31.937568
							],
							[
								-90.181652,
								31.937948
							],
							[
								-90.180296,
								31.938917
							],
							[
								-90.180148,
								31.939667
							],
							[
								-90.180193,
								31.939839
							],
							[
								-90.180369,
								31.940282
							],
							[
								-90.180496,
								31.940633
							],
							[
								-90.180834,
								31.941129
							],
							[
								-90.18058,
								31.94212
							],
							[
								-90.179923,
								31.942477
							],
							[
								-90.178698,
								31.942663
							],
							[
								-90.178439,
								31.94243
							],
							[
								-90.178157,
								31.942175
							],
							[
								-90.176071,
								31.939532
							],
							[
								-90.174092,
								31.937215
							],
							[
								-90.173154,
								31.936331
							],
							[
								-90.172215,
								31.935447
							],
							[
								-90.172074,
								31.935314
							],
							[
								-90.171933,
								31.935182
							],
							[
								-90.171642,
								31.934908
							],
							[
								-90.170899,
								31.933914
							],
							[
								-90.170052,
								31.93278
							],
							[
								-90.169803,
								31.932445
							],
							[
								-90.168325,
								31.930549
							],
							[
								-90.1683,
								31.930493
							],
							[
								-90.16647,
								31.926446
							],
							[
								-90.166463,
								31.92571
							],
							[
								-90.166586,
								31.924241
							],
							[
								-90.166639,
								31.923601
							],
							[
								-90.167379,
								31.922562
							],
							[
								-90.167928,
								31.921789
							],
							[
								-90.168506,
								31.920978
							],
							[
								-90.168897,
								31.920146
							],
							[
								-90.169166,
								31.919571
							],
							[
								-90.169436,
								31.918996
							],
							[
								-90.169703,
								31.918427
							],
							[
								-90.169786,
								31.91764
							],
							[
								-90.1701,
								31.914677
							],
							[
								-90.170124,
								31.911789
							],
							[
								-90.170128,
								31.911279
							],
							[
								-90.170132,
								31.910769
							],
							[
								-90.170136,
								31.910328
							],
							[
								-90.170354,
								31.908453
							],
							[
								-90.170351,
								31.90816
							],
							[
								-90.170326,
								31.905615
							],
							[
								-90.170326,
								31.905576
							],
							[
								-90.170276,
								31.904472
							],
							[
								-90.169717,
								31.903874
							],
							[
								-90.169518,
								31.903765
							],
							[
								-90.169096,
								31.903534
							],
							[
								-90.168673,
								31.903302
							],
							[
								-90.168329,
								31.903114
							],
							[
								-90.167986,
								31.903073
							],
							[
								-90.167372,
								31.902999
							],
							[
								-90.166757,
								31.902925
							],
							[
								-90.165961,
								31.90283
							],
							[
								-90.164492,
								31.902673
							],
							[
								-90.163908,
								31.90261
							],
							[
								-90.161653,
								31.901856
							],
							[
								-90.161443,
								31.901757
							],
							[
								-90.160188,
								31.901164
							],
							[
								-90.159156,
								31.900536
							],
							[
								-90.157841,
								31.899073
							],
							[
								-90.155496,
								31.897182
							],
							[
								-90.153651,
								31.896274
							],
							[
								-90.15201,
								31.895467
							],
							[
								-90.151748,
								31.895368
							],
							[
								-90.148092,
								31.893988
							],
							[
								-90.145716,
								31.892867
							],
							[
								-90.144083,
								31.891105
							],
							[
								-90.143751,
								31.890577
							],
							[
								-90.141753,
								31.887391
							],
							[
								-90.141626,
								31.886911
							],
							[
								-90.14041,
								31.882299
							],
							[
								-90.139836,
								31.879994
							],
							[
								-90.138392,
								31.87549
							],
							[
								-90.138341,
								31.875319
							]
						]
					]
				]
			}
		},
		{
			"type": "Feature",
			"properties": {
				"locationID": "cou002",
				"Location/feature name (incl. historical names)": "Macon County",
				"Geometry type": "polygon",
				"Geography type": "county",
				"Country": "USA",
				"Region": "",
				"State/Province": "Georgia",
				"County": "Macon",
				"City": "",
				"Neighborhood (incl. boroughs)": "",
				"Street address": "",
				"Notes": "",
				"Source": "",
				"songs": [
					{
						"title": "Going to Georgia",
						"album": "Zopilote Machine",
						"albums": [
							"Zopilote Machine"
						],
						"lyric": "\"The world shines as I cross the Macon county line\""
					}
				]
			},
			"geometry": {
				"type": "MultiPolygon",
				"coordinates": [
					[
						[
							[
								-84.053227,
								32.522731
							],
							[
								-84.053147,
								32.523422
							],
							[
								-84.053144,
								32.523448
							],
							[
								-84.053009,
								32.52782
							],
							[
								-84.052952,
								32.530602
							],
							[
								-84.045594,
								32.530499
							],
							[
								-84.035943,
								32.530363
							],
							[
								-84.03447,
								32.530343
							],
							[
								-84.033966,
								32.530336
							],
							[
								-84.018547,
								32.530121
							],
							[
								-84.011624,
								32.530025
							],
							[
								-84.004528,
								32.529944
							],
							[
								-84.004182,
								32.529939
							],
							[
								-84.003477,
								32.529927
							],
							[
								-84.003363,
								32.529927
							],
							[
								-84.003367,
								32.52972
							],
							[
								-84.003373,
								32.529624
							],
							[
								-84.003515,
								32.529156
							],
							[
								-84.003458,
								32.528306
							],
							[
								-84.0034,
								32.527455
							],
							[
								-84.003362,
								32.526885
							],
							[
								-84.002848,
								32.526259
							],
							[
								-84.002379,
								32.525688
							],
							[
								-84.00191,
								32.525117
							],
							[
								-84.001747,
								32.524918
							],
							[
								-84.001312,
								32.524075
							],
							[
								-84.001321,
								32.522643
							],
							[
								-84.001104,
								32.522329
							],
							[
								-84.000559,
								32.521544
							],
							[
								-84.000583,
								32.521445
							],
							[
								-84.000687,
								32.521015
							],
							[
								-84.001069,
								32.520586
							],
							[
								-84.001441,
								32.520578
							],
							[
								-84.001733,
								32.520778
							],
							[
								-84.002074,
								32.520975
							],
							[
								-84.002372,
								32.52115
							],
							[
								-84.002669,
								32.521324
							],
							[
								-84.003763,
								32.521057
							],
							[
								-84.004385,
								32.52098
							],
							[
								-84.004408,
								32.520997
							],
							[
								-84.004794,
								32.521358
							],
							[
								-84.005496,
								32.521517
							],
							[
								-84.006178,
								32.521683
							],
							[
								-84.006362,
								32.521808
							],
							[
								-84.006894,
								32.522176
							],
							[
								-84.007258,
								32.522967
							],
							[
								-84.007575,
								32.522959
							],
							[
								-84.007753,
								32.522954
							],
							[
								-84.007904,
								32.522895
							],
							[
								-84.008142,
								32.52264
							],
							[
								-84.008299,
								32.522394
							],
							[
								-84.008455,
								32.521989
							],
							[
								-84.008478,
								32.521977
							],
							[
								-84.008508,
								32.521963
							],
							[
								-84.00849,
								32.521769
							],
							[
								-84.008773,
								32.521769
							],
							[
								-84.0094,
								32.521773
							],
							[
								-84.027354,
								32.52187
							],
							[
								-84.028701,
								32.521878
							],
							[
								-84.035508,
								32.521915
							],
							[
								-84.036193,
								32.521918
							],
							[
								-84.039026,
								32.521935
							],
							[
								-84.047154,
								32.521983
							],
							[
								-84.049485,
								32.521997
							],
							[
								-84.049517,
								32.521998
							],
							[
								-84.051358,
								32.522046
							],
							[
								-84.051524,
								32.52205
							],
							[
								-84.05331,
								32.522021
							],
							[
								-84.053227,
								32.522731
							]
						]
					],
					[
						[
							[
								-83.836855,
								32.422951
							],
							[
								-83.836855,
								32.422911
							],
							[
								-83.836845,
								32.421496
							],
							[
								-83.836796,
								32.414787
							],
							[
								-83.836796,
								32.414765
							],
							[
								-83.836796,
								32.414745
							],
							[
								-83.836796,
								32.414718
							],
							[
								-83.836777,
								32.414705
							],
							[
								-83.836719,
								32.414665
							],
							[
								-83.836876,
								32.405617
							],
							[
								-83.836904,
								32.40182
							],
							[
								-83.836905,
								32.401765
							],
							[
								-83.836905,
								32.401746
							],
							[
								-83.836906,
								32.401536
							],
							[
								-83.836907,
								32.401407
							],
							[
								-83.836908,
								32.401325
							],
							[
								-83.836909,
								32.401242
							],
							[
								-83.836915,
								32.400432
							],
							[
								-83.836917,
								32.400185
							],
							[
								-83.836917,
								32.400137
							],
							[
								-83.836917,
								32.400125
							],
							[
								-83.83695,
								32.395309
							],
							[
								-83.836951,
								32.395226
							],
							[
								-83.83696,
								32.393934
							],
							[
								-83.836994,
								32.388793
							],
							[
								-83.837041,
								32.382195
							],
							[
								-83.842532,
								32.382252
							],
							[
								-83.842729,
								32.382254
							],
							[
								-83.843702,
								32.382264
							],
							[
								-83.8464,
								32.382292
							],
							[
								-83.846619,
								32.382294
							],
							[
								-83.84674,
								32.382296
							],
							[
								-83.85654,
								32.382399
							],
							[
								-83.856653,
								32.379775
							],
							[
								-83.856851,
								32.375154
							],
							[
								-83.856593,
								32.369587
							],
							[
								-83.856591,
								32.36929
							],
							[
								-83.856589,
								32.362809
							],
							[
								-83.856587,
								32.357774
							],
							[
								-83.855614,
								32.357771
							],
							[
								-83.847386,
								32.357741
							],
							[
								-83.847055,
								32.35774
							],
							[
								-83.847005,
								32.35774
							],
							[
								-83.846986,
								32.35774
							],
							[
								-83.846966,
								32.357739
							],
							[
								-83.846936,
								32.357739
							],
							[
								-83.846877,
								32.357739
							],
							[
								-83.846831,
								32.357738
							],
							[
								-83.846831,
								32.357615
							],
							[
								-83.846833,
								32.357539
							],
							[
								-83.846849,
								32.356813
							],
							[
								-83.846982,
								32.351098
							],
							[
								-83.847063,
								32.347614
							],
							[
								-83.847064,
								32.347583
							],
							[
								-83.847067,
								32.347549
							],
							[
								-83.847065,
								32.347535
							],
							[
								-83.847068,
								32.347398
							],
							[
								-83.847119,
								32.345208
							],
							[
								-83.847167,
								32.3431
							],
							[
								-83.847251,
								32.339481
							],
							[
								-83.847286,
								32.33797
							],
							[
								-83.847328,
								32.336137
							],
							[
								-83.847393,
								32.333326
							],
							[
								-83.847397,
								32.33314
							],
							[
								-83.847404,
								32.332839
							],
							[
								-83.847405,
								32.332809
							],
							[
								-83.847406,
								32.332761
							],
							[
								-83.847425,
								32.331952
							],
							[
								-83.847611,
								32.323512
							],
							[
								-83.848097,
								32.302852
							],
							[
								-83.848367,
								32.291591
							],
							[
								-83.848369,
								32.291525
							],
							[
								-83.848379,
								32.29097
							],
							[
								-83.854211,
								32.291062
							],
							[
								-83.854469,
								32.291066
							],
							[
								-83.864695,
								32.291226
							],
							[
								-83.864821,
								32.291228
							],
							[
								-83.86532,
								32.291234
							],
							[
								-83.865358,
								32.291235
							],
							[
								-83.870241,
								32.291314
							],
							[
								-83.875838,
								32.2914
							],
							[
								-83.880889,
								32.291485
							],
							[
								-83.881488,
								32.29152
							],
							[
								-83.88298,
								32.291642
							],
							[
								-83.884807,
								32.291734
							],
							[
								-83.885479,
								32.291769
							],
							[
								-83.887584,
								32.291905
							],
							[
								-83.88867,
								32.291984
							],
							[
								-83.889052,
								32.291977
							],
							[
								-83.889489,
								32.292033
							],
							[
								-83.88987,
								32.292103
							],
							[
								-83.89419,
								32.292171
							],
							[
								-83.894459,
								32.292169
							],
							[
								-83.894505,
								32.29217
							],
							[
								-83.894598,
								32.292172
							],
							[
								-83.894777,
								32.292175
							],
							[
								-83.894946,
								32.29214
							],
							[
								-83.89507,
								32.292098
							],
							[
								-83.895143,
								32.292074
							],
							[
								-83.895153,
								32.292069
							],
							[
								-83.895327,
								32.291983
							],
							[
								-83.895491,
								32.291877
							],
							[
								-83.895591,
								32.291773
							],
							[
								-83.895686,
								32.291665
							],
							[
								-83.895772,
								32.291551
							],
							[
								-83.895984,
								32.291226
							],
							[
								-83.89605,
								32.291103
							],
							[
								-83.896106,
								32.290975
							],
							[
								-83.89615,
								32.290844
							],
							[
								-83.896183,
								32.290712
							],
							[
								-83.896412,
								32.29025
							],
							[
								-83.896466,
								32.290211
							],
							[
								-83.89652,
								32.290172
							],
							[
								-83.896663,
								32.290115
							],
							[
								-83.89682,
								32.290092
							],
							[
								-83.896911,
								32.290093
							],
							[
								-83.896994,
								32.290094
							],
							[
								-83.897151,
								32.29007
							],
							[
								-83.897302,
								32.290027
							],
							[
								-83.89733,
								32.290014
							],
							[
								-83.897443,
								32.289963
							],
							[
								-83.89757,
								32.289883
							],
							[
								-83.897616,
								32.289813
							],
							[
								-83.897718,
								32.289658
							],
							[
								-83.897785,
								32.289557
							],
							[
								-83.897829,
								32.28943
							],
							[
								-83.897845,
								32.289296
							],
							[
								-83.897833,
								32.289161
							],
							[
								-83.897793,
								32.289029
							],
							[
								-83.897727,
								32.288908
							],
							[
								-83.897655,
								32.288821
							],
							[
								-83.897636,
								32.288798
							],
							[
								-83.897597,
								32.288696
							],
							[
								-83.897553,
								32.288561
							],
							[
								-83.897487,
								32.2883
							],
							[
								-83.897463,
								32.288167
							],
							[
								-83.897446,
								32.288033
							],
							[
								-83.897435,
								32.287899
							],
							[
								-83.897443,
								32.287801
							],
							[
								-83.897425,
								32.287667
							],
							[
								-83.897345,
								32.287551
							],
							[
								-83.897208,
								32.28727
							],
							[
								-83.897097,
								32.286802
							],
							[
								-83.897062,
								32.286693
							],
							[
								-83.897049,
								32.286558
							],
							[
								-83.897059,
								32.286454
							],
							[
								-83.897093,
								32.286338
							],
							[
								-83.897159,
								32.286215
							],
							[
								-83.897197,
								32.28617
							],
							[
								-83.897364,
								32.285973
							],
							[
								-83.897441,
								32.285854
							],
							[
								-83.897503,
								32.28573
							],
							[
								-83.897549,
								32.2856
							],
							[
								-83.897511,
								32.285359
							],
							[
								-83.897505,
								32.285272
							],
							[
								-83.897489,
								32.285089
							],
							[
								-83.897486,
								32.284819
							],
							[
								-83.897492,
								32.284684
							],
							[
								-83.897505,
								32.28456
							],
							[
								-83.897518,
								32.284513
							],
							[
								-83.89754,
								32.28443
							],
							[
								-83.897546,
								32.284326
							],
							[
								-83.897523,
								32.284229
							],
							[
								-83.897518,
								32.28421
							],
							[
								-83.897523,
								32.284174
							],
							[
								-83.897543,
								32.284077
							],
							[
								-83.897547,
								32.283942
							],
							[
								-83.897533,
								32.283807
							],
							[
								-83.89753,
								32.283795
							],
							[
								-83.897456,
								32.283543
							],
							[
								-83.897431,
								32.283422
							],
							[
								-83.897428,
								32.28341
							],
							[
								-83.897379,
								32.28313
							],
							[
								-83.897292,
								32.282871
							],
							[
								-83.897259,
								32.282721
							],
							[
								-83.897251,
								32.282682
							],
							[
								-83.897262,
								32.282659
							],
							[
								-83.897357,
								32.282458
							],
							[
								-83.897461,
								32.282203
							],
							[
								-83.897503,
								32.281784
							],
							[
								-83.897493,
								32.281658
							],
							[
								-83.89749,
								32.281523
							],
							[
								-83.897495,
								32.281388
							],
							[
								-83.897488,
								32.281175
							],
							[
								-83.897488,
								32.281157
							],
							[
								-83.897481,
								32.280977
							],
							[
								-83.897491,
								32.280951
							],
							[
								-83.8975,
								32.280928
							],
							[
								-83.897528,
								32.280855
							],
							[
								-83.897628,
								32.280741
							],
							[
								-83.897747,
								32.280667
							],
							[
								-83.897782,
								32.280647
							],
							[
								-83.897846,
								32.280611
							],
							[
								-83.897999,
								32.280605
							],
							[
								-83.898074,
								32.280636
							],
							[
								-83.898142,
								32.280664
							],
							[
								-83.898297,
								32.280685
							],
							[
								-83.898448,
								32.280647
							],
							[
								-83.898565,
								32.280557
							],
							[
								-83.898767,
								32.280256
							],
							[
								-83.898843,
								32.280182
							],
							[
								-83.898986,
								32.280125
							],
							[
								-83.899144,
								32.280133
							],
							[
								-83.899464,
								32.280199
							],
							[
								-83.899603,
								32.280248
							],
							[
								-83.899761,
								32.280262
							],
							[
								-83.899916,
								32.280233
							],
							[
								-83.900053,
								32.280164
							],
							[
								-83.900159,
								32.280065
							],
							[
								-83.900209,
								32.279966
							],
							[
								-83.900289,
								32.27985
							],
							[
								-83.900406,
								32.279759
							],
							[
								-83.900499,
								32.279721
							],
							[
								-83.900549,
								32.2797
							],
							[
								-83.901079,
								32.279631
							],
							[
								-83.901102,
								32.279628
							],
							[
								-83.90125,
								32.279581
							],
							[
								-83.901379,
								32.279502
							],
							[
								-83.901482,
								32.279411
							],
							[
								-83.901611,
								32.279333
							],
							[
								-83.901759,
								32.279293
							],
							[
								-83.901913,
								32.279325
							],
							[
								-83.902067,
								32.279303
							],
							[
								-83.902678,
								32.279193
							],
							[
								-83.903054,
								32.27914
							],
							[
								-83.903304,
								32.279105
							],
							[
								-83.903474,
								32.27908
							],
							[
								-83.903916,
								32.278961
							],
							[
								-83.904215,
								32.278869
							],
							[
								-83.904355,
								32.27881
							],
							[
								-83.904405,
								32.278803
							],
							[
								-83.904511,
								32.278785
							],
							[
								-83.904744,
								32.278796
							],
							[
								-83.904829,
								32.278801
							],
							[
								-83.904987,
								32.278815
							],
							[
								-83.905302,
								32.278855
							],
							[
								-83.905612,
								32.278913
							],
							[
								-83.905759,
								32.278971
							],
							[
								-83.905913,
								32.279003
							],
							[
								-83.906072,
								32.279006
							],
							[
								-83.906228,
								32.278982
							],
							[
								-83.906376,
								32.278931
							],
							[
								-83.906521,
								32.278877
							],
							[
								-83.906819,
								32.278782
							],
							[
								-83.906943,
								32.278773
							],
							[
								-83.907135,
								32.278757
							],
							[
								-83.90719,
								32.278745
							],
							[
								-83.907209,
								32.278741
							],
							[
								-83.907881,
								32.278601
							],
							[
								-83.90799,
								32.278503
							],
							[
								-83.908043,
								32.278377
							],
							[
								-83.908075,
								32.278245
							],
							[
								-83.908085,
								32.278109
							],
							[
								-83.90807,
								32.277974
							],
							[
								-83.908068,
								32.277731
							],
							[
								-83.908056,
								32.277462
							],
							[
								-83.908035,
								32.277321
							],
							[
								-83.908159,
								32.277242
							],
							[
								-83.908401,
								32.276912
							],
							[
								-83.90848,
								32.276795
							],
							[
								-83.908726,
								32.2763
							],
							[
								-83.908921,
								32.276093
							],
							[
								-83.909017,
								32.275967
							],
							[
								-83.909249,
								32.275796
							],
							[
								-83.909358,
								32.275722
							],
							[
								-83.909417,
								32.275682
							],
							[
								-83.909514,
								32.275598
							],
							[
								-83.909677,
								32.275568
							],
							[
								-83.909906,
								32.275585
							],
							[
								-83.910211,
								32.275531
							],
							[
								-83.910253,
								32.275523
							],
							[
								-83.91049,
								32.275473
							],
							[
								-83.910601,
								32.27545
							],
							[
								-83.910744,
								32.275505
							],
							[
								-83.910871,
								32.275467
							],
							[
								-83.910897,
								32.275462
							],
							[
								-83.911077,
								32.275427
							],
							[
								-83.911281,
								32.275377
							],
							[
								-83.911481,
								32.275317
							],
							[
								-83.911619,
								32.275269
							],
							[
								-83.911956,
								32.275015
							],
							[
								-83.912127,
								32.274908
							],
							[
								-83.912278,
								32.274782
							],
							[
								-83.912406,
								32.274639
							],
							[
								-83.912544,
								32.274413
							],
							[
								-83.912593,
								32.274126
							],
							[
								-83.912558,
								32.273972
							],
							[
								-83.912473,
								32.273879
							],
							[
								-83.912463,
								32.273868
							],
							[
								-83.91247,
								32.273853
							],
							[
								-83.912559,
								32.273669
							],
							[
								-83.91299,
								32.273286
							],
							[
								-83.913001,
								32.273276
							],
							[
								-83.913168,
								32.273221
							],
							[
								-83.913291,
								32.27318
							],
							[
								-83.913499,
								32.273152
							],
							[
								-83.91367,
								32.273047
							],
							[
								-83.913781,
								32.272812
							],
							[
								-83.913858,
								32.272585
							],
							[
								-83.913932,
								32.272446
							],
							[
								-83.913945,
								32.272422
							],
							[
								-83.914097,
								32.272298
							],
							[
								-83.914218,
								32.272247
							],
							[
								-83.914688,
								32.271965
							],
							[
								-83.914834,
								32.271884
							],
							[
								-83.914959,
								32.271849
							],
							[
								-83.915015,
								32.271833
							],
							[
								-83.915141,
								32.271771
							],
							[
								-83.915293,
								32.271735
							],
							[
								-83.915461,
								32.271641
							],
							[
								-83.915602,
								32.2716
							],
							[
								-83.915757,
								32.27162
							],
							[
								-83.915815,
								32.271641
							],
							[
								-83.91594,
								32.271686
							],
							[
								-83.916095,
								32.271662
							],
							[
								-83.916127,
								32.271641
							],
							[
								-83.916219,
								32.27158
							],
							[
								-83.916337,
								32.271536
							],
							[
								-83.916387,
								32.271517
							],
							[
								-83.916517,
								32.271437
							],
							[
								-83.916537,
								32.271416
							],
							[
								-83.916616,
								32.271332
							],
							[
								-83.916768,
								32.271278
							],
							[
								-83.916787,
								32.271271
							],
							[
								-83.916865,
								32.271243
							],
							[
								-83.9171,
								32.271175
							],
							[
								-83.917417,
								32.27107
							],
							[
								-83.917692,
								32.271044
							],
							[
								-83.917864,
								32.271
							],
							[
								-83.918025,
								32.270969
							],
							[
								-83.918285,
								32.270846
							],
							[
								-83.918325,
								32.270826
							],
							[
								-83.91846,
								32.270806
							],
							[
								-83.918617,
								32.270789
							],
							[
								-83.918777,
								32.270783
							],
							[
								-83.918918,
								32.270803
							],
							[
								-83.919075,
								32.270791
							],
							[
								-83.919429,
								32.270688
							],
							[
								-83.919468,
								32.270677
							],
							[
								-83.919577,
								32.270632
							],
							[
								-83.919734,
								32.270632
							],
							[
								-83.919777,
								32.270647
							],
							[
								-83.919881,
								32.270683
							],
							[
								-83.920039,
								32.270682
							],
							[
								-83.92018,
								32.270623
							],
							[
								-83.920301,
								32.270536
							],
							[
								-83.920423,
								32.270417
							],
							[
								-83.920558,
								32.270345
							],
							[
								-83.920784,
								32.27029
							],
							[
								-83.920968,
								32.270277
							],
							[
								-83.92109,
								32.27028
							],
							[
								-83.921268,
								32.27019
							],
							[
								-83.921369,
								32.270113
							],
							[
								-83.921543,
								32.269981
							],
							[
								-83.921655,
								32.269947
							],
							[
								-83.9217,
								32.269933
							],
							[
								-83.921808,
								32.269891
							],
							[
								-83.921893,
								32.269873
							],
							[
								-83.921965,
								32.269858
							],
							[
								-83.922111,
								32.269897
							],
							[
								-83.9223,
								32.269975
							],
							[
								-83.922478,
								32.269937
							],
							[
								-83.922567,
								32.269926
							],
							[
								-83.922628,
								32.269919
							],
							[
								-83.922777,
								32.269871
							],
							[
								-83.923059,
								32.269739
							],
							[
								-83.923111,
								32.269714
							],
							[
								-83.923216,
								32.26968
							],
							[
								-83.923251,
								32.269669
							],
							[
								-83.923278,
								32.269656
							],
							[
								-83.923389,
								32.269601
							],
							[
								-83.923416,
								32.269582
							],
							[
								-83.923511,
								32.269515
							],
							[
								-83.923615,
								32.269413
							],
							[
								-83.923633,
								32.269342
							],
							[
								-83.923648,
								32.269281
							],
							[
								-83.923764,
								32.269191
							],
							[
								-83.923777,
								32.269183
							],
							[
								-83.923887,
								32.269112
							],
							[
								-83.923913,
								32.269022
							],
							[
								-83.923924,
								32.268983
							],
							[
								-83.923965,
								32.268884
							],
							[
								-83.924029,
								32.26876
							],
							[
								-83.924106,
								32.268644
							],
							[
								-83.92418,
								32.268553
							],
							[
								-83.924197,
								32.268532
							],
							[
								-83.924241,
								32.268488
							],
							[
								-83.9243,
								32.26843
							],
							[
								-83.924346,
								32.2684
							],
							[
								-83.924591,
								32.26824
							],
							[
								-83.924798,
								32.268031
							],
							[
								-83.924919,
								32.267946
							],
							[
								-83.925027,
								32.267846
							],
							[
								-83.925119,
								32.267735
							],
							[
								-83.925193,
								32.267615
							],
							[
								-83.925247,
								32.267488
							],
							[
								-83.925356,
								32.267285
							],
							[
								-83.925436,
								32.267136
							],
							[
								-83.925522,
								32.267041
							],
							[
								-83.925648,
								32.266958
							],
							[
								-83.925792,
								32.266902
							],
							[
								-83.925939,
								32.266851
							],
							[
								-83.925968,
								32.266852
							],
							[
								-83.926089,
								32.266858
							],
							[
								-83.926196,
								32.266958
							],
							[
								-83.926287,
								32.267068
							],
							[
								-83.926315,
								32.267113
							],
							[
								-83.926438,
								32.26731
							],
							[
								-83.926588,
								32.267336
							],
							[
								-83.926735,
								32.267282
							],
							[
								-83.926864,
								32.267206
							],
							[
								-83.927173,
								32.26708
							],
							[
								-83.927212,
								32.267069
							],
							[
								-83.92755,
								32.266973
							],
							[
								-83.92791,
								32.26687
							],
							[
								-83.927928,
								32.266865
							],
							[
								-83.927966,
								32.266869
							],
							[
								-83.928059,
								32.266879
							],
							[
								-83.928202,
								32.266819
							],
							[
								-83.928334,
								32.266744
							],
							[
								-83.928454,
								32.266655
							],
							[
								-83.928528,
								32.266537
							],
							[
								-83.928535,
								32.266402
							],
							[
								-83.928521,
								32.266272
							],
							[
								-83.928507,
								32.266134
							],
							[
								-83.928508,
								32.265999
							],
							[
								-83.92855,
								32.265866
							],
							[
								-83.928626,
								32.265752
							],
							[
								-83.928735,
								32.265653
							],
							[
								-83.928868,
								32.26558
							],
							[
								-83.929018,
								32.265535
							],
							[
								-83.929375,
								32.265501
							],
							[
								-83.929418,
								32.265495
							],
							[
								-83.929731,
								32.265448
							],
							[
								-83.929893,
								32.265455
							],
							[
								-83.929932,
								32.265467
							],
							[
								-83.930037,
								32.265501
							],
							[
								-83.930126,
								32.265611
							],
							[
								-83.930142,
								32.265639
							],
							[
								-83.930195,
								32.265729
							],
							[
								-83.930302,
								32.265828
							],
							[
								-83.930429,
								32.265846
							],
							[
								-83.930457,
								32.26585
							],
							[
								-83.930616,
								32.265858
							],
							[
								-83.930775,
								32.265856
							],
							[
								-83.930867,
								32.265846
							],
							[
								-83.93106,
								32.265825
							],
							[
								-83.93126,
								32.265816
							],
							[
								-83.931378,
								32.265811
							],
							[
								-83.93153,
								32.265774
							],
							[
								-83.931664,
								32.265704
							],
							[
								-83.931732,
								32.265583
							],
							[
								-83.931732,
								32.265558
							],
							[
								-83.931732,
								32.265448
							],
							[
								-83.931697,
								32.265317
							],
							[
								-83.931682,
								32.265286
							],
							[
								-83.931627,
								32.265168
							],
							[
								-83.931608,
								32.265034
							],
							[
								-83.931634,
								32.264901
							],
							[
								-83.931701,
								32.264775
							],
							[
								-83.931705,
								32.264731
							],
							[
								-83.931713,
								32.26464
							],
							[
								-83.931718,
								32.264505
							],
							[
								-83.931779,
								32.264383
							],
							[
								-83.931891,
								32.264288
							],
							[
								-83.932026,
								32.264214
							],
							[
								-83.932094,
								32.26419
							],
							[
								-83.932116,
								32.264182
							],
							[
								-83.932172,
								32.264162
							],
							[
								-83.932327,
								32.264133
							],
							[
								-83.932615,
								32.264125
							],
							[
								-83.932706,
								32.264107
							],
							[
								-83.93277,
								32.264094
							],
							[
								-83.932917,
								32.264043
							],
							[
								-83.932988,
								32.264006
							],
							[
								-83.933053,
								32.263973
							],
							[
								-83.93319,
								32.26393
							],
							[
								-83.933294,
								32.263875
							],
							[
								-83.933326,
								32.263858
							],
							[
								-83.933416,
								32.263748
							],
							[
								-83.933467,
								32.263621
							],
							[
								-83.933471,
								32.263486
							],
							[
								-83.933458,
								32.263367
							],
							[
								-83.933495,
								32.263233
							],
							[
								-83.933611,
								32.263187
							],
							[
								-83.933872,
								32.263134
							],
							[
								-83.933945,
								32.263119
							],
							[
								-83.933969,
								32.263051
							],
							[
								-83.93398,
								32.263017
							],
							[
								-83.933989,
								32.262994
							],
							[
								-83.933988,
								32.262749
							],
							[
								-83.933897,
								32.262361
							],
							[
								-83.93389,
								32.262276
							],
							[
								-83.933889,
								32.262259
							],
							[
								-83.933949,
								32.262136
							],
							[
								-83.934074,
								32.262054
							],
							[
								-83.934416,
								32.261969
							],
							[
								-83.934809,
								32.261961
							],
							[
								-83.934924,
								32.261954
							],
							[
								-83.935068,
								32.262008
							],
							[
								-83.935154,
								32.26212
							],
							[
								-83.935248,
								32.262202
							],
							[
								-83.935378,
								32.262279
							],
							[
								-83.935443,
								32.262303
							],
							[
								-83.935524,
								32.262332
							],
							[
								-83.935681,
								32.262346
							],
							[
								-83.93581,
								32.26233
							],
							[
								-83.935838,
								32.262326
							],
							[
								-83.935988,
								32.262279
							],
							[
								-83.936091,
								32.262242
							],
							[
								-83.936133,
								32.262227
							],
							[
								-83.936274,
								32.262165
							],
							[
								-83.936407,
								32.262089
							],
							[
								-83.936525,
								32.262
							],
							[
								-83.936631,
								32.261898
							],
							[
								-83.936777,
								32.261719
							],
							[
								-83.936817,
								32.261701
							],
							[
								-83.937048,
								32.261594
							],
							[
								-83.937192,
								32.261538
							],
							[
								-83.93734,
								32.261485
							],
							[
								-83.937489,
								32.261439
							],
							[
								-83.937642,
								32.261408
							],
							[
								-83.937789,
								32.261355
							],
							[
								-83.93792,
								32.261279
							],
							[
								-83.938043,
								32.261196
							],
							[
								-83.938143,
								32.261146
							],
							[
								-83.938179,
								32.261128
							],
							[
								-83.938328,
								32.261077
							],
							[
								-83.938612,
								32.261024
							],
							[
								-83.938763,
								32.260984
							],
							[
								-83.93891,
								32.260931
							],
							[
								-83.938948,
								32.260923
							],
							[
								-83.939031,
								32.260907
							],
							[
								-83.93919,
								32.260876
							],
							[
								-83.939332,
								32.260841
							],
							[
								-83.939488,
								32.260859
							],
							[
								-83.939622,
								32.26093
							],
							[
								-83.939763,
								32.260986
							],
							[
								-83.939912,
								32.260945
							],
							[
								-83.939961,
								32.260915
							],
							[
								-83.940032,
								32.260871
							],
							[
								-83.940181,
								32.260824
							],
							[
								-83.94034,
								32.260816
							],
							[
								-83.940492,
								32.260812
							],
							[
								-83.940648,
								32.260786
							],
							[
								-83.941225,
								32.260599
							],
							[
								-83.94134,
								32.260559
							],
							[
								-83.941493,
								32.260523
							],
							[
								-83.941614,
								32.260509
							],
							[
								-83.941836,
								32.260483
							],
							[
								-83.941977,
								32.260421
							],
							[
								-83.942086,
								32.260323
							],
							[
								-83.942171,
								32.260183
							],
							[
								-83.942255,
								32.260078
							],
							[
								-83.942367,
								32.259982
							],
							[
								-83.94244,
								32.25994
							],
							[
								-83.94247,
								32.259925
							],
							[
								-83.942501,
								32.259908
							],
							[
								-83.943025,
								32.259796
							],
							[
								-83.9431,
								32.259788
							],
							[
								-83.943178,
								32.259779
							],
							[
								-83.943333,
								32.259755
							],
							[
								-83.943489,
								32.259723
							],
							[
								-83.943641,
								32.259684
							],
							[
								-83.943786,
								32.259638
							],
							[
								-83.943959,
								32.259583
							],
							[
								-83.944103,
								32.259527
							],
							[
								-83.944112,
								32.259521
							],
							[
								-83.944238,
								32.259456
							],
							[
								-83.944362,
								32.259372
							],
							[
								-83.944856,
								32.259147
							],
							[
								-83.945152,
								32.258941
							],
							[
								-83.945235,
								32.258831
							],
							[
								-83.945284,
								32.258702
							],
							[
								-83.945293,
								32.258569
							],
							[
								-83.945262,
								32.258437
							],
							[
								-83.945256,
								32.258395
							],
							[
								-83.945246,
								32.258318
							],
							[
								-83.945275,
								32.258186
							],
							[
								-83.945306,
								32.258136
							],
							[
								-83.945349,
								32.258066
							],
							[
								-83.94536,
								32.258054
							],
							[
								-83.945453,
								32.257952
							],
							[
								-83.945561,
								32.257855
							],
							[
								-83.945575,
								32.25785
							],
							[
								-83.945705,
								32.2578
							],
							[
								-83.945886,
								32.257773
							],
							[
								-83.946028,
								32.257713
							],
							[
								-83.946148,
								32.257624
							],
							[
								-83.946299,
								32.257422
							],
							[
								-83.946375,
								32.257303
							],
							[
								-83.946442,
								32.25718
							],
							[
								-83.946573,
								32.25683
							],
							[
								-83.946583,
								32.256804
							],
							[
								-83.946602,
								32.256754
							],
							[
								-83.946738,
								32.256526
							],
							[
								-83.947386,
								32.255673
							],
							[
								-83.947429,
								32.255578
							],
							[
								-83.947475,
								32.25545
							],
							[
								-83.947504,
								32.255316
							],
							[
								-83.9475,
								32.255183
							],
							[
								-83.947495,
								32.255172
							],
							[
								-83.94744,
								32.255059
							],
							[
								-83.947343,
								32.254956
							],
							[
								-83.947293,
								32.254829
							],
							[
								-83.947303,
								32.25477
							],
							[
								-83.947307,
								32.254741
							],
							[
								-83.947315,
								32.254694
							],
							[
								-83.947392,
								32.254576
							],
							[
								-83.947488,
								32.254469
							],
							[
								-83.947566,
								32.254403
							],
							[
								-83.947602,
								32.254373
							],
							[
								-83.947736,
								32.254303
							],
							[
								-83.947888,
								32.254264
							],
							[
								-83.948046,
								32.254258
							],
							[
								-83.948205,
								32.254278
							],
							[
								-83.948247,
								32.254289
							],
							[
								-83.948356,
								32.254317
							],
							[
								-83.948503,
								32.254371
							],
							[
								-83.94864,
								32.254437
							],
							[
								-83.948797,
								32.25445
							],
							[
								-83.948938,
								32.254391
							],
							[
								-83.948981,
								32.254369
							],
							[
								-83.949075,
								32.254322
							],
							[
								-83.949216,
								32.254258
							],
							[
								-83.949361,
								32.254205
							],
							[
								-83.949511,
								32.254159
							],
							[
								-83.949663,
								32.25412
							],
							[
								-83.949792,
								32.254096
							],
							[
								-83.949819,
								32.254091
							],
							[
								-83.949976,
								32.254071
							],
							[
								-83.950135,
								32.254058
							],
							[
								-83.950294,
								32.254057
							],
							[
								-83.950452,
								32.254064
							],
							[
								-83.950606,
								32.254081
							],
							[
								-83.950765,
								32.254086
							],
							[
								-83.950924,
								32.254081
							],
							[
								-83.951081,
								32.254067
							],
							[
								-83.95121,
								32.25404
							],
							[
								-83.951235,
								32.254035
							],
							[
								-83.951356,
								32.253948
							],
							[
								-83.951579,
								32.253756
							],
							[
								-83.951696,
								32.253664
							],
							[
								-83.951764,
								32.253559
							],
							[
								-83.951873,
								32.253461
							],
							[
								-83.951923,
								32.253435
							],
							[
								-83.952008,
								32.25339
							],
							[
								-83.952153,
								32.253335
							],
							[
								-83.952408,
								32.253273
							],
							[
								-83.952657,
								32.253286
							],
							[
								-83.952982,
								32.253354
							],
							[
								-83.95309,
								32.253377
							],
							[
								-83.953239,
								32.253427
							],
							[
								-83.953433,
								32.253507
							],
							[
								-83.953525,
								32.253545
							],
							[
								-83.953675,
								32.253591
							],
							[
								-83.953829,
								32.253621
							],
							[
								-83.953988,
								32.253625
							],
							[
								-83.954145,
								32.253604
							],
							[
								-83.95416,
								32.2536
							],
							[
								-83.954295,
								32.25356
							],
							[
								-83.954443,
								32.253507
							],
							[
								-83.954586,
								32.25345
							],
							[
								-83.954725,
								32.253385
							],
							[
								-83.954842,
								32.253323
							],
							[
								-83.95486,
								32.253313
							],
							[
								-83.955017,
								32.253216
							],
							[
								-83.955056,
								32.253192
							],
							[
								-83.955069,
								32.253184
							],
							[
								-83.955078,
								32.253178
							],
							[
								-83.955187,
								32.25311
							],
							[
								-83.955505,
								32.252907
							],
							[
								-83.955688,
								32.252682
							],
							[
								-83.95578,
								32.252616
							],
							[
								-83.955879,
								32.252511
							],
							[
								-83.955951,
								32.252391
							],
							[
								-83.95603,
								32.252276
							],
							[
								-83.956159,
								32.252198
							],
							[
								-83.956208,
								32.252187
							],
							[
								-83.956286,
								32.252169
							],
							[
								-83.956312,
								32.252163
							],
							[
								-83.95647,
								32.252167
							],
							[
								-83.956624,
								32.2522
							],
							[
								-83.956766,
								32.252262
							],
							[
								-83.956838,
								32.252331
							],
							[
								-83.956867,
								32.252359
							],
							[
								-83.957005,
								32.252423
							],
							[
								-83.957162,
								32.252412
							],
							[
								-83.957286,
								32.252388
							],
							[
								-83.957298,
								32.252384
							],
							[
								-83.957434,
								32.252338
							],
							[
								-83.957549,
								32.252246
							],
							[
								-83.957579,
								32.252207
							],
							[
								-83.957729,
								32.25201
							],
							[
								-83.957863,
								32.251953
							],
							[
								-83.958109,
								32.251961
							],
							[
								-83.958146,
								32.251969
							],
							[
								-83.958171,
								32.251973
							],
							[
								-83.958261,
								32.25199
							],
							[
								-83.958399,
								32.25204
							],
							[
								-83.958514,
								32.252065
							],
							[
								-83.95866,
								32.252115
							],
							[
								-83.958817,
								32.252105
							],
							[
								-83.958957,
								32.252043
							],
							[
								-83.958972,
								32.252034
							],
							[
								-83.95909,
								32.251969
							],
							[
								-83.959222,
								32.25189
							],
							[
								-83.959343,
								32.251803
							],
							[
								-83.959451,
								32.251703
							],
							[
								-83.959484,
								32.251662
							],
							[
								-83.959612,
								32.251503
							],
							[
								-83.959734,
								32.251418
							],
							[
								-83.959881,
								32.251364
							],
							[
								-83.960199,
								32.25135
							],
							[
								-83.96033,
								32.251312
							],
							[
								-83.960483,
								32.251282
							],
							[
								-83.960597,
								32.25119
							],
							[
								-83.96064,
								32.251099
							],
							[
								-83.960718,
								32.250982
							],
							[
								-83.960832,
								32.250886
							],
							[
								-83.961452,
								32.250779
							],
							[
								-83.961479,
								32.250775
							],
							[
								-83.961608,
								32.250754
							],
							[
								-83.961637,
								32.250738
							],
							[
								-83.96174,
								32.250681
							],
							[
								-83.961789,
								32.250614
							],
							[
								-83.961831,
								32.250556
							],
							[
								-83.961867,
								32.250284
							],
							[
								-83.961914,
								32.250149
							],
							[
								-83.961996,
								32.250034
							],
							[
								-83.962115,
								32.249946
							],
							[
								-83.962263,
								32.249899
							],
							[
								-83.962371,
								32.249768
							],
							[
								-83.96249,
								32.249605
							],
							[
								-83.962624,
								32.24955
							],
							[
								-83.962741,
								32.249463
							],
							[
								-83.962767,
								32.249364
							],
							[
								-83.96289,
								32.249279
							],
							[
								-83.963069,
								32.249187
							],
							[
								-83.963213,
								32.249079
							],
							[
								-83.963401,
								32.248916
							],
							[
								-83.963588,
								32.248753
							],
							[
								-83.963776,
								32.248589
							],
							[
								-83.96394,
								32.248514
							],
							[
								-83.963985,
								32.248494
							],
							[
								-83.964105,
								32.248441
							],
							[
								-83.964248,
								32.248435
							],
							[
								-83.964448,
								32.248376
							],
							[
								-83.964654,
								32.248234
							],
							[
								-83.96477,
								32.248154
							],
							[
								-83.965,
								32.248081
							],
							[
								-83.965121,
								32.248005
							],
							[
								-83.965186,
								32.247785
							],
							[
								-83.965355,
								32.24754
							],
							[
								-83.965392,
								32.247439
							],
							[
								-83.965481,
								32.247287
							],
							[
								-83.965505,
								32.247112
							],
							[
								-83.965454,
								32.247041
							],
							[
								-83.965419,
								32.246993
							],
							[
								-83.965273,
								32.246825
							],
							[
								-83.96521,
								32.246631
							],
							[
								-83.965106,
								32.246312
							],
							[
								-83.965122,
								32.246133
							],
							[
								-83.96508,
								32.24588
							],
							[
								-83.965205,
								32.245727
							],
							[
								-83.965244,
								32.245552
							],
							[
								-83.965223,
								32.245479
							],
							[
								-83.965211,
								32.245435
							],
							[
								-83.965198,
								32.245389
							],
							[
								-83.965189,
								32.24521
							],
							[
								-83.965259,
								32.245075
							],
							[
								-83.96529,
								32.244895
							],
							[
								-83.965288,
								32.244715
							],
							[
								-83.965275,
								32.244636
							],
							[
								-83.965269,
								32.244596
							],
							[
								-83.965257,
								32.244523
							],
							[
								-83.965468,
								32.243933
							],
							[
								-83.965484,
								32.24389
							],
							[
								-83.965568,
								32.243658
							],
							[
								-83.965912,
								32.243093
							],
							[
								-83.965927,
								32.243068
							],
							[
								-83.966119,
								32.243015
							],
							[
								-83.966306,
								32.24293
							],
							[
								-83.966545,
								32.242762
							],
							[
								-83.966617,
								32.242614
							],
							[
								-83.96674,
								32.242458
							],
							[
								-83.966891,
								32.242339
							],
							[
								-83.967096,
								32.242351
							],
							[
								-83.967212,
								32.242455
							],
							[
								-83.967394,
								32.242542
							],
							[
								-83.967601,
								32.242521
							],
							[
								-83.967753,
								32.242396
							],
							[
								-83.967927,
								32.242244
							],
							[
								-83.968124,
								32.242184
							],
							[
								-83.968398,
								32.242247
							],
							[
								-83.968598,
								32.242196
							],
							[
								-83.968731,
								32.24206
							],
							[
								-83.968762,
								32.24192
							],
							[
								-83.968761,
								32.24174
							],
							[
								-83.968781,
								32.24156
							],
							[
								-83.96882,
								32.241383
							],
							[
								-83.968892,
								32.241183
							],
							[
								-83.968829,
								32.241016
							],
							[
								-83.968712,
								32.240977
							],
							[
								-83.968581,
								32.240933
							],
							[
								-83.968597,
								32.240848
							],
							[
								-83.968614,
								32.240755
							],
							[
								-83.968679,
								32.240584
							],
							[
								-83.968774,
								32.240422
							],
							[
								-83.968758,
								32.240243
							],
							[
								-83.968655,
								32.240088
							],
							[
								-83.968622,
								32.240065
							],
							[
								-83.968543,
								32.240008
							],
							[
								-83.968566,
								32.239953
							],
							[
								-83.968613,
								32.239841
							],
							[
								-83.968578,
								32.239663
							],
							[
								-83.968512,
								32.239575
							],
							[
								-83.968311,
								32.239429
							],
							[
								-83.968289,
								32.239413
							],
							[
								-83.968448,
								32.239348
							],
							[
								-83.968605,
								32.239193
							],
							[
								-83.968726,
								32.239083
							],
							[
								-83.968983,
								32.238932
							],
							[
								-83.969138,
								32.238821
							],
							[
								-83.969465,
								32.238614
							],
							[
								-83.969633,
								32.238661
							],
							[
								-83.9698,
								32.238664
							],
							[
								-83.970074,
								32.238542
							],
							[
								-83.970346,
								32.238449
							],
							[
								-83.970402,
								32.238292
							],
							[
								-83.970409,
								32.238107
							],
							[
								-83.970384,
								32.237862
							],
							[
								-83.970286,
								32.237775
							],
							[
								-83.970186,
								32.237715
							],
							[
								-83.970054,
								32.237654
							],
							[
								-83.970041,
								32.237554
							],
							[
								-83.970027,
								32.237439
							],
							[
								-83.970064,
								32.23734
							],
							[
								-83.970136,
								32.237198
							],
							[
								-83.970175,
								32.237012
							],
							[
								-83.97018,
								32.236885
							],
							[
								-83.970301,
								32.236773
							],
							[
								-83.97047,
								32.236749
							],
							[
								-83.970754,
								32.23659
							],
							[
								-83.970844,
								32.236393
							],
							[
								-83.970969,
								32.23621
							],
							[
								-83.971022,
								32.236058
							],
							[
								-83.970997,
								32.235881
							],
							[
								-83.971016,
								32.235782
							],
							[
								-83.971336,
								32.235818
							],
							[
								-83.971456,
								32.235749
							],
							[
								-83.971461,
								32.235577
							],
							[
								-83.971451,
								32.235377
							],
							[
								-83.971528,
								32.235265
							],
							[
								-83.971874,
								32.235287
							],
							[
								-83.971995,
								32.235267
							],
							[
								-83.972136,
								32.235138
							],
							[
								-83.972292,
								32.234867
							],
							[
								-83.972375,
								32.234732
							],
							[
								-83.972631,
								32.234803
							],
							[
								-83.972955,
								32.234726
							],
							[
								-83.973116,
								32.23469
							],
							[
								-83.973096,
								32.234529
							],
							[
								-83.973042,
								32.23448
							],
							[
								-83.972998,
								32.23444
							],
							[
								-83.972999,
								32.234388
							],
							[
								-83.973002,
								32.234296
							],
							[
								-83.973043,
								32.234084
							],
							[
								-83.9731,
								32.23387
							],
							[
								-83.973143,
								32.2336
							],
							[
								-83.973283,
								32.233446
							],
							[
								-83.973433,
								32.233392
							],
							[
								-83.973566,
								32.233252
							],
							[
								-83.973958,
								32.232861
							],
							[
								-83.974155,
								32.232536
							],
							[
								-83.974677,
								32.232323
							],
							[
								-83.975255,
								32.232098
							],
							[
								-83.975359,
								32.232014
							],
							[
								-83.975482,
								32.231875
							],
							[
								-83.975519,
								32.231746
							],
							[
								-83.97549,
								32.231617
							],
							[
								-83.975265,
								32.231296
							],
							[
								-83.975189,
								32.231066
							],
							[
								-83.975227,
								32.23096
							],
							[
								-83.975322,
								32.230798
							],
							[
								-83.975542,
								32.230545
							],
							[
								-83.975648,
								32.230404
							],
							[
								-83.975625,
								32.230103
							],
							[
								-83.975728,
								32.230047
							],
							[
								-83.975766,
								32.22992
							],
							[
								-83.975686,
								32.229761
							],
							[
								-83.975611,
								32.229759
							],
							[
								-83.975519,
								32.229757
							],
							[
								-83.975491,
								32.22967
							],
							[
								-83.975472,
								32.229613
							],
							[
								-83.975511,
								32.22947
							],
							[
								-83.975465,
								32.22934
							],
							[
								-83.975537,
								32.229214
							],
							[
								-83.975635,
								32.229273
							],
							[
								-83.975835,
								32.229335
							],
							[
								-83.976044,
								32.229154
							],
							[
								-83.975867,
								32.228878
							],
							[
								-83.975889,
								32.228721
							],
							[
								-83.976307,
								32.228831
							],
							[
								-83.976606,
								32.228938
							],
							[
								-83.976859,
								32.228945
							],
							[
								-83.977057,
								32.22905
							],
							[
								-83.977257,
								32.22914
							],
							[
								-83.977441,
								32.229129
							],
							[
								-83.97758,
								32.229033
							],
							[
								-83.977779,
								32.22911
							],
							[
								-83.9779,
								32.229041
							],
							[
								-83.978004,
								32.228929
							],
							[
								-83.978142,
								32.228859
							],
							[
								-83.978311,
								32.228807
							],
							[
								-83.978449,
								32.228724
							],
							[
								-83.978658,
								32.228515
							],
							[
								-83.978863,
								32.228448
							],
							[
								-83.978966,
								32.228351
							],
							[
								-83.978987,
								32.228236
							],
							[
								-83.979077,
								32.228053
							],
							[
								-83.979267,
								32.227885
							],
							[
								-83.979288,
								32.227786
							],
							[
								-83.979298,
								32.2275
							],
							[
								-83.979418,
								32.227403
							],
							[
								-83.979526,
								32.22744
							],
							[
								-83.979552,
								32.227449
							],
							[
								-83.97957,
								32.227465
							],
							[
								-83.979649,
								32.227536
							],
							[
								-83.979817,
								32.227536
							],
							[
								-83.980044,
								32.227347
							],
							[
								-83.980152,
								32.22712
							],
							[
								-83.98026,
								32.226922
							],
							[
								-83.980415,
								32.22681
							],
							[
								-83.980586,
								32.22673
							],
							[
								-83.980657,
								32.22663
							],
							[
								-83.980678,
								32.226474
							],
							[
								-83.980632,
								32.226343
							],
							[
								-83.980719,
								32.226275
							],
							[
								-83.98089,
								32.226193
							],
							[
								-83.981108,
								32.226197
							],
							[
								-83.981226,
								32.226215
							],
							[
								-83.981359,
								32.226094
							],
							[
								-83.981477,
								32.225945
							],
							[
								-83.981565,
								32.22578
							],
							[
								-83.981702,
								32.225609
							],
							[
								-83.981829,
								32.225465
							],
							[
								-83.981919,
								32.225302
							],
							[
								-83.981987,
								32.225088
							],
							[
								-83.982113,
								32.224876
							],
							[
								-83.982124,
								32.224728
							],
							[
								-83.982021,
								32.224573
							],
							[
								-83.982021,
								32.224472
							],
							[
								-83.982142,
								32.224385
							],
							[
								-83.982241,
								32.224314
							],
							[
								-83.982411,
								32.224263
							],
							[
								-83.982549,
								32.224185
							],
							[
								-83.982641,
								32.224019
							],
							[
								-83.982742,
								32.223886
							],
							[
								-83.982802,
								32.223712
							],
							[
								-83.982821,
								32.223533
							],
							[
								-83.982787,
								32.223304
							],
							[
								-83.982814,
								32.22299
							],
							[
								-83.982755,
								32.22282
							],
							[
								-83.98281,
								32.222647
							],
							[
								-83.982896,
								32.222562
							],
							[
								-83.983017,
								32.222465
							],
							[
								-83.982923,
								32.222262
							],
							[
								-83.983338,
								32.221914
							],
							[
								-83.983909,
								32.221457
							],
							[
								-83.983999,
								32.221294
							],
							[
								-83.984019,
								32.221187
							],
							[
								-83.983806,
								32.220996
							],
							[
								-83.983929,
								32.220901
							],
							[
								-83.983989,
								32.220855
							],
							[
								-83.984009,
								32.220853
							],
							[
								-83.984129,
								32.220841
							],
							[
								-83.984312,
								32.221035
							],
							[
								-83.98444,
								32.221117
							],
							[
								-83.984582,
								32.221168
							],
							[
								-83.984733,
								32.221128
							],
							[
								-83.984864,
								32.221052
							],
							[
								-83.985223,
								32.220813
							],
							[
								-83.985267,
								32.220301
							],
							[
								-83.985564,
								32.220253
							],
							[
								-83.985704,
								32.220218
							],
							[
								-83.985727,
								32.220092
							],
							[
								-83.985794,
								32.219969
							],
							[
								-83.985949,
								32.219958
							],
							[
								-83.986085,
								32.219901
							],
							[
								-83.986139,
								32.219803
							],
							[
								-83.986298,
								32.219755
							],
							[
								-83.986353,
								32.21964
							],
							[
								-83.986178,
								32.219519
							],
							[
								-83.986158,
								32.219388
							],
							[
								-83.986256,
								32.219285
							],
							[
								-83.986368,
								32.219217
							],
							[
								-83.986473,
								32.219116
							],
							[
								-83.986617,
								32.219064
							],
							[
								-83.986993,
								32.218975
							],
							[
								-83.987143,
								32.21893
							],
							[
								-83.987251,
								32.218832
							],
							[
								-83.9873,
								32.218705
							],
							[
								-83.987408,
								32.218589
							],
							[
								-83.98754,
								32.218674
							],
							[
								-83.987672,
								32.218716
							],
							[
								-83.987812,
								32.218662
							],
							[
								-83.98793,
								32.218601
							],
							[
								-83.988087,
								32.218586
							],
							[
								-83.988231,
								32.218643
							],
							[
								-83.988276,
								32.218667
							],
							[
								-83.988367,
								32.218715
							],
							[
								-83.988517,
								32.218753
							],
							[
								-83.988666,
								32.218714
							],
							[
								-83.988768,
								32.218612
							],
							[
								-83.988793,
								32.21848
							],
							[
								-83.988792,
								32.218362
							],
							[
								-83.988797,
								32.218276
							],
							[
								-83.988799,
								32.218229
							],
							[
								-83.988814,
								32.218093
							],
							[
								-83.988837,
								32.217959
							],
							[
								-83.988892,
								32.217858
							],
							[
								-83.988931,
								32.217728
							],
							[
								-83.988937,
								32.217593
							],
							[
								-83.988951,
								32.217464
							],
							[
								-83.989011,
								32.217339
							],
							[
								-83.989113,
								32.217236
							],
							[
								-83.989417,
								32.216965
							],
							[
								-83.989543,
								32.216884
							],
							[
								-83.98982,
								32.216956
							],
							[
								-83.990079,
								32.217005
							],
							[
								-83.99022,
								32.216994
							],
							[
								-83.990361,
								32.217118
							],
							[
								-83.990527,
								32.2172
							],
							[
								-83.990749,
								32.217263
							],
							[
								-83.990813,
								32.217281
							],
							[
								-83.990984,
								32.217436
							],
							[
								-83.991031,
								32.217478
							],
							[
								-83.991138,
								32.217546
							],
							[
								-83.991467,
								32.217428
							],
							[
								-83.99153,
								32.217405
							],
							[
								-83.991895,
								32.217194
							],
							[
								-83.99198,
								32.217126
							],
							[
								-83.992015,
								32.216876
							],
							[
								-83.991951,
								32.216759
							],
							[
								-83.991896,
								32.216659
							],
							[
								-83.992003,
								32.216496
							],
							[
								-83.992448,
								32.216264
							],
							[
								-83.99281,
								32.216001
							],
							[
								-83.993008,
								32.21594
							],
							[
								-83.993233,
								32.21594
							],
							[
								-83.993577,
								32.216025
							],
							[
								-83.993697,
								32.216093
							],
							[
								-83.993849,
								32.21613
							],
							[
								-83.994077,
								32.216079
							],
							[
								-83.99419,
								32.215995
							],
							[
								-83.994341,
								32.21596
							],
							[
								-83.994468,
								32.215876
							],
							[
								-83.994497,
								32.215746
							],
							[
								-83.994688,
								32.215671
							],
							[
								-83.994839,
								32.215632
							],
							[
								-83.994844,
								32.215483
							],
							[
								-83.994861,
								32.215353
							],
							[
								-83.995081,
								32.215145
							],
							[
								-83.995154,
								32.215024
							],
							[
								-83.995192,
								32.214871
							],
							[
								-83.995153,
								32.214701
							],
							[
								-83.995141,
								32.214649
							],
							[
								-83.995134,
								32.214619
							],
							[
								-83.995081,
								32.214538
							],
							[
								-83.995069,
								32.214519
							],
							[
								-83.995024,
								32.21421
							],
							[
								-83.995185,
								32.214009
							],
							[
								-83.995266,
								32.213907
							],
							[
								-83.995469,
								32.213624
							],
							[
								-83.995577,
								32.213559
							],
							[
								-83.995599,
								32.213546
							],
							[
								-83.995748,
								32.213501
							],
							[
								-83.9959,
								32.213469
							],
							[
								-83.99603,
								32.213391
							],
							[
								-83.996092,
								32.21331
							],
							[
								-83.996117,
								32.213278
							],
							[
								-83.996297,
								32.212944
							],
							[
								-83.996378,
								32.212677
							],
							[
								-83.996447,
								32.212587
							],
							[
								-83.996587,
								32.212533
							],
							[
								-83.996609,
								32.212381
							],
							[
								-83.996482,
								32.212221
							],
							[
								-83.99647,
								32.212117
							],
							[
								-83.996467,
								32.212093
							],
							[
								-83.996783,
								32.211998
							],
							[
								-83.996942,
								32.211987
							],
							[
								-83.997095,
								32.211955
							],
							[
								-83.99724,
								32.211899
							],
							[
								-83.997371,
								32.211823
							],
							[
								-83.997646,
								32.21154
							],
							[
								-83.997979,
								32.211171
							],
							[
								-83.998214,
								32.210842
							],
							[
								-83.998457,
								32.210487
							],
							[
								-83.998513,
								32.210361
							],
							[
								-83.998524,
								32.210226
							],
							[
								-83.998485,
								32.210096
							],
							[
								-83.998477,
								32.209961
							],
							[
								-83.998563,
								32.209826
							],
							[
								-83.998657,
								32.209718
							],
							[
								-83.99878,
								32.209632
							],
							[
								-83.998925,
								32.209576
							],
							[
								-83.99909,
								32.20955
							],
							[
								-83.999633,
								32.209479
							],
							[
								-83.999987,
								32.209359
							],
							[
								-84.000064,
								32.209355
							],
							[
								-84.000146,
								32.20935
							],
							[
								-84.000215,
								32.209339
							],
							[
								-84.000302,
								32.209325
							],
							[
								-84.000453,
								32.209283
							],
							[
								-84.000513,
								32.20926
							],
							[
								-84.000596,
								32.209227
							],
							[
								-84.000731,
								32.209153
							],
							[
								-84.000829,
								32.209052
							],
							[
								-84.000829,
								32.208919
							],
							[
								-84.000766,
								32.208796
							],
							[
								-84.00075,
								32.208727
							],
							[
								-84.000735,
								32.208664
							],
							[
								-84.000766,
								32.208554
							],
							[
								-84.000926,
								32.208533
							],
							[
								-84.001096,
								32.208509
							],
							[
								-84.001134,
								32.208505
							],
							[
								-84.001343,
								32.208486
							],
							[
								-84.001536,
								32.20847
							],
							[
								-84.001558,
								32.208464
							],
							[
								-84.001608,
								32.208461
							],
							[
								-84.001648,
								32.208378
							],
							[
								-84.001899,
								32.208291
							],
							[
								-84.001932,
								32.208278
							],
							[
								-84.001986,
								32.208046
							],
							[
								-84.002048,
								32.207922
							],
							[
								-84.00218,
								32.207853
							],
							[
								-84.002287,
								32.207811
							],
							[
								-84.002324,
								32.207797
							],
							[
								-84.002438,
								32.207703
							],
							[
								-84.002467,
								32.207647
							],
							[
								-84.002501,
								32.20758
							],
							[
								-84.002521,
								32.207464
							],
							[
								-84.002554,
								32.207271
							],
							[
								-84.002521,
								32.207158
							],
							[
								-84.002589,
								32.207029
							],
							[
								-84.002673,
								32.206913
							],
							[
								-84.002687,
								32.206873
							],
							[
								-84.002753,
								32.206665
							],
							[
								-84.002808,
								32.206579
							],
							[
								-84.002957,
								32.206347
							],
							[
								-84.003019,
								32.206196
							],
							[
								-84.003065,
								32.206083
							],
							[
								-84.003164,
								32.205961
							],
							[
								-84.003298,
								32.205821
							],
							[
								-84.003447,
								32.205692
							],
							[
								-84.003491,
								32.205667
							],
							[
								-84.003537,
								32.205646
							],
							[
								-84.003586,
								32.205629
							],
							[
								-84.00369,
								32.205609
							],
							[
								-84.003743,
								32.205607
							],
							[
								-84.003846,
								32.205589
							],
							[
								-84.003947,
								32.205562
							],
							[
								-84.003996,
								32.205545
							],
							[
								-84.004025,
								32.205506
							],
							[
								-84.004031,
								32.205463
							],
							[
								-84.004056,
								32.205423
							],
							[
								-84.004093,
								32.205391
							],
							[
								-84.00414,
								32.205371
							],
							[
								-84.004297,
								32.205353
							],
							[
								-84.00435,
								32.205351
							],
							[
								-84.004403,
								32.205357
							],
							[
								-84.004454,
								32.20537
							],
							[
								-84.004503,
								32.205388
							],
							[
								-84.004607,
								32.205402
							],
							[
								-84.004872,
								32.205401
							],
							[
								-84.004977,
								32.205412
							],
							[
								-84.005085,
								32.205437
							],
							[
								-84.005223,
								32.205542
							],
							[
								-84.005254,
								32.205565
							],
							[
								-84.005361,
								32.205647
							],
							[
								-84.005498,
								32.20563
							],
							[
								-84.005605,
								32.205534
							],
							[
								-84.005604,
								32.205482
							],
							[
								-84.005602,
								32.205402
							],
							[
								-84.005489,
								32.205312
							],
							[
								-84.005344,
								32.205283
							],
							[
								-84.005251,
								32.205194
							],
							[
								-84.00524,
								32.205184
							],
							[
								-84.005213,
								32.205055
							],
							[
								-84.005204,
								32.205014
							],
							[
								-84.005225,
								32.20497
							],
							[
								-84.005242,
								32.204934
							],
							[
								-84.005263,
								32.20489
							],
							[
								-84.005274,
								32.204884
							],
							[
								-84.00553,
								32.204746
							],
							[
								-84.005619,
								32.204635
							],
							[
								-84.005655,
								32.204504
							],
							[
								-84.005721,
								32.204233
							],
							[
								-84.00573,
								32.204197
							],
							[
								-84.005827,
								32.204115
							],
							[
								-84.005971,
								32.20406
							],
							[
								-84.006124,
								32.204085
							],
							[
								-84.006135,
								32.204123
							],
							[
								-84.006157,
								32.204203
							],
							[
								-84.006165,
								32.204338
							],
							[
								-84.006229,
								32.204425
							],
							[
								-84.006335,
								32.204425
							],
							[
								-84.006431,
								32.204425
							],
							[
								-84.00653,
								32.204326
							],
							[
								-84.006604,
								32.204234
							],
							[
								-84.006912,
								32.204273
							],
							[
								-84.007068,
								32.204248
							],
							[
								-84.007218,
								32.204191
							],
							[
								-84.007375,
								32.204181
							],
							[
								-84.007532,
								32.204203
							],
							[
								-84.00772,
								32.20418
							],
							[
								-84.007725,
								32.204124
							],
							[
								-84.007818,
								32.203991
							],
							[
								-84.007798,
								32.203815
							],
							[
								-84.007793,
								32.203723
							],
							[
								-84.007791,
								32.203684
							],
							[
								-84.007879,
								32.203615
							],
							[
								-84.00796,
								32.203594
							],
							[
								-84.008045,
								32.203573
							],
							[
								-84.008103,
								32.203432
							],
							[
								-84.008119,
								32.203394
							],
							[
								-84.008145,
								32.203331
							],
							[
								-84.008276,
								32.203243
							],
							[
								-84.008293,
								32.203238
							],
							[
								-84.008389,
								32.203212
							],
							[
								-84.00852,
								32.203176
							],
							[
								-84.008757,
								32.203155
							],
							[
								-84.009008,
								32.203156
							],
							[
								-84.009103,
								32.203162
							],
							[
								-84.009198,
								32.203167
							],
							[
								-84.009225,
								32.203164
							],
							[
								-84.009285,
								32.203158
							],
							[
								-84.009372,
								32.20315
							],
							[
								-84.00942,
								32.203108
							],
							[
								-84.009463,
								32.203072
							],
							[
								-84.009467,
								32.202976
							],
							[
								-84.009337,
								32.20291
							],
							[
								-84.009236,
								32.202852
							],
							[
								-84.009153,
								32.202787
							],
							[
								-84.009082,
								32.202672
							],
							[
								-84.009062,
								32.202529
							],
							[
								-84.009061,
								32.202348
							],
							[
								-84.009073,
								32.202222
							],
							[
								-84.009097,
								32.202133
							],
							[
								-84.009106,
								32.202098
							],
							[
								-84.009272,
								32.201929
							],
							[
								-84.009391,
								32.201818
							],
							[
								-84.009578,
								32.201638
							],
							[
								-84.009796,
								32.201534
							],
							[
								-84.009949,
								32.201513
							],
							[
								-84.010104,
								32.201526
							],
							[
								-84.010249,
								32.201583
							],
							[
								-84.010373,
								32.201667
							],
							[
								-84.010506,
								32.201741
							],
							[
								-84.010654,
								32.201788
							],
							[
								-84.010812,
								32.201802
							],
							[
								-84.010966,
								32.201772
							],
							[
								-84.011574,
								32.201551
							],
							[
								-84.011677,
								32.201495
							],
							[
								-84.011808,
								32.201443
							],
							[
								-84.011918,
								32.2014
							],
							[
								-84.012059,
								32.201397
							],
							[
								-84.012213,
								32.201428
							],
							[
								-84.012342,
								32.201445
							],
							[
								-84.012465,
								32.201426
							],
							[
								-84.012499,
								32.201423
							],
							[
								-84.012641,
								32.201363
							],
							[
								-84.012756,
								32.20127
							],
							[
								-84.012994,
								32.201065
							],
							[
								-84.013119,
								32.200989
							],
							[
								-84.01322,
								32.200885
							],
							[
								-84.013276,
								32.200785
							],
							[
								-84.013288,
								32.200764
							],
							[
								-84.013403,
								32.200472
							],
							[
								-84.013466,
								32.200311
							],
							[
								-84.013496,
								32.200235
							],
							[
								-84.013521,
								32.200116
							],
							[
								-84.013524,
								32.200103
							],
							[
								-84.013502,
								32.200039
							],
							[
								-84.013471,
								32.19995
							],
							[
								-84.013323,
								32.199975
							],
							[
								-84.013228,
								32.199951
							],
							[
								-84.013179,
								32.199939
							],
							[
								-84.013155,
								32.199848
							],
							[
								-84.013147,
								32.199814
							],
							[
								-84.013178,
								32.199681
							],
							[
								-84.013248,
								32.19956
							],
							[
								-84.013349,
								32.199455
							],
							[
								-84.013392,
								32.199441
							],
							[
								-84.013925,
								32.199274
							],
							[
								-84.014276,
								32.199195
							],
							[
								-84.014426,
								32.199177
							],
							[
								-84.014546,
								32.199091
							],
							[
								-84.014551,
								32.199078
							],
							[
								-84.014566,
								32.19904
							],
							[
								-84.014596,
								32.198963
							],
							[
								-84.014589,
								32.198925
							],
							[
								-84.014583,
								32.198894
							],
							[
								-84.014571,
								32.198833
							],
							[
								-84.014477,
								32.198725
							],
							[
								-84.014032,
								32.198362
							],
							[
								-84.013978,
								32.198313
							],
							[
								-84.013929,
								32.198269
							],
							[
								-84.013989,
								32.198096
							],
							[
								-84.014152,
								32.198078
							],
							[
								-84.014297,
								32.198062
							],
							[
								-84.014378,
								32.198049
							],
							[
								-84.014481,
								32.198033
							],
							[
								-84.014637,
								32.198009
							],
							[
								-84.014754,
								32.198022
							],
							[
								-84.014802,
								32.198027
							],
							[
								-84.014816,
								32.198028
							],
							[
								-84.014918,
								32.198034
							],
							[
								-84.014961,
								32.198036
							],
							[
								-84.01504,
								32.198017
							],
							[
								-84.015098,
								32.198005
							],
							[
								-84.015227,
								32.197943
							],
							[
								-84.015237,
								32.197938
							],
							[
								-84.015571,
								32.197823
							],
							[
								-84.01571,
								32.197754
							],
							[
								-84.01574,
								32.197714
							],
							[
								-84.015793,
								32.197646
							],
							[
								-84.015797,
								32.197637
							],
							[
								-84.015816,
								32.19751
							],
							[
								-84.015786,
								32.197429
							],
							[
								-84.015773,
								32.197394
							],
							[
								-84.015738,
								32.197365
							],
							[
								-84.01566,
								32.197301
							],
							[
								-84.015508,
								32.197266
							],
							[
								-84.015387,
								32.197273
							],
							[
								-84.015319,
								32.197194
							],
							[
								-84.015299,
								32.197171
							],
							[
								-84.01529,
								32.197161
							],
							[
								-84.015297,
								32.197105
							],
							[
								-84.015302,
								32.197062
							],
							[
								-84.015306,
								32.197028
							],
							[
								-84.015332,
								32.196995
							],
							[
								-84.015498,
								32.196785
							],
							[
								-84.015501,
								32.196734
							],
							[
								-84.015502,
								32.196718
							],
							[
								-84.015504,
								32.196666
							],
							[
								-84.015414,
								32.196627
							],
							[
								-84.015372,
								32.196609
							],
							[
								-84.01522,
								32.19662
							],
							[
								-84.015083,
								32.196554
							],
							[
								-84.015025,
								32.196413
							],
							[
								-84.015038,
								32.196403
							],
							[
								-84.015107,
								32.196348
							],
							[
								-84.015117,
								32.19634
							],
							[
								-84.015134,
								32.196326
							],
							[
								-84.01538,
								32.19632
							],
							[
								-84.01554,
								32.196323
							],
							[
								-84.01563,
								32.196216
							],
							[
								-84.015656,
								32.196175
							],
							[
								-84.015661,
								32.196166
							],
							[
								-84.015698,
								32.196109
							],
							[
								-84.015805,
								32.196099
							],
							[
								-84.015852,
								32.196095
							],
							[
								-84.016087,
								32.196226
							],
							[
								-84.016337,
								32.196436
							],
							[
								-84.016447,
								32.196407
							],
							[
								-84.01648,
								32.196399
							],
							[
								-84.016519,
								32.196271
							],
							[
								-84.016416,
								32.196139
							],
							[
								-84.016492,
								32.196123
							],
							[
								-84.016613,
								32.196098
							],
							[
								-84.016682,
								32.196069
							],
							[
								-84.016734,
								32.196047
							],
							[
								-84.016747,
								32.196041
							],
							[
								-84.016762,
								32.195916
							],
							[
								-84.016668,
								32.195825
							],
							[
								-84.016577,
								32.195714
							],
							[
								-84.01657,
								32.195702
							],
							[
								-84.016506,
								32.195594
							],
							[
								-84.016536,
								32.195523
							],
							[
								-84.016552,
								32.195484
							],
							[
								-84.016599,
								32.1955
							],
							[
								-84.016831,
								32.19558
							],
							[
								-84.016895,
								32.195602
							],
							[
								-84.017117,
								32.195686
							],
							[
								-84.017178,
								32.195656
							],
							[
								-84.017238,
								32.195628
							],
							[
								-84.017289,
								32.19551
							],
							[
								-84.017247,
								32.19542
							],
							[
								-84.017133,
								32.195208
							],
							[
								-84.01714,
								32.195163
							],
							[
								-84.017151,
								32.195096
							],
							[
								-84.01727,
								32.195012
							],
							[
								-84.017373,
								32.194982
							],
							[
								-84.017387,
								32.194978
							],
							[
								-84.017516,
								32.194899
							],
							[
								-84.01759,
								32.194825
							],
							[
								-84.017618,
								32.194797
							],
							[
								-84.017687,
								32.194674
							],
							[
								-84.017894,
								32.19435
							],
							[
								-84.01805,
								32.194173
							],
							[
								-84.0181,
								32.194117
							],
							[
								-84.018123,
								32.194091
							],
							[
								-84.01816,
								32.193914
							],
							[
								-84.018207,
								32.193693
							],
							[
								-84.018322,
								32.193426
							],
							[
								-84.018379,
								32.193269
							],
							[
								-84.01848,
								32.193068
							],
							[
								-84.018544,
								32.192938
							],
							[
								-84.018649,
								32.192856
							],
							[
								-84.01871,
								32.192785
							],
							[
								-84.018761,
								32.192716
							],
							[
								-84.018652,
								32.192689
							],
							[
								-84.018534,
								32.192694
							],
							[
								-84.018402,
								32.192674
							],
							[
								-84.01831,
								32.192628
							],
							[
								-84.018218,
								32.192541
							],
							[
								-84.018157,
								32.192358
							],
							[
								-84.018162,
								32.19222
							],
							[
								-84.018167,
								32.192128
							],
							[
								-84.018167,
								32.192057
							],
							[
								-84.018157,
								32.19196
							],
							[
								-84.018083,
								32.191831
							],
							[
								-84.018062,
								32.191831
							],
							[
								-84.018042,
								32.191788
							],
							[
								-84.018029,
								32.191769
							],
							[
								-84.017983,
								32.19164
							],
							[
								-84.01798,
								32.191622
							],
							[
								-84.01796,
								32.191505
							],
							[
								-84.017966,
								32.191424
							],
							[
								-84.01797,
								32.19137
							],
							[
								-84.018007,
								32.191296
							],
							[
								-84.018031,
								32.191248
							],
							[
								-84.018142,
								32.19115
							],
							[
								-84.018286,
								32.191094
							],
							[
								-84.0185,
								32.191029
							],
							[
								-84.01873,
								32.190959
							],
							[
								-84.018882,
								32.190941
							],
							[
								-84.018986,
								32.190881
							],
							[
								-84.019013,
								32.190866
							],
							[
								-84.019066,
								32.190733
							],
							[
								-84.019042,
								32.1906
							],
							[
								-84.019005,
								32.190468
							],
							[
								-84.01893,
								32.190361
							],
							[
								-84.018919,
								32.190345
							],
							[
								-84.018868,
								32.190342
							],
							[
								-84.018766,
								32.190337
							],
							[
								-84.018619,
								32.190376
							],
							[
								-84.018519,
								32.190324
							],
							[
								-84.018488,
								32.190308
							],
							[
								-84.018494,
								32.190179
							],
							[
								-84.018586,
								32.190069
							],
							[
								-84.018658,
								32.190036
							],
							[
								-84.01871,
								32.190012
							],
							[
								-84.018797,
								32.189901
							],
							[
								-84.018809,
								32.189767
							],
							[
								-84.018746,
								32.189653
							],
							[
								-84.018738,
								32.189637
							],
							[
								-84.018731,
								32.189625
							],
							[
								-84.018685,
								32.189495
							],
							[
								-84.018685,
								32.189452
							],
							[
								-84.018685,
								32.189368
							],
							[
								-84.01876,
								32.189242
							],
							[
								-84.01881,
								32.189213
							],
							[
								-84.01889,
								32.189168
							],
							[
								-84.019042,
								32.18913
							],
							[
								-84.019223,
								32.189174
							],
							[
								-84.019346,
								32.189197
							],
							[
								-84.019376,
								32.189202
							],
							[
								-84.019529,
								32.189166
							],
							[
								-84.019655,
								32.189087
							],
							[
								-84.019801,
								32.188885
							],
							[
								-84.019874,
								32.188805
							],
							[
								-84.019899,
								32.188778
							],
							[
								-84.019962,
								32.188727
							],
							[
								-84.020014,
								32.188685
							],
							[
								-84.020116,
								32.188628
							],
							[
								-84.020137,
								32.188502
							],
							[
								-84.020116,
								32.188369
							],
							[
								-84.020131,
								32.188235
							],
							[
								-84.020232,
								32.18801
							],
							[
								-84.020294,
								32.187885
							],
							[
								-84.020361,
								32.187764
							],
							[
								-84.020487,
								32.187691
							],
							[
								-84.020571,
								32.187578
							],
							[
								-84.020565,
								32.187282
							],
							[
								-84.020616,
								32.187156
							],
							[
								-84.020629,
								32.187142
							],
							[
								-84.020717,
								32.18705
							],
							[
								-84.020731,
								32.187042
							],
							[
								-84.020798,
								32.187006
							],
							[
								-84.020851,
								32.186977
							],
							[
								-84.020864,
								32.186975
							],
							[
								-84.021006,
								32.186951
							],
							[
								-84.021154,
								32.186994
							],
							[
								-84.021178,
								32.187044
							],
							[
								-84.021212,
								32.187115
							],
							[
								-84.021285,
								32.187233
							],
							[
								-84.021297,
								32.187235
							],
							[
								-84.021433,
								32.187258
							],
							[
								-84.021462,
								32.18722
							],
							[
								-84.021512,
								32.187154
							],
							[
								-84.021507,
								32.187028
							],
							[
								-84.021456,
								32.186891
							],
							[
								-84.021432,
								32.186862
							],
							[
								-84.021366,
								32.186781
							],
							[
								-84.02124,
								32.186698
							],
							[
								-84.020808,
								32.186559
							],
							[
								-84.020703,
								32.186455
							],
							[
								-84.020737,
								32.186327
							],
							[
								-84.020789,
								32.18628
							],
							[
								-84.020852,
								32.186223
							],
							[
								-84.020968,
								32.186131
							],
							[
								-84.021097,
								32.186051
							],
							[
								-84.021235,
								32.185986
							],
							[
								-84.021351,
								32.186014
							],
							[
								-84.02137,
								32.186023
							],
							[
								-84.02149,
								32.186078
							],
							[
								-84.021606,
								32.186099
							],
							[
								-84.021635,
								32.186104
							],
							[
								-84.021661,
								32.186081
							],
							[
								-84.021723,
								32.186025
							],
							[
								-84.021742,
								32.186008
							],
							[
								-84.021877,
								32.185941
							],
							[
								-84.022011,
								32.185983
							],
							[
								-84.022065,
								32.186028
							],
							[
								-84.022114,
								32.186075
							],
							[
								-84.022257,
								32.186131
							],
							[
								-84.022308,
								32.186131
							],
							[
								-84.022414,
								32.186131
							],
							[
								-84.022568,
								32.186054
							],
							[
								-84.022609,
								32.18602
							],
							[
								-84.022683,
								32.18595
							],
							[
								-84.022776,
								32.185841
							],
							[
								-84.022853,
								32.185722
							],
							[
								-84.022908,
								32.185606
							],
							[
								-84.02292,
								32.185581
							],
							[
								-84.022945,
								32.185449
							],
							[
								-84.022932,
								32.185316
							],
							[
								-84.02288,
								32.185187
							],
							[
								-84.022811,
								32.185071
							],
							[
								-84.022801,
								32.185047
							],
							[
								-84.022775,
								32.184982
							],
							[
								-84.022759,
								32.184944
							],
							[
								-84.022725,
								32.184812
							],
							[
								-84.022737,
								32.184783
							],
							[
								-84.022764,
								32.184717
							],
							[
								-84.022771,
								32.184699
							],
							[
								-84.022797,
								32.184687
							],
							[
								-84.022858,
								32.184655
							],
							[
								-84.022904,
								32.184631
							],
							[
								-84.023031,
								32.184652
							],
							[
								-84.023105,
								32.184665
							],
							[
								-84.02326,
								32.184686
							],
							[
								-84.023292,
								32.18468
							],
							[
								-84.023425,
								32.184655
							],
							[
								-84.023485,
								32.184558
							],
							[
								-84.023496,
								32.18454
							],
							[
								-84.023418,
								32.184323
							],
							[
								-84.023414,
								32.184239
							],
							[
								-84.023413,
								32.184215
							],
							[
								-84.023461,
								32.184188
							],
							[
								-84.023557,
								32.184133
							],
							[
								-84.023641,
								32.184085
							],
							[
								-84.023735,
								32.184082
							],
							[
								-84.023755,
								32.184081
							],
							[
								-84.023843,
								32.184105
							],
							[
								-84.023909,
								32.184115
							],
							[
								-84.024064,
								32.184252
							],
							[
								-84.024091,
								32.18428
							],
							[
								-84.024105,
								32.184284
							],
							[
								-84.024158,
								32.184295
							],
							[
								-84.024199,
								32.184303
							],
							[
								-84.024224,
								32.184309
							],
							[
								-84.024245,
								32.184314
							],
							[
								-84.024396,
								32.184277
							],
							[
								-84.024496,
								32.18415
							],
							[
								-84.024579,
								32.184054
							],
							[
								-84.024761,
								32.184074
							],
							[
								-84.024871,
								32.184168
							],
							[
								-84.024901,
								32.184246
							],
							[
								-84.024948,
								32.184368
							],
							[
								-84.025066,
								32.184457
							],
							[
								-84.025185,
								32.184421
							],
							[
								-84.025222,
								32.184362
							],
							[
								-84.02526,
								32.184303
							],
							[
								-84.025272,
								32.184165
							],
							[
								-84.025319,
								32.184115
							],
							[
								-84.02536,
								32.184073
							],
							[
								-84.025371,
								32.184061
							],
							[
								-84.025419,
								32.184047
							],
							[
								-84.025505,
								32.184021
							],
							[
								-84.025617,
								32.183968
							],
							[
								-84.025699,
								32.183856
							],
							[
								-84.0257,
								32.183844
							],
							[
								-84.025699,
								32.183722
							],
							[
								-84.025726,
								32.183514
							],
							[
								-84.025825,
								32.183431
							],
							[
								-84.025973,
								32.183385
							],
							[
								-84.026139,
								32.183392
							],
							[
								-84.026211,
								32.183396
							],
							[
								-84.026411,
								32.183417
							],
							[
								-84.026423,
								32.183418
							],
							[
								-84.026585,
								32.183401
							],
							[
								-84.026688,
								32.183344
							],
							[
								-84.026716,
								32.183327
							],
							[
								-84.026894,
								32.183096
							],
							[
								-84.026988,
								32.182988
							],
							[
								-84.027083,
								32.182891
							],
							[
								-84.02709,
								32.182884
							],
							[
								-84.02712,
								32.182857
							],
							[
								-84.027199,
								32.182785
							],
							[
								-84.027314,
								32.18276
							],
							[
								-84.027474,
								32.182753
							],
							[
								-84.02763,
								32.182775
							],
							[
								-84.027923,
								32.182943
							],
							[
								-84.028077,
								32.182974
							],
							[
								-84.028234,
								32.182958
							],
							[
								-84.028342,
								32.182916
							],
							[
								-84.028453,
								32.18282
							],
							[
								-84.028508,
								32.182693
							],
							[
								-84.028527,
								32.182589
							],
							[
								-84.028594,
								32.182467
							],
							[
								-84.028702,
								32.182369
							],
							[
								-84.028849,
								32.182347
							],
							[
								-84.028978,
								32.18242
							],
							[
								-84.029044,
								32.182541
							],
							[
								-84.029088,
								32.182707
							],
							[
								-84.029111,
								32.182712
							],
							[
								-84.029255,
								32.182741
							],
							[
								-84.029318,
								32.182703
							],
							[
								-84.029385,
								32.182662
							],
							[
								-84.029465,
								32.182547
							],
							[
								-84.029559,
								32.182237
							],
							[
								-84.029617,
								32.182142
							],
							[
								-84.029647,
								32.182036
							],
							[
								-84.029654,
								32.182011
							],
							[
								-84.029649,
								32.181876
							],
							[
								-84.029638,
								32.181846
							],
							[
								-84.029601,
								32.181749
							],
							[
								-84.029527,
								32.181669
							],
							[
								-84.029514,
								32.181662
							],
							[
								-84.029446,
								32.181627
							],
							[
								-84.029392,
								32.181599
							],
							[
								-84.02924,
								32.181561
							],
							[
								-84.029081,
								32.181558
							],
							[
								-84.028959,
								32.181492
							],
							[
								-84.028888,
								32.181372
							],
							[
								-84.028886,
								32.180963
							],
							[
								-84.02892,
								32.18062
							],
							[
								-84.028932,
								32.180495
							],
							[
								-84.02894,
								32.180368
							],
							[
								-84.028998,
								32.180242
							],
							[
								-84.029097,
								32.180137
							],
							[
								-84.029173,
								32.180106
							],
							[
								-84.029221,
								32.180087
							],
							[
								-84.029257,
								32.180086
							],
							[
								-84.029356,
								32.180083
							],
							[
								-84.029379,
								32.180082
							],
							[
								-84.029465,
								32.180105
							],
							[
								-84.02953,
								32.180123
							],
							[
								-84.029789,
								32.180176
							],
							[
								-84.029931,
								32.180163
							],
							[
								-84.029991,
								32.180087
							],
							[
								-84.030017,
								32.180055
							],
							[
								-84.029972,
								32.179929
							],
							[
								-84.029948,
								32.179879
							],
							[
								-84.029871,
								32.179723
							],
							[
								-84.029873,
								32.179639
							],
							[
								-84.029875,
								32.179584
							],
							[
								-84.029951,
								32.179447
							],
							[
								-84.029976,
								32.179439
							],
							[
								-84.029991,
								32.179434
							],
							[
								-84.030105,
								32.179397
							],
							[
								-84.030171,
								32.179408
							],
							[
								-84.030261,
								32.179423
							],
							[
								-84.030428,
								32.179508
							],
							[
								-84.030468,
								32.179531
							],
							[
								-84.030505,
								32.179553
							],
							[
								-84.030573,
								32.179592
							],
							[
								-84.030625,
								32.179527
							],
							[
								-84.030676,
								32.179479
							],
							[
								-84.030734,
								32.179388
							],
							[
								-84.030872,
								32.179166
							],
							[
								-84.030955,
								32.179071
							],
							[
								-84.030998,
								32.17895
							],
							[
								-84.031015,
								32.178932
							],
							[
								-84.031056,
								32.178888
							],
							[
								-84.031087,
								32.178854
							],
							[
								-84.031148,
								32.178728
							],
							[
								-84.031104,
								32.178519
							],
							[
								-84.031054,
								32.178402
							],
							[
								-84.030911,
								32.178351
							],
							[
								-84.030686,
								32.178483
							],
							[
								-84.03059,
								32.178579
							],
							[
								-84.030471,
								32.178508
							],
							[
								-84.030421,
								32.178426
							],
							[
								-84.030398,
								32.178388
							],
							[
								-84.030356,
								32.178337
							],
							[
								-84.030152,
								32.178088
							],
							[
								-84.030138,
								32.178071
							],
							[
								-84.030107,
								32.177999
							],
							[
								-84.030101,
								32.177985
							],
							[
								-84.030086,
								32.177951
							],
							[
								-84.03005,
								32.177821
							],
							[
								-84.030035,
								32.177696
							],
							[
								-84.030034,
								32.177687
							],
							[
								-84.030041,
								32.177552
							],
							[
								-84.030049,
								32.177511
							],
							[
								-84.030067,
								32.177418
							],
							[
								-84.030141,
								32.176904
							],
							[
								-84.030084,
								32.176781
							],
							[
								-84.030043,
								32.176727
							],
							[
								-84.030007,
								32.176679
							],
							[
								-84.029875,
								32.176605
							],
							[
								-84.029542,
								32.176481
							],
							[
								-84.029452,
								32.176391
							],
							[
								-84.029397,
								32.176266
							],
							[
								-84.0294,
								32.17613
							],
							[
								-84.0295,
								32.17606
							],
							[
								-84.02961,
								32.175962
							],
							[
								-84.0296,
								32.175893
							],
							[
								-84.029595,
								32.175855
							],
							[
								-84.029581,
								32.175851
							],
							[
								-84.029446,
								32.17581
							],
							[
								-84.029289,
								32.17579
							],
							[
								-84.028983,
								32.175809
							],
							[
								-84.028868,
								32.175779
							],
							[
								-84.028711,
								32.17577
							],
							[
								-84.028649,
								32.175784
							],
							[
								-84.028636,
								32.175785
							],
							[
								-84.028421,
								32.175796
							],
							[
								-84.028257,
								32.175715
							],
							[
								-84.028099,
								32.175637
							],
							[
								-84.027945,
								32.175515
							],
							[
								-84.02777,
								32.175286
							],
							[
								-84.027659,
								32.175057
							],
							[
								-84.02757,
								32.174896
							],
							[
								-84.027487,
								32.174756
							],
							[
								-84.027431,
								32.174573
							],
							[
								-84.027363,
								32.174357
							],
							[
								-84.027258,
								32.17424
							],
							[
								-84.027079,
								32.174104
							],
							[
								-84.026894,
								32.173968
							],
							[
								-84.026665,
								32.173832
							],
							[
								-84.026511,
								32.173714
							],
							[
								-84.026331,
								32.173517
							],
							[
								-84.026245,
								32.173412
							],
							[
								-84.026153,
								32.173217
							],
							[
								-84.026084,
								32.172947
							],
							[
								-84.026098,
								32.17258
							],
							[
								-84.026179,
								32.1723
							],
							[
								-84.026298,
								32.172133
							],
							[
								-84.026583,
								32.171884
							],
							[
								-84.026964,
								32.17164
							],
							[
								-84.027166,
								32.171492
							],
							[
								-84.027377,
								32.171295
							],
							[
								-84.027558,
								32.171176
							],
							[
								-84.0276,
								32.171165
							],
							[
								-84.027804,
								32.171295
							],
							[
								-84.028008,
								32.171359
							],
							[
								-84.028274,
								32.17138
							],
							[
								-84.028528,
								32.171327
							],
							[
								-84.028805,
								32.171168
							],
							[
								-84.029059,
								32.170966
							],
							[
								-84.029484,
								32.170796
							],
							[
								-84.029856,
								32.170754
							],
							[
								-84.03028,
								32.170764
							],
							[
								-84.030641,
								32.170669
							],
							[
								-84.031034,
								32.17052
							],
							[
								-84.03131,
								32.170531
							],
							[
								-84.031586,
								32.17068
							],
							[
								-84.031692,
								32.170828
							],
							[
								-84.031692,
								32.171104
							],
							[
								-84.031554,
								32.171391
							],
							[
								-84.031321,
								32.171762
							],
							[
								-84.031119,
								32.17224
							],
							[
								-84.031055,
								32.172612
							],
							[
								-84.031151,
								32.172941
							],
							[
								-84.031395,
								32.173206
							],
							[
								-84.031724,
								32.173397
							],
							[
								-84.032149,
								32.173472
							],
							[
								-84.032595,
								32.173504
							],
							[
								-84.033073,
								32.173408
							],
							[
								-84.033741,
								32.173355
							],
							[
								-84.034378,
								32.173344
							],
							[
								-84.034782,
								32.173408
							],
							[
								-84.035238,
								32.173525
							],
							[
								-84.035546,
								32.173631
							],
							[
								-84.035907,
								32.17378
							],
							[
								-84.036236,
								32.173971
							],
							[
								-84.036512,
								32.174172
							],
							[
								-84.036778,
								32.174289
							],
							[
								-84.0371,
								32.174377
							],
							[
								-84.037732,
								32.174444
							],
							[
								-84.038167,
								32.174459
							],
							[
								-84.038632,
								32.174399
							],
							[
								-84.039201,
								32.174369
							],
							[
								-84.039546,
								32.174459
							],
							[
								-84.039786,
								32.174564
							],
							[
								-84.040071,
								32.174834
							],
							[
								-84.040236,
								32.175074
							],
							[
								-84.040291,
								32.175345
							],
							[
								-84.040191,
								32.175674
							],
							[
								-84.040011,
								32.176049
							],
							[
								-84.039801,
								32.176454
							],
							[
								-84.039681,
								32.176903
							],
							[
								-84.039606,
								32.177173
							],
							[
								-84.039681,
								32.177503
							],
							[
								-84.039846,
								32.177833
							],
							[
								-84.040236,
								32.178088
							],
							[
								-84.04065,
								32.178168
							],
							[
								-84.041076,
								32.178268
							],
							[
								-84.041676,
								32.178268
							],
							[
								-84.042231,
								32.178238
							],
							[
								-84.042635,
								32.178343
							],
							[
								-84.043055,
								32.178598
							],
							[
								-84.043415,
								32.178838
							],
							[
								-84.043745,
								32.179108
							],
							[
								-84.04394,
								32.179438
							],
							[
								-84.044,
								32.179753
							],
							[
								-84.044,
								32.180277
							],
							[
								-84.043895,
								32.180847
							],
							[
								-84.04376,
								32.181192
							],
							[
								-84.043515,
								32.181458
							],
							[
								-84.043522,
								32.181485
							],
							[
								-84.043526,
								32.1815
							],
							[
								-84.04357,
								32.181676
							],
							[
								-84.043619,
								32.181868
							],
							[
								-84.043669,
								32.182065
							],
							[
								-84.043758,
								32.182412
							],
							[
								-84.043805,
								32.182462
							],
							[
								-84.044071,
								32.182462
							],
							[
								-84.044111,
								32.182462
							],
							[
								-84.044189,
								32.182463
							],
							[
								-84.044307,
								32.182464
							],
							[
								-84.044755,
								32.182295
							],
							[
								-84.045072,
								32.182206
							],
							[
								-84.045805,
								32.182361
							],
							[
								-84.045907,
								32.182361
							],
							[
								-84.046066,
								32.182361
							],
							[
								-84.046226,
								32.182361
							],
							[
								-84.046305,
								32.182361
							],
							[
								-84.046348,
								32.182405
							],
							[
								-84.04636,
								32.182417
							],
							[
								-84.046445,
								32.182502
							],
							[
								-84.046505,
								32.182561
							],
							[
								-84.046572,
								32.182578
							],
							[
								-84.046698,
								32.18261
							],
							[
								-84.04684,
								32.182645
							],
							[
								-84.046852,
								32.182648
							],
							[
								-84.046905,
								32.182662
							],
							[
								-84.047205,
								32.182761
							],
							[
								-84.047505,
								32.182761
							],
							[
								-84.047905,
								32.182862
							],
							[
								-84.048032,
								32.182992
							],
							[
								-84.048405,
								32.183362
							],
							[
								-84.048533,
								32.183554
							],
							[
								-84.048605,
								32.183662
							],
							[
								-84.048638,
								32.183712
							],
							[
								-84.048706,
								32.183813
							],
							[
								-84.048773,
								32.183914
							],
							[
								-84.048805,
								32.183962
							],
							[
								-84.049005,
								32.184162
							],
							[
								-84.049043,
								32.184254
							],
							[
								-84.049087,
								32.184362
							],
							[
								-84.049097,
								32.184388
							],
							[
								-84.049122,
								32.184452
							],
							[
								-84.049157,
								32.184542
							],
							[
								-84.04918,
								32.184602
							],
							[
								-84.049203,
								32.184663
							],
							[
								-84.049204,
								32.184752
							],
							[
								-84.049205,
								32.18484
							],
							[
								-84.049205,
								32.185062
							],
							[
								-84.049252,
								32.185074
							],
							[
								-84.049373,
								32.185104
							],
							[
								-84.049433,
								32.185119
							],
							[
								-84.049485,
								32.185132
							],
							[
								-84.049571,
								32.185153
							],
							[
								-84.049646,
								32.185173
							],
							[
								-84.04969,
								32.185184
							],
							[
								-84.04977,
								32.185204
							],
							[
								-84.049849,
								32.185223
							],
							[
								-84.05026,
								32.185326
							],
							[
								-84.050405,
								32.185361
							],
							[
								-84.050545,
								32.185257
							],
							[
								-84.050603,
								32.185213
							],
							[
								-84.050805,
								32.185062
							],
							[
								-84.050839,
								32.185045
							],
							[
								-84.050893,
								32.185018
							],
							[
								-84.051005,
								32.184962
							],
							[
								-84.051041,
								32.184962
							],
							[
								-84.05113,
								32.184962
							],
							[
								-84.05121,
								32.184962
							],
							[
								-84.051284,
								32.184962
							],
							[
								-84.051305,
								32.184962
							],
							[
								-84.051503,
								32.184829
							],
							[
								-84.051605,
								32.184762
							],
							[
								-84.0517,
								32.184762
							],
							[
								-84.052005,
								32.184762
							],
							[
								-84.052057,
								32.184683
							],
							[
								-84.052087,
								32.184638
							],
							[
								-84.052112,
								32.184601
							],
							[
								-84.052168,
								32.184517
							],
							[
								-84.052205,
								32.184462
							],
							[
								-84.052298,
								32.184182
							],
							[
								-84.052305,
								32.184162
							],
							[
								-84.052377,
								32.184162
							],
							[
								-84.052452,
								32.184162
							],
							[
								-84.052505,
								32.184162
							],
							[
								-84.052736,
								32.18422
							],
							[
								-84.052905,
								32.184261
							],
							[
								-84.05298,
								32.184261
							],
							[
								-84.053205,
								32.184261
							],
							[
								-84.053276,
								32.184279
							],
							[
								-84.053295,
								32.184284
							],
							[
								-84.053385,
								32.184306
							],
							[
								-84.053477,
								32.18433
							],
							[
								-84.053504,
								32.184337
							],
							[
								-84.053526,
								32.184343
							],
							[
								-84.053548,
								32.184348
							],
							[
								-84.053559,
								32.184351
							],
							[
								-84.053605,
								32.184362
							],
							[
								-84.053711,
								32.184291
							],
							[
								-84.053783,
								32.184243
							],
							[
								-84.053829,
								32.184213
							],
							[
								-84.053905,
								32.184162
							],
							[
								-84.054,
								32.184019
							],
							[
								-84.054105,
								32.183861
							],
							[
								-84.054179,
								32.183861
							],
							[
								-84.054251,
								32.183861
							],
							[
								-84.05429,
								32.183861
							],
							[
								-84.054305,
								32.183861
							],
							[
								-84.054368,
								32.183987
							],
							[
								-84.054385,
								32.184019
							],
							[
								-84.054407,
								32.184058
							],
							[
								-84.054676,
								32.184061
							],
							[
								-84.054879,
								32.184061
							],
							[
								-84.054905,
								32.184061
							],
							[
								-84.055101,
								32.183932
							],
							[
								-84.055134,
								32.18391
							],
							[
								-84.055198,
								32.183866
							],
							[
								-84.055124,
								32.183718
							],
							[
								-84.055111,
								32.183694
							],
							[
								-84.055147,
								32.183644
							],
							[
								-84.055178,
								32.1836
							],
							[
								-84.055288,
								32.183563
							],
							[
								-84.055405,
								32.183562
							],
							[
								-84.055521,
								32.183562
							],
							[
								-84.055547,
								32.183562
							],
							[
								-84.056005,
								32.183562
							],
							[
								-84.056705,
								32.183462
							],
							[
								-84.056783,
								32.183481
							],
							[
								-84.056934,
								32.183518
							],
							[
								-84.056977,
								32.183529
							],
							[
								-84.05704,
								32.183546
							],
							[
								-84.057105,
								32.183562
							],
							[
								-84.057242,
								32.183653
							],
							[
								-84.05726,
								32.183665
							],
							[
								-84.057313,
								32.183701
							],
							[
								-84.057405,
								32.183762
							],
							[
								-84.057568,
								32.183681
							],
							[
								-84.057581,
								32.183675
							],
							[
								-84.057606,
								32.183662
							],
							[
								-84.057677,
								32.183686
							],
							[
								-84.057723,
								32.183701
							],
							[
								-84.057804,
								32.183726
							],
							[
								-84.057858,
								32.183744
							],
							[
								-84.057909,
								32.183762
							],
							[
								-84.057951,
								32.183762
							],
							[
								-84.058073,
								32.183762
							],
							[
								-84.058194,
								32.18376
							],
							[
								-84.058306,
								32.183762
							],
							[
								-84.05841,
								32.1837
							],
							[
								-84.058466,
								32.183666
							],
							[
								-84.058774,
								32.183481
							],
							[
								-84.058806,
								32.183462
							],
							[
								-84.059206,
								32.183462
							],
							[
								-84.059706,
								32.183462
							],
							[
								-84.059948,
								32.183293
							],
							[
								-84.060006,
								32.183262
							],
							[
								-84.060031,
								32.183279
							],
							[
								-84.060195,
								32.183388
							],
							[
								-84.060282,
								32.183446
							],
							[
								-84.060306,
								32.183462
							],
							[
								-84.060335,
								32.183472
							],
							[
								-84.06039,
								32.18349
							],
							[
								-84.060606,
								32.183562
							],
							[
								-84.061002,
								32.183563
							],
							[
								-84.061106,
								32.183562
							],
							[
								-84.061506,
								32.183362
							],
							[
								-84.061545,
								32.183377
							],
							[
								-84.061622,
								32.183408
							],
							[
								-84.061809,
								32.183483
							],
							[
								-84.062003,
								32.183562
							],
							[
								-84.062206,
								32.183762
							],
							[
								-84.062218,
								32.18377
							],
							[
								-84.062262,
								32.183799
							],
							[
								-84.062334,
								32.183847
							],
							[
								-84.062407,
								32.183895
							],
							[
								-84.062506,
								32.183962
							],
							[
								-84.062646,
								32.184094
							],
							[
								-84.062706,
								32.184162
							],
							[
								-84.062875,
								32.184331
							],
							[
								-84.062906,
								32.184362
							],
							[
								-84.063065,
								32.184417
							],
							[
								-84.063195,
								32.184462
							],
							[
								-84.063261,
								32.184462
							],
							[
								-84.063306,
								32.184462
							],
							[
								-84.063357,
								32.18443
							],
							[
								-84.063591,
								32.184291
							],
							[
								-84.063684,
								32.184235
							],
							[
								-84.063806,
								32.184162
							],
							[
								-84.064061,
								32.184162
							],
							[
								-84.064106,
								32.184162
							],
							[
								-84.064336,
								32.184302
							],
							[
								-84.064388,
								32.184334
							],
							[
								-84.064426,
								32.184358
							],
							[
								-84.064806,
								32.184261
							],
							[
								-84.064898,
								32.184261
							],
							[
								-84.065006,
								32.184261
							],
							[
								-84.065083,
								32.184339
							],
							[
								-84.065206,
								32.184462
							],
							[
								-84.065368,
								32.184462
							],
							[
								-84.06548,
								32.184462
							],
							[
								-84.065492,
								32.184462
							],
							[
								-84.065508,
								32.184462
							],
							[
								-84.065549,
								32.184489
							],
							[
								-84.065828,
								32.184662
							],
							[
								-84.066004,
								32.184641
							],
							[
								-84.066032,
								32.184647
							],
							[
								-84.066084,
								32.184633
							],
							[
								-84.066184,
								32.184604
							],
							[
								-84.066307,
								32.184523
							],
							[
								-84.066404,
								32.184469
							],
							[
								-84.066482,
								32.184478
							],
							[
								-84.066506,
								32.184462
							],
							[
								-84.066562,
								32.184482
							],
							[
								-84.066706,
								32.184562
							],
							[
								-84.06684,
								32.184629
							],
							[
								-84.066906,
								32.184662
							],
							[
								-84.067006,
								32.184613
							],
							[
								-84.067031,
								32.184601
							],
							[
								-84.067106,
								32.184562
							],
							[
								-84.067115,
								32.184553
							],
							[
								-84.067158,
								32.18451
							],
							[
								-84.067206,
								32.184462
							],
							[
								-84.067347,
								32.184603
							],
							[
								-84.067365,
								32.184621
							],
							[
								-84.067396,
								32.184652
							],
							[
								-84.067406,
								32.184662
							],
							[
								-84.067422,
								32.184654
							],
							[
								-84.067606,
								32.184562
							],
							[
								-84.067618,
								32.184586
							],
							[
								-84.067638,
								32.184624
							],
							[
								-84.067645,
								32.18464
							],
							[
								-84.067676,
								32.1847
							],
							[
								-84.067687,
								32.184724
							],
							[
								-84.067706,
								32.184762
							],
							[
								-84.067627,
								32.18492
							],
							[
								-84.067614,
								32.184947
							],
							[
								-84.067606,
								32.184962
							],
							[
								-84.067763,
								32.184962
							],
							[
								-84.067806,
								32.184962
							],
							[
								-84.068076,
								32.184872
							],
							[
								-84.068106,
								32.184862
							],
							[
								-84.068182,
								32.184862
							],
							[
								-84.068281,
								32.184862
							],
							[
								-84.068293,
								32.184862
							],
							[
								-84.068306,
								32.184862
							],
							[
								-84.068306,
								32.184904
							],
							[
								-84.068306,
								32.184962
							],
							[
								-84.068327,
								32.18497
							],
							[
								-84.068432,
								32.185012
							],
							[
								-84.068538,
								32.185055
							],
							[
								-84.06857,
								32.185067
							],
							[
								-84.068608,
								32.185083
							],
							[
								-84.068669,
								32.185107
							],
							[
								-84.068806,
								32.185162
							],
							[
								-84.068863,
								32.185147
							],
							[
								-84.068949,
								32.185125
							],
							[
								-84.069048,
								32.185102
							],
							[
								-84.069146,
								32.185077
							],
							[
								-84.06921,
								32.185063
							],
							[
								-84.069367,
								32.185107
							],
							[
								-84.069467,
								32.185135
							],
							[
								-84.069567,
								32.185162
							],
							[
								-84.069606,
								32.185162
							],
							[
								-84.069629,
								32.185162
							],
							[
								-84.069739,
								32.185162
							],
							[
								-84.069906,
								32.185162
							],
							[
								-84.070056,
								32.185012
							],
							[
								-84.070106,
								32.184962
							],
							[
								-84.070219,
								32.184962
							],
							[
								-84.07029,
								32.184962
							],
							[
								-84.070506,
								32.184962
							],
							[
								-84.070538,
								32.184939
							],
							[
								-84.070555,
								32.184928
							],
							[
								-84.070706,
								32.184862
							],
							[
								-84.070841,
								32.184862
							],
							[
								-84.070888,
								32.184862
							],
							[
								-84.070906,
								32.184862
							],
							[
								-84.070943,
								32.184824
							],
							[
								-84.071066,
								32.184702
							],
							[
								-84.071081,
								32.184687
							],
							[
								-84.071106,
								32.184662
							],
							[
								-84.071196,
								32.184572
							],
							[
								-84.071246,
								32.184522
							],
							[
								-84.071306,
								32.184462
							],
							[
								-84.07138,
								32.184462
							],
							[
								-84.071406,
								32.184462
							],
							[
								-84.07164,
								32.184462
							],
							[
								-84.071677,
								32.184462
							],
							[
								-84.071706,
								32.184462
							],
							[
								-84.071728,
								32.184447
							],
							[
								-84.071839,
								32.184378
							],
							[
								-84.071907,
								32.184336
							],
							[
								-84.072006,
								32.184261
							],
							[
								-84.07208,
								32.184188
							],
							[
								-84.072106,
								32.184162
							],
							[
								-84.072161,
								32.184144
							],
							[
								-84.07222,
								32.184123
							],
							[
								-84.07228,
								32.184103
							],
							[
								-84.072356,
								32.184078
							],
							[
								-84.072391,
								32.184066
							],
							[
								-84.072406,
								32.184061
							],
							[
								-84.072454,
								32.184113
							],
							[
								-84.072484,
								32.184137
							],
							[
								-84.072504,
								32.18416
							],
							[
								-84.072528,
								32.184194
							],
							[
								-84.072606,
								32.184261
							],
							[
								-84.072706,
								32.184261
							],
							[
								-84.072765,
								32.184263
							],
							[
								-84.072806,
								32.184261
							],
							[
								-84.072836,
								32.184277
							],
							[
								-84.07287,
								32.184294
							],
							[
								-84.072891,
								32.184305
							],
							[
								-84.07292,
								32.184319
							],
							[
								-84.073006,
								32.184362
							],
							[
								-84.0731,
								32.184275
							],
							[
								-84.073118,
								32.184243
							],
							[
								-84.073143,
								32.184211
							],
							[
								-84.073151,
								32.184191
							],
							[
								-84.073162,
								32.184184
							],
							[
								-84.073188,
								32.184164
							],
							[
								-84.07328,
								32.184094
							],
							[
								-84.0733,
								32.18407
							],
							[
								-84.073317,
								32.184066
							],
							[
								-84.073372,
								32.18404
							],
							[
								-84.073436,
								32.184019
							],
							[
								-84.073606,
								32.183962
							],
							[
								-84.073635,
								32.183962
							],
							[
								-84.07365,
								32.183962
							],
							[
								-84.073666,
								32.183962
							],
							[
								-84.073806,
								32.183962
							],
							[
								-84.073857,
								32.184013
							],
							[
								-84.073906,
								32.184061
							],
							[
								-84.07397,
								32.184061
							],
							[
								-84.074011,
								32.184068
							],
							[
								-84.074027,
								32.184063
							],
							[
								-84.074106,
								32.184061
							],
							[
								-84.074178,
								32.184098
							],
							[
								-84.074188,
								32.184111
							],
							[
								-84.074306,
								32.184163
							],
							[
								-84.074382,
								32.184314
							],
							[
								-84.074406,
								32.184362
							],
							[
								-84.074457,
								32.184388
							],
							[
								-84.07453,
								32.184426
							],
							[
								-84.074548,
								32.184435
							],
							[
								-84.074604,
								32.184463
							],
							[
								-84.074604,
								32.184489
							],
							[
								-84.074606,
								32.184662
							],
							[
								-84.074606,
								32.184703
							],
							[
								-84.074606,
								32.184762
							],
							[
								-84.074763,
								32.18484
							],
							[
								-84.074806,
								32.184862
							],
							[
								-84.074806,
								32.184894
							],
							[
								-84.074806,
								32.184962
							],
							[
								-84.074845,
								32.184987
							],
							[
								-84.074884,
								32.185013
							],
							[
								-84.074908,
								32.185029
							],
							[
								-84.074966,
								32.185068
							],
							[
								-84.075072,
								32.185139
							],
							[
								-84.075094,
								32.185153
							],
							[
								-84.075106,
								32.185162
							],
							[
								-84.075163,
								32.185133
							],
							[
								-84.075203,
								32.185113
							],
							[
								-84.075306,
								32.185062
							],
							[
								-84.07544,
								32.18506
							],
							[
								-84.075606,
								32.185062
							],
							[
								-84.075654,
								32.185062
							],
							[
								-84.075719,
								32.185062
							],
							[
								-84.075785,
								32.185062
							],
							[
								-84.075906,
								32.185062
							],
							[
								-84.075928,
								32.185083
							],
							[
								-84.07597,
								32.185125
							],
							[
								-84.07598,
								32.185135
							],
							[
								-84.076028,
								32.185184
							],
							[
								-84.076075,
								32.185231
							],
							[
								-84.076106,
								32.185262
							],
							[
								-84.076106,
								32.185349
							],
							[
								-84.076106,
								32.185361
							],
							[
								-84.076194,
								32.185406
							],
							[
								-84.076306,
								32.185462
							],
							[
								-84.076393,
								32.185462
							],
							[
								-84.076506,
								32.185462
							],
							[
								-84.076656,
								32.185612
							],
							[
								-84.076706,
								32.185662
							],
							[
								-84.076845,
								32.185662
							],
							[
								-84.076906,
								32.185662
							],
							[
								-84.076905,
								32.185698
							],
							[
								-84.076906,
								32.185862
							],
							[
								-84.077006,
								32.185962
							],
							[
								-84.077057,
								32.185979
							],
							[
								-84.077082,
								32.185987
							],
							[
								-84.077127,
								32.186002
							],
							[
								-84.077306,
								32.186062
							],
							[
								-84.077006,
								32.186262
							],
							[
								-84.076756,
								32.186262
							],
							[
								-84.07674,
								32.186257
							],
							[
								-84.076708,
								32.186262
							],
							[
								-84.07672,
								32.186282
							],
							[
								-84.076727,
								32.186293
							],
							[
								-84.076836,
								32.186456
							],
							[
								-84.076843,
								32.186477
							],
							[
								-84.076869,
								32.186506
							],
							[
								-84.076906,
								32.186562
							],
							[
								-84.077054,
								32.186599
							],
							[
								-84.077306,
								32.186662
							],
							[
								-84.077406,
								32.186762
							],
							[
								-84.077606,
								32.186861
							],
							[
								-84.077664,
								32.186843
							],
							[
								-84.077739,
								32.186818
							],
							[
								-84.077806,
								32.186796
							],
							[
								-84.077833,
								32.186787
							],
							[
								-84.077872,
								32.186774
							],
							[
								-84.077925,
								32.186768
							],
							[
								-84.07799,
								32.18679
							],
							[
								-84.078206,
								32.186861
							],
							[
								-84.078271,
								32.186861
							],
							[
								-84.078283,
								32.186861
							],
							[
								-84.078403,
								32.186855
							],
							[
								-84.078423,
								32.186861
							],
							[
								-84.078506,
								32.186861
							],
							[
								-84.078678,
								32.186775
							],
							[
								-84.078689,
								32.18677
							],
							[
								-84.078906,
								32.186662
							],
							[
								-84.078992,
								32.186576
							],
							[
								-84.079006,
								32.186562
							],
							[
								-84.079306,
								32.186562
							],
							[
								-84.079415,
								32.186562
							],
							[
								-84.079472,
								32.186562
							],
							[
								-84.0795,
								32.186562
							],
							[
								-84.079536,
								32.186591
							],
							[
								-84.079682,
								32.186738
							],
							[
								-84.079771,
								32.186826
							],
							[
								-84.079829,
								32.186884
							],
							[
								-84.079939,
								32.186995
							],
							[
								-84.079952,
								32.187008
							],
							[
								-84.079972,
								32.187027
							],
							[
								-84.080006,
								32.187061
							],
							[
								-84.08016,
								32.186985
							],
							[
								-84.080206,
								32.186962
							],
							[
								-84.080206,
								32.18699
							],
							[
								-84.080206,
								32.187022
							],
							[
								-84.080206,
								32.187061
							],
							[
								-84.080278,
								32.187098
							],
							[
								-84.080406,
								32.187162
							],
							[
								-84.080606,
								32.187162
							],
							[
								-84.080737,
								32.187337
							],
							[
								-84.080779,
								32.187392
							],
							[
								-84.080808,
								32.187432
							],
							[
								-84.08082,
								32.187448
							],
							[
								-84.080852,
								32.18745
							],
							[
								-84.080875,
								32.187452
							],
							[
								-84.081006,
								32.187461
							],
							[
								-84.081039,
								32.187444
							],
							[
								-84.081145,
								32.187392
							],
							[
								-84.081206,
								32.187362
							],
							[
								-84.081218,
								32.187374
							],
							[
								-84.081229,
								32.187385
							],
							[
								-84.081257,
								32.187413
							],
							[
								-84.081306,
								32.187461
							],
							[
								-84.081361,
								32.187572
							],
							[
								-84.081406,
								32.187662
							],
							[
								-84.081506,
								32.187762
							],
							[
								-84.081481,
								32.187789
							],
							[
								-84.08144,
								32.187832
							],
							[
								-84.081401,
								32.187875
							],
							[
								-84.081308,
								32.187975
							],
							[
								-84.081298,
								32.187985
							],
							[
								-84.081305,
								32.188024
							],
							[
								-84.081305,
								32.188049
							],
							[
								-84.081305,
								32.188062
							],
							[
								-84.081365,
								32.188062
							],
							[
								-84.081403,
								32.188062
							],
							[
								-84.08143,
								32.188062
							],
							[
								-84.081494,
								32.188062
							],
							[
								-84.081633,
								32.188062
							],
							[
								-84.081672,
								32.188062
							],
							[
								-84.081706,
								32.188062
							],
							[
								-84.081859,
								32.188062
							],
							[
								-84.081906,
								32.188062
							],
							[
								-84.082106,
								32.188162
							],
							[
								-84.082153,
								32.188276
							],
							[
								-84.082206,
								32.188462
							],
							[
								-84.082206,
								32.188561
							],
							[
								-84.082309,
								32.188612
							],
							[
								-84.082406,
								32.188662
							],
							[
								-84.082406,
								32.188758
							],
							[
								-84.082406,
								32.188961
							],
							[
								-84.082306,
								32.189262
							],
							[
								-84.082318,
								32.189286
							],
							[
								-84.082349,
								32.189348
							],
							[
								-84.082406,
								32.189462
							],
							[
								-84.082506,
								32.189662
							],
							[
								-84.082506,
								32.189813
							],
							[
								-84.082506,
								32.189861
							],
							[
								-84.082585,
								32.189861
							],
							[
								-84.082606,
								32.189861
							],
							[
								-84.082706,
								32.189762
							],
							[
								-84.082743,
								32.189737
							],
							[
								-84.082783,
								32.189711
							],
							[
								-84.082799,
								32.1897
							],
							[
								-84.082886,
								32.189642
							],
							[
								-84.082972,
								32.189585
							],
							[
								-84.083006,
								32.189562
							],
							[
								-84.083021,
								32.189577
							],
							[
								-84.08308,
								32.189636
							],
							[
								-84.083206,
								32.189762
							],
							[
								-84.083227,
								32.189762
							],
							[
								-84.083293,
								32.189762
							],
							[
								-84.083323,
								32.189762
							],
							[
								-84.083335,
								32.189762
							],
							[
								-84.083406,
								32.189762
							],
							[
								-84.083426,
								32.189782
							],
							[
								-84.083503,
								32.189861
							],
							[
								-84.083504,
								32.189911
							],
							[
								-84.083506,
								32.189962
							],
							[
								-84.083525,
								32.189975
							],
							[
								-84.083542,
								32.18998
							],
							[
								-84.083695,
								32.190057
							],
							[
								-84.083706,
								32.190063
							],
							[
								-84.083798,
								32.190154
							],
							[
								-84.083806,
								32.190162
							],
							[
								-84.083783,
								32.190207
							],
							[
								-84.083706,
								32.190362
							],
							[
								-84.083706,
								32.190461
							],
							[
								-84.08384,
								32.190589
							],
							[
								-84.083906,
								32.190662
							],
							[
								-84.084007,
								32.190763
							],
							[
								-84.084105,
								32.190863
							],
							[
								-84.084233,
								32.19099
							],
							[
								-84.084305,
								32.191062
							],
							[
								-84.084319,
								32.191069
							],
							[
								-84.084407,
								32.191113
							],
							[
								-84.084495,
								32.191156
							],
							[
								-84.084505,
								32.191162
							],
							[
								-84.084585,
								32.191189
							],
							[
								-84.084805,
								32.191262
							],
							[
								-84.085305,
								32.191062
							],
							[
								-84.08559,
								32.191062
							],
							[
								-84.085714,
								32.191062
							],
							[
								-84.085775,
								32.191062
							],
							[
								-84.085826,
								32.191062
							],
							[
								-84.085905,
								32.191062
							],
							[
								-84.086129,
								32.191153
							],
							[
								-84.086178,
								32.191173
							],
							[
								-84.086405,
								32.191262
							],
							[
								-84.086705,
								32.191361
							],
							[
								-84.087105,
								32.191361
							],
							[
								-84.087335,
								32.191439
							],
							[
								-84.087366,
								32.191449
							],
							[
								-84.087405,
								32.191462
							],
							[
								-84.087499,
								32.191493
							],
							[
								-84.087706,
								32.191561
							],
							[
								-84.08773,
								32.191566
							],
							[
								-84.087743,
								32.191569
							],
							[
								-84.087865,
								32.191601
							],
							[
								-84.088106,
								32.191662
							],
							[
								-84.08822,
								32.191688
							],
							[
								-84.088507,
								32.191761
							],
							[
								-84.088787,
								32.191901
							],
							[
								-84.088836,
								32.191926
							],
							[
								-84.088907,
								32.191961
							],
							[
								-84.089068,
								32.191921
							],
							[
								-84.089307,
								32.191861
							],
							[
								-84.089413,
								32.191861
							],
							[
								-84.089707,
								32.191861
							],
							[
								-84.089784,
								32.191899
							],
							[
								-84.089907,
								32.191961
							],
							[
								-84.090193,
								32.191889
							],
							[
								-84.090307,
								32.191861
							],
							[
								-84.090507,
								32.192061
							],
							[
								-84.090881,
								32.192155
							],
							[
								-84.091207,
								32.192061
							],
							[
								-84.091584,
								32.192146
							],
							[
								-84.091654,
								32.192132
							],
							[
								-84.091679,
								32.192127
							],
							[
								-84.091698,
								32.192123
							],
							[
								-84.091714,
								32.19212
							],
							[
								-84.091743,
								32.192114
							],
							[
								-84.091937,
								32.192075
							],
							[
								-84.092007,
								32.192061
							],
							[
								-84.092135,
								32.192061
							],
							[
								-84.092207,
								32.192061
							],
							[
								-84.092403,
								32.192061
							],
							[
								-84.092449,
								32.192061
							],
							[
								-84.092712,
								32.192061
							],
							[
								-84.092807,
								32.192061
							],
							[
								-84.092926,
								32.19212
							],
							[
								-84.093007,
								32.192161
							],
							[
								-84.09321,
								32.192058
							],
							[
								-84.093263,
								32.192005
							],
							[
								-84.093307,
								32.191961
							],
							[
								-84.093413,
								32.192014
							],
							[
								-84.093507,
								32.192061
							],
							[
								-84.093611,
								32.192096
							],
							[
								-84.093807,
								32.192161
							],
							[
								-84.093918,
								32.192087
							],
							[
								-84.094113,
								32.191968
							],
							[
								-84.094175,
								32.191961
							],
							[
								-84.094208,
								32.191954
							],
							[
								-84.094407,
								32.191961
							],
							[
								-84.094482,
								32.191924
							],
							[
								-84.094607,
								32.191861
							],
							[
								-84.094907,
								32.191861
							],
							[
								-84.095001,
								32.191861
							],
							[
								-84.095107,
								32.191861
							],
							[
								-84.095256,
								32.191935
							],
							[
								-84.095303,
								32.191964
							],
							[
								-84.095506,
								32.191961
							],
							[
								-84.095685,
								32.191902
							],
							[
								-84.095807,
								32.191861
							],
							[
								-84.096007,
								32.191861
							],
							[
								-84.096207,
								32.191861
							],
							[
								-84.096607,
								32.191861
							],
							[
								-84.097092,
								32.191958
							],
							[
								-84.097107,
								32.191961
							],
							[
								-84.097125,
								32.191961
							],
							[
								-84.097362,
								32.191961
							],
							[
								-84.097407,
								32.191961
							],
							[
								-84.097441,
								32.191961
							],
							[
								-84.097581,
								32.191961
							],
							[
								-84.097607,
								32.191961
							],
							[
								-84.097878,
								32.192051
							],
							[
								-84.097907,
								32.192061
							],
							[
								-84.098307,
								32.191961
							],
							[
								-84.098424,
								32.191961
							],
							[
								-84.098607,
								32.191961
							],
							[
								-84.098658,
								32.191961
							],
							[
								-84.098907,
								32.191961
							],
							[
								-84.099263,
								32.191871
							],
							[
								-84.099307,
								32.191861
							],
							[
								-84.099583,
								32.191953
							],
							[
								-84.099607,
								32.191961
							],
							[
								-84.099667,
								32.191991
							],
							[
								-84.09969,
								32.192002
							],
							[
								-84.099706,
								32.19201
							],
							[
								-84.099788,
								32.192051
							],
							[
								-84.099801,
								32.192058
							],
							[
								-84.100127,
								32.191981
							],
							[
								-84.100207,
								32.191961
							],
							[
								-84.100407,
								32.191861
							],
							[
								-84.100607,
								32.191861
							],
							[
								-84.100789,
								32.19177
							],
							[
								-84.100886,
								32.191722
							],
							[
								-84.101007,
								32.191661
							],
							[
								-84.101307,
								32.191661
							],
							[
								-84.101607,
								32.191361
							],
							[
								-84.101661,
								32.191361
							],
							[
								-84.101723,
								32.191361
							],
							[
								-84.101807,
								32.191361
							],
							[
								-84.101921,
								32.191474
							],
							[
								-84.101965,
								32.191518
							],
							[
								-84.102007,
								32.191561
							],
							[
								-84.102307,
								32.19146
							],
							[
								-84.102507,
								32.19146
							],
							[
								-84.102607,
								32.19146
							],
							[
								-84.102706,
								32.191412
							],
							[
								-84.102807,
								32.191362
							],
							[
								-84.102883,
								32.191362
							],
							[
								-84.103007,
								32.191362
							],
							[
								-84.10305,
								32.191319
							],
							[
								-84.103107,
								32.191261
							],
							[
								-84.103211,
								32.19133
							],
							[
								-84.10322,
								32.191335
							],
							[
								-84.103307,
								32.191361
							],
							[
								-84.103531,
								32.191211
							],
							[
								-84.103562,
								32.191232
							],
							[
								-84.103698,
								32.19126
							],
							[
								-84.103747,
								32.19126
							],
							[
								-84.103807,
								32.19126
							],
							[
								-84.104207,
								32.191159
							],
							[
								-84.104449,
								32.191208
							],
							[
								-84.104707,
								32.19126
							],
							[
								-84.105007,
								32.19126
							],
							[
								-84.105107,
								32.19126
							],
							[
								-84.105207,
								32.191159
							],
							[
								-84.105307,
								32.191159
							],
							[
								-84.105407,
								32.190961
							],
							[
								-84.105707,
								32.190961
							],
							[
								-84.105907,
								32.190961
							],
							[
								-84.106212,
								32.190751
							],
							[
								-84.106273,
								32.190754
							],
							[
								-84.106407,
								32.190761
							],
							[
								-84.106507,
								32.190761
							],
							[
								-84.106707,
								32.190661
							],
							[
								-84.106782,
								32.190586
							],
							[
								-84.106807,
								32.190561
							],
							[
								-84.106904,
								32.190513
							],
							[
								-84.107207,
								32.190361
							],
							[
								-84.107339,
								32.190379
							],
							[
								-84.107383,
								32.190385
							],
							[
								-84.107445,
								32.190395
							],
							[
								-84.107539,
								32.190407
							],
							[
								-84.10763,
								32.19042
							],
							[
								-84.107898,
								32.19046
							],
							[
								-84.107988,
								32.190472
							],
							[
								-84.108042,
								32.19048
							],
							[
								-84.1081,
								32.190488
							],
							[
								-84.108151,
								32.190495
							],
							[
								-84.108182,
								32.1905
							],
							[
								-84.108203,
								32.190503
							],
							[
								-84.108439,
								32.190536
							],
							[
								-84.108505,
								32.190545
							],
							[
								-84.108607,
								32.190561
							],
							[
								-84.108704,
								32.190561
							],
							[
								-84.108807,
								32.190561
							],
							[
								-84.109107,
								32.190561
							],
							[
								-84.109138,
								32.19053
							],
							[
								-84.109267,
								32.190401
							],
							[
								-84.109405,
								32.190268
							],
							[
								-84.109564,
								32.190418
							],
							[
								-84.109607,
								32.190461
							],
							[
								-84.109607,
								32.190545
							],
							[
								-84.109607,
								32.190661
							],
							[
								-84.109663,
								32.19066
							],
							[
								-84.10979,
								32.190658
							],
							[
								-84.109924,
								32.190655
							],
							[
								-84.110207,
								32.190561
							],
							[
								-84.110466,
								32.190561
							],
							[
								-84.110507,
								32.190561
							],
							[
								-84.110629,
								32.190622
							],
							[
								-84.110907,
								32.190761
							],
							[
								-84.110948,
								32.190843
							],
							[
								-84.110991,
								32.190928
							],
							[
								-84.111007,
								32.190961
							],
							[
								-84.111061,
								32.190979
							],
							[
								-84.111307,
								32.19106
							],
							[
								-84.111693,
								32.190942
							],
							[
								-84.111758,
								32.190976
							],
							[
								-84.111916,
								32.190986
							],
							[
								-84.111942,
								32.190979
							],
							[
								-84.112107,
								32.19106
							],
							[
								-84.112268,
								32.191007
							],
							[
								-84.112403,
								32.190968
							],
							[
								-84.112421,
								32.190959
							],
							[
								-84.112476,
								32.190959
							],
							[
								-84.11249,
								32.190959
							],
							[
								-84.112657,
								32.190961
							],
							[
								-84.112685,
								32.190962
							],
							[
								-84.1128,
								32.190964
							],
							[
								-84.11293,
								32.190836
							],
							[
								-84.113006,
								32.190759
							],
							[
								-84.113205,
								32.190662
							],
							[
								-84.113295,
								32.190573
							],
							[
								-84.113314,
								32.19056
							],
							[
								-84.113715,
								32.190492
							],
							[
								-84.113906,
								32.190461
							],
							[
								-84.114207,
								32.190561
							],
							[
								-84.114358,
								32.190561
							],
							[
								-84.114607,
								32.190561
							],
							[
								-84.114722,
								32.190446
							],
							[
								-84.114807,
								32.190361
							],
							[
								-84.114951,
								32.190313
							],
							[
								-84.115107,
								32.190261
							],
							[
								-84.11514,
								32.190269
							],
							[
								-84.115507,
								32.190361
							],
							[
								-84.115858,
								32.190289
							],
							[
								-84.11589,
								32.190284
							],
							[
								-84.116007,
								32.190261
							],
							[
								-84.116188,
								32.19032
							],
							[
								-84.116217,
								32.190331
							],
							[
								-84.116301,
								32.190362
							],
							[
								-84.11646,
								32.19036
							],
							[
								-84.116586,
								32.190374
							],
							[
								-84.116807,
								32.190261
							],
							[
								-84.116948,
								32.190331
							],
							[
								-84.116966,
								32.19034
							],
							[
								-84.117007,
								32.190361
							],
							[
								-84.117117,
								32.190306
							],
							[
								-84.117161,
								32.190284
							],
							[
								-84.117207,
								32.190261
							],
							[
								-84.117297,
								32.190216
							],
							[
								-84.117407,
								32.190161
							],
							[
								-84.117478,
								32.190137
							],
							[
								-84.117707,
								32.190061
							],
							[
								-84.117852,
								32.189915
							],
							[
								-84.11787,
								32.189897
							],
							[
								-84.117907,
								32.189861
							],
							[
								-84.118021,
								32.189889
							],
							[
								-84.118114,
								32.189912
							],
							[
								-84.118216,
								32.189937
							],
							[
								-84.118307,
								32.18996
							],
							[
								-84.118379,
								32.189966
							],
							[
								-84.118411,
								32.18996
							],
							[
								-84.118433,
								32.189954
							],
							[
								-84.118607,
								32.18996
							],
							[
								-84.118837,
								32.190012
							],
							[
								-84.118851,
								32.190022
							],
							[
								-84.119007,
								32.190061
							],
							[
								-84.119114,
								32.189989
							],
							[
								-84.119156,
								32.18996
							],
							[
								-84.119307,
								32.189861
							],
							[
								-84.119345,
								32.18988
							],
							[
								-84.119507,
								32.18996
							],
							[
								-84.119592,
								32.18999
							],
							[
								-84.11973,
								32.190036
							],
							[
								-84.119777,
								32.190052
							],
							[
								-84.119812,
								32.190064
							],
							[
								-84.119871,
								32.190064
							],
							[
								-84.119989,
								32.190061
							],
							[
								-84.120107,
								32.190058
							],
							[
								-84.120177,
								32.18992
							],
							[
								-84.120189,
								32.189897
							],
							[
								-84.120271,
								32.189735
							],
							[
								-84.120308,
								32.189662
							],
							[
								-84.120357,
								32.18971
							],
							[
								-84.120408,
								32.18976
							],
							[
								-84.120476,
								32.18976
							],
							[
								-84.120558,
								32.18976
							],
							[
								-84.120707,
								32.18976
							],
							[
								-84.120776,
								32.189622
							],
							[
								-84.120807,
								32.18956
							],
							[
								-84.120883,
								32.18956
							],
							[
								-84.121007,
								32.18956
							],
							[
								-84.121307,
								32.18956
							],
							[
								-84.121437,
								32.189562
							],
							[
								-84.121588,
								32.18956
							],
							[
								-84.121906,
								32.18956
							],
							[
								-84.121933,
								32.189547
							],
							[
								-84.121943,
								32.189542
							],
							[
								-84.121963,
								32.189532
							],
							[
								-84.122299,
								32.189365
							],
							[
								-84.122558,
								32.189276
							],
							[
								-84.122607,
								32.189261
							],
							[
								-84.122907,
								32.189461
							],
							[
								-84.123007,
								32.18956
							],
							[
								-84.123307,
								32.189661
							],
							[
								-84.123407,
								32.18976
							],
							[
								-84.123534,
								32.189802
							],
							[
								-84.123707,
								32.189861
							],
							[
								-84.123878,
								32.189774
							],
							[
								-84.123907,
								32.18976
							],
							[
								-84.124139,
								32.18976
							],
							[
								-84.124207,
								32.18976
							],
							[
								-84.124435,
								32.18976
							],
							[
								-84.124507,
								32.18976
							],
							[
								-84.124605,
								32.18976
							],
							[
								-84.124646,
								32.189747
							],
							[
								-84.124671,
								32.189739
							],
							[
								-84.124802,
								32.189737
							],
							[
								-84.124921,
								32.189729
							],
							[
								-84.124961,
								32.189726
							],
							[
								-84.12512,
								32.189693
							],
							[
								-84.125199,
								32.189645
							],
							[
								-84.125249,
								32.189615
							],
							[
								-84.125329,
								32.189509
							],
							[
								-84.125464,
								32.189448
							],
							[
								-84.125581,
								32.18945
							],
							[
								-84.125739,
								32.189442
							],
							[
								-84.125896,
								32.189458
							],
							[
								-84.126047,
								32.189498
							],
							[
								-84.126204,
								32.189512
							],
							[
								-84.126472,
								32.189445
							],
							[
								-84.12663,
								32.189439
							],
							[
								-84.126758,
								32.189459
							],
							[
								-84.127009,
								32.189486
							],
							[
								-84.127164,
								32.189452
							],
							[
								-84.127343,
								32.189374
							],
							[
								-84.1275,
								32.189368
							],
							[
								-84.127616,
								32.189416
							],
							[
								-84.127748,
								32.189417
							],
							[
								-84.127774,
								32.189417
							],
							[
								-84.127852,
								32.189405
							],
							[
								-84.127931,
								32.189393
							],
							[
								-84.128392,
								32.189256
							],
							[
								-84.128506,
								32.189221
							],
							[
								-84.129166,
								32.189017
							],
							[
								-84.12948,
								32.188849
							],
							[
								-84.129654,
								32.188758
							],
							[
								-84.129776,
								32.188673
							],
							[
								-84.129892,
								32.18858
							],
							[
								-84.129976,
								32.188502
							],
							[
								-84.130033,
								32.188345
							],
							[
								-84.13012,
								32.18824
							],
							[
								-84.130329,
								32.1882
							],
							[
								-84.130487,
								32.18819
							],
							[
								-84.130625,
								32.188127
							],
							[
								-84.130693,
								32.188087
							],
							[
								-84.130758,
								32.188048
							],
							[
								-84.130913,
								32.188018
							],
							[
								-84.131007,
								32.188027
							],
							[
								-84.131055,
								32.188031
							],
							[
								-84.131293,
								32.188063
							],
							[
								-84.131522,
								32.188102
							],
							[
								-84.131671,
								32.18806
							],
							[
								-84.131787,
								32.187976
							],
							[
								-84.131856,
								32.187855
							],
							[
								-84.131894,
								32.187724
							],
							[
								-84.131902,
								32.187624
							],
							[
								-84.131971,
								32.187226
							],
							[
								-84.132008,
								32.187095
							],
							[
								-84.132072,
								32.186971
							],
							[
								-84.132114,
								32.186919
							],
							[
								-84.132163,
								32.18686
							],
							[
								-84.132251,
								32.186781
							],
							[
								-84.13241,
								32.186695
							],
							[
								-84.132593,
								32.186673
							],
							[
								-84.132907,
								32.186622
							],
							[
								-84.133057,
								32.186577
							],
							[
								-84.133201,
								32.186521
							],
							[
								-84.13334,
								32.186455
							],
							[
								-84.133437,
								32.1864
							],
							[
								-84.133818,
								32.186165
							],
							[
								-84.133944,
								32.186082
							],
							[
								-84.134119,
								32.185989
							],
							[
								-84.134243,
								32.185912
							],
							[
								-84.134338,
								32.185853
							],
							[
								-84.134455,
								32.185761
							],
							[
								-84.134564,
								32.185592
							],
							[
								-84.134736,
								32.185392
							],
							[
								-84.134721,
								32.187219
							],
							[
								-84.134703,
								32.189429
							],
							[
								-84.134703,
								32.18951
							],
							[
								-84.134702,
								32.189577
							],
							[
								-84.134702,
								32.189619
							],
							[
								-84.134672,
								32.19355
							],
							[
								-84.134665,
								32.194485
							],
							[
								-84.134665,
								32.194513
							],
							[
								-84.134661,
								32.194757
							],
							[
								-84.134652,
								32.195345
							],
							[
								-84.134647,
								32.195928
							],
							[
								-84.134636,
								32.197329
							],
							[
								-84.134628,
								32.198388
							],
							[
								-84.134617,
								32.19974
							],
							[
								-84.134572,
								32.205201
							],
							[
								-84.134567,
								32.205941
							],
							[
								-84.134559,
								32.20598
							],
							[
								-84.134524,
								32.206165
							],
							[
								-84.134502,
								32.20723
							],
							[
								-84.134385,
								32.213196
							],
							[
								-84.13437,
								32.21395
							],
							[
								-84.134215,
								32.22184
							],
							[
								-84.13421,
								32.222099
							],
							[
								-84.134095,
								32.227972
							],
							[
								-84.149638,
								32.228563
							],
							[
								-84.150702,
								32.228603
							],
							[
								-84.150897,
								32.22861
							],
							[
								-84.15713,
								32.228847
							],
							[
								-84.162658,
								32.229056
							],
							[
								-84.1632,
								32.229075
							],
							[
								-84.163333,
								32.22908
							],
							[
								-84.170763,
								32.229333
							],
							[
								-84.171961,
								32.229374
							],
							[
								-84.181657,
								32.229703
							],
							[
								-84.181701,
								32.229704
							],
							[
								-84.181743,
								32.229706
							],
							[
								-84.181769,
								32.229707
							],
							[
								-84.181798,
								32.229708
							],
							[
								-84.181849,
								32.22971
							],
							[
								-84.181902,
								32.229712
							],
							[
								-84.186619,
								32.229889
							],
							[
								-84.197294,
								32.230289
							],
							[
								-84.197681,
								32.230303
							],
							[
								-84.199786,
								32.230383
							],
							[
								-84.19987,
								32.230386
							],
							[
								-84.199916,
								32.230388
							],
							[
								-84.199939,
								32.230389
							],
							[
								-84.200212,
								32.230399
							],
							[
								-84.204837,
								32.230573
							],
							[
								-84.220144,
								32.23115
							],
							[
								-84.220139,
								32.233736
							],
							[
								-84.220139,
								32.233832
							],
							[
								-84.219946,
								32.24347
							],
							[
								-84.219938,
								32.243856
							],
							[
								-84.219811,
								32.250158
							],
							[
								-84.219659,
								32.259785
							],
							[
								-84.219658,
								32.259829
							],
							[
								-84.219619,
								32.262321
							],
							[
								-84.219544,
								32.267047
							],
							[
								-84.219544,
								32.267075
							],
							[
								-84.219411,
								32.275557
							],
							[
								-84.219398,
								32.276843
							],
							[
								-84.219397,
								32.276919
							],
							[
								-84.219371,
								32.279435
							],
							[
								-84.219371,
								32.279477
							],
							[
								-84.21925,
								32.291272
							],
							[
								-84.219249,
								32.291337
							],
							[
								-84.219248,
								32.291438
							],
							[
								-84.219211,
								32.295057
							],
							[
								-84.227754,
								32.295295
							],
							[
								-84.231055,
								32.295386
							],
							[
								-84.235973,
								32.295523
							],
							[
								-84.236198,
								32.295529
							],
							[
								-84.236222,
								32.29553
							],
							[
								-84.236244,
								32.29553
							],
							[
								-84.236319,
								32.295532
							],
							[
								-84.236385,
								32.295534
							],
							[
								-84.241565,
								32.295678
							],
							[
								-84.244412,
								32.295757
							],
							[
								-84.247209,
								32.295831
							],
							[
								-84.247227,
								32.295823
							],
							[
								-84.247329,
								32.295834
							],
							[
								-84.24736,
								32.295835
							],
							[
								-84.247383,
								32.295836
							],
							[
								-84.24769,
								32.295845
							],
							[
								-84.248014,
								32.295854
							],
							[
								-84.248118,
								32.295856
							],
							[
								-84.249804,
								32.295903
							],
							[
								-84.249912,
								32.295906
							],
							[
								-84.250927,
								32.295963
							],
							[
								-84.255115,
								32.296123
							],
							[
								-84.255912,
								32.296156
							],
							[
								-84.255863,
								32.298997
							],
							[
								-84.255862,
								32.299054
							],
							[
								-84.255861,
								32.29911
							],
							[
								-84.25586,
								32.299177
							],
							[
								-84.255663,
								32.310505
							],
							[
								-84.255602,
								32.313977
							],
							[
								-84.255558,
								32.316637
							],
							[
								-84.255557,
								32.316674
							],
							[
								-84.255542,
								32.317681
							],
							[
								-84.255403,
								32.325702
							],
							[
								-84.255042,
								32.345888
							],
							[
								-84.255024,
								32.34597
							],
							[
								-84.255,
								32.348748
							],
							[
								-84.255,
								32.348792
							],
							[
								-84.25499,
								32.349905
							],
							[
								-84.25499,
								32.349916
							],
							[
								-84.254874,
								32.356723
							],
							[
								-84.254779,
								32.362389
							],
							[
								-84.254712,
								32.366261
							],
							[
								-84.254712,
								32.36628
							],
							[
								-84.254613,
								32.372053
							],
							[
								-84.254613,
								32.37408
							],
							[
								-84.254613,
								32.375152
							],
							[
								-84.254447,
								32.381528
							],
							[
								-84.254313,
								32.386651
							],
							[
								-84.254313,
								32.390808
							],
							[
								-84.254313,
								32.390858
							],
							[
								-84.254313,
								32.395572
							],
							[
								-84.254111,
								32.395764
							],
							[
								-84.253973,
								32.395834
							],
							[
								-84.253922,
								32.395846
							],
							[
								-84.253873,
								32.395863
							],
							[
								-84.253827,
								32.395885
							],
							[
								-84.253784,
								32.395912
							],
							[
								-84.253745,
								32.395943
							],
							[
								-84.253711,
								32.395977
							],
							[
								-84.253679,
								32.396017
							],
							[
								-84.253613,
								32.396127
							],
							[
								-84.25353,
								32.396265
							],
							[
								-84.25351,
								32.396299
							],
							[
								-84.253467,
								32.396383
							],
							[
								-84.253412,
								32.396459
							],
							[
								-84.253346,
								32.39653
							],
							[
								-84.253271,
								32.396594
							],
							[
								-84.253211,
								32.396634
							],
							[
								-84.25295,
								32.396777
							],
							[
								-84.252522,
								32.397123
							],
							[
								-84.251895,
								32.397694
							],
							[
								-84.251547,
								32.398068
							],
							[
								-84.251347,
								32.398308
							],
							[
								-84.251335,
								32.398324
							],
							[
								-84.251289,
								32.398384
							],
							[
								-84.25122,
								32.398452
							],
							[
								-84.251139,
								32.398511
							],
							[
								-84.251096,
								32.398536
							],
							[
								-84.251018,
								32.398573
							],
							[
								-84.250613,
								32.398714
							],
							[
								-84.250334,
								32.398846
							],
							[
								-84.249911,
								32.39904
							],
							[
								-84.249844,
								32.399082
							],
							[
								-84.249783,
								32.399121
							],
							[
								-84.249666,
								32.399212
							],
							[
								-84.249614,
								32.399261
							],
							[
								-84.249595,
								32.399279
							],
							[
								-84.249536,
								32.399341
							],
							[
								-84.249508,
								32.39938
							],
							[
								-84.249438,
								32.399448
							],
							[
								-84.249397,
								32.399476
							],
							[
								-84.249353,
								32.399502
							],
							[
								-84.249257,
								32.399541
							],
							[
								-84.249207,
								32.399554
							],
							[
								-84.249148,
								32.399563
							],
							[
								-84.249049,
								32.399596
							],
							[
								-84.248956,
								32.399639
							],
							[
								-84.24887,
								32.399692
							],
							[
								-84.248793,
								32.399754
							],
							[
								-84.248726,
								32.399824
							],
							[
								-84.248696,
								32.399861
							],
							[
								-84.248651,
								32.399942
							],
							[
								-84.248636,
								32.399986
							],
							[
								-84.248627,
								32.40003
							],
							[
								-84.248624,
								32.400075
							],
							[
								-84.248635,
								32.400165
							],
							[
								-84.248651,
								32.400213
							],
							[
								-84.248631,
								32.400301
							],
							[
								-84.248598,
								32.400387
							],
							[
								-84.248553,
								32.400469
							],
							[
								-84.248496,
								32.400545
							],
							[
								-84.248464,
								32.400579
							],
							[
								-84.2484,
								32.400639
							],
							[
								-84.248298,
								32.400663
							],
							[
								-84.248246,
								32.400668
							],
							[
								-84.248192,
								32.400674
							],
							[
								-84.248086,
								32.400671
							],
							[
								-84.247982,
								32.400655
							],
							[
								-84.247881,
								32.400624
							],
							[
								-84.247834,
								32.400606
							],
							[
								-84.247789,
								32.400581
							],
							[
								-84.247741,
								32.400562
							],
							[
								-84.24769,
								32.400548
							],
							[
								-84.247638,
								32.400542
							],
							[
								-84.247585,
								32.400542
							],
							[
								-84.247532,
								32.400547
							],
							[
								-84.247482,
								32.400562
							],
							[
								-84.247429,
								32.400568
							],
							[
								-84.247376,
								32.400567
							],
							[
								-84.247324,
								32.400557
							],
							[
								-84.247275,
								32.40054
							],
							[
								-84.24723,
								32.400517
							],
							[
								-84.24718,
								32.400478
							],
							[
								-84.247089,
								32.40043
							],
							[
								-84.246992,
								32.400396
							],
							[
								-84.24689,
								32.400371
							],
							[
								-84.246785,
								32.400357
							],
							[
								-84.246679,
								32.400356
							],
							[
								-84.246573,
								32.400365
							],
							[
								-84.24647,
								32.400387
							],
							[
								-84.24627,
								32.400447
							],
							[
								-84.246116,
								32.400481
							],
							[
								-84.245959,
								32.400503
							],
							[
								-84.245747,
								32.40052
							],
							[
								-84.245535,
								32.400516
							],
							[
								-84.245309,
								32.4005
							],
							[
								-84.245203,
								32.400503
							],
							[
								-84.245097,
								32.400516
							],
							[
								-84.244994,
								32.400537
							],
							[
								-84.244895,
								32.400568
							],
							[
								-84.244799,
								32.400608
							],
							[
								-84.244683,
								32.400669
							],
							[
								-84.244665,
								32.40068
							],
							[
								-84.244567,
								32.400716
							],
							[
								-84.244464,
								32.400737
							],
							[
								-84.244359,
								32.400745
							],
							[
								-84.244253,
								32.400737
							],
							[
								-84.244201,
								32.400729
							],
							[
								-84.244121,
								32.400706
							],
							[
								-84.24408,
								32.400678
							],
							[
								-84.244035,
								32.400655
							],
							[
								-84.243986,
								32.400637
							],
							[
								-84.243934,
								32.400626
							],
							[
								-84.243882,
								32.400621
							],
							[
								-84.243829,
								32.400622
							],
							[
								-84.243776,
								32.40063
							],
							[
								-84.243726,
								32.400644
							],
							[
								-84.243644,
								32.400684
							],
							[
								-84.243339,
								32.400798
							],
							[
								-84.243121,
								32.400927
							],
							[
								-84.242997,
								32.401012
							],
							[
								-84.24295,
								32.401031
							],
							[
								-84.242897,
								32.401038
							],
							[
								-84.242845,
								32.401034
							],
							[
								-84.242796,
								32.401016
							],
							[
								-84.242755,
								32.400987
							],
							[
								-84.242736,
								32.400962
							],
							[
								-84.242715,
								32.400933
							],
							[
								-84.242303,
								32.400668
							],
							[
								-84.242187,
								32.400576
							],
							[
								-84.242085,
								32.400472
							],
							[
								-84.241999,
								32.400357
							],
							[
								-84.241925,
								32.400228
							],
							[
								-84.241724,
								32.400033
							],
							[
								-84.241383,
								32.399757
							],
							[
								-84.241301,
								32.3997
							],
							[
								-84.241211,
								32.399653
							],
							[
								-84.241114,
								32.399614
							],
							[
								-84.241012,
								32.399589
							],
							[
								-84.240855,
								32.399566
							],
							[
								-84.240841,
								32.399568
							],
							[
								-84.240803,
								32.399572
							],
							[
								-84.240754,
								32.399589
							],
							[
								-84.240711,
								32.399616
							],
							[
								-84.240679,
								32.399651
							],
							[
								-84.24066,
								32.399701
							],
							[
								-84.240635,
								32.399769
							],
							[
								-84.240605,
								32.399807
							],
							[
								-84.240565,
								32.399836
							],
							[
								-84.240517,
								32.399856
							],
							[
								-84.240465,
								32.399864
							],
							[
								-84.240412,
								32.399859
							],
							[
								-84.240331,
								32.399828
							],
							[
								-84.24023,
								32.3998
							],
							[
								-84.240136,
								32.399759
							],
							[
								-84.240053,
								32.399704
							],
							[
								-84.240003,
								32.399659
							],
							[
								-84.240086,
								32.399526
							],
							[
								-84.240135,
								32.399509
							],
							[
								-84.240178,
								32.399482
							],
							[
								-84.240213,
								32.399448
							],
							[
								-84.240239,
								32.39941
							],
							[
								-84.240253,
								32.399366
							],
							[
								-84.240256,
								32.399321
							],
							[
								-84.240247,
								32.399276
							],
							[
								-84.240227,
								32.399236
							],
							[
								-84.240196,
								32.399199
							],
							[
								-84.240154,
								32.399171
							],
							[
								-84.240062,
								32.399127
							],
							[
								-84.240012,
								32.39911
							],
							[
								-84.239909,
								32.39909
							],
							[
								-84.239803,
								32.399085
							],
							[
								-84.239702,
								32.399099
							],
							[
								-84.239445,
								32.399175
							],
							[
								-84.23937,
								32.399237
							],
							[
								-84.239326,
								32.399265
							],
							[
								-84.239232,
								32.399305
							],
							[
								-84.239181,
								32.399319
							],
							[
								-84.239077,
								32.399333
							],
							[
								-84.238971,
								32.399329
							],
							[
								-84.238884,
								32.39931
							],
							[
								-84.238838,
								32.399333
							],
							[
								-84.238795,
								32.399358
							],
							[
								-84.238755,
								32.399389
							],
							[
								-84.238691,
								32.399461
							],
							[
								-84.238668,
								32.399501
							],
							[
								-84.23865,
								32.399544
							],
							[
								-84.238638,
								32.399586
							],
							[
								-84.23861,
								32.399625
							],
							[
								-84.238589,
								32.399639
							],
							[
								-84.238568,
								32.399653
							],
							[
								-84.238518,
								32.399667
							],
							[
								-84.238465,
								32.399665
							],
							[
								-84.238382,
								32.399624
							],
							[
								-84.238265,
								32.399673
							],
							[
								-84.23822,
								32.39971
							],
							[
								-84.238161,
								32.399785
							],
							[
								-84.238142,
								32.399827
							],
							[
								-84.238135,
								32.39987
							],
							[
								-84.238138,
								32.399915
							],
							[
								-84.238155,
								32.399963
							],
							[
								-84.238239,
								32.400107
							],
							[
								-84.238302,
								32.400179
							],
							[
								-84.238357,
								32.400256
							],
							[
								-84.238423,
								32.400379
							],
							[
								-84.238471,
								32.400508
							],
							[
								-84.238472,
								32.400553
							],
							[
								-84.238457,
								32.400596
							],
							[
								-84.238428,
								32.400633
							],
							[
								-84.238387,
								32.400661
							],
							[
								-84.238339,
								32.40068
							],
							[
								-84.23831,
								32.400683
							],
							[
								-84.238286,
								32.400685
							],
							[
								-84.238198,
								32.400661
							],
							[
								-84.238146,
								32.400668
							],
							[
								-84.238095,
								32.400682
							],
							[
								-84.238047,
								32.4007
							],
							[
								-84.238002,
								32.400723
							],
							[
								-84.237907,
								32.400793
							],
							[
								-84.23786,
								32.400813
							],
							[
								-84.237808,
								32.400823
							],
							[
								-84.237755,
								32.400823
							],
							[
								-84.237704,
								32.400812
							],
							[
								-84.23762,
								32.400764
							],
							[
								-84.237437,
								32.400702
							],
							[
								-84.237386,
								32.400689
							],
							[
								-84.237333,
								32.400685
							],
							[
								-84.23728,
								32.400686
							],
							[
								-84.237228,
								32.400696
							],
							[
								-84.237179,
								32.400712
							],
							[
								-84.237132,
								32.400734
							],
							[
								-84.237089,
								32.40076
							],
							[
								-84.23706,
								32.400796
							],
							[
								-84.237047,
								32.400841
							],
							[
								-84.23709,
								32.400964
							],
							[
								-84.237099,
								32.401007
							],
							[
								-84.2371,
								32.401052
							],
							[
								-84.237093,
								32.401097
							],
							[
								-84.237078,
								32.401141
							],
							[
								-84.237054,
								32.401181
							],
							[
								-84.237024,
								32.401218
							],
							[
								-84.236988,
								32.401251
							],
							[
								-84.236945,
								32.401277
							],
							[
								-84.236898,
								32.401297
							],
							[
								-84.236847,
								32.401311
							],
							[
								-84.236795,
								32.401317
							],
							[
								-84.236742,
								32.401314
							],
							[
								-84.236689,
								32.401307
							],
							[
								-84.236638,
								32.401294
							],
							[
								-84.23659,
								32.401277
							],
							[
								-84.236543,
								32.401254
							],
							[
								-84.236501,
								32.401227
							],
							[
								-84.236479,
								32.401209
							],
							[
								-84.236442,
								32.401178
							],
							[
								-84.236434,
								32.401172
							],
							[
								-84.236208,
								32.40101
							],
							[
								-84.236068,
								32.400945
							],
							[
								-84.235919,
								32.400897
							],
							[
								-84.235817,
								32.400872
							],
							[
								-84.235764,
								32.400869
							],
							[
								-84.235714,
								32.400855
							],
							[
								-84.235667,
								32.400834
							],
							[
								-84.235628,
								32.400804
							],
							[
								-84.235597,
								32.400767
							],
							[
								-84.235575,
								32.400726
							],
							[
								-84.235559,
								32.400626
							],
							[
								-84.235543,
								32.400584
							],
							[
								-84.235516,
								32.400543
							],
							[
								-84.235481,
								32.400511
							],
							[
								-84.235438,
								32.400484
							],
							[
								-84.23539,
								32.400466
							],
							[
								-84.235299,
								32.400455
							],
							[
								-84.235249,
								32.400471
							],
							[
								-84.235197,
								32.400477
							],
							[
								-84.235144,
								32.400475
							],
							[
								-84.235092,
								32.400464
							],
							[
								-84.235044,
								32.400446
							],
							[
								-84.235001,
								32.400419
							],
							[
								-84.234965,
								32.400387
							],
							[
								-84.234928,
								32.400332
							],
							[
								-84.234884,
								32.400306
							],
							[
								-84.234833,
								32.400295
							],
							[
								-84.23478,
								32.400301
							],
							[
								-84.234733,
								32.400321
							],
							[
								-84.234687,
								32.400368
							],
							[
								-84.234668,
								32.400409
							],
							[
								-84.234639,
								32.400447
							],
							[
								-84.2346,
								32.400478
							],
							[
								-84.234581,
								32.400488
							],
							[
								-84.234555,
								32.400501
							],
							[
								-84.23453,
								32.400508
							],
							[
								-84.234505,
								32.400515
							],
							[
								-84.234452,
								32.40052
							],
							[
								-84.234403,
								32.400511
							],
							[
								-84.234356,
								32.400502
							],
							[
								-84.23414,
								32.400503
							],
							[
								-84.233537,
								32.400532
							],
							[
								-84.233431,
								32.400526
							],
							[
								-84.233327,
								32.400506
							],
							[
								-84.233229,
								32.400472
							],
							[
								-84.233183,
								32.40045
							],
							[
								-84.233044,
								32.400359
							],
							[
								-84.232952,
								32.400315
							],
							[
								-84.23285,
								32.400289
							],
							[
								-84.232798,
								32.400281
							],
							[
								-84.232745,
								32.40028
							],
							[
								-84.232642,
								32.400289
							],
							[
								-84.232551,
								32.400334
							],
							[
								-84.23245,
								32.400362
							],
							[
								-84.232398,
								32.40037
							],
							[
								-84.232292,
								32.400371
							],
							[
								-84.232187,
								32.400356
							],
							[
								-84.23213,
								32.400337
							],
							[
								-84.232025,
								32.400325
							],
							[
								-84.231922,
								32.400302
							],
							[
								-84.231775,
								32.40025
							],
							[
								-84.231728,
								32.400229
							],
							[
								-84.231686,
								32.400202
							],
							[
								-84.231639,
								32.400182
							],
							[
								-84.231588,
								32.40017
							],
							[
								-84.231535,
								32.400166
							],
							[
								-84.231433,
								32.400181
							],
							[
								-84.231171,
								32.40025
							],
							[
								-84.230881,
								32.400337
							],
							[
								-84.230726,
								32.400367
							],
							[
								-84.230575,
								32.400411
							],
							[
								-84.230431,
								32.400469
							],
							[
								-84.230317,
								32.400529
							],
							[
								-84.229997,
								32.400813
							],
							[
								-84.230004,
								32.40082
							],
							[
								-84.229905,
								32.40088
							],
							[
								-84.22983,
								32.400945
							],
							[
								-84.229782,
								32.400965
							],
							[
								-84.229732,
								32.400979
							],
							[
								-84.22968,
								32.400987
							],
							[
								-84.229627,
								32.400981
							],
							[
								-84.229502,
								32.400916
							],
							[
								-84.229443,
								32.400865
							],
							[
								-84.229176,
								32.400838
							],
							[
								-84.229127,
								32.400838
							],
							[
								-84.229077,
								32.400824
							],
							[
								-84.229034,
								32.400796
							],
							[
								-84.228992,
								32.40074
							],
							[
								-84.228908,
								32.400686
							],
							[
								-84.228861,
								32.400666
							],
							[
								-84.228811,
								32.400651
							],
							[
								-84.228711,
								32.400639
							],
							[
								-84.228586,
								32.400633
							],
							[
								-84.228534,
								32.400641
							],
							[
								-84.228481,
								32.400639
							],
							[
								-84.228431,
								32.400624
							],
							[
								-84.228368,
								32.400579
							],
							[
								-84.228309,
								32.400526
							],
							[
								-84.228249,
								32.400497
							],
							[
								-84.228128,
								32.400508
							],
							[
								-84.228035,
								32.400509
							],
							[
								-84.227844,
								32.400402
							],
							[
								-84.227781,
								32.400405
							],
							[
								-84.227677,
								32.400422
							],
							[
								-84.227577,
								32.400453
							],
							[
								-84.227535,
								32.400472
							],
							[
								-84.227485,
								32.400497
							],
							[
								-84.227425,
								32.400548
							],
							[
								-84.227379,
								32.40057
							],
							[
								-84.227327,
								32.400581
							],
							[
								-84.227274,
								32.400582
							],
							[
								-84.227222,
								32.400571
							],
							[
								-84.227175,
								32.400551
							],
							[
								-84.226688,
								32.400576
							],
							[
								-84.226638,
								32.400591
							],
							[
								-84.226601,
								32.400605
							],
							[
								-84.226447,
								32.400653
							],
							[
								-84.226201,
								32.400715
							],
							[
								-84.226068,
								32.400795
							],
							[
								-84.226009,
								32.400806
							],
							[
								-84.225965,
								32.400833
							],
							[
								-84.225933,
								32.400868
							],
							[
								-84.223067,
								32.400858
							],
							[
								-84.215076,
								32.400855
							],
							[
								-84.207728,
								32.400852
							],
							[
								-84.198324,
								32.400848
							],
							[
								-84.197912,
								32.400852
							],
							[
								-84.197805,
								32.400999
							],
							[
								-84.197787,
								32.401024
							],
							[
								-84.197756,
								32.401066
							],
							[
								-84.19597,
								32.403526
							],
							[
								-84.188345,
								32.414026
							],
							[
								-84.188327,
								32.414051
							],
							[
								-84.188269,
								32.41413
							],
							[
								-84.188193,
								32.414234
							],
							[
								-84.188175,
								32.414259
							],
							[
								-84.188044,
								32.41444
							],
							[
								-84.187895,
								32.414645
							],
							[
								-84.187875,
								32.414672
							],
							[
								-84.187062,
								32.415793
							],
							[
								-84.185649,
								32.417738
							],
							[
								-84.185481,
								32.417974
							],
							[
								-84.185313,
								32.418208
							],
							[
								-84.185023,
								32.418615
							],
							[
								-84.184733,
								32.41902
							],
							[
								-84.180611,
								32.424782
							],
							[
								-84.173694,
								32.43445
							],
							[
								-84.169607,
								32.440164
							],
							[
								-84.16521,
								32.446311
							],
							[
								-84.165141,
								32.446407
							],
							[
								-84.156312,
								32.458748
							],
							[
								-84.15353,
								32.462601
							],
							[
								-84.147387,
								32.471106
							],
							[
								-84.144123,
								32.475624
							],
							[
								-84.14396,
								32.47585
							],
							[
								-84.143798,
								32.476075
							],
							[
								-84.143655,
								32.476269
							],
							[
								-84.143512,
								32.476463
							],
							[
								-84.136959,
								32.485543
							],
							[
								-84.133599,
								32.490195
							],
							[
								-84.132329,
								32.491954
							],
							[
								-84.132267,
								32.492041
							],
							[
								-84.127849,
								32.498156
							],
							[
								-84.127657,
								32.498421
							],
							[
								-84.126648,
								32.500148
							],
							[
								-84.124912,
								32.502477
							],
							[
								-84.123346,
								32.504514
							],
							[
								-84.123303,
								32.50457
							],
							[
								-84.122347,
								32.505921
							],
							[
								-84.122173,
								32.505905
							],
							[
								-84.12058,
								32.505767
							],
							[
								-84.117682,
								32.505569
							],
							[
								-84.117331,
								32.505546
							],
							[
								-84.112696,
								32.505674
							],
							[
								-84.111322,
								32.505723
							],
							[
								-84.111295,
								32.507274
							],
							[
								-84.111295,
								32.507303
							],
							[
								-84.111295,
								32.508015
							],
							[
								-84.111226,
								32.514124
							],
							[
								-84.101594,
								32.514136
							],
							[
								-84.091267,
								32.514152
							],
							[
								-84.081439,
								32.514167
							],
							[
								-84.07232,
								32.51418
							],
							[
								-84.07216,
								32.521904
							],
							[
								-84.069231,
								32.521929
							],
							[
								-84.065435,
								32.521938
							],
							[
								-84.062099,
								32.521945
							],
							[
								-84.06208,
								32.521945
							],
							[
								-84.061564,
								32.52196
							],
							[
								-84.061182,
								32.521952
							],
							[
								-84.06085,
								32.521929
							],
							[
								-84.060407,
								32.521866
							],
							[
								-84.053722,
								32.522011
							],
							[
								-84.05331,
								32.522021
							],
							[
								-84.05342,
								32.519844
							],
							[
								-84.053407,
								32.519728
							],
							[
								-84.053393,
								32.519629
							],
							[
								-84.053355,
								32.519247
							],
							[
								-84.053435,
								32.51747
							],
							[
								-84.053626,
								32.513506
							],
							[
								-84.053629,
								32.513305
							],
							[
								-84.034326,
								32.513478
							],
							[
								-84.034462,
								32.500149
							],
							[
								-84.034109,
								32.497449
							],
							[
								-84.023215,
								32.497297
							],
							[
								-84.021464,
								32.497273
							],
							[
								-84.021397,
								32.497273
							],
							[
								-84.021375,
								32.497273
							],
							[
								-84.02133,
								32.497272
							],
							[
								-84.021094,
								32.49727
							],
							[
								-84.021065,
								32.497269
							],
							[
								-84.02086,
								32.497265
							],
							[
								-84.020795,
								32.497264
							],
							[
								-84.020453,
								32.497259
							],
							[
								-84.020139,
								32.497255
							],
							[
								-84.019928,
								32.497252
							],
							[
								-84.019718,
								32.497248
							],
							[
								-84.019691,
								32.497251
							],
							[
								-84.019561,
								32.4972
							],
							[
								-84.019538,
								32.497192
							],
							[
								-84.019409,
								32.497149
							],
							[
								-84.019009,
								32.497048
							],
							[
								-84.018309,
								32.496949
							],
							[
								-84.017809,
								32.496949
							],
							[
								-84.017688,
								32.496997
							],
							[
								-84.017579,
								32.497041
							],
							[
								-84.017309,
								32.497149
							],
							[
								-84.017277,
								32.497438
							],
							[
								-84.017268,
								32.497538
							],
							[
								-84.01722,
								32.49805
							],
							[
								-84.017409,
								32.498649
							],
							[
								-84.017341,
								32.498784
							],
							[
								-84.017309,
								32.498849
							],
							[
								-84.017609,
								32.499349
							],
							[
								-84.017709,
								32.499349
							],
							[
								-84.018051,
								32.499343
							],
							[
								-84.018809,
								32.499349
							],
							[
								-84.019104,
								32.499408
							],
							[
								-84.019126,
								32.499412
							],
							[
								-84.019309,
								32.499449
							],
							[
								-84.019308,
								32.499772
							],
							[
								-84.019307,
								32.499961
							],
							[
								-84.019306,
								32.500149
							],
							[
								-84.0196,
								32.500776
							],
							[
								-84.019894,
								32.501404
							],
							[
								-84.019909,
								32.501436
							],
							[
								-84.019991,
								32.501832
							],
							[
								-84.019306,
								32.502881
							],
							[
								-84.018813,
								32.503283
							],
							[
								-84.018678,
								32.5036
							],
							[
								-84.018717,
								32.503878
							],
							[
								-84.01892,
								32.504102
							],
							[
								-84.019444,
								32.504258
							],
							[
								-84.019631,
								32.504308
							],
							[
								-84.01968,
								32.504292
							],
							[
								-84.019952,
								32.504201
							],
							[
								-84.020265,
								32.503971
							],
							[
								-84.020867,
								32.503582
							],
							[
								-84.021648,
								32.503954
							],
							[
								-84.021723,
								32.503985
							],
							[
								-84.021989,
								32.504089
							],
							[
								-84.022083,
								32.504406
							],
							[
								-84.022279,
								32.505634
							],
							[
								-84.021923,
								32.506014
							],
							[
								-84.021546,
								32.506211
							],
							[
								-84.021086,
								32.506078
							],
							[
								-84.020677,
								32.506092
							],
							[
								-84.02041,
								32.506062
							],
							[
								-84.019811,
								32.506104
							],
							[
								-84.019452,
								32.505861
							],
							[
								-84.019393,
								32.505807
							],
							[
								-84.019338,
								32.505757
							],
							[
								-84.01922,
								32.505649
							],
							[
								-84.018924,
								32.505389
							],
							[
								-84.018632,
								32.505274
							],
							[
								-84.018263,
								32.505339
							],
							[
								-84.01802,
								32.505758
							],
							[
								-84.018127,
								32.506318
							],
							[
								-84.018147,
								32.506406
							],
							[
								-84.018068,
								32.506411
							],
							[
								-84.01799,
								32.506417
							],
							[
								-84.017811,
								32.506431
							],
							[
								-84.017744,
								32.50643
							],
							[
								-83.999909,
								32.506196
							],
							[
								-83.987426,
								32.50609
							],
							[
								-83.98739,
								32.508134
							],
							[
								-83.987291,
								32.514097
							],
							[
								-83.987287,
								32.514336
							],
							[
								-83.985087,
								32.514308
							],
							[
								-83.980516,
								32.514252
							],
							[
								-83.980084,
								32.514248
							],
							[
								-83.978689,
								32.514248
							],
							[
								-83.971208,
								32.514248
							],
							[
								-83.971147,
								32.508899
							],
							[
								-83.971135,
								32.50777
							],
							[
								-83.971115,
								32.505927
							],
							[
								-83.968996,
								32.50591
							],
							[
								-83.967839,
								32.505899
							],
							[
								-83.961352,
								32.505904
							],
							[
								-83.960943,
								32.505897
							],
							[
								-83.960786,
								32.505895
							],
							[
								-83.960316,
								32.505888
							],
							[
								-83.957558,
								32.505847
							],
							[
								-83.954437,
								32.505813
							],
							[
								-83.953967,
								32.505813
							],
							[
								-83.947449,
								32.505733
							],
							[
								-83.937008,
								32.505706
							],
							[
								-83.936974,
								32.505706
							],
							[
								-83.935731,
								32.505703
							],
							[
								-83.933046,
								32.505696
							],
							[
								-83.932659,
								32.505692
							],
							[
								-83.932527,
								32.505691
							],
							[
								-83.932472,
								32.50569
							],
							[
								-83.932462,
								32.505816
							],
							[
								-83.93229,
								32.509285
							],
							[
								-83.932287,
								32.509383
							],
							[
								-83.932211,
								32.511645
							],
							[
								-83.932059,
								32.511662
							],
							[
								-83.931842,
								32.511681
							],
							[
								-83.931609,
								32.511702
							],
							[
								-83.931515,
								32.511705
							],
							[
								-83.930658,
								32.511684
							],
							[
								-83.930258,
								32.511664
							],
							[
								-83.927878,
								32.511543
							],
							[
								-83.925667,
								32.511437
							],
							[
								-83.923363,
								32.511355
							],
							[
								-83.923371,
								32.511234
							],
							[
								-83.923416,
								32.510617
							],
							[
								-83.923534,
								32.509492
							],
							[
								-83.923632,
								32.508381
							],
							[
								-83.923773,
								32.506945
							],
							[
								-83.923779,
								32.50685
							],
							[
								-83.923797,
								32.506545
							],
							[
								-83.923843,
								32.506113
							],
							[
								-83.923866,
								32.505682
							],
							[
								-83.923914,
								32.505103
							],
							[
								-83.923931,
								32.50492
							],
							[
								-83.924,
								32.504494
							],
							[
								-83.924079,
								32.504156
							],
							[
								-83.924245,
								32.503531
							],
							[
								-83.92447,
								32.502834
							],
							[
								-83.924571,
								32.502497
							],
							[
								-83.924708,
								32.502113
							],
							[
								-83.924906,
								32.501517
							],
							[
								-83.924921,
								32.501472
							],
							[
								-83.924932,
								32.501439
							],
							[
								-83.925052,
								32.50108
							],
							[
								-83.925069,
								32.501027
							],
							[
								-83.925205,
								32.500587
							],
							[
								-83.925309,
								32.50027
							],
							[
								-83.92532,
								32.500236
							],
							[
								-83.925343,
								32.500173
							],
							[
								-83.925347,
								32.500163
							],
							[
								-83.925379,
								32.500073
							],
							[
								-83.925471,
								32.49982
							],
							[
								-83.925682,
								32.499181
							],
							[
								-83.925908,
								32.498537
							],
							[
								-83.926046,
								32.498165
							],
							[
								-83.926203,
								32.497693
							],
							[
								-83.9266,
								32.496581
							],
							[
								-83.926744,
								32.49616
							],
							[
								-83.92675,
								32.496144
							],
							[
								-83.926997,
								32.495444
							],
							[
								-83.927121,
								32.495123
							],
							[
								-83.927375,
								32.494428
							],
							[
								-83.927483,
								32.494096
							],
							[
								-83.927504,
								32.494033
							],
							[
								-83.927579,
								32.493802
							],
							[
								-83.927689,
								32.493482
							],
							[
								-83.927827,
								32.493118
							],
							[
								-83.927853,
								32.49304
							],
							[
								-83.928066,
								32.492421
							],
							[
								-83.928188,
								32.492078
							],
							[
								-83.928282,
								32.491815
							],
							[
								-83.928463,
								32.49131
							],
							[
								-83.928588,
								32.490989
							],
							[
								-83.928758,
								32.490492
							],
							[
								-83.929136,
								32.48919
							],
							[
								-83.929648,
								32.487961
							],
							[
								-83.929694,
								32.487834
							],
							[
								-83.929713,
								32.487783
							],
							[
								-83.929785,
								32.487585
							],
							[
								-83.929827,
								32.487468
							],
							[
								-83.929873,
								32.487337
							],
							[
								-83.929936,
								32.487156
							],
							[
								-83.930004,
								32.486961
							],
							[
								-83.930438,
								32.485712
							],
							[
								-83.930748,
								32.484822
							],
							[
								-83.931122,
								32.483745
							],
							[
								-83.93095,
								32.483736
							],
							[
								-83.929043,
								32.483621
							],
							[
								-83.923017,
								32.483264
							],
							[
								-83.922939,
								32.489075
							],
							[
								-83.922832,
								32.497428
							],
							[
								-83.910685,
								32.497172
							],
							[
								-83.909903,
								32.497156
							],
							[
								-83.902935,
								32.49701
							],
							[
								-83.902542,
								32.497002
							],
							[
								-83.900503,
								32.496982
							],
							[
								-83.900431,
								32.496917
							],
							[
								-83.900377,
								32.496839
							],
							[
								-83.900316,
								32.496795
							],
							[
								-83.900296,
								32.496781
							],
							[
								-83.900257,
								32.496764
							],
							[
								-83.900202,
								32.496738
							],
							[
								-83.900099,
								32.496716
							],
							[
								-83.899993,
								32.496713
							],
							[
								-83.899895,
								32.496679
							],
							[
								-83.899808,
								32.496626
							],
							[
								-83.899736,
								32.496561
							],
							[
								-83.899579,
								32.496439
							],
							[
								-83.899505,
								32.496375
							],
							[
								-83.899435,
								32.496307
							],
							[
								-83.899369,
								32.496236
							],
							[
								-83.899253,
								32.496085
							],
							[
								-83.899183,
								32.496017
							],
							[
								-83.899105,
								32.495956
							],
							[
								-83.899021,
								32.495901
							],
							[
								-83.89893,
								32.495855
							],
							[
								-83.898853,
								32.495792
							],
							[
								-83.89879,
								32.49572
							],
							[
								-83.898741,
								32.49564
							],
							[
								-83.89871,
								32.495554
							],
							[
								-83.898656,
								32.495475
							],
							[
								-83.89859,
								32.495406
							],
							[
								-83.898512,
								32.495345
							],
							[
								-83.898424,
								32.495294
							],
							[
								-83.898328,
								32.495255
							],
							[
								-83.898226,
								32.495229
							],
							[
								-83.898063,
								32.495199
							],
							[
								-83.89796,
								32.495176
							],
							[
								-83.897764,
								32.495106
							],
							[
								-83.897576,
								32.495024
							],
							[
								-83.897396,
								32.494928
							],
							[
								-83.897139,
								32.494767
							],
							[
								-83.89696,
								32.49467
							],
							[
								-83.896774,
								32.494583
							],
							[
								-83.896678,
								32.494543
							],
							[
								-83.896576,
								32.494517
							],
							[
								-83.896471,
								32.494504
							],
							[
								-83.896365,
								32.494503
							],
							[
								-83.896154,
								32.494523
							],
							[
								-83.895941,
								32.494532
							],
							[
								-83.895835,
								32.494532
							],
							[
								-83.89573,
								32.494518
							],
							[
								-83.89563,
								32.49449
							],
							[
								-83.89553,
								32.494456
							],
							[
								-83.895434,
								32.494419
							],
							[
								-83.895341,
								32.494376
							],
							[
								-83.895251,
								32.494328
							],
							[
								-83.895165,
								32.494275
							],
							[
								-83.895068,
								32.494237
							],
							[
								-83.894967,
								32.494211
							],
							[
								-83.894862,
								32.494197
							],
							[
								-83.894755,
								32.494197
							],
							[
								-83.894655,
								32.494227
							],
							[
								-83.89457,
								32.49428
							],
							[
								-83.894506,
								32.494352
							],
							[
								-83.894411,
								32.494393
							],
							[
								-83.894308,
								32.494413
							],
							[
								-83.894202,
								32.494411
							],
							[
								-83.894108,
								32.494453
							],
							[
								-83.894003,
								32.494445
							],
							[
								-83.89392,
								32.494391
							],
							[
								-83.89388,
								32.494307
							],
							[
								-83.893804,
								32.494245
							],
							[
								-83.89371,
								32.494203
							],
							[
								-83.893609,
								32.494225
							],
							[
								-83.893545,
								32.494295
							],
							[
								-83.893442,
								32.494314
							],
							[
								-83.893337,
								32.494304
							],
							[
								-83.893195,
								32.494318
							],
							[
								-83.893016,
								32.49439
							],
							[
								-83.892869,
								32.494394
							],
							[
								-83.892777,
								32.494354
							],
							[
								-83.892578,
								32.494143
							],
							[
								-83.892473,
								32.49414
							],
							[
								-83.892385,
								32.494186
							],
							[
								-83.8923,
								32.494242
							],
							[
								-83.89223,
								32.494309
							],
							[
								-83.892133,
								32.494346
							],
							[
								-83.892029,
								32.49436
							],
							[
								-83.891821,
								32.4944
							],
							[
								-83.891722,
								32.494433
							],
							[
								-83.891631,
								32.49448
							],
							[
								-83.891549,
								32.494537
							],
							[
								-83.891455,
								32.494577
							],
							[
								-83.891356,
								32.494611
							],
							[
								-83.891251,
								32.494624
							],
							[
								-83.891145,
								32.494618
							],
							[
								-83.890941,
								32.494567
							],
							[
								-83.89084,
								32.494538
							],
							[
								-83.890737,
								32.494515
							],
							[
								-83.890633,
								32.494497
							],
							[
								-83.890528,
								32.494484
							],
							[
								-83.890432,
								32.494479
							],
							[
								-83.889885,
								32.49454
							],
							[
								-83.889835,
								32.49436
							],
							[
								-83.889774,
								32.494287
							],
							[
								-83.889691,
								32.494231
							],
							[
								-83.889593,
								32.494197
							],
							[
								-83.88938,
								32.494197
							],
							[
								-83.889168,
								32.494206
							],
							[
								-83.888853,
								32.4942
							],
							[
								-83.888824,
								32.494197
							],
							[
								-83.888634,
								32.494222
							],
							[
								-83.888375,
								32.494213
							],
							[
								-83.888272,
								32.49419
							],
							[
								-83.888177,
								32.494151
							],
							[
								-83.888093,
								32.494096
							],
							[
								-83.888031,
								32.494023
							],
							[
								-83.887963,
								32.493954
							],
							[
								-83.887887,
								32.49389
							],
							[
								-83.887805,
								32.493833
							],
							[
								-83.887716,
								32.493783
							],
							[
								-83.88762,
								32.493746
							],
							[
								-83.887519,
								32.493718
							],
							[
								-83.887414,
								32.493702
							],
							[
								-83.887308,
								32.493701
							],
							[
								-83.887202,
								32.493712
							],
							[
								-83.887104,
								32.493746
							],
							[
								-83.887001,
								32.493769
							],
							[
								-83.886897,
								32.493785
							],
							[
								-83.88679,
								32.493789
							],
							[
								-83.886684,
								32.493783
							],
							[
								-83.88658,
								32.493768
							],
							[
								-83.886478,
								32.493743
							],
							[
								-83.886385,
								32.493699
							],
							[
								-83.886307,
								32.493639
							],
							[
								-83.886084,
								32.493353
							],
							[
								-83.885884,
								32.493119
							],
							[
								-83.885712,
								32.492891
							],
							[
								-83.885607,
								32.492736
							],
							[
								-83.885507,
								32.492576
							],
							[
								-83.885391,
								32.492424
							],
							[
								-83.885327,
								32.492353
							],
							[
								-83.885259,
								32.492283
							],
							[
								-83.885112,
								32.492154
							],
							[
								-83.88503,
								32.492097
							],
							[
								-83.884941,
								32.492047
							],
							[
								-83.884845,
								32.492008
							],
							[
								-83.884746,
								32.491976
							],
							[
								-83.884537,
								32.49194
							],
							[
								-83.884326,
								32.491926
							],
							[
								-83.884219,
								32.491926
							],
							[
								-83.884113,
								32.491933
							],
							[
								-83.883586,
								32.491991
							],
							[
								-83.883482,
								32.491996
							],
							[
								-83.883412,
								32.492063
							],
							[
								-83.88331,
								32.492082
							],
							[
								-83.883225,
								32.492032
							],
							[
								-83.883026,
								32.492064
							],
							[
								-83.882804,
								32.492027
							],
							[
								-83.882702,
								32.492004
							],
							[
								-83.882604,
								32.49197
							],
							[
								-83.882509,
								32.491928
							],
							[
								-83.882421,
								32.491878
							],
							[
								-83.882338,
								32.491822
							],
							[
								-83.882262,
								32.491759
							],
							[
								-83.882193,
								32.49169
							],
							[
								-83.882132,
								32.491616
							],
							[
								-83.882078,
								32.491539
							],
							[
								-83.882033,
								32.491456
							],
							[
								-83.881997,
								32.491373
							],
							[
								-83.881971,
								32.491284
							],
							[
								-83.881964,
								32.491194
							],
							[
								-83.881946,
								32.491107
							],
							[
								-83.881922,
								32.491019
							],
							[
								-83.881865,
								32.490943
							],
							[
								-83.881771,
								32.490901
							],
							[
								-83.881681,
								32.490855
							],
							[
								-83.881593,
								32.490803
							],
							[
								-83.881514,
								32.490743
							],
							[
								-83.881423,
								32.490696
							],
							[
								-83.881323,
								32.490665
							],
							[
								-83.881218,
								32.490656
							],
							[
								-83.881112,
								32.490654
							],
							[
								-83.881006,
								32.490664
							],
							[
								-83.8809,
								32.490665
							],
							[
								-83.880794,
								32.490657
							],
							[
								-83.880584,
								32.490627
							],
							[
								-83.880378,
								32.490581
							],
							[
								-83.880279,
								32.490549
							],
							[
								-83.880176,
								32.490527
							],
							[
								-83.88007,
								32.490518
							],
							[
								-83.879964,
								32.490521
							],
							[
								-83.879861,
								32.490543
							],
							[
								-83.879755,
								32.490549
							],
							[
								-83.879649,
								32.490541
							],
							[
								-83.879547,
								32.490518
							],
							[
								-83.87945,
								32.490479
							],
							[
								-83.879363,
								32.490429
							],
							[
								-83.879223,
								32.490293
							],
							[
								-83.87909,
								32.490152
							],
							[
								-83.879028,
								32.490079
							],
							[
								-83.87896,
								32.490009
							],
							[
								-83.878885,
								32.489946
							],
							[
								-83.878805,
								32.489887
							],
							[
								-83.87872,
								32.489832
							],
							[
								-83.878628,
								32.489787
							],
							[
								-83.878532,
								32.48975
							],
							[
								-83.878431,
								32.489721
							],
							[
								-83.878118,
								32.489671
							],
							[
								-83.877911,
								32.489629
							],
							[
								-83.877686,
								32.489598
							],
							[
								-83.877592,
								32.489559
							],
							[
								-83.877501,
								32.489513
							],
							[
								-83.877416,
								32.489458
							],
							[
								-83.877338,
								32.489398
							],
							[
								-83.877268,
								32.48933
							],
							[
								-83.877206,
								32.489257
							],
							[
								-83.877152,
								32.489179
							],
							[
								-83.877105,
								32.489099
							],
							[
								-83.877066,
								32.489015
							],
							[
								-83.877013,
								32.48884
							],
							[
								-83.87697,
								32.488664
							],
							[
								-83.876884,
								32.488219
							],
							[
								-83.876858,
								32.488131
							],
							[
								-83.876827,
								32.488045
							],
							[
								-83.876789,
								32.487961
							],
							[
								-83.876745,
								32.487879
							],
							[
								-83.876476,
								32.48749
							],
							[
								-83.876307,
								32.48726
							],
							[
								-83.876151,
								32.487025
							],
							[
								-83.876055,
								32.486865
							],
							[
								-83.876012,
								32.486781
							],
							[
								-83.875976,
								32.486697
							],
							[
								-83.875946,
								32.486611
							],
							[
								-83.875921,
								32.486523
							],
							[
								-83.875903,
								32.486434
							],
							[
								-83.875892,
								32.486345
							],
							[
								-83.875895,
								32.486255
							],
							[
								-83.875878,
								32.486165
							],
							[
								-83.875842,
								32.486081
							],
							[
								-83.875722,
								32.485932
							],
							[
								-83.875589,
								32.485791
							],
							[
								-83.875444,
								32.48566
							],
							[
								-83.87529,
								32.485535
							],
							[
								-83.875129,
								32.485418
							],
							[
								-83.874959,
								32.48531
							],
							[
								-83.874876,
								32.485253
							],
							[
								-83.874798,
								32.485191
							],
							[
								-83.874672,
								32.485081
							],
							[
								-83.874628,
								32.485
							],
							[
								-83.87447,
								32.484569
							],
							[
								-83.874273,
								32.483961
							],
							[
								-83.873982,
								32.483001
							],
							[
								-83.873945,
								32.482847
							],
							[
								-83.873762,
								32.482616
							],
							[
								-83.873655,
								32.482461
							],
							[
								-83.873613,
								32.482379
							],
							[
								-83.873582,
								32.482292
							],
							[
								-83.873564,
								32.482204
							],
							[
								-83.873563,
								32.482022
							],
							[
								-83.873553,
								32.481842
							],
							[
								-83.87352,
								32.481574
							],
							[
								-83.873485,
								32.481397
							],
							[
								-83.873437,
								32.48122
							],
							[
								-83.873406,
								32.481135
							],
							[
								-83.873366,
								32.481051
							],
							[
								-83.87332,
								32.48097
							],
							[
								-83.873265,
								32.480893
							],
							[
								-83.873128,
								32.480603
							],
							[
								-83.872975,
								32.480333
							],
							[
								-83.872832,
								32.480035
							],
							[
								-83.872548,
								32.479503
							],
							[
								-83.8725,
								32.479422
							],
							[
								-83.872446,
								32.479346
							],
							[
								-83.872386,
								32.47927
							],
							[
								-83.872319,
								32.479201
							],
							[
								-83.872248,
								32.479135
							],
							[
								-83.872171,
								32.479072
							],
							[
								-83.872089,
								32.479014
							],
							[
								-83.871912,
								32.478914
							],
							[
								-83.871729,
								32.478823
							],
							[
								-83.871539,
								32.478741
							],
							[
								-83.871343,
								32.478671
							],
							[
								-83.871143,
								32.478611
							],
							[
								-83.870938,
								32.478561
							],
							[
								-83.87073,
								32.478524
							],
							[
								-83.87052,
								32.478499
							],
							[
								-83.870202,
								32.478476
							],
							[
								-83.86999,
								32.47847
							],
							[
								-83.869884,
								32.478462
							],
							[
								-83.869778,
								32.47845
							],
							[
								-83.869674,
								32.478431
							],
							[
								-83.869572,
								32.478408
							],
							[
								-83.869471,
								32.478378
							],
							[
								-83.869273,
								32.478313
							],
							[
								-83.869173,
								32.478284
							],
							[
								-83.868967,
								32.478237
							],
							[
								-83.868758,
								32.478203
							],
							[
								-83.868337,
								32.478155
							],
							[
								-83.868233,
								32.478136
							],
							[
								-83.868127,
								32.47813
							],
							[
								-83.868021,
								32.478139
							],
							[
								-83.867617,
								32.478251
							],
							[
								-83.867582,
								32.478265
							],
							[
								-83.867503,
								32.478279
							],
							[
								-83.867325,
								32.478284
							],
							[
								-83.867089,
								32.478223
							],
							[
								-83.866682,
								32.478025
							],
							[
								-83.866402,
								32.477936
							],
							[
								-83.866097,
								32.477821
							],
							[
								-83.865486,
								32.477778
							],
							[
								-83.865357,
								32.477762
							],
							[
								-83.865254,
								32.477739
							],
							[
								-83.865153,
								32.477711
							],
							[
								-83.865055,
								32.477677
							],
							[
								-83.864961,
								32.477635
							],
							[
								-83.864871,
								32.477587
							],
							[
								-83.864785,
								32.477533
							],
							[
								-83.864705,
								32.477474
							],
							[
								-83.86463,
								32.47741
							],
							[
								-83.864497,
								32.477269
							],
							[
								-83.864356,
								32.477134
							],
							[
								-83.864127,
								32.476947
							],
							[
								-83.863965,
								32.47683
							],
							[
								-83.863794,
								32.476722
							],
							[
								-83.863616,
								32.476624
							],
							[
								-83.863336,
								32.476494
							],
							[
								-83.863239,
								32.476458
							],
							[
								-83.863139,
								32.476427
							],
							[
								-83.863037,
								32.476402
							],
							[
								-83.862933,
								32.476384
							],
							[
								-83.862828,
								32.476371
							],
							[
								-83.862721,
								32.476369
							],
							[
								-83.862616,
								32.47636
							],
							[
								-83.862511,
								32.476345
							],
							[
								-83.862408,
								32.476324
							],
							[
								-83.862207,
								32.476263
							],
							[
								-83.862013,
								32.47619
							],
							[
								-83.861826,
								32.476104
							],
							[
								-83.861646,
								32.476008
							],
							[
								-83.86146,
								32.475921
							],
							[
								-83.861364,
								32.475884
							],
							[
								-83.861164,
								32.475822
							],
							[
								-83.860755,
								32.475721
							],
							[
								-83.860352,
								32.475608
							],
							[
								-83.860011,
								32.475504
							],
							[
								-83.859881,
								32.475454
							],
							[
								-83.859728,
								32.475445
							],
							[
								-83.859623,
								32.475436
							],
							[
								-83.859516,
								32.475437
							],
							[
								-83.859414,
								32.475461
							],
							[
								-83.859309,
								32.475475
							],
							[
								-83.859203,
								32.475482
							],
							[
								-83.859096,
								32.475479
							],
							[
								-83.858991,
								32.475468
							],
							[
								-83.858888,
								32.475444
							],
							[
								-83.858784,
								32.475426
							],
							[
								-83.858573,
								32.475405
							],
							[
								-83.858467,
								32.475406
							],
							[
								-83.858361,
								32.475416
							],
							[
								-83.858258,
								32.475436
							],
							[
								-83.858153,
								32.475451
							],
							[
								-83.858047,
								32.47546
							],
							[
								-83.857941,
								32.475464
							],
							[
								-83.857834,
								32.475462
							],
							[
								-83.857623,
								32.475445
							],
							[
								-83.857307,
								32.475403
							],
							[
								-83.856996,
								32.475344
							],
							[
								-83.856182,
								32.475136
							],
							[
								-83.856077,
								32.475124
							],
							[
								-83.855971,
								32.47513
							],
							[
								-83.855869,
								32.475155
							],
							[
								-83.855779,
								32.475203
							],
							[
								-83.855681,
								32.475237
							],
							[
								-83.855578,
								32.47526
							],
							[
								-83.855472,
								32.475264
							],
							[
								-83.855367,
								32.47525
							],
							[
								-83.85527,
								32.475212
							],
							[
								-83.855171,
								32.475181
							],
							[
								-83.855069,
								32.475154
							],
							[
								-83.854966,
								32.475133
							],
							[
								-83.854802,
								32.475093
							],
							[
								-83.854651,
								32.475096
							],
							[
								-83.854261,
								32.475036
							],
							[
								-83.853849,
								32.474914
							],
							[
								-83.853341,
								32.474781
							],
							[
								-83.853245,
								32.474744
							],
							[
								-83.853158,
								32.474691
							],
							[
								-83.853076,
								32.474634
							],
							[
								-83.853,
								32.474572
							],
							[
								-83.852858,
								32.474438
							],
							[
								-83.852632,
								32.474246
							],
							[
								-83.852563,
								32.474178
							],
							[
								-83.85248,
								32.474122
							],
							[
								-83.852287,
								32.474047
							],
							[
								-83.852089,
								32.473981
							],
							[
								-83.851904,
								32.473929
							],
							[
								-83.851747,
								32.473729
							],
							[
								-83.851658,
								32.47368
							],
							[
								-83.851555,
								32.473657
							],
							[
								-83.85135,
								32.473702
							],
							[
								-83.85125,
								32.473731
							],
							[
								-83.851152,
								32.473765
							],
							[
								-83.851049,
								32.473746
							],
							[
								-83.850987,
								32.473674
							],
							[
								-83.850901,
								32.473622
							],
							[
								-83.850804,
								32.473585
							],
							[
								-83.850621,
								32.473492
							],
							[
								-83.850576,
								32.473412
							],
							[
								-83.850476,
								32.473383
							],
							[
								-83.85038,
								32.473345
							],
							[
								-83.850288,
								32.473298
							],
							[
								-83.850203,
								32.473246
							],
							[
								-83.850124,
								32.473185
							],
							[
								-83.849837,
								32.473072
							],
							[
								-83.849631,
								32.47303
							],
							[
								-83.849537,
								32.472989
							],
							[
								-83.849451,
								32.472935
							],
							[
								-83.849377,
								32.472872
							],
							[
								-83.84933,
								32.472791
							],
							[
								-83.849314,
								32.472702
							],
							[
								-83.849401,
								32.472443
							],
							[
								-83.849387,
								32.472354
							],
							[
								-83.849339,
								32.472274
							],
							[
								-83.849282,
								32.472197
							],
							[
								-83.849212,
								32.47213
							],
							[
								-83.849025,
								32.471911
							],
							[
								-83.848911,
								32.471759
							],
							[
								-83.848866,
								32.471677
							],
							[
								-83.848829,
								32.471593
							],
							[
								-83.8488,
								32.471505
							],
							[
								-83.848746,
								32.471428
							],
							[
								-83.848543,
								32.47122
							],
							[
								-83.848471,
								32.471154
							],
							[
								-83.848337,
								32.471013
							],
							[
								-83.848283,
								32.470937
							],
							[
								-83.848142,
								32.470675
							],
							[
								-83.848106,
								32.470616
							],
							[
								-83.84796,
								32.470188
							],
							[
								-83.84785,
								32.469841
							],
							[
								-83.847815,
								32.469755
							],
							[
								-83.847774,
								32.469673
							],
							[
								-83.847728,
								32.469592
							],
							[
								-83.847675,
								32.469513
							],
							[
								-83.847616,
								32.469437
							],
							[
								-83.847233,
								32.469006
							],
							[
								-83.847025,
								32.468801
							],
							[
								-83.846801,
								32.468609
							],
							[
								-83.846723,
								32.468547
							],
							[
								-83.846676,
								32.468514
							],
							[
								-83.846573,
								32.462224
							],
							[
								-83.846573,
								32.462213
							],
							[
								-83.846552,
								32.46101
							],
							[
								-83.846369,
								32.449627
							],
							[
								-83.846345,
								32.44817
							],
							[
								-83.846344,
								32.44814
							],
							[
								-83.846344,
								32.448128
							],
							[
								-83.846343,
								32.448072
							],
							[
								-83.846343,
								32.448043
							],
							[
								-83.846342,
								32.447974
							],
							[
								-83.846342,
								32.447955
							],
							[
								-83.8463,
								32.445341
							],
							[
								-83.846215,
								32.440065
							],
							[
								-83.846214,
								32.440014
							],
							[
								-83.846214,
								32.439994
							],
							[
								-83.846206,
								32.439498
							],
							[
								-83.846204,
								32.439406
							],
							[
								-83.846203,
								32.439385
							],
							[
								-83.846177,
								32.439385
							],
							[
								-83.84582,
								32.439382
							],
							[
								-83.845771,
								32.439382
							],
							[
								-83.841294,
								32.43935
							],
							[
								-83.84097,
								32.439348
							],
							[
								-83.836673,
								32.439308
							],
							[
								-83.836844,
								32.423923
							],
							[
								-83.836855,
								32.422951
							]
						]
					]
				]
			}
		},
		{
			"type": "Feature",
			"properties": {
				"locationID": "cou003",
				"Location/feature name (incl. historical names)": "Catalina Island",
				"Geometry type": "polygon",
				"Geography type": "region",
				"Country": "USA",
				"Region": "",
				"State/Province": "California",
				"County": "",
				"City": "",
				"Neighborhood (incl. boroughs)": "",
				"Street address": "",
				"Notes": "",
				"Source": "",
				"songs": [
					{
						"title": "Alpha Double Negative: Going to Catalina",
						"album": "Songs for Petronius",
						"albums": [
							"Songs for Petronius",
							"Nothing for Juice"
						],
						"lyric": "[title]"
					}
				]
			},
			"geometry": {
				"type": "MultiPolygon",
				"coordinates": [
					[
						[
							[
								-118.604415,
								33.478552
							],
							[
								-118.607243,
								33.478449
							],
							[
								-118.603916,
								33.473493
							],
							[
								-118.601185,
								33.469853
							],
							[
								-118.593969,
								33.467198
							],
							[
								-118.595122,
								33.465166
							],
							[
								-118.592745,
								33.46239
							],
							[
								-118.589886,
								33.461521
							],
							[
								-118.58609,
								33.456243
							],
							[
								-118.579435,
								33.449302
							],
							[
								-118.575901,
								33.448261
							],
							[
								-118.573317,
								33.443633
							],
							[
								-118.575394,
								33.440179
							],
							[
								-118.570927,
								33.439351
							],
							[
								-118.565854,
								33.437503
							],
							[
								-118.563442,
								33.434381
							],
							[
								-118.558715,
								33.433419
							],
							[
								-118.555178,
								33.43338
							],
							[
								-118.552577,
								33.435617
							],
							[
								-118.548061,
								33.435617
							],
							[
								-118.545441,
								33.434159
							],
							[
								-118.542357,
								33.434824
							],
							[
								-118.53738,
								33.434608
							],
							[
								-118.536415,
								33.430658
							],
							[
								-118.533681,
								33.429183
							],
							[
								-118.52323,
								33.430733
							],
							[
								-118.516267,
								33.425075
							],
							[
								-118.515914,
								33.422417
							],
							[
								-118.514073,
								33.423517
							],
							[
								-118.51336,
								33.427683
							],
							[
								-118.511696,
								33.429667
							],
							[
								-118.507656,
								33.426691
							],
							[
								-118.503952,
								33.424234
							],
							[
								-118.49817,
								33.421447
							],
							[
								-118.495059,
								33.422129
							],
							[
								-118.48875,
								33.419826
							],
							[
								-118.48769,
								33.414392
							],
							[
								-118.484949,
								33.412131
							],
							[
								-118.487453,
								33.409233
							],
							[
								-118.486264,
								33.40467
							],
							[
								-118.485575,
								33.401176
							],
							[
								-118.482239,
								33.396108
							],
							[
								-118.481035,
								33.388994
							],
							[
								-118.478465,
								33.38632
							],
							[
								-118.47652,
								33.385818
							],
							[
								-118.475331,
								33.383238
							],
							[
								-118.478421,
								33.381849
							],
							[
								-118.482462,
								33.380261
							],
							[
								-118.481086,
								33.375946
							],
							[
								-118.485789,
								33.372918
							],
							[
								-118.482609,
								33.369914
							],
							[
								-118.487215,
								33.365772
							],
							[
								-118.489592,
								33.360412
							],
							[
								-118.48877,
								33.356649
							],
							[
								-118.487453,
								33.350883
							],
							[
								-118.482937,
								33.344331
							],
							[
								-118.474143,
								33.334204
							],
							[
								-118.465368,
								33.326056
							],
							[
								-118.456309,
								33.32182
							],
							[
								-118.441066,
								33.318555
							],
							[
								-118.436352,
								33.320104
							],
							[
								-118.431112,
								33.319183
							],
							[
								-118.424258,
								33.317839
							],
							[
								-118.413767,
								33.320241
							],
							[
								-118.408543,
								33.321494
							],
							[
								-118.402941,
								33.320901
							],
							[
								-118.393055,
								33.319659
							],
							[
								-118.384564,
								33.321019
							],
							[
								-118.374768,
								33.320065
							],
							[
								-118.367806,
								33.317254
							],
							[
								-118.360332,
								33.31533
							],
							[
								-118.354042,
								33.313111
							],
							[
								-118.343249,
								33.305234
							],
							[
								-118.325244,
								33.299075
							],
							[
								-118.316787,
								33.301137
							],
							[
								-118.312045,
								33.306597
							],
							[
								-118.306816,
								33.308385
							],
							[
								-118.305084,
								33.310323
							],
							[
								-118.30539,
								33.315933
							],
							[
								-118.30539,
								33.320898
							],
							[
								-118.307767,
								33.32348
							],
							[
								-118.308955,
								33.330431
							],
							[
								-118.309065,
								33.3309
							],
							[
								-118.310213,
								33.335795
							],
							[
								-118.310222,
								33.334781
							],
							[
								-118.316526,
								33.340825
							],
							[
								-118.318476,
								33.342695
							],
							[
								-118.321842,
								33.344299
							],
							[
								-118.322741,
								33.344728
							],
							[
								-118.32446,
								33.348782
							],
							[
								-118.329158,
								33.351478
							],
							[
								-118.331314,
								33.355851
							],
							[
								-118.332486,
								33.358228
							],
							[
								-118.351275,
								33.373936
							],
							[
								-118.3587,
								33.381633
							],
							[
								-118.365094,
								33.388374
							],
							[
								-118.368126,
								33.389533
							],
							[
								-118.370161,
								33.396013
							],
							[
								-118.36727,
								33.401088
							],
							[
								-118.368301,
								33.40711
							],
							[
								-118.370323,
								33.409285
							],
							[
								-118.377169,
								33.410821
							],
							[
								-118.382037,
								33.409883
							],
							[
								-118.390955,
								33.417963
							],
							[
								-118.39525,
								33.416204
							],
							[
								-118.406444,
								33.421559
							],
							[
								-118.409099,
								33.421203
							],
							[
								-118.423576,
								33.427258
							],
							[
								-118.430172,
								33.428278
							],
							[
								-118.434805,
								33.426781
							],
							[
								-118.436905,
								33.428637
							],
							[
								-118.442276,
								33.428645
							],
							[
								-118.445812,
								33.428907
							],
							[
								-118.449535,
								33.432673
							],
							[
								-118.454636,
								33.433961
							],
							[
								-118.47034,
								33.442956
							],
							[
								-118.473485,
								33.442877
							],
							[
								-118.477646,
								33.448392
							],
							[
								-118.482224,
								33.44831
							],
							[
								-118.486264,
								33.446724
							],
							[
								-118.489354,
								33.445336
							],
							[
								-118.493632,
								33.442559
							],
							[
								-118.497435,
								33.441964
							],
							[
								-118.500288,
								33.443352
							],
							[
								-118.499574,
								33.445931
							],
							[
								-118.500212,
								33.449592
							],
							[
								-118.50285,
								33.453302
							],
							[
								-118.510537,
								33.455313
							],
							[
								-118.522635,
								33.462016
							],
							[
								-118.524769,
								33.466355
							],
							[
								-118.528239,
								33.466603
							],
							[
								-118.530702,
								33.468071
							],
							[
								-118.534276,
								33.473493
							],
							[
								-118.538624,
								33.477015
							],
							[
								-118.54453,
								33.474119
							],
							[
								-118.557605,
								33.474722
							],
							[
								-118.570351,
								33.47531
							],
							[
								-118.580255,
								33.475099
							],
							[
								-118.585936,
								33.473819
							],
							[
								-118.598783,
								33.477939
							],
							[
								-118.604415,
								33.478552
							]
						]
					]
				]
			}
		},
		{
			"type": "Feature",
			"properties": {
				"locationID": "cou004",
				"Location/feature name (incl. historical names)": "Cheshire County",
				"Geometry type": "polygon",
				"Geography type": "county",
				"Country": "United Kingdom",
				"Region": "",
				"State/Province": "",
				"County": "Cheshire",
				"City": "",
				"Neighborhood (incl. boroughs)": "",
				"Street address": "",
				"Notes": "",
				"Source": "",
				"songs": [
					{
						"title": "Cheshire County",
						"album": "Nine Black Poppies",
						"albums": [
							"Nine Black Poppies"
						],
						"lyric": "[title]"
					}
				]
			},
			"geometry": {
				"type": "MultiPolygon",
				"coordinates": [
					[
						[
							[
								-1.976849,
								53.207371
							],
							[
								-1.970834,
								53.23027
							],
							[
								-1.990556,
								53.241661
							],
							[
								-1.995556,
								53.26416
							],
							[
								-1.998056,
								53.335831
							],
							[
								-2.00111,
								53.347221
							],
							[
								-2.01861,
								53.363331
							],
							[
								-2.016736,
								53.37048
							],
							[
								-2.035279,
								53.367771
							],
							[
								-2.049444,
								53.352219
							],
							[
								-2.080832,
								53.361111
							],
							[
								-2.119999,
								53.35944
							],
							[
								-2.130556,
								53.352489
							],
							[
								-2.140279,
								53.32777
							],
							[
								-2.159447,
								53.321388
							],
							[
								-2.174445,
								53.33083
							],
							[
								-2.172223,
								53.338612
							],
							[
								-2.176112,
								53.345551
							],
							[
								-2.203609,
								53.353882
							],
							[
								-2.238334,
								53.355
							],
							[
								-2.260278,
								53.34499
							],
							[
								-2.283333,
								53.34222
							],
							[
								-2.316668,
								53.359989
							],
							[
								-2.364721,
								53.362499
							],
							[
								-2.395,
								53.3736
							],
							[
								-2.42877,
								53.38039
							],
							[
								-2.434139,
								53.372761
							],
							[
								-2.447023,
								53.355045
							],
							[
								-2.509029,
								53.330887
							],
							[
								-2.531575,
								53.319614
							],
							[
								-2.554929,
								53.312366
							],
							[
								-2.569422,
								53.312366
							],
							[
								-2.580697,
								53.315586
							],
							[
								-2.59036,
								53.325249
							],
							[
								-2.60566,
								53.338135
							],
							[
								-2.613712,
								53.340549
							],
							[
								-2.629012,
								53.342159
							],
							[
								-2.662832,
								53.35746
							],
							[
								-2.680557,
								53.37888
							],
							[
								-2.741112,
								53.388329
							],
							[
								-2.772222,
								53.365002
							],
							[
								-2.774724,
								53.36055
							],
							[
								-2.767221,
								53.347771
							],
							[
								-2.770834,
								53.34
							],
							[
								-2.786945,
								53.336658
							],
							[
								-2.803334,
								53.343891
							],
							[
								-2.80841,
								53.328472
							],
							[
								-2.8075,
								53.328472
							],
							[
								-2.8075,
								53.328194
							],
							[
								-2.806388,
								53.328194
							],
							[
								-2.806388,
								53.327915
							],
							[
								-2.805834,
								53.327915
							],
							[
								-2.805834,
								53.327641
							],
							[
								-2.804722,
								53.327641
							],
							[
								-2.804722,
								53.327362
							],
							[
								-2.804166,
								53.327362
							],
							[
								-2.804166,
								53.327084
							],
							[
								-2.80361,
								53.327084
							],
							[
								-2.80361,
								53.326805
							],
							[
								-2.803056,
								53.326805
							],
							[
								-2.803056,
								53.326527
							],
							[
								-2.801944,
								53.326527
							],
							[
								-2.801944,
								53.326248
							],
							[
								-2.801388,
								53.326248
							],
							[
								-2.801388,
								53.325974
							],
							[
								-2.800834,
								53.325974
							],
							[
								-2.800834,
								53.325417
							],
							[
								-2.800278,
								53.325417
							],
							[
								-2.800278,
								53.325138
							],
							[
								-2.799722,
								53.325138
							],
							[
								-2.799722,
								53.32486
							],
							[
								-2.799166,
								53.32486
							],
							[
								-2.799166,
								53.324585
							],
							[
								-2.798612,
								53.324585
							],
							[
								-2.798612,
								53.324306
							],
							[
								-2.798056,
								53.324306
							],
							[
								-2.798056,
								53.324028
							],
							[
								-2.7975,
								53.324028
							],
							[
								-2.7975,
								53.323471
							],
							[
								-2.796944,
								53.323471
							],
							[
								-2.796944,
								53.322918
							],
							[
								-2.795277,
								53.322918
							],
							[
								-2.795277,
								53.322639
							],
							[
								-2.794721,
								53.322639
							],
							[
								-2.794721,
								53.322083
							],
							[
								-2.789167,
								53.322083
							],
							[
								-2.789167,
								53.322361
							],
							[
								-2.786945,
								53.322361
							],
							[
								-2.786945,
								53.322639
							],
							[
								-2.785279,
								53.322639
							],
							[
								-2.785279,
								53.322918
							],
							[
								-2.784723,
								53.322918
							],
							[
								-2.784723,
								53.323193
							],
							[
								-2.784167,
								53.323193
							],
							[
								-2.784167,
								53.32375
							],
							[
								-2.783611,
								53.32375
							],
							[
								-2.783611,
								53.324028
							],
							[
								-2.783054,
								53.324028
							],
							[
								-2.783054,
								53.324585
							],
							[
								-2.782501,
								53.324585
							],
							[
								-2.782501,
								53.32486
							],
							[
								-2.780835,
								53.32486
							],
							[
								-2.780835,
								53.325005
							],
							[
								-2.780832,
								53.325695
							],
							[
								-2.780529,
								53.325695
							],
							[
								-2.780278,
								53.325695
							],
							[
								-2.780278,
								53.326263
							],
							[
								-2.780278,
								53.326527
							],
							[
								-2.780162,
								53.326527
							],
							[
								-2.779722,
								53.326527
							],
							[
								-2.779722,
								53.326805
							],
							[
								-2.779166,
								53.326805
							],
							[
								-2.779166,
								53.327362
							],
							[
								-2.77861,
								53.327362
							],
							[
								-2.77861,
								53.327915
							],
							[
								-2.774722,
								53.327915
							],
							[
								-2.774722,
								53.327641
							],
							[
								-2.763055,
								53.327641
							],
							[
								-2.763055,
								53.327362
							],
							[
								-2.761945,
								53.327362
							],
							[
								-2.761945,
								53.326805
							],
							[
								-2.761389,
								53.326805
							],
							[
								-2.761389,
								53.326248
							],
							[
								-2.760833,
								53.326248
							],
							[
								-2.760833,
								53.32486
							],
							[
								-2.760277,
								53.32486
							],
							[
								-2.760277,
								53.324585
							],
							[
								-2.759723,
								53.324585
							],
							[
								-2.759723,
								53.324306
							],
							[
								-2.759167,
								53.324306
							],
							[
								-2.759167,
								53.323471
							],
							[
								-2.758611,
								53.323471
							],
							[
								-2.758611,
								53.322639
							],
							[
								-2.758055,
								53.322639
							],
							[
								-2.758055,
								53.321529
							],
							[
								-2.757501,
								53.321529
							],
							[
								-2.757501,
								53.320972
							],
							[
								-2.756945,
								53.320972
							],
							[
								-2.756945,
								53.320694
							],
							[
								-2.756389,
								53.320694
							],
							[
								-2.756389,
								53.320137
							],
							[
								-2.755832,
								53.320137
							],
							[
								-2.755832,
								53.319862
							],
							[
								-2.755279,
								53.319862
							],
							[
								-2.755279,
								53.319584
							],
							[
								-2.754723,
								53.319584
							],
							[
								-2.754723,
								53.319027
							],
							[
								-2.754454,
								53.319027
							],
							[
								-2.754166,
								53.319027
							],
							[
								-2.754166,
								53.318748
							],
							[
								-2.75361,
								53.318748
							],
							[
								-2.75361,
								53.318474
							],
							[
								-2.753057,
								53.318474
							],
							[
								-2.753057,
								53.318195
							],
							[
								-2.7525,
								53.318195
							],
							[
								-2.7525,
								53.317638
							],
							[
								-2.751944,
								53.317638
							],
							[
								-2.751944,
								53.31736
							],
							[
								-2.751388,
								53.31736
							],
							[
								-2.751388,
								53.317085
							],
							[
								-2.750834,
								53.317081
							],
							[
								-2.750834,
								53.316807
							],
							[
								-2.749722,
								53.316807
							],
							[
								-2.749722,
								53.316528
							],
							[
								-2.749166,
								53.316528
							],
							[
								-2.749166,
								53.31625
							],
							[
								-2.748612,
								53.31625
							],
							[
								-2.74861,
								53.315971
							],
							[
								-2.748056,
								53.315971
							],
							[
								-2.748056,
								53.315693
							],
							[
								-2.7475,
								53.315693
							],
							[
								-2.7475,
								53.31514
							],
							[
								-2.746944,
								53.31514
							],
							[
								-2.746944,
								53.314861
							],
							[
								-2.74639,
								53.314861
							],
							[
								-2.74639,
								53.314583
							],
							[
								-2.745834,
								53.314583
							],
							[
								-2.745834,
								53.31403
							],
							[
								-2.745278,
								53.314026
							],
							[
								-2.745278,
								53.313473
							],
							[
								-2.744722,
								53.313473
							],
							[
								-2.744722,
								53.312363
							],
							[
								-2.744166,
								53.312363
							],
							[
								-2.744166,
								53.311527
							],
							[
								-2.743612,
								53.311527
							],
							[
								-2.743612,
								53.310974
							],
							[
								-2.743056,
								53.310974
							],
							[
								-2.743056,
								53.310139
							],
							[
								-2.7425,
								53.310139
							],
							[
								-2.7425,
								53.30986
							],
							[
								-2.741943,
								53.30986
							],
							[
								-2.741943,
								53.309307
							],
							[
								-2.74139,
								53.309307
							],
							[
								-2.74139,
								53.30875
							],
							[
								-2.740833,
								53.30875
							],
							[
								-2.740833,
								53.308472
							],
							[
								-2.740277,
								53.308472
							],
							[
								-2.740277,
								53.308193
							],
							[
								-2.739721,
								53.308193
							],
							[
								-2.739721,
								53.307919
							],
							[
								-2.738055,
								53.307919
							],
							[
								-2.738055,
								53.30764
							],
							[
								-2.733055,
								53.30764
							],
							[
								-2.733055,
								53.307362
							],
							[
								-2.732501,
								53.307362
							],
							[
								-2.732501,
								53.306805
							],
							[
								-2.733055,
								53.306805
							],
							[
								-2.733055,
								53.306526
							],
							[
								-2.738611,
								53.306526
							],
							[
								-2.738611,
								53.306805
							],
							[
								-2.740277,
								53.306805
							],
							[
								-2.740277,
								53.307083
							],
							[
								-2.740833,
								53.307083
							],
							[
								-2.740833,
								53.307362
							],
							[
								-2.741943,
								53.307362
							],
							[
								-2.741943,
								53.30764
							],
							[
								-2.7425,
								53.30764
							],
							[
								-2.7425,
								53.307915
							],
							[
								-2.743056,
								53.307919
							],
							[
								-2.743056,
								53.308472
							],
							[
								-2.743612,
								53.308472
							],
							[
								-2.743612,
								53.309029
							],
							[
								-2.744166,
								53.309029
							],
							[
								-2.744166,
								53.309582
							],
							[
								-2.744722,
								53.309582
							],
							[
								-2.744722,
								53.30986
							],
							[
								-2.745278,
								53.30986
							],
							[
								-2.745278,
								53.310696
							],
							[
								-2.745834,
								53.310696
							],
							[
								-2.745834,
								53.311249
							],
							[
								-2.74639,
								53.311249
							],
							[
								-2.74639,
								53.312084
							],
							[
								-2.750278,
								53.312084
							],
							[
								-2.750278,
								53.312363
							],
							[
								-2.750834,
								53.312363
							],
							[
								-2.750834,
								53.312916
							],
							[
								-2.751388,
								53.312916
							],
							[
								-2.751388,
								53.313194
							],
							[
								-2.751944,
								53.313194
							],
							[
								-2.751944,
								53.312916
							],
							[
								-2.7525,
								53.312916
							],
							[
								-2.7525,
								53.312637
							],
							[
								-2.753057,
								53.312637
							],
							[
								-2.753057,
								53.312363
							],
							[
								-2.75361,
								53.312363
							],
							[
								-2.75361,
								53.312084
							],
							[
								-2.754166,
								53.312084
							],
							[
								-2.754166,
								53.311527
							],
							[
								-2.755279,
								53.311527
							],
							[
								-2.755279,
								53.311249
							],
							[
								-2.755832,
								53.311249
							],
							[
								-2.755832,
								53.310974
							],
							[
								-2.756389,
								53.31097
							],
							[
								-2.756389,
								53.310696
							],
							[
								-2.756945,
								53.310696
							],
							[
								-2.756945,
								53.310417
							],
							[
								-2.758055,
								53.310417
							],
							[
								-2.758055,
								53.310139
							],
							[
								-2.758611,
								53.310139
							],
							[
								-2.758611,
								53.30986
							],
							[
								-2.760277,
								53.30986
							],
							[
								-2.760277,
								53.309582
							],
							[
								-2.761389,
								53.309582
							],
							[
								-2.761389,
								53.309029
							],
							[
								-2.762499,
								53.309029
							],
							[
								-2.762499,
								53.308472
							],
							[
								-2.763055,
								53.308472
							],
							[
								-2.763055,
								53.308193
							],
							[
								-2.763611,
								53.308193
							],
							[
								-2.763611,
								53.307919
							],
							[
								-2.764167,
								53.307915
							],
							[
								-2.764167,
								53.30764
							],
							[
								-2.764721,
								53.30764
							],
							[
								-2.764721,
								53.307362
							],
							[
								-2.765277,
								53.307362
							],
							[
								-2.765277,
								53.307083
							],
							[
								-2.765833,
								53.307083
							],
							[
								-2.765833,
								53.306805
							],
							[
								-2.766389,
								53.306805
							],
							[
								-2.766389,
								53.306526
							],
							[
								-2.767499,
								53.306526
							],
							[
								-2.767499,
								53.306252
							],
							[
								-2.768055,
								53.306252
							],
							[
								-2.768055,
								53.305695
							],
							[
								-2.768612,
								53.305695
							],
							[
								-2.768612,
								53.305416
							],
							[
								-2.769722,
								53.305416
							],
							[
								-2.769722,
								53.305138
							],
							[
								-2.770278,
								53.305138
							],
							[
								-2.770278,
								53.304863
							],
							[
								-2.77139,
								53.304863
							],
							[
								-2.77139,
								53.304585
							],
							[
								-2.771944,
								53.304585
							],
							[
								-2.771944,
								53.304028
							],
							[
								-2.7725,
								53.304028
							],
							[
								-2.7725,
								53.303749
							],
							[
								-2.773612,
								53.303749
							],
							[
								-2.773612,
								53.303471
							],
							[
								-2.774166,
								53.303471
							],
							[
								-2.774166,
								53.303196
							],
							[
								-2.775278,
								53.303196
							],
							[
								-2.775278,
								53.302917
							],
							[
								-2.775834,
								53.302917
							],
							[
								-2.775834,
								53.302639
							],
							[
								-2.776944,
								53.302639
							],
							[
								-2.776944,
								53.303196
							],
							[
								-2.776388,
								53.303196
							],
							[
								-2.776388,
								53.304028
							],
							[
								-2.776944,
								53.304028
							],
							[
								-2.776944,
								53.304585
							],
							[
								-2.778056,
								53.304585
							],
							[
								-2.778056,
								53.304863
							],
							[
								-2.779166,
								53.304863
							],
							[
								-2.779166,
								53.305138
							],
							[
								-2.781945,
								53.305138
							],
							[
								-2.781945,
								53.304863
							],
							[
								-2.785279,
								53.304863
							],
							[
								-2.785279,
								53.305138
							],
							[
								-2.788055,
								53.305138
							],
							[
								-2.788055,
								53.304863
							],
							[
								-2.788611,
								53.304863
							],
							[
								-2.788611,
								53.304306
							],
							[
								-2.789167,
								53.304306
							],
							[
								-2.789167,
								53.304585
							],
							[
								-2.790277,
								53.304585
							],
							[
								-2.790277,
								53.304863
							],
							[
								-2.791389,
								53.304863
							],
							[
								-2.791389,
								53.305138
							],
							[
								-2.791945,
								53.305138
							],
							[
								-2.791945,
								53.305695
							],
							[
								-2.793055,
								53.305695
							],
							[
								-2.793055,
								53.305416
							],
							[
								-2.793611,
								53.305416
							],
							[
								-2.793611,
								53.305138
							],
							[
								-2.794168,
								53.305138
							],
							[
								-2.794168,
								53.304863
							],
							[
								-2.795834,
								53.304863
							],
							[
								-2.795834,
								53.305138
							],
							[
								-2.798612,
								53.305138
							],
							[
								-2.798612,
								53.304863
							],
							[
								-2.800278,
								53.304863
							],
							[
								-2.800278,
								53.304585
							],
							[
								-2.800834,
								53.304585
							],
							[
								-2.800834,
								53.304306
							],
							[
								-2.801388,
								53.304306
							],
							[
								-2.801388,
								53.304028
							],
							[
								-2.8025,
								53.304028
							],
							[
								-2.8025,
								53.304306
							],
							[
								-2.803056,
								53.304306
							],
							[
								-2.803056,
								53.304585
							],
							[
								-2.80361,
								53.304585
							],
							[
								-2.80361,
								53.304863
							],
							[
								-2.804722,
								53.304863
							],
							[
								-2.804722,
								53.304585
							],
							[
								-2.806944,
								53.304585
							],
							[
								-2.806944,
								53.304863
							],
							[
								-2.80861,
								53.304863
							],
							[
								-2.80861,
								53.305138
							],
							[
								-2.809167,
								53.305138
							],
							[
								-2.809167,
								53.304863
							],
							[
								-2.809723,
								53.304863
							],
							[
								-2.809723,
								53.304306
							],
							[
								-2.810833,
								53.304306
							],
							[
								-2.810833,
								53.304585
							],
							[
								-2.811389,
								53.304585
							],
							[
								-2.811389,
								53.304863
							],
							[
								-2.811945,
								53.304863
							],
							[
								-2.811945,
								53.304585
							],
							[
								-2.813055,
								53.304585
							],
							[
								-2.813055,
								53.304306
							],
							[
								-2.814167,
								53.304306
							],
							[
								-2.814167,
								53.303749
							],
							[
								-2.814723,
								53.303749
							],
							[
								-2.814723,
								53.303471
							],
							[
								-2.815277,
								53.303471
							],
							[
								-2.815277,
								53.303196
							],
							[
								-2.815833,
								53.303196
							],
							[
								-2.815833,
								53.302917
							],
							[
								-2.816389,
								53.302917
							],
							[
								-2.816389,
								53.302639
							],
							[
								-2.816945,
								53.302639
							],
							[
								-2.816945,
								53.302361
							],
							[
								-2.817499,
								53.302361
							],
							[
								-2.817499,
								53.302082
							],
							[
								-2.818611,
								53.302082
							],
							[
								-2.818611,
								53.301807
							],
							[
								-2.819167,
								53.301807
							],
							[
								-2.819167,
								53.301529
							],
							[
								-2.819721,
								53.301529
							],
							[
								-2.819721,
								53.30125
							],
							[
								-2.820277,
								53.30125
							],
							[
								-2.820277,
								53.300972
							],
							[
								-2.820833,
								53.300972
							],
							[
								-2.820833,
								53.300415
							],
							[
								-2.82139,
								53.300415
							],
							[
								-2.82139,
								53.30014
							],
							[
								-2.821943,
								53.30014
							],
							[
								-2.821943,
								53.299583
							],
							[
								-2.822499,
								53.299583
							],
							[
								-2.822499,
								53.299305
							],
							[
								-2.823056,
								53.299305
							],
							[
								-2.823056,
								53.299026
							],
							[
								-2.823612,
								53.299026
							],
							[
								-2.823612,
								53.298752
							],
							[
								-2.824722,
								53.298752
							],
							[
								-2.824722,
								53.298473
							],
							[
								-2.82639,
								53.298473
							],
							[
								-2.82639,
								53.298195
							],
							[
								-2.8275,
								53.298195
							],
							[
								-2.8275,
								53.297916
							],
							[
								-2.828056,
								53.297916
							],
							[
								-2.828056,
								53.297638
							],
							[
								-2.828612,
								53.297638
							],
							[
								-2.828612,
								53.297359
							],
							[
								-2.829722,
								53.297359
							],
							[
								-2.829722,
								53.297085
							],
							[
								-2.830834,
								53.297085
							],
							[
								-2.830834,
								53.296806
							],
							[
								-2.831388,
								53.296806
							],
							[
								-2.831388,
								53.296528
							],
							[
								-2.831944,
								53.296528
							],
							[
								-2.831944,
								53.296249
							],
							[
								-2.833056,
								53.296249
							],
							[
								-2.833056,
								53.295971
							],
							[
								-2.834166,
								53.295971
							],
							[
								-2.834166,
								53.295696
							],
							[
								-2.835279,
								53.295696
							],
							[
								-2.835279,
								53.295418
							],
							[
								-2.835832,
								53.295418
							],
							[
								-2.835832,
								53.295139
							],
							[
								-2.836389,
								53.295139
							],
							[
								-2.836389,
								53.294861
							],
							[
								-2.837501,
								53.294861
							],
							[
								-2.837501,
								53.294582
							],
							[
								-2.838055,
								53.294582
							],
							[
								-2.838055,
								53.294304
							],
							[
								-2.838611,
								53.294304
							],
							[
								-2.838611,
								53.294029
							],
							[
								-2.841389,
								53.294029
							],
							[
								-2.841389,
								53.293751
							],
							[
								-2.842499,
								53.293751
							],
							[
								-2.842499,
								53.293472
							],
							[
								-2.843055,
								53.293472
							],
							[
								-2.843055,
								53.292641
							],
							[
								-2.843611,
								53.292641
							],
							[
								-2.843611,
								53.292362
							],
							[
								-2.844167,
								53.292362
							],
							[
								-2.844167,
								53.292084
							],
							[
								-2.846389,
								53.292084
							],
							[
								-2.846389,
								53.292362
							],
							[
								-2.846943,
								53.292362
							],
							[
								-2.846945,
								53.292641
							],
							[
								-2.848612,
								53.292641
							],
							[
								-2.848612,
								53.292362
							],
							[
								-2.850834,
								53.292362
							],
							[
								-2.850834,
								53.292641
							],
							[
								-2.851944,
								53.292641
							],
							[
								-2.851944,
								53.292362
							],
							[
								-2.85206,
								53.292362
							],
							[
								-2.8525,
								53.292362
							],
							[
								-2.8525,
								53.292915
							],
							[
								-2.853056,
								53.292915
							],
							[
								-2.853056,
								53.292084
							],
							[
								-2.853612,
								53.292084
							],
							[
								-2.853612,
								53.291805
							],
							[
								-2.854722,
								53.291805
							],
							[
								-2.854722,
								53.292084
							],
							[
								-2.856944,
								53.292084
							],
							[
								-2.856944,
								53.292362
							],
							[
								-2.858056,
								53.292362
							],
							[
								-2.858056,
								53.292641
							],
							[
								-2.859166,
								53.292641
							],
							[
								-2.859166,
								53.292362
							],
							[
								-2.861388,
								53.292362
							],
							[
								-2.861388,
								53.292084
							],
							[
								-2.862501,
								53.292084
							],
							[
								-2.862501,
								53.291248
							],
							[
								-2.863054,
								53.291248
							],
							[
								-2.863054,
								53.290974
							],
							[
								-2.863611,
								53.290974
							],
							[
								-2.863611,
								53.290695
							],
							[
								-2.864167,
								53.290695
							],
							[
								-2.864167,
								53.290417
							],
							[
								-2.864723,
								53.290417
							],
							[
								-2.864723,
								53.290138
							],
							[
								-2.866389,
								53.290138
							],
							[
								-2.866389,
								53.290417
							],
							[
								-2.866945,
								53.290417
							],
							[
								-2.866945,
								53.290138
							],
							[
								-2.869167,
								53.290138
							],
							[
								-2.869167,
								53.28986
							],
							[
								-2.870833,
								53.28986
							],
							[
								-2.870833,
								53.289585
							],
							[
								-2.871389,
								53.289585
							],
							[
								-2.871389,
								53.289307
							],
							[
								-2.875834,
								53.289307
							],
							[
								-2.875834,
								53.289028
							],
							[
								-2.87639,
								53.289028
							],
							[
								-2.87639,
								53.289307
							],
							[
								-2.878056,
								53.289307
							],
							[
								-2.878056,
								53.289585
							],
							[
								-2.878612,
								53.289585
							],
							[
								-2.878612,
								53.28986
							],
							[
								-2.879168,
								53.28986
							],
							[
								-2.879168,
								53.290138
							],
							[
								-2.879722,
								53.290138
							],
							[
								-2.879722,
								53.290417
							],
							[
								-2.880834,
								53.290417
							],
							[
								-2.880834,
								53.290138
							],
							[
								-2.881944,
								53.290138
							],
							[
								-2.881944,
								53.290417
							],
							[
								-2.8825,
								53.290417
							],
							[
								-2.8825,
								53.290695
							],
							[
								-2.883056,
								53.290695
							],
							[
								-2.883056,
								53.290974
							],
							[
								-2.884166,
								53.290974
							],
							[
								-2.884166,
								53.291248
							],
							[
								-2.884722,
								53.291248
							],
							[
								-2.884722,
								53.291527
							],
							[
								-2.885278,
								53.291527
							],
							[
								-2.885278,
								53.291805
							],
							[
								-2.885834,
								53.291805
							],
							[
								-2.885834,
								53.292084
							],
							[
								-2.886944,
								53.292084
							],
							[
								-2.886944,
								53.292362
							],
							[
								-2.8875,
								53.292362
							],
							[
								-2.8875,
								53.292915
							],
							[
								-2.88861,
								53.292915
							],
							[
								-2.88861,
								53.293194
							],
							[
								-2.889723,
								53.293194
							],
							[
								-2.889723,
								53.293472
							],
							[
								-2.890279,
								53.293472
							],
							[
								-2.890279,
								53.294029
							],
							[
								-2.890833,
								53.294029
							],
							[
								-2.890833,
								53.294582
							],
							[
								-2.891389,
								53.294582
							],
							[
								-2.891389,
								53.295418
							],
							[
								-2.891945,
								53.295418
							],
							[
								-2.891945,
								53.295696
							],
							[
								-2.892501,
								53.295696
							],
							[
								-2.892501,
								53.295971
							],
							[
								-2.893055,
								53.295971
							],
							[
								-2.893055,
								53.296528
							],
							[
								-2.893611,
								53.296528
							],
							[
								-2.893611,
								53.296806
							],
							[
								-2.894167,
								53.296806
							],
							[
								-2.894167,
								53.297085
							],
							[
								-2.894723,
								53.297085
							],
							[
								-2.894723,
								53.297359
							],
							[
								-2.895277,
								53.297359
							],
							[
								-2.895277,
								53.297638
							],
							[
								-2.895833,
								53.297638
							],
							[
								-2.895833,
								53.297916
							],
							[
								-2.896389,
								53.297916
							],
							[
								-2.896389,
								53.298195
							],
							[
								-2.896945,
								53.298195
							],
							[
								-2.896945,
								53.298473
							],
							[
								-2.897499,
								53.298473
							],
							[
								-2.897499,
								53.298752
							],
							[
								-2.898055,
								53.298752
							],
							[
								-2.898055,
								53.299026
							],
							[
								-2.898611,
								53.299026
							],
							[
								-2.898611,
								53.299305
							],
							[
								-2.899167,
								53.299305
							],
							[
								-2.899167,
								53.299583
							],
							[
								-2.899723,
								53.299583
							],
							[
								-2.899723,
								53.299862
							],
							[
								-2.900277,
								53.299862
							],
							[
								-2.900277,
								53.30014
							],
							[
								-2.900833,
								53.30014
							],
							[
								-2.900833,
								53.300694
							],
							[
								-2.901389,
								53.300694
							],
							[
								-2.901389,
								53.300972
							],
							[
								-2.901943,
								53.300972
							],
							[
								-2.901943,
								53.30125
							],
							[
								-2.902499,
								53.30125
							],
							[
								-2.902499,
								53.301529
							],
							[
								-2.905834,
								53.301529
							],
							[
								-2.905834,
								53.301807
							],
							[
								-2.90639,
								53.301807
							],
							[
								-2.90639,
								53.302639
							],
							[
								-2.906944,
								53.302639
							],
							[
								-2.906944,
								53.303196
							],
							[
								-2.9075,
								53.303196
							],
							[
								-2.9075,
								53.303471
							],
							[
								-2.908612,
								53.303471
							],
							[
								-2.908612,
								53.303749
							],
							[
								-2.909166,
								53.303749
							],
							[
								-2.909166,
								53.304585
							],
							[
								-2.909722,
								53.304585
							],
							[
								-2.909722,
								53.304863
							],
							[
								-2.910278,
								53.304863
							],
							[
								-2.910278,
								53.305138
							],
							[
								-2.910834,
								53.305138
							],
							[
								-2.910834,
								53.305416
							],
							[
								-2.911944,
								53.305416
							],
							[
								-2.911944,
								53.305695
							],
							[
								-2.9125,
								53.305695
							],
							[
								-2.9125,
								53.305973
							],
							[
								-2.91361,
								53.305973
							],
							[
								-2.91361,
								53.305695
							],
							[
								-2.914722,
								53.305695
							],
							[
								-2.914722,
								53.305416
							],
							[
								-2.915832,
								53.305416
							],
							[
								-2.915832,
								53.305695
							],
							[
								-2.916945,
								53.305695
							],
							[
								-2.916945,
								53.305973
							],
							[
								-2.917501,
								53.305973
							],
							[
								-2.917501,
								53.306252
							],
							[
								-2.919167,
								53.306252
							],
							[
								-2.919167,
								53.305973
							],
							[
								-2.920279,
								53.305973
							],
							[
								-2.920279,
								53.305695
							],
							[
								-2.922499,
								53.305695
							],
							[
								-2.922501,
								53.305973
							],
							[
								-2.923611,
								53.305973
							],
							[
								-2.923611,
								53.306252
							],
							[
								-2.924167,
								53.306252
							],
							[
								-2.924167,
								53.306526
							],
							[
								-2.924723,
								53.306526
							],
							[
								-2.924723,
								53.306805
							],
							[
								-2.92499,
								53.306805
							],
							[
								-2.928295,
								53.302158
							],
							[
								-2.935,
								53.293049
							],
							[
								-2.944998,
								53.28944
							],
							[
								-2.974445,
								53.296661
							],
							[
								-3.025279,
								53.29361
							],
							[
								-3.066668,
								53.30555
							],
							[
								-3.098213,
								53.285759
							],
							[
								-3.099166,
								53.285759
							],
							[
								-3.099722,
								53.285694
							],
							[
								-3.099722,
								53.285416
							],
							[
								-3.100278,
								53.285416
							],
							[
								-3.100278,
								53.284863
							],
							[
								-3.1025,
								53.284863
							],
							[
								-3.1025,
								53.284306
							],
							[
								-3.104166,
								53.284306
							],
							[
								-3.104166,
								53.284584
							],
							[
								-3.105279,
								53.284584
							],
							[
								-3.105279,
								53.284008
							],
							[
								-3.105279,
								53.283749
							],
							[
								-3.105203,
								53.283749
							],
							[
								-3.104723,
								53.283749
							],
							[
								-3.104723,
								53.283195
							],
							[
								-3.10361,
								53.283195
							],
							[
								-3.10361,
								53.282917
							],
							[
								-3.103057,
								53.282917
							],
							[
								-3.103057,
								53.282722
							],
							[
								-3.103057,
								53.282639
							],
							[
								-3.101388,
								53.282639
							],
							[
								-3.101388,
								53.28236
							],
							[
								-3.100834,
								53.28236
							],
							[
								-3.100832,
								53.282082
							],
							[
								-3.100278,
								53.282082
							],
							[
								-3.100278,
								53.281807
							],
							[
								-3.099722,
								53.281807
							],
							[
								-3.099722,
								53.281528
							],
							[
								-3.098056,
								53.281528
							],
							[
								-3.098056,
								53.281807
							],
							[
								-3.09639,
								53.281807
							],
							[
								-3.096388,
								53.282082
							],
							[
								-3.095834,
								53.282082
							],
							[
								-3.095834,
								53.282917
							],
							[
								-3.095278,
								53.282917
							],
							[
								-3.095278,
								53.283195
							],
							[
								-3.094722,
								53.283195
							],
							[
								-3.094722,
								53.283749
							],
							[
								-3.09139,
								53.283749
							],
							[
								-3.09139,
								53.284027
							],
							[
								-3.090277,
								53.284027
							],
							[
								-3.090277,
								53.284306
							],
							[
								-3.088611,
								53.284306
							],
							[
								-3.088611,
								53.283749
							],
							[
								-3.089167,
								53.283749
							],
							[
								-3.089167,
								53.282639
							],
							[
								-3.090277,
								53.282639
							],
							[
								-3.090277,
								53.282917
							],
							[
								-3.090834,
								53.282917
							],
							[
								-3.090834,
								53.282639
							],
							[
								-3.09139,
								53.282639
							],
							[
								-3.09139,
								53.28236
							],
							[
								-3.093612,
								53.28236
							],
							[
								-3.093612,
								53.282082
							],
							[
								-3.094166,
								53.282082
							],
							[
								-3.094166,
								53.28125
							],
							[
								-3.093612,
								53.28125
							],
							[
								-3.093612,
								53.280972
							],
							[
								-3.093056,
								53.280972
							],
							[
								-3.093056,
								53.280418
							],
							[
								-3.093612,
								53.280418
							],
							[
								-3.093612,
								53.279861
							],
							[
								-3.094166,
								53.279861
							],
							[
								-3.094166,
								53.279026
							],
							[
								-3.093612,
								53.279026
							],
							[
								-3.093612,
								53.279305
							],
							[
								-3.093056,
								53.279305
							],
							[
								-3.093056,
								53.279583
							],
							[
								-3.0925,
								53.279583
							],
							[
								-3.0925,
								53.279861
							],
							[
								-3.090277,
								53.279861
							],
							[
								-3.090277,
								53.28014
							],
							[
								-3.088611,
								53.28014
							],
							[
								-3.088611,
								53.279861
							],
							[
								-3.088055,
								53.279861
							],
							[
								-3.088055,
								53.279583
							],
							[
								-3.085277,
								53.279583
							],
							[
								-3.085277,
								53.279305
							],
							[
								-3.079167,
								53.279305
							],
							[
								-3.079167,
								53.279026
							],
							[
								-3.078057,
								53.279026
							],
							[
								-3.078057,
								53.279305
							],
							[
								-3.077501,
								53.279305
							],
							[
								-3.077501,
								53.279583
							],
							[
								-3.076944,
								53.279583
							],
							[
								-3.076944,
								53.279861
							],
							[
								-3.075278,
								53.279861
							],
							[
								-3.075278,
								53.279583
							],
							[
								-3.074166,
								53.279583
							],
							[
								-3.074166,
								53.278751
							],
							[
								-3.075278,
								53.278751
							],
							[
								-3.075278,
								53.279026
							],
							[
								-3.076388,
								53.279026
							],
							[
								-3.076388,
								53.278751
							],
							[
								-3.076944,
								53.278751
							],
							[
								-3.076944,
								53.278473
							],
							[
								-3.080277,
								53.278473
							],
							[
								-3.080277,
								53.278194
							],
							[
								-3.083611,
								53.278194
							],
							[
								-3.083611,
								53.277916
							],
							[
								-3.085277,
								53.277916
							],
							[
								-3.085277,
								53.278194
							],
							[
								-3.085833,
								53.278194
							],
							[
								-3.085833,
								53.278473
							],
							[
								-3.086389,
								53.278473
							],
							[
								-3.086389,
								53.278751
							],
							[
								-3.087499,
								53.278751
							],
							[
								-3.087499,
								53.278473
							],
							[
								-3.088055,
								53.278473
							],
							[
								-3.088055,
								53.277916
							],
							[
								-3.088611,
								53.277916
							],
							[
								-3.088611,
								53.276527
							],
							[
								-3.089167,
								53.276527
							],
							[
								-3.089167,
								53.275417
							],
							[
								-3.088611,
								53.275417
							],
							[
								-3.088611,
								53.275696
							],
							[
								-3.087499,
								53.275696
							],
							[
								-3.087499,
								53.27486
							],
							[
								-3.088055,
								53.27486
							],
							[
								-3.088055,
								53.274582
							],
							[
								-3.089325,
								53.274582
							],
							[
								-3.089721,
								53.274582
							],
							[
								-3.089721,
								53.274769
							],
							[
								-3.089721,
								53.27486
							],
							[
								-3.08992,
								53.27486
							],
							[
								-3.090277,
								53.27486
							],
							[
								-3.090277,
								53.275028
							],
							[
								-3.090277,
								53.275417
							],
							[
								-3.090834,
								53.275417
							],
							[
								-3.090834,
								53.275696
							],
							[
								-3.091706,
								53.275696
							],
							[
								-3.091943,
								53.275696
							],
							[
								-3.091943,
								53.275806
							],
							[
								-3.091943,
								53.27597
							],
							[
								-3.092294,
								53.27597
							],
							[
								-3.0925,
								53.27597
							],
							[
								-3.0925,
								53.276066
							],
							[
								-3.0925,
								53.276527
							],
							[
								-3.093056,
								53.276527
							],
							[
								-3.093056,
								53.276806
							],
							[
								-3.094079,
								53.276806
							],
							[
								-3.094722,
								53.276806
							],
							[
								-3.094722,
								53.277084
							],
							[
								-3.095834,
								53.277084
							],
							[
								-3.095834,
								53.276806
							],
							[
								-3.096388,
								53.276806
							],
							[
								-3.096388,
								53.276527
							],
							[
								-3.096944,
								53.276527
							],
							[
								-3.096944,
								53.276249
							],
							[
								-3.0975,
								53.276249
							],
							[
								-3.0975,
								53.275417
							],
							[
								-3.098612,
								53.275417
							],
							[
								-3.098612,
								53.275139
							],
							[
								-3.099166,
								53.275139
							],
							[
								-3.099166,
								53.27486
							],
							[
								-3.099722,
								53.27486
							],
							[
								-3.099722,
								53.274582
							],
							[
								-3.100278,
								53.274582
							],
							[
								-3.100278,
								53.274307
							],
							[
								-3.100832,
								53.274307
							],
							[
								-3.100832,
								53.274029
							],
							[
								-3.099722,
								53.274029
							],
							[
								-3.099722,
								53.27375
							],
							[
								-3.099166,
								53.27375
							],
							[
								-3.099166,
								53.273472
							],
							[
								-3.098612,
								53.273472
							],
							[
								-3.098612,
								53.27375
							],
							[
								-3.098056,
								53.27375
							],
							[
								-3.098056,
								53.274029
							],
							[
								-3.096388,
								53.274029
							],
							[
								-3.096388,
								53.27375
							],
							[
								-3.094722,
								53.27375
							],
							[
								-3.094722,
								53.273472
							],
							[
								-3.094166,
								53.273472
							],
							[
								-3.094166,
								53.273193
							],
							[
								-3.093612,
								53.273193
							],
							[
								-3.093612,
								53.272915
							],
							[
								-3.093056,
								53.272915
							],
							[
								-3.093056,
								53.27264
							],
							[
								-3.091943,
								53.27264
							],
							[
								-3.091943,
								53.272362
							],
							[
								-3.088611,
								53.272362
							],
							[
								-3.088611,
								53.27264
							],
							[
								-3.086945,
								53.27264
							],
							[
								-3.086945,
								53.272083
							],
							[
								-3.087499,
								53.272083
							],
							[
								-3.087499,
								53.271805
							],
							[
								-3.090277,
								53.271805
							],
							[
								-3.090277,
								53.271526
							],
							[
								-3.093056,
								53.271526
							],
							[
								-3.093056,
								53.270973
							],
							[
								-3.0925,
								53.270973
							],
							[
								-3.0925,
								53.270138
							],
							[
								-3.091943,
								53.270138
							],
							[
								-3.091943,
								53.269306
							],
							[
								-3.093056,
								53.269306
							],
							[
								-3.093056,
								53.269859
							],
							[
								-3.093612,
								53.269859
							],
							[
								-3.093612,
								53.270695
							],
							[
								-3.094166,
								53.270695
							],
							[
								-3.094166,
								53.271252
							],
							[
								-3.0975,
								53.271252
							],
							[
								-3.0975,
								53.270973
							],
							[
								-3.103057,
								53.270973
							],
							[
								-3.103057,
								53.269306
							],
							[
								-3.1025,
								53.269306
							],
							[
								-3.1025,
								53.266804
							],
							[
								-3.101944,
								53.266804
							],
							[
								-3.101944,
								53.265141
							],
							[
								-3.101388,
								53.265141
							],
							[
								-3.101388,
								53.263748
							],
							[
								-3.100834,
								53.263748
							],
							[
								-3.100832,
								53.263195
							],
							[
								-3.100278,
								53.263195
							],
							[
								-3.100278,
								53.262638
							],
							[
								-3.098612,
								53.262638
							],
							[
								-3.098612,
								53.261528
							],
							[
								-3.098056,
								53.261528
							],
							[
								-3.098056,
								53.260971
							],
							[
								-3.0975,
								53.260971
							],
							[
								-3.0975,
								53.260693
							],
							[
								-3.096944,
								53.260693
							],
							[
								-3.096944,
								53.260418
							],
							[
								-3.096388,
								53.260418
							],
							[
								-3.096388,
								53.259861
							],
							[
								-3.095834,
								53.259861
							],
							[
								-3.095834,
								53.259304
							],
							[
								-3.095278,
								53.259304
							],
							[
								-3.095278,
								53.258194
							],
							[
								-3.094722,
								53.258194
							],
							[
								-3.094722,
								53.258751
							],
							[
								-3.094166,
								53.258751
							],
							[
								-3.094166,
								53.259029
							],
							[
								-3.093612,
								53.259029
							],
							[
								-3.093612,
								53.259304
							],
							[
								-3.093056,
								53.259304
							],
							[
								-3.093056,
								53.259583
							],
							[
								-3.091943,
								53.259583
							],
							[
								-3.091943,
								53.258751
							],
							[
								-3.0925,
								53.258751
							],
							[
								-3.0925,
								53.258472
							],
							[
								-3.093056,
								53.258472
							],
							[
								-3.093056,
								53.258194
							],
							[
								-3.093612,
								53.258194
							],
							[
								-3.093612,
								53.257915
							],
							[
								-3.093056,
								53.257915
							],
							[
								-3.093056,
								53.257084
							],
							[
								-3.0925,
								53.257084
							],
							[
								-3.0925,
								53.256721
							],
							[
								-3.088598,
								53.26001
							],
							[
								-3.081111,
								53.250549
							],
							[
								-3.037221,
								53.25111
							],
							[
								-3.001389,
								53.239441
							],
							[
								-2.955277,
								53.215549
							],
							[
								-2.9125,
								53.18639
							],
							[
								-2.909168,
								53.171391
							],
							[
								-2.9575,
								53.151661
							],
							[
								-2.959168,
								53.147221
							],
							[
								-2.956809,
								53.144672
							],
							[
								-2.938334,
								53.124722
							],
							[
								-2.893889,
								53.10416
							],
							[
								-2.895487,
								53.10075
							],
							[
								-2.864376,
								53.0536
							],
							[
								-2.856946,
								53.03249
							],
							[
								-2.86047,
								53.021931
							],
							[
								-2.8275,
								53.00222
							],
							[
								-2.812777,
								52.984161
							],
							[
								-2.774446,
								52.984989
							],
							[
								-2.72774,
								52.96661
							],
							[
								-2.622777,
								52.985828
							],
							[
								-2.589446,
								52.97694
							],
							[
								-2.57778,
								52.953609
							],
							[
								-2.558056,
								52.956379
							],
							[
								-2.527224,
								52.94722
							],
							[
								-2.512779,
								52.961658
							],
							[
								-2.478888,
								52.954159
							],
							[
								-2.449446,
								52.95694
							],
							[
								-2.430835,
								52.965
							],
							[
								-2.42361,
								52.978611
							],
							[
								-2.378781,
								52.989609
							],
							[
								-2.36639,
								53.000271
							],
							[
								-2.373888,
								53.03722
							],
							[
								-2.365834,
								53.052219
							],
							[
								-2.335558,
								53.05611
							],
							[
								-2.305557,
								53.079159
							],
							[
								-2.272223,
								53.077499
							],
							[
								-2.246389,
								53.083889
							],
							[
								-2.243597,
								53.085892
							],
							[
								-2.204911,
								53.113667
							],
							[
								-2.157778,
								53.147499
							],
							[
								-2.134722,
								53.15028
							],
							[
								-2.130834,
								53.15778
							],
							[
								-2.140001,
								53.169998
							],
							[
								-2.138057,
								53.173882
							],
							[
								-2.125,
								53.174999
							],
							[
								-2.101666,
								53.165829
							],
							[
								-2.068333,
								53.165829
							],
							[
								-2.030555,
								53.184719
							],
							[
								-2.005557,
								53.1861
							],
							[
								-1.976849,
								53.207371
							]
						]
					]
				]
			}
		}
	]
}