{
	"type": "FeatureCollection",
	"features": [
		{
			"type": "Feature",
			"properties": {
				"locationID": "cou001",
				"Location/feature name (incl. historical names)": "Copiah County",
				"Geometry type": "polygon",
				"Geography type": "county",
				"Country": "USA",
				"Region": "",
				"State/Province": "Mississippi",
				"County": "Copiah",
				"City": "",
				"Neighborhood (incl. boroughs)": "",
				"Street address": "",
				"Notes": "",
				"Source": "",
				"songs": [
					{
						"title": "Clean Slate",
						"album": "Jenny from Thebes",
						"albums": [
							"Jenny from Thebes"
						],
						"lyric": "\"Breakaway republic dude, supremely filthy mouth / Copiah, Mississippi; points much further south\""
					}
				]
			},
			"geometry": {
				"type": "MultiPolygon",
				"coordinates": [
					[
						[
							[
								-90.13834,
								31.87532
							],
							[
								-90.13829,
								31.87516
							],
							[
								-90.13829,
								31.87514
							],
							[
								-90.13813,
								31.87461
							],
							[
								-90.13808,
								31.87443
							],
							[
								-90.138,
								31.87418
							],
							[
								-90.13791,
								31.87393
							],
							[
								-90.13777,
								31.87349
							],
							[
								-90.13744,
								31.87252
							],
							[
								-90.13727,
								31.87198
							],
							[
								-90.13721,
								31.87178
							],
							[
								-90.13715,
								31.87158
							],
							[
								-90.1371,
								31.87143
							],
							[
								-90.13705,
								31.87128
							],
							[
								-90.13689,
								31.87077
							],
							[
								-90.13689,
								31.87066
							],
							[
								-90.13689,
								31.86967
							],
							[
								-90.13689,
								31.86848
							],
							[
								-90.13697,
								31.86722
							],
							[
								-90.13699,
								31.86703
							],
							[
								-90.13708,
								31.86657
							],
							[
								-90.13712,
								31.86639
							],
							[
								-90.1373,
								31.86548
							],
							[
								-90.13721,
								31.86486
							],
							[
								-90.13719,
								31.8647
							],
							[
								-90.13717,
								31.86453
							],
							[
								-90.13714,
								31.86431
							],
							[
								-90.1367,
								31.86351
							],
							[
								-90.13627,
								31.86271
							],
							[
								-90.13621,
								31.8626
							],
							[
								-90.13614,
								31.86253
							],
							[
								-90.13573,
								31.86209
							],
							[
								-90.13532,
								31.86166
							],
							[
								-90.13519,
								31.86152
							],
							[
								-90.13487,
								31.86128
							],
							[
								-90.13454,
								31.86104
							],
							[
								-90.13449,
								31.861
							],
							[
								-90.13422,
								31.8608
							],
							[
								-90.13368,
								31.86041
							],
							[
								-90.13315,
								31.86002
							],
							[
								-90.13302,
								31.85993
							],
							[
								-90.13298,
								31.85986
							],
							[
								-90.13237,
								31.85904
							],
							[
								-90.13201,
								31.8583
							],
							[
								-90.13209,
								31.85754
							],
							[
								-90.13243,
								31.85709
							],
							[
								-90.13255,
								31.85692
							],
							[
								-90.13446,
								31.8558
							],
							[
								-90.13578,
								31.85505
							],
							[
								-90.13633,
								31.85441
							],
							[
								-90.13642,
								31.8543
							],
							[
								-90.1364,
								31.85378
							],
							[
								-90.13637,
								31.85314
							],
							[
								-90.13645,
								31.85271
							],
							[
								-90.13664,
								31.85175
							],
							[
								-90.13649,
								31.85027
							],
							[
								-90.13648,
								31.85014
							],
							[
								-90.13647,
								31.85002
							],
							[
								-90.13646,
								31.84995
							],
							[
								-90.13662,
								31.84981
							],
							[
								-90.13727,
								31.84922
							],
							[
								-90.13816,
								31.84862
							],
							[
								-90.13891,
								31.8481
							],
							[
								-90.13981,
								31.84788
							],
							[
								-90.14103,
								31.84758
							],
							[
								-90.14118,
								31.84753
							],
							[
								-90.14348,
								31.84674
							],
							[
								-90.1436,
								31.84672
							],
							[
								-90.14424,
								31.8466
							],
							[
								-90.14487,
								31.84649
							],
							[
								-90.14733,
								31.84603
							],
							[
								-90.14814,
								31.84579
							],
							[
								-90.1492,
								31.84547
							],
							[
								-90.15003,
								31.84504
							],
							[
								-90.1501,
								31.845
							],
							[
								-90.15035,
								31.84487
							],
							[
								-90.15211,
								31.84472
							],
							[
								-90.15329,
								31.84482
							],
							[
								-90.15507,
								31.84516
							],
							[
								-90.15678,
								31.84542
							],
							[
								-90.15828,
								31.84554
							],
							[
								-90.15894,
								31.84546
							],
							[
								-90.1591,
								31.84504
							],
							[
								-90.15918,
								31.84484
							],
							[
								-90.15918,
								31.84482
							],
							[
								-90.15917,
								31.84474
							],
							[
								-90.15895,
								31.84406
							],
							[
								-90.15893,
								31.84337
							],
							[
								-90.15892,
								31.84318
							],
							[
								-90.1588,
								31.84299
							],
							[
								-90.1582,
								31.84207
							],
							[
								-90.15625,
								31.84094
							],
							[
								-90.15596,
								31.8407
							],
							[
								-90.15542,
								31.84024
							],
							[
								-90.15407,
								31.83911
							],
							[
								-90.15182,
								31.83734
							],
							[
								-90.15171,
								31.83726
							],
							[
								-90.14958,
								31.83562
							],
							[
								-90.14875,
								31.83498
							],
							[
								-90.14787,
								31.83428
							],
							[
								-90.14697,
								31.83346
							],
							[
								-90.1459,
								31.83099
							],
							[
								-90.14465,
								31.82993
							],
							[
								-90.14461,
								31.82992
							],
							[
								-90.14411,
								31.82985
							],
							[
								-90.14392,
								31.82983
							],
							[
								-90.14361,
								31.82979
							],
							[
								-90.14355,
								31.82978
							],
							[
								-90.14271,
								31.83003
							],
							[
								-90.14104,
								31.83136
							],
							[
								-90.1391,
								31.83231
							],
							[
								-90.13854,
								31.83256
							],
							[
								-90.13799,
								31.83281
							],
							[
								-90.13791,
								31.83284
							],
							[
								-90.13786,
								31.83284
							],
							[
								-90.13733,
								31.83282
							],
							[
								-90.1368,
								31.83279
							],
							[
								-90.13641,
								31.83277
							],
							[
								-90.13509,
								31.83222
							],
							[
								-90.13405,
								31.83159
							],
							[
								-90.13343,
								31.83121
							],
							[
								-90.13282,
								31.83084
							],
							[
								-90.13102,
								31.82975
							],
							[
								-90.12826,
								31.82747
							],
							[
								-90.12729,
								31.82562
							],
							[
								-90.12732,
								31.82538
							],
							[
								-90.12737,
								31.82497
							],
							[
								-90.12779,
								31.82386
							],
							[
								-90.12807,
								31.82328
							],
							[
								-90.12824,
								31.82295
							],
							[
								-90.1286,
								31.82287
							],
							[
								-90.12913,
								31.82275
							],
							[
								-90.12932,
								31.82266
							],
							[
								-90.12946,
								31.82259
							],
							[
								-90.12961,
								31.82253
							],
							[
								-90.12964,
								31.82251
							],
							[
								-90.12972,
								31.82279
							],
							[
								-90.13059,
								31.82422
							],
							[
								-90.13165,
								31.82574
							],
							[
								-90.13267,
								31.82678
							],
							[
								-90.13396,
								31.82729
							],
							[
								-90.13477,
								31.82739
							],
							[
								-90.13597,
								31.82708
							],
							[
								-90.13694,
								31.82602
							],
							[
								-90.13757,
								31.82465
							],
							[
								-90.13759,
								31.82396
							],
							[
								-90.1376,
								31.82376
							],
							[
								-90.13738,
								31.82341
							],
							[
								-90.1362,
								31.82152
							],
							[
								-90.13585,
								31.82029
							],
							[
								-90.13582,
								31.82021
							],
							[
								-90.13584,
								31.82011
							],
							[
								-90.13602,
								31.81897
							],
							[
								-90.13646,
								31.81849
							],
							[
								-90.13715,
								31.81773
							],
							[
								-90.13849,
								31.81691
							],
							[
								-90.14019,
								31.815
							],
							[
								-90.1411,
								31.81405
							],
							[
								-90.14227,
								31.81282
							],
							[
								-90.14301,
								31.81223
							],
							[
								-90.14422,
								31.81125
							],
							[
								-90.1444,
								31.81113
							],
							[
								-90.14518,
								31.81059
							],
							[
								-90.14596,
								31.81004
							],
							[
								-90.14644,
								31.80971
							],
							[
								-90.14871,
								31.80784
							],
							[
								-90.14949,
								31.80659
							],
							[
								-90.14976,
								31.80616
							],
							[
								-90.15005,
								31.8044
							],
							[
								-90.15007,
								31.80428
							],
							[
								-90.15023,
								31.80398
							],
							[
								-90.15027,
								31.8039
							],
							[
								-90.15066,
								31.80313
							],
							[
								-90.15067,
								31.80299
							],
							[
								-90.15074,
								31.80247
							],
							[
								-90.15081,
								31.80197
							],
							[
								-90.15094,
								31.80095
							],
							[
								-90.15095,
								31.80085
							],
							[
								-90.15074,
								31.8
							],
							[
								-90.1507,
								31.79987
							],
							[
								-90.15063,
								31.79982
							],
							[
								-90.14875,
								31.7984
							],
							[
								-90.14792,
								31.79732
							],
							[
								-90.14751,
								31.79679
							],
							[
								-90.14722,
								31.7966
							],
							[
								-90.14537,
								31.7954
							],
							[
								-90.145,
								31.79511
							],
							[
								-90.14394,
								31.79428
							],
							[
								-90.14319,
								31.79309
							],
							[
								-90.14231,
								31.79147
							],
							[
								-90.14222,
								31.79134
							],
							[
								-90.14208,
								31.79116
							],
							[
								-90.14195,
								31.79097
							],
							[
								-90.14141,
								31.79024
							],
							[
								-90.14087,
								31.78951
							],
							[
								-90.14076,
								31.78935
							],
							[
								-90.14066,
								31.78933
							],
							[
								-90.13905,
								31.78891
							],
							[
								-90.13739,
								31.78884
							],
							[
								-90.13733,
								31.78883
							],
							[
								-90.13538,
								31.78894
							],
							[
								-90.13501,
								31.78896
							],
							[
								-90.13245,
								31.7891
							],
							[
								-90.12833,
								31.78894
							],
							[
								-90.12508,
								31.7891
							],
							[
								-90.12445,
								31.78912
							],
							[
								-90.1235,
								31.78914
							],
							[
								-90.12322,
								31.78919
							],
							[
								-90.12171,
								31.78945
							],
							[
								-90.11998,
								31.78979
							],
							[
								-90.11947,
								31.78989
							],
							[
								-90.11796,
								31.79033
							],
							[
								-90.11673,
								31.79083
							],
							[
								-90.11543,
								31.79124
							],
							[
								-90.11529,
								31.79126
							],
							[
								-90.11472,
								31.79132
							],
							[
								-90.11416,
								31.79138
							],
							[
								-90.11371,
								31.79143
							],
							[
								-90.11251,
								31.79127
							],
							[
								-90.11208,
								31.79098
							],
							[
								-90.11153,
								31.79062
							],
							[
								-90.1114,
								31.79029
							],
							[
								-90.11133,
								31.79011
							],
							[
								-90.11125,
								31.78993
							],
							[
								-90.11098,
								31.78927
							],
							[
								-90.11083,
								31.78796
							],
							[
								-90.11078,
								31.78631
							],
							[
								-90.11068,
								31.78477
							],
							[
								-90.11054,
								31.7835
							],
							[
								-90.11054,
								31.78348
							],
							[
								-90.11054,
								31.78344
							],
							[
								-90.11054,
								31.78343
							],
							[
								-90.11022,
								31.78251
							],
							[
								-90.10965,
								31.7817
							],
							[
								-90.10952,
								31.78151
							],
							[
								-90.10883,
								31.78064
							],
							[
								-90.1087,
								31.78053
							],
							[
								-90.10813,
								31.7801
							],
							[
								-90.10762,
								31.77952
							],
							[
								-90.10745,
								31.77878
							],
							[
								-90.10749,
								31.77769
							],
							[
								-90.10793,
								31.77676
							],
							[
								-90.10818,
								31.77624
							],
							[
								-90.10904,
								31.77515
							],
							[
								-90.10912,
								31.77509
							],
							[
								-90.10919,
								31.77502
							],
							[
								-90.10943,
								31.77482
							],
							[
								-90.10967,
								31.77461
							],
							[
								-90.11017,
								31.77418
							],
							[
								-90.11085,
								31.7735
							],
							[
								-90.11088,
								31.77347
							],
							[
								-90.11132,
								31.77288
							],
							[
								-90.11168,
								31.77215
							],
							[
								-90.11204,
								31.77123
							],
							[
								-90.1125,
								31.7697
							],
							[
								-90.1132,
								31.769
							],
							[
								-90.11411,
								31.76825
							],
							[
								-90.11475,
								31.76809
							],
							[
								-90.11509,
								31.76801
							],
							[
								-90.1152,
								31.76798
							],
							[
								-90.11565,
								31.76787
							],
							[
								-90.11591,
								31.76781
							],
							[
								-90.11622,
								31.76779
							],
							[
								-90.11662,
								31.76776
							],
							[
								-90.11702,
								31.76773
							],
							[
								-90.11715,
								31.76772
							],
							[
								-90.11729,
								31.76771
							],
							[
								-90.1174,
								31.7677
							],
							[
								-90.11751,
								31.76769
							],
							[
								-90.11877,
								31.76772
							],
							[
								-90.11975,
								31.76805
							],
							[
								-90.12019,
								31.76888
							],
							[
								-90.12045,
								31.76974
							],
							[
								-90.12041,
								31.77121
							],
							[
								-90.12032,
								31.77227
							],
							[
								-90.12062,
								31.7733
							],
							[
								-90.1207,
								31.77359
							],
							[
								-90.12113,
								31.7742
							],
							[
								-90.12166,
								31.77475
							],
							[
								-90.12219,
								31.77491
							],
							[
								-90.12244,
								31.77498
							],
							[
								-90.12323,
								31.77497
							],
							[
								-90.12416,
								31.77431
							],
							[
								-90.12443,
								31.77367
							],
							[
								-90.12465,
								31.77302
							],
							[
								-90.12493,
								31.77264
							],
							[
								-90.12508,
								31.77244
							],
							[
								-90.12569,
								31.77143
							],
							[
								-90.12659,
								31.77067
							],
							[
								-90.12786,
								31.76984
							],
							[
								-90.12811,
								31.76967
							],
							[
								-90.12833,
								31.76931
							],
							[
								-90.12839,
								31.76921
							],
							[
								-90.12845,
								31.76911
							],
							[
								-90.12859,
								31.76887
							],
							[
								-90.12869,
								31.76871
							],
							[
								-90.12893,
								31.76831
							],
							[
								-90.12898,
								31.76821
							],
							[
								-90.12921,
								31.76719
							],
							[
								-90.1288,
								31.76592
							],
							[
								-90.12847,
								31.76561
							],
							[
								-90.12818,
								31.76535
							],
							[
								-90.12774,
								31.76475
							],
							[
								-90.12761,
								31.76457
							],
							[
								-90.12693,
								31.76397
							],
							[
								-90.12623,
								31.76339
							],
							[
								-90.12587,
								31.76285
							],
							[
								-90.12549,
								31.76236
							],
							[
								-90.12526,
								31.762
							],
							[
								-90.12508,
								31.76174
							],
							[
								-90.12468,
								31.76017
							],
							[
								-90.12451,
								31.75952
							],
							[
								-90.1243,
								31.75921
							],
							[
								-90.12408,
								31.75886
							],
							[
								-90.12327,
								31.75824
							],
							[
								-90.12255,
								31.75772
							],
							[
								-90.12213,
								31.75683
							],
							[
								-90.1218,
								31.75585
							],
							[
								-90.12169,
								31.7549
							],
							[
								-90.12192,
								31.7536
							],
							[
								-90.12256,
								31.75268
							],
							[
								-90.12267,
								31.75253
							],
							[
								-90.12285,
								31.75227
							],
							[
								-90.12299,
								31.75211
							],
							[
								-90.1231,
								31.75197
							],
							[
								-90.12323,
								31.75199
							],
							[
								-90.12336,
								31.75202
							],
							[
								-90.12383,
								31.7521
							],
							[
								-90.12387,
								31.75211
							],
							[
								-90.12507,
								31.75226
							],
							[
								-90.12638,
								31.75248
							],
							[
								-90.12647,
								31.75258
							],
							[
								-90.12836,
								31.75446
							],
							[
								-90.13127,
								31.75605
							],
							[
								-90.13374,
								31.75458
							],
							[
								-90.13494,
								31.75387
							],
							[
								-90.13595,
								31.75327
							],
							[
								-90.13754,
								31.75262
							],
							[
								-90.14096,
								31.75016
							],
							[
								-90.14279,
								31.7485
							],
							[
								-90.14308,
								31.74803
							],
							[
								-90.1436,
								31.74716
							],
							[
								-90.14727,
								31.74644
							],
							[
								-90.14777,
								31.74634
							],
							[
								-90.1479,
								31.74635
							],
							[
								-90.15447,
								31.74714
							],
							[
								-90.15687,
								31.74569
							],
							[
								-90.15968,
								31.7455
							],
							[
								-90.16122,
								31.74498
							],
							[
								-90.16371,
								31.74414
							],
							[
								-90.16628,
								31.74164
							],
							[
								-90.1664,
								31.74153
							],
							[
								-90.16641,
								31.74152
							],
							[
								-90.16644,
								31.74149
							],
							[
								-90.16738,
								31.74082
							],
							[
								-90.16771,
								31.74059
							],
							[
								-90.17133,
								31.73976
							],
							[
								-90.1726,
								31.73976
							],
							[
								-90.17307,
								31.73949
							],
							[
								-90.1732,
								31.73941
							],
							[
								-90.17338,
								31.73931
							],
							[
								-90.17705,
								31.73719
							],
							[
								-90.17788,
								31.73672
							],
							[
								-90.17803,
								31.73663
							],
							[
								-90.17823,
								31.73652
							],
							[
								-90.18127,
								31.73291
							],
							[
								-90.18343,
								31.73182
							],
							[
								-90.18414,
								31.73146
							],
							[
								-90.1869,
								31.7307
							],
							[
								-90.18884,
								31.73017
							],
							[
								-90.19174,
								31.72991
							],
							[
								-90.19293,
								31.72945
							],
							[
								-90.19388,
								31.72909
							],
							[
								-90.19542,
								31.72791
							],
							[
								-90.19831,
								31.72718
							],
							[
								-90.20356,
								31.72584
							],
							[
								-90.20601,
								31.72549
							],
							[
								-90.20655,
								31.72542
							],
							[
								-90.21044,
								31.72568
							],
							[
								-90.21077,
								31.72571
							],
							[
								-90.21143,
								31.72571
							],
							[
								-90.21411,
								31.72574
							],
							[
								-90.2144,
								31.72562
							],
							[
								-90.21533,
								31.72526
							],
							[
								-90.21768,
								31.72436
							],
							[
								-90.22068,
								31.72427
							],
							[
								-90.22097,
								31.72419
							],
							[
								-90.22118,
								31.72412
							],
							[
								-90.22407,
								31.72314
							],
							[
								-90.2261,
								31.72372
							],
							[
								-90.22792,
								31.72372
							],
							[
								-90.22992,
								31.72373
							],
							[
								-90.23028,
								31.72332
							],
							[
								-90.2325,
								31.72264
							],
							[
								-90.23333,
								31.72239
							],
							[
								-90.23488,
								31.72163
							],
							[
								-90.23506,
								31.72153
							],
							[
								-90.23662,
								31.72081
							],
							[
								-90.2388,
								31.72048
							],
							[
								-90.23998,
								31.71983
							],
							[
								-90.24074,
								31.71942
							],
							[
								-90.24216,
								31.71864
							],
							[
								-90.24279,
								31.71847
							],
							[
								-90.24389,
								31.71818
							],
							[
								-90.24519,
								31.71752
							],
							[
								-90.24577,
								31.71752
							],
							[
								-90.24615,
								31.71725
							],
							[
								-90.24732,
								31.71643
							],
							[
								-90.24744,
								31.7163
							],
							[
								-90.24804,
								31.71561
							],
							[
								-90.24806,
								31.71559
							],
							[
								-90.24823,
								31.71539
							],
							[
								-90.24827,
								31.71536
							],
							[
								-90.24847,
								31.71524
							],
							[
								-90.24905,
								31.71487
							],
							[
								-90.24917,
								31.7148
							],
							[
								-90.24932,
								31.71471
							],
							[
								-90.24946,
								31.71462
							],
							[
								-90.24989,
								31.71436
							],
							[
								-90.25003,
								31.71427
							],
							[
								-90.25006,
								31.71426
							],
							[
								-90.25009,
								31.71424
							],
							[
								-90.25009,
								31.71415
							],
							[
								-90.25012,
								31.71412
							],
							[
								-90.25054,
								31.71387
							],
							[
								-90.25068,
								31.71379
							],
							[
								-90.2508,
								31.71372
							],
							[
								-90.25084,
								31.71369
							],
							[
								-90.25132,
								31.71335
							],
							[
								-90.25147,
								31.71324
							],
							[
								-90.25266,
								31.71239
							],
							[
								-90.25282,
								31.71224
							],
							[
								-90.25494,
								31.71009
							],
							[
								-90.25604,
								31.70841
							],
							[
								-90.25696,
								31.70701
							],
							[
								-90.259,
								31.70392
							],
							[
								-90.26001,
								31.70408
							],
							[
								-90.26129,
								31.70429
							],
							[
								-90.26362,
								31.70391
							],
							[
								-90.26525,
								31.70434
							],
							[
								-90.26905,
								31.70452
							],
							[
								-90.2724,
								31.70422
							],
							[
								-90.2738,
								31.70332
							],
							[
								-90.27778,
								31.70077
							],
							[
								-90.27785,
								31.70073
							],
							[
								-90.27808,
								31.7006
							],
							[
								-90.27827,
								31.70052
							],
							[
								-90.27981,
								31.69992
							],
							[
								-90.27995,
								31.69986
							],
							[
								-90.28036,
								31.69987
							],
							[
								-90.28092,
								31.69986
							],
							[
								-90.28263,
								31.69986
							],
							[
								-90.2832,
								31.69986
							],
							[
								-90.28531,
								31.69986
							],
							[
								-90.29163,
								31.69986
							],
							[
								-90.29374,
								31.69986
							],
							[
								-90.29617,
								31.69992
							],
							[
								-90.29639,
								31.69993
							],
							[
								-90.30621,
								31.69998
							],
							[
								-90.30709,
								31.69998
							],
							[
								-90.30975,
								31.7
							],
							[
								-90.31064,
								31.7
							],
							[
								-90.31093,
								31.7
							],
							[
								-90.31178,
								31.70001
							],
							[
								-90.31206,
								31.70001
							],
							[
								-90.31209,
								31.70001
							],
							[
								-90.31218,
								31.70001
							],
							[
								-90.31221,
								31.70001
							],
							[
								-90.31492,
								31.70004
							],
							[
								-90.31561,
								31.70004
							],
							[
								-90.32187,
								31.7001
							],
							[
								-90.32582,
								31.70013
							],
							[
								-90.32922,
								31.70015
							],
							[
								-90.33023,
								31.70015
							],
							[
								-90.33327,
								31.70016
							],
							[
								-90.33428,
								31.70016
							],
							[
								-90.33586,
								31.70016
							],
							[
								-90.33831,
								31.70016
							],
							[
								-90.33846,
								31.70016
							],
							[
								-90.34371,
								31.70016
							],
							[
								-90.35038,
								31.70015
							],
							[
								-90.35362,
								31.70015
							],
							[
								-90.3544,
								31.70015
							],
							[
								-90.35521,
								31.70015
							],
							[
								-90.35745,
								31.70015
							],
							[
								-90.35765,
								31.70016
							],
							[
								-90.35846,
								31.70018
							],
							[
								-90.35876,
								31.70019
							],
							[
								-90.35912,
								31.7002
							],
							[
								-90.35963,
								31.7002
							],
							[
								-90.35965,
								31.7002
							],
							[
								-90.35995,
								31.7002
							],
							[
								-90.36236,
								31.70021
							],
							[
								-90.36763,
								31.70023
							],
							[
								-90.36962,
								31.70024
							],
							[
								-90.37204,
								31.70027
							],
							[
								-90.37208,
								31.70026
							],
							[
								-90.37282,
								31.70026
							],
							[
								-90.37393,
								31.70026
							],
							[
								-90.37498,
								31.70027
							],
							[
								-90.37511,
								31.70027
							],
							[
								-90.37523,
								31.70027
							],
							[
								-90.37588,
								31.70028
							],
							[
								-90.37636,
								31.70028
							],
							[
								-90.37655,
								31.70027
							],
							[
								-90.37668,
								31.70027
							],
							[
								-90.37731,
								31.70026
							],
							[
								-90.37857,
								31.70026
							],
							[
								-90.37919,
								31.70026
							],
							[
								-90.37924,
								31.70025
							],
							[
								-90.3793,
								31.70025
							],
							[
								-90.37935,
								31.70025
							],
							[
								-90.37937,
								31.70025
							],
							[
								-90.37967,
								31.70024
							],
							[
								-90.37969,
								31.70024
							],
							[
								-90.37977,
								31.70024
							],
							[
								-90.37984,
								31.70024
							],
							[
								-90.37993,
								31.70024
							],
							[
								-90.38002,
								31.70022
							],
							[
								-90.38008,
								31.70021
							],
							[
								-90.38007,
								31.70012
							],
							[
								-90.38006,
								31.69986
							],
							[
								-90.38005,
								31.69977
							],
							[
								-90.38004,
								31.69956
							],
							[
								-90.38002,
								31.69894
							],
							[
								-90.38001,
								31.69873
							],
							[
								-90.38001,
								31.69858
							],
							[
								-90.38,
								31.69832
							],
							[
								-90.37998,
								31.69783
							],
							[
								-90.37987,
								31.69512
							],
							[
								-90.37984,
								31.69421
							],
							[
								-90.3798,
								31.69323
							],
							[
								-90.37975,
								31.69198
							],
							[
								-90.37968,
								31.69029
							],
							[
								-90.37967,
								31.6898
							],
							[
								-90.37961,
								31.68931
							],
							[
								-90.37959,
								31.6892
							],
							[
								-90.37953,
								31.68792
							],
							[
								-90.37941,
								31.68519
							],
							[
								-90.38086,
								31.68517
							],
							[
								-90.38225,
								31.68515
							],
							[
								-90.38291,
								31.68515
							],
							[
								-90.38317,
								31.68515
							],
							[
								-90.38485,
								31.68515
							],
							[
								-90.38593,
								31.68516
							],
							[
								-90.38684,
								31.68516
							],
							[
								-90.3888,
								31.68517
							],
							[
								-90.39075,
								31.68518
							],
							[
								-90.39468,
								31.68521
							],
							[
								-90.39664,
								31.68522
							],
							[
								-90.39711,
								31.68522
							],
							[
								-90.39738,
								31.68522
							],
							[
								-90.39854,
								31.68523
							],
							[
								-90.39902,
								31.68523
							],
							[
								-90.39971,
								31.68524
							],
							[
								-90.4018,
								31.68525
							],
							[
								-90.4025,
								31.68526
							],
							[
								-90.40269,
								31.68526
							],
							[
								-90.40327,
								31.68526
							],
							[
								-90.40347,
								31.68527
							],
							[
								-90.40354,
								31.68527
							],
							[
								-90.40375,
								31.68527
							],
							[
								-90.40382,
								31.68527
							],
							[
								-90.40387,
								31.68527
							],
							[
								-90.40399,
								31.68527
							],
							[
								-90.404,
								31.68527
							],
							[
								-90.40405,
								31.68527
							],
							[
								-90.40412,
								31.68527
							],
							[
								-90.40432,
								31.68527
							],
							[
								-90.40439,
								31.68527
							],
							[
								-90.40524,
								31.68528
							],
							[
								-90.40781,
								31.6853
							],
							[
								-90.40857,
								31.68531
							],
							[
								-90.40866,
								31.68531
							],
							[
								-90.40875,
								31.68531
							],
							[
								-90.40892,
								31.68531
							],
							[
								-90.40908,
								31.68531
							],
							[
								-90.40927,
								31.68531
							],
							[
								-90.4097,
								31.68531
							],
							[
								-90.40996,
								31.68532
							],
							[
								-90.4107,
								31.68531
							],
							[
								-90.4129,
								31.68529
							],
							[
								-90.41364,
								31.68528
							],
							[
								-90.41379,
								31.6894
							],
							[
								-90.41412,
								31.69835
							],
							[
								-90.4142,
								31.70046
							],
							[
								-90.41527,
								31.70046
							],
							[
								-90.41552,
								31.70046
							],
							[
								-90.41943,
								31.70048
							],
							[
								-90.41965,
								31.70048
							],
							[
								-90.42328,
								31.7005
							],
							[
								-90.42819,
								31.70054
							],
							[
								-90.42828,
								31.70054
							],
							[
								-90.4342,
								31.70057
							],
							[
								-90.43783,
								31.7006
							],
							[
								-90.44061,
								31.70062
							],
							[
								-90.44719,
								31.70069
							],
							[
								-90.44727,
								31.69926
							],
							[
								-90.44757,
								31.69926
							],
							[
								-90.45034,
								31.69925
							],
							[
								-90.4505,
								31.69925
							],
							[
								-90.45096,
								31.69925
							],
							[
								-90.45112,
								31.69925
							],
							[
								-90.45118,
								31.69925
							],
							[
								-90.45137,
								31.69925
							],
							[
								-90.45144,
								31.69925
							],
							[
								-90.45152,
								31.69925
							],
							[
								-90.45197,
								31.69924
							],
							[
								-90.45358,
								31.69922
							],
							[
								-90.45371,
								31.69922
							],
							[
								-90.45412,
								31.69922
							],
							[
								-90.45597,
								31.6992
							],
							[
								-90.46151,
								31.69917
							],
							[
								-90.46336,
								31.69916
							],
							[
								-90.46339,
								31.69916
							],
							[
								-90.46349,
								31.69916
							],
							[
								-90.46352,
								31.69916
							],
							[
								-90.46521,
								31.69915
							],
							[
								-90.47026,
								31.69912
							],
							[
								-90.47195,
								31.69911
							],
							[
								-90.4728,
								31.69911
							],
							[
								-90.47337,
								31.6991
							],
							[
								-90.47366,
								31.6991
							],
							[
								-90.47881,
								31.69907
							],
							[
								-90.48052,
								31.69906
							],
							[
								-90.48094,
								31.69906
							],
							[
								-90.48221,
								31.69906
							],
							[
								-90.48263,
								31.69906
							],
							[
								-90.48335,
								31.69906
							],
							[
								-90.48551,
								31.69906
							],
							[
								-90.48623,
								31.69906
							],
							[
								-90.48725,
								31.69906
							],
							[
								-90.49033,
								31.69906
							],
							[
								-90.49135,
								31.69906
							],
							[
								-90.49174,
								31.69906
							],
							[
								-90.49257,
								31.69906
							],
							[
								-90.49624,
								31.69907
							],
							[
								-90.49746,
								31.69907
							],
							[
								-90.49748,
								31.69907
							],
							[
								-90.49823,
								31.69906
							],
							[
								-90.5001,
								31.69905
							],
							[
								-90.50053,
								31.69904
							],
							[
								-90.5013,
								31.69902
							],
							[
								-90.50156,
								31.69902
							],
							[
								-90.50386,
								31.69898
							],
							[
								-90.51153,
								31.69886
							],
							[
								-90.51409,
								31.69882
							],
							[
								-90.51427,
								31.69882
							],
							[
								-90.51503,
								31.69882
							],
							[
								-90.51785,
								31.69882
							],
							[
								-90.51879,
								31.69883
							],
							[
								-90.51886,
								31.69883
							],
							[
								-90.52025,
								31.69883
							],
							[
								-90.52462,
								31.69883
							],
							[
								-90.52607,
								31.69883
							],
							[
								-90.52818,
								31.69883
							],
							[
								-90.53451,
								31.69883
							],
							[
								-90.53662,
								31.69883
							],
							[
								-90.53734,
								31.69883
							],
							[
								-90.53949,
								31.69882
							],
							[
								-90.54012,
								31.69882
							],
							[
								-90.54021,
								31.69882
							],
							[
								-90.54194,
								31.69882
							],
							[
								-90.54714,
								31.69882
							],
							[
								-90.54855,
								31.69882
							],
							[
								-90.5488,
								31.69881
							],
							[
								-90.54887,
								31.69881
							],
							[
								-90.55131,
								31.69871
							],
							[
								-90.55586,
								31.69854
							],
							[
								-90.55861,
								31.69843
							],
							[
								-90.56104,
								31.69833
							],
							[
								-90.5611,
								31.69833
							],
							[
								-90.56128,
								31.69833
							],
							[
								-90.56191,
								31.69831
							],
							[
								-90.562,
								31.69831
							],
							[
								-90.56224,
								31.69832
							],
							[
								-90.56378,
								31.69832
							],
							[
								-90.56842,
								31.69833
							],
							[
								-90.56996,
								31.69833
							],
							[
								-90.57191,
								31.69833
							],
							[
								-90.57775,
								31.69832
							],
							[
								-90.57884,
								31.69831
							],
							[
								-90.5797,
								31.69832
							],
							[
								-90.58044,
								31.69832
							],
							[
								-90.58267,
								31.69833
							],
							[
								-90.58341,
								31.69833
							],
							[
								-90.58365,
								31.69833
							],
							[
								-90.58553,
								31.69834
							],
							[
								-90.58999,
								31.69836
							],
							[
								-90.5919,
								31.69836
							],
							[
								-90.59403,
								31.69837
							],
							[
								-90.59426,
								31.69837
							],
							[
								-90.59432,
								31.69837
							],
							[
								-90.59497,
								31.69837
							],
							[
								-90.5952,
								31.69837
							],
							[
								-90.59673,
								31.69836
							],
							[
								-90.6013,
								31.69831
							],
							[
								-90.60282,
								31.6983
							],
							[
								-90.60475,
								31.69828
							],
							[
								-90.61056,
								31.69824
							],
							[
								-90.61178,
								31.69823
							],
							[
								-90.61214,
								31.69822
							],
							[
								-90.61249,
								31.69823
							],
							[
								-90.61335,
								31.69824
							],
							[
								-90.61594,
								31.69825
							],
							[
								-90.61681,
								31.69826
							],
							[
								-90.6171,
								31.69825
							],
							[
								-90.61742,
								31.69823
							],
							[
								-90.61767,
								31.69822
							],
							[
								-90.61796,
								31.69821
							],
							[
								-90.61825,
								31.69821
							],
							[
								-90.61844,
								31.69821
							],
							[
								-90.61875,
								31.6982
							],
							[
								-90.619,
								31.69819
							],
							[
								-90.61919,
								31.69818
							],
							[
								-90.61924,
								31.69818
							],
							[
								-90.61943,
								31.69818
							],
							[
								-90.61945,
								31.69818
							],
							[
								-90.62014,
								31.69817
							],
							[
								-90.62038,
								31.69816
							],
							[
								-90.62068,
								31.69816
							],
							[
								-90.62108,
								31.69815
							],
							[
								-90.62161,
								31.69811
							],
							[
								-90.62168,
								31.6981
							],
							[
								-90.62397,
								31.69811
							],
							[
								-90.62492,
								31.69811
							],
							[
								-90.63043,
								31.69806
							],
							[
								-90.63084,
								31.69805
							],
							[
								-90.63147,
								31.69805
							],
							[
								-90.63313,
								31.69808
							],
							[
								-90.63435,
								31.6981
							],
							[
								-90.63777,
								31.69816
							],
							[
								-90.638,
								31.69816
							],
							[
								-90.63922,
								31.69816
							],
							[
								-90.64061,
								31.69816
							],
							[
								-90.64479,
								31.69817
							],
							[
								-90.64619,
								31.69817
							],
							[
								-90.64627,
								31.69817
							],
							[
								-90.64731,
								31.69817
							],
							[
								-90.64772,
								31.69817
							],
							[
								-90.65233,
								31.69817
							],
							[
								-90.65387,
								31.69817
							],
							[
								-90.6539,
								31.69817
							],
							[
								-90.65398,
								31.69818
							],
							[
								-90.65401,
								31.69819
							],
							[
								-90.65409,
								31.69821
							],
							[
								-90.65503,
								31.69821
							],
							[
								-90.65811,
								31.69823
							],
							[
								-90.65913,
								31.69824
							],
							[
								-90.65953,
								31.69824
							],
							[
								-90.66072,
								31.69824
							],
							[
								-90.66111,
								31.69824
							],
							[
								-90.66348,
								31.69825
							],
							[
								-90.66502,
								31.69825
							],
							[
								-90.67059,
								31.69825
							],
							[
								-90.67296,
								31.69825
							],
							[
								-90.67402,
								31.69826
							],
							[
								-90.67722,
								31.69826
							],
							[
								-90.67828,
								31.69826
							],
							[
								-90.68025,
								31.69826
							],
							[
								-90.68616,
								31.69827
							],
							[
								-90.68813,
								31.69827
							],
							[
								-90.68856,
								31.69827
							],
							[
								-90.68902,
								31.69827
							],
							[
								-90.68931,
								31.69827
							],
							[
								-90.68983,
								31.69827
							],
							[
								-90.69025,
								31.69827
							],
							[
								-90.6917,
								31.69828
							],
							[
								-90.69566,
								31.6983
							],
							[
								-90.69606,
								31.6983
							],
							[
								-90.69751,
								31.6983
							],
							[
								-90.69898,
								31.69831
							],
							[
								-90.7034,
								31.69833
							],
							[
								-90.70367,
								31.69833
							],
							[
								-90.70423,
								31.69833
							],
							[
								-90.70446,
								31.69834
							],
							[
								-90.70466,
								31.69834
							],
							[
								-90.70487,
								31.69834
							],
							[
								-90.70504,
								31.69834
							],
							[
								-90.70513,
								31.69834
							],
							[
								-90.70521,
								31.69834
							],
							[
								-90.70584,
								31.69835
							],
							[
								-90.70592,
								31.69835
							],
							[
								-90.70619,
								31.69835
							],
							[
								-90.70703,
								31.69834
							],
							[
								-90.70956,
								31.69831
							],
							[
								-90.71041,
								31.69831
							],
							[
								-90.71094,
								31.69831
							],
							[
								-90.71251,
								31.69834
							],
							[
								-90.71304,
								31.69835
							],
							[
								-90.71461,
								31.69837
							],
							[
								-90.71915,
								31.69845
							],
							[
								-90.7193,
								31.69844
							],
							[
								-90.72087,
								31.6984
							],
							[
								-90.72088,
								31.69838
							],
							[
								-90.72091,
								31.69833
							],
							[
								-90.72092,
								31.69831
							],
							[
								-90.721,
								31.69831
							],
							[
								-90.72111,
								31.69832
							],
							[
								-90.72166,
								31.69834
							],
							[
								-90.72185,
								31.69835
							],
							[
								-90.72192,
								31.69834
							],
							[
								-90.72214,
								31.69833
							],
							[
								-90.72221,
								31.69833
							],
							[
								-90.72371,
								31.69836
							],
							[
								-90.72717,
								31.69843
							],
							[
								-90.7282,
								31.69845
							],
							[
								-90.7297,
								31.69849
							],
							[
								-90.73112,
								31.69849
							],
							[
								-90.73358,
								31.69849
							],
							[
								-90.73444,
								31.69849
							],
							[
								-90.7354,
								31.69849
							],
							[
								-90.73682,
								31.69849
							],
							[
								-90.7368,
								31.70365
							],
							[
								-90.73673,
								31.71912
							],
							[
								-90.73671,
								31.72425
							],
							[
								-90.73671,
								31.72427
							],
							[
								-90.73671,
								31.72437
							],
							[
								-90.7367,
								31.72467
							],
							[
								-90.7367,
								31.72477
							],
							[
								-90.7367,
								31.72541
							],
							[
								-90.73669,
								31.72735
							],
							[
								-90.73669,
								31.728
							],
							[
								-90.73667,
								31.73108
							],
							[
								-90.73665,
								31.73765
							],
							[
								-90.73664,
								31.74034
							],
							[
								-90.73662,
								31.74318
							],
							[
								-90.73662,
								31.74343
							],
							[
								-90.73658,
								31.74513
							],
							[
								-90.73649,
								31.75016
							],
							[
								-90.73649,
								31.75022
							],
							[
								-90.7365,
								31.75192
							],
							[
								-90.7365,
								31.75281
							],
							[
								-90.73652,
								31.7555
							],
							[
								-90.73652,
								31.7564
							],
							[
								-90.73653,
								31.75686
							],
							[
								-90.73652,
								31.75771
							],
							[
								-90.73648,
								31.76166
							],
							[
								-90.73647,
								31.76223
							],
							[
								-90.73646,
								31.76298
							],
							[
								-90.73645,
								31.76374
							],
							[
								-90.73643,
								31.76603
							],
							[
								-90.73643,
								31.7668
							],
							[
								-90.73641,
								31.76815
							],
							[
								-90.73637,
								31.77219
							],
							[
								-90.73636,
								31.77353
							],
							[
								-90.73635,
								31.77506
							],
							[
								-90.73632,
								31.77961
							],
							[
								-90.73632,
								31.78113
							],
							[
								-90.73631,
								31.78213
							],
							[
								-90.73629,
								31.78513
							],
							[
								-90.73628,
								31.78613
							],
							[
								-90.73627,
								31.78749
							],
							[
								-90.73625,
								31.79157
							],
							[
								-90.73624,
								31.79293
							],
							[
								-90.73624,
								31.79461
							],
							[
								-90.73624,
								31.79736
							],
							[
								-90.73623,
								31.7976
							],
							[
								-90.73616,
								31.79963
							],
							[
								-90.73611,
								31.8013
							],
							[
								-90.7361,
								31.80146
							],
							[
								-90.73609,
								31.80192
							],
							[
								-90.73609,
								31.80207
							],
							[
								-90.73605,
								31.80307
							],
							[
								-90.73595,
								31.80609
							],
							[
								-90.73592,
								31.8071
							],
							[
								-90.73582,
								31.81024
							],
							[
								-90.73565,
								31.81549
							],
							[
								-90.73489,
								31.81961
							],
							[
								-90.73433,
								31.82271
							],
							[
								-90.73428,
								31.82297
							],
							[
								-90.73424,
								31.8232
							],
							[
								-90.73418,
								31.82353
							],
							[
								-90.73372,
								31.82601
							],
							[
								-90.73357,
								31.82683
							],
							[
								-90.7333,
								31.82834
							],
							[
								-90.733,
								31.82998
							],
							[
								-90.73082,
								31.83191
							],
							[
								-90.72985,
								31.83278
							],
							[
								-90.72968,
								31.83293
							],
							[
								-90.7271,
								31.83526
							],
							[
								-90.72564,
								31.83659
							],
							[
								-90.72517,
								31.83701
							],
							[
								-90.72253,
								31.8394
							],
							[
								-90.71936,
								31.84225
							],
							[
								-90.71679,
								31.84458
							],
							[
								-90.71678,
								31.84483
							],
							[
								-90.71678,
								31.84558
							],
							[
								-90.71678,
								31.84583
							],
							[
								-90.71678,
								31.84822
							],
							[
								-90.71676,
								31.8554
							],
							[
								-90.71676,
								31.8578
							],
							[
								-90.71675,
								31.8583
							],
							[
								-90.71675,
								31.85983
							],
							[
								-90.71675,
								31.86033
							],
							[
								-90.71675,
								31.86259
							],
							[
								-90.71673,
								31.86936
							],
							[
								-90.71673,
								31.87137
							],
							[
								-90.71672,
								31.87162
							],
							[
								-90.71669,
								31.87244
							],
							[
								-90.7166,
								31.87491
							],
							[
								-90.71659,
								31.87516
							],
							[
								-90.71658,
								31.87574
							],
							[
								-90.71657,
								31.87688
							],
							[
								-90.71654,
								31.88032
							],
							[
								-90.71653,
								31.88146
							],
							[
								-90.71652,
								31.88211
							],
							[
								-90.7165,
								31.88407
							],
							[
								-90.7165,
								31.88472
							],
							[
								-90.71649,
								31.88553
							],
							[
								-90.71646,
								31.88797
							],
							[
								-90.71646,
								31.88878
							],
							[
								-90.71646,
								31.88922
							],
							[
								-90.71648,
								31.89054
							],
							[
								-90.71649,
								31.89099
							],
							[
								-90.71649,
								31.89104
							],
							[
								-90.71648,
								31.89258
							],
							[
								-90.71645,
								31.89737
							],
							[
								-90.71644,
								31.89896
							],
							[
								-90.71644,
								31.8992
							],
							[
								-90.71643,
								31.8999
							],
							[
								-90.71643,
								31.90014
							],
							[
								-90.71643,
								31.90043
							],
							[
								-90.71643,
								31.90046
							],
							[
								-90.71642,
								31.90131
							],
							[
								-90.71642,
								31.90161
							],
							[
								-90.71642,
								31.90212
							],
							[
								-90.71641,
								31.90368
							],
							[
								-90.71641,
								31.9042
							],
							[
								-90.71639,
								31.9074
							],
							[
								-90.71638,
								31.90776
							],
							[
								-90.71638,
								31.90874
							],
							[
								-90.71632,
								31.91736
							],
							[
								-90.71632,
								31.91846
							],
							[
								-90.7163,
								31.92188
							],
							[
								-90.7163,
								31.92203
							],
							[
								-90.7163,
								31.92288
							],
							[
								-90.71633,
								31.92546
							],
							[
								-90.71633,
								31.92632
							],
							[
								-90.71635,
								31.92759
							],
							[
								-90.71638,
								31.92926
							],
							[
								-90.71641,
								31.93142
							],
							[
								-90.71643,
								31.93269
							],
							[
								-90.71645,
								31.93499
							],
							[
								-90.71649,
								31.93962
							],
							[
								-90.71644,
								31.94188
							],
							[
								-90.71639,
								31.94418
							],
							[
								-90.7163,
								31.94719
							],
							[
								-90.71619,
								31.95073
							],
							[
								-90.71602,
								31.95623
							],
							[
								-90.71593,
								31.95925
							],
							[
								-90.71591,
								31.95984
							],
							[
								-90.71586,
								31.96163
							],
							[
								-90.71584,
								31.96222
							],
							[
								-90.71581,
								31.96342
							],
							[
								-90.71579,
								31.96397
							],
							[
								-90.71557,
								31.967
							],
							[
								-90.71548,
								31.9682
							],
							[
								-90.71546,
								31.96858
							],
							[
								-90.71545,
								31.96863
							],
							[
								-90.71536,
								31.96994
							],
							[
								-90.71533,
								31.97038
							],
							[
								-90.71515,
								31.97275
							],
							[
								-90.71446,
								31.97726
							],
							[
								-90.7144,
								31.97763
							],
							[
								-90.71524,
								31.99329
							],
							[
								-90.71541,
								31.99695
							],
							[
								-90.71541,
								31.99696
							],
							[
								-90.7156,
								32.00014
							],
							[
								-90.71591,
								32.00497
							],
							[
								-90.7167,
								32.01707
							],
							[
								-90.71672,
								32.01739
							],
							[
								-90.7168,
								32.01858
							],
							[
								-90.71687,
								32.01964
							],
							[
								-90.71694,
								32.02214
							],
							[
								-90.71698,
								32.02332
							],
							[
								-90.71699,
								32.02378
							],
							[
								-90.71703,
								32.02516
							],
							[
								-90.71704,
								32.02527
							],
							[
								-90.71705,
								32.02562
							],
							[
								-90.71705,
								32.02569
							],
							[
								-90.71706,
								32.02591
							],
							[
								-90.71707,
								32.02598
							],
							[
								-90.71707,
								32.02609
							],
							[
								-90.71707,
								32.02619
							],
							[
								-90.71708,
								32.02634
							],
							[
								-90.71708,
								32.02637
							],
							[
								-90.71708,
								32.0265
							],
							[
								-90.7171,
								32.0268
							],
							[
								-90.71711,
								32.02711
							],
							[
								-90.71712,
								32.02743
							],
							[
								-90.71712,
								32.02755
							],
							[
								-90.71713,
								32.02775
							],
							[
								-90.71714,
								32.02785
							],
							[
								-90.71714,
								32.02795
							],
							[
								-90.71715,
								32.02814
							],
							[
								-90.71738,
								32.03218
							],
							[
								-90.7181,
								32.04486
							],
							[
								-90.7183,
								32.04835
							],
							[
								-90.71756,
								32.04835
							],
							[
								-90.71641,
								32.04836
							],
							[
								-90.71297,
								32.04836
							],
							[
								-90.71182,
								32.04836
							],
							[
								-90.71032,
								32.04836
							],
							[
								-90.70584,
								32.04837
							],
							[
								-90.70434,
								32.04838
							],
							[
								-90.70248,
								32.04838
							],
							[
								-90.69691,
								32.04839
							],
							[
								-90.69505,
								32.0484
							],
							[
								-90.69326,
								32.0484
							],
							[
								-90.68788,
								32.04841
							],
							[
								-90.68609,
								32.04841
							],
							[
								-90.6858,
								32.04841
							],
							[
								-90.68493,
								32.04842
							],
							[
								-90.68464,
								32.04843
							],
							[
								-90.68058,
								32.04843
							],
							[
								-90.67651,
								32.04844
							],
							[
								-90.67629,
								32.04844
							],
							[
								-90.6707,
								32.04845
							],
							[
								-90.66393,
								32.04846
							],
							[
								-90.66198,
								32.04846
							],
							[
								-90.66139,
								32.04846
							],
							[
								-90.66133,
								32.04846
							],
							[
								-90.65898,
								32.04847
							],
							[
								-90.65885,
								32.04847
							],
							[
								-90.65878,
								32.04847
							],
							[
								-90.65867,
								32.04847
							],
							[
								-90.65856,
								32.04847
							],
							[
								-90.65644,
								32.04847
							],
							[
								-90.65516,
								32.04848
							],
							[
								-90.65515,
								32.04996
							],
							[
								-90.6509,
								32.04997
							],
							[
								-90.64874,
								32.04998
							],
							[
								-90.64858,
								32.04998
							],
							[
								-90.64856,
								32.04998
							],
							[
								-90.64847,
								32.04998
							],
							[
								-90.64837,
								32.04998
							],
							[
								-90.64781,
								32.04999
							],
							[
								-90.64554,
								32.05004
							],
							[
								-90.64492,
								32.05005
							],
							[
								-90.64479,
								32.05005
							],
							[
								-90.64473,
								32.05005
							],
							[
								-90.64466,
								32.05005
							],
							[
								-90.63857,
								32.05009
							],
							[
								-90.63346,
								32.05009
							],
							[
								-90.62584,
								32.05008
							],
							[
								-90.6251,
								32.05008
							],
							[
								-90.62502,
								32.05008
							],
							[
								-90.62269,
								32.05006
							],
							[
								-90.62243,
								32.05006
							],
							[
								-90.62189,
								32.05006
							],
							[
								-90.62176,
								32.05006
							],
							[
								-90.62159,
								32.05006
							],
							[
								-90.62025,
								32.05006
							],
							[
								-90.61919,
								32.05006
							],
							[
								-90.61738,
								32.05007
							],
							[
								-90.61599,
								32.05007
							],
							[
								-90.61515,
								32.05008
							],
							[
								-90.61492,
								32.05008
							],
							[
								-90.61384,
								32.0501
							],
							[
								-90.61373,
								32.0501
							],
							[
								-90.61289,
								32.05008
							],
							[
								-90.61093,
								32.04999
							],
							[
								-90.60661,
								32.05002
							],
							[
								-90.60555,
								32.05001
							],
							[
								-90.60167,
								32.05
							],
							[
								-90.5981,
								32.04994
							],
							[
								-90.59685,
								32.04992
							],
							[
								-90.5953,
								32.04992
							],
							[
								-90.59505,
								32.04992
							],
							[
								-90.59327,
								32.04996
							],
							[
								-90.59319,
								32.04996
							],
							[
								-90.5914,
								32.04994
							],
							[
								-90.59131,
								32.04994
							],
							[
								-90.58929,
								32.04988
							],
							[
								-90.58914,
								32.0499
							],
							[
								-90.58844,
								32.04982
							],
							[
								-90.58824,
								32.04982
							],
							[
								-90.58766,
								32.04984
							],
							[
								-90.58743,
								32.04986
							],
							[
								-90.58723,
								32.04986
							],
							[
								-90.58684,
								32.04982
							],
							[
								-90.58225,
								32.04993
							],
							[
								-90.57939,
								32.04996
							],
							[
								-90.57694,
								32.05
							],
							[
								-90.5741,
								32.05001
							],
							[
								-90.57362,
								32.05001
							],
							[
								-90.5726,
								32.05002
							],
							[
								-90.57221,
								32.05003
							],
							[
								-90.57177,
								32.05005
							],
							[
								-90.57174,
								32.05005
							],
							[
								-90.56989,
								32.04997
							],
							[
								-90.56935,
								32.04997
							],
							[
								-90.56217,
								32.04998
							],
							[
								-90.55987,
								32.04998
							],
							[
								-90.55977,
								32.04998
							],
							[
								-90.55968,
								32.04998
							],
							[
								-90.55839,
								32.04998
							],
							[
								-90.55424,
								32.04998
							],
							[
								-90.55314,
								32.04998
							],
							[
								-90.55301,
								32.04998
							],
							[
								-90.55285,
								32.04998
							],
							[
								-90.55203,
								32.04998
							],
							[
								-90.54957,
								32.05
							],
							[
								-90.54899,
								32.05
							],
							[
								-90.54883,
								32.05
							],
							[
								-90.54875,
								32.05
							],
							[
								-90.54867,
								32.05
							],
							[
								-90.54859,
								32.05001
							],
							[
								-90.5482,
								32.05
							],
							[
								-90.54655,
								32.05
							],
							[
								-90.54613,
								32.05
							],
							[
								-90.54607,
								32.05
							],
							[
								-90.546,
								32.05
							],
							[
								-90.54593,
								32.05
							],
							[
								-90.54586,
								32.05
							],
							[
								-90.5453,
								32.05
							],
							[
								-90.54499,
								32.05
							],
							[
								-90.54414,
								32.05001
							],
							[
								-90.54376,
								32.05001
							],
							[
								-90.54309,
								32.05001
							],
							[
								-90.53655,
								32.05002
							],
							[
								-90.53436,
								32.05002
							],
							[
								-90.53192,
								32.05002
							],
							[
								-90.53145,
								32.05002
							],
							[
								-90.52673,
								32.05002
							],
							[
								-90.51513,
								32.05002
							],
							[
								-90.51501,
								32.05003
							],
							[
								-90.51152,
								32.05009
							],
							[
								-90.51106,
								32.05012
							],
							[
								-90.51082,
								32.05013
							],
							[
								-90.51072,
								32.05013
							],
							[
								-90.50996,
								32.05012
							],
							[
								-90.50968,
								32.05012
							],
							[
								-90.50672,
								32.05011
							],
							[
								-90.50653,
								32.0501
							],
							[
								-90.50567,
								32.05009
							],
							[
								-90.5031,
								32.05006
							],
							[
								-90.50224,
								32.05005
							],
							[
								-90.50034,
								32.05003
							],
							[
								-90.5001,
								32.05003
							],
							[
								-90.49464,
								32.04993
							],
							[
								-90.49274,
								32.0499
							],
							[
								-90.49156,
								32.04989
							],
							[
								-90.48803,
								32.04986
							],
							[
								-90.48685,
								32.04985
							],
							[
								-90.48554,
								32.04984
							],
							[
								-90.48517,
								32.04984
							],
							[
								-90.48161,
								32.04981
							],
							[
								-90.4803,
								32.0498
							],
							[
								-90.47701,
								32.04977
							],
							[
								-90.46975,
								32.04971
							],
							[
								-90.46792,
								32.04969
							],
							[
								-90.46748,
								32.04969
							],
							[
								-90.46464,
								32.04967
							],
							[
								-90.46372,
								32.04967
							],
							[
								-90.46336,
								32.04967
							],
							[
								-90.46227,
								32.04966
							],
							[
								-90.46191,
								32.04966
							],
							[
								-90.46153,
								32.04966
							],
							[
								-90.4604,
								32.04965
							],
							[
								-90.46002,
								32.04965
							],
							[
								-90.4582,
								32.04964
							],
							[
								-90.45275,
								32.04961
							],
							[
								-90.45093,
								32.0496
							],
							[
								-90.45086,
								32.0496
							],
							[
								-90.45066,
								32.04961
							],
							[
								-90.44815,
								32.04964
							],
							[
								-90.44808,
								32.04964
							],
							[
								-90.44407,
								32.04963
							],
							[
								-90.44389,
								32.04963
							],
							[
								-90.43792,
								32.04965
							],
							[
								-90.43374,
								32.04967
							],
							[
								-90.43193,
								32.04968
							],
							[
								-90.42419,
								32.04971
							],
							[
								-90.42029,
								32.04972
							],
							[
								-90.41977,
								32.04972
							],
							[
								-90.41957,
								32.04972
							],
							[
								-90.41805,
								32.04973
							],
							[
								-90.41748,
								32.04973
							],
							[
								-90.41276,
								32.04975
							],
							[
								-90.40717,
								32.04977
							],
							[
								-90.39724,
								32.0498
							],
							[
								-90.39444,
								32.04981
							],
							[
								-90.39224,
								32.04982
							],
							[
								-90.39177,
								32.04982
							],
							[
								-90.39078,
								32.04982
							],
							[
								-90.3906,
								32.04982
							],
							[
								-90.39,
								32.04982
							],
							[
								-90.38768,
								32.04982
							],
							[
								-90.3869,
								32.04982
							],
							[
								-90.386,
								32.04982
							],
							[
								-90.38329,
								32.04982
							],
							[
								-90.38239,
								32.04983
							],
							[
								-90.38121,
								32.04983
							],
							[
								-90.38085,
								32.04983
							],
							[
								-90.37767,
								32.04983
							],
							[
								-90.37649,
								32.04983
							],
							[
								-90.37509,
								32.04983
							],
							[
								-90.37371,
								32.04981
							],
							[
								-90.36536,
								32.04972
							],
							[
								-90.36258,
								32.04969
							],
							[
								-90.36242,
								32.04969
							],
							[
								-90.36206,
								32.04969
							],
							[
								-90.3605,
								32.04969
							],
							[
								-90.35998,
								32.04969
							],
							[
								-90.35744,
								32.04968
							],
							[
								-90.34982,
								32.04968
							],
							[
								-90.34729,
								32.04968
							],
							[
								-90.34464,
								32.04967
							],
							[
								-90.33944,
								32.04967
							],
							[
								-90.33916,
								32.04967
							],
							[
								-90.33888,
								32.04967
							],
							[
								-90.33867,
								32.04967
							],
							[
								-90.33846,
								32.04967
							],
							[
								-90.33823,
								32.04967
							],
							[
								-90.33599,
								32.04967
							],
							[
								-90.33407,
								32.04966
							],
							[
								-90.3187,
								32.04966
							],
							[
								-90.31753,
								32.04966
							],
							[
								-90.30887,
								32.04965
							],
							[
								-90.30095,
								32.04965
							],
							[
								-90.29683,
								32.04964
							],
							[
								-90.29095,
								32.04964
							],
							[
								-90.29034,
								32.04965
							],
							[
								-90.28973,
								32.04965
							],
							[
								-90.28943,
								32.04966
							],
							[
								-90.28928,
								32.04966
							],
							[
								-90.28936,
								32.04973
							],
							[
								-90.28938,
								32.04977
							],
							[
								-90.28939,
								32.04983
							],
							[
								-90.28937,
								32.0499
							],
							[
								-90.28933,
								32.04991
							],
							[
								-90.28929,
								32.04993
							],
							[
								-90.28922,
								32.04992
							],
							[
								-90.28902,
								32.04984
							],
							[
								-90.28896,
								32.04984
							],
							[
								-90.28892,
								32.04985
							],
							[
								-90.28889,
								32.04987
							],
							[
								-90.28886,
								32.04991
							],
							[
								-90.28881,
								32.05004
							],
							[
								-90.28878,
								32.05008
							],
							[
								-90.28875,
								32.05008
							],
							[
								-90.28871,
								32.05006
							],
							[
								-90.28869,
								32.05003
							],
							[
								-90.28863,
								32.04987
							],
							[
								-90.28861,
								32.04981
							],
							[
								-90.28858,
								32.04977
							],
							[
								-90.28843,
								32.04962
							],
							[
								-90.28573,
								32.04961
							],
							[
								-90.28528,
								32.04962
							],
							[
								-90.27721,
								32.04968
							],
							[
								-90.27694,
								32.04969
							],
							[
								-90.27595,
								32.0497
							],
							[
								-90.2753,
								32.04969
							],
							[
								-90.27508,
								32.04969
							],
							[
								-90.2746,
								32.0496
							],
							[
								-90.25822,
								32.04968
							],
							[
								-90.25777,
								32.04968
							],
							[
								-90.25436,
								32.0497
							],
							[
								-90.25014,
								32.04972
							],
							[
								-90.24886,
								32.04971
							],
							[
								-90.24877,
								32.04972
							],
							[
								-90.24558,
								32.04971
							],
							[
								-90.24045,
								32.0497
							],
							[
								-90.23531,
								32.04969
							],
							[
								-90.23176,
								32.0497
							],
							[
								-90.23167,
								32.04974
							],
							[
								-90.23156,
								32.04977
							],
							[
								-90.23055,
								32.04974
							],
							[
								-90.23044,
								32.04973
							],
							[
								-90.23033,
								32.04973
							],
							[
								-90.23029,
								32.04954
							],
							[
								-90.23016,
								32.0489
							],
							[
								-90.23011,
								32.04862
							],
							[
								-90.23008,
								32.04844
							],
							[
								-90.23,
								32.04784
							],
							[
								-90.22998,
								32.04762
							],
							[
								-90.22997,
								32.04712
							],
							[
								-90.22997,
								32.04698
							],
							[
								-90.22999,
								32.04683
							],
							[
								-90.23,
								32.0468
							],
							[
								-90.23004,
								32.04666
							],
							[
								-90.2301,
								32.04652
							],
							[
								-90.23014,
								32.04642
							],
							[
								-90.23016,
								32.04639
							],
							[
								-90.2302,
								32.04629
							],
							[
								-90.23024,
								32.04619
							],
							[
								-90.23029,
								32.04609
							],
							[
								-90.23031,
								32.04606
							],
							[
								-90.23037,
								32.04596
							],
							[
								-90.23043,
								32.04587
							],
							[
								-90.2305,
								32.04578
							],
							[
								-90.23063,
								32.04563
							],
							[
								-90.23077,
								32.0455
							],
							[
								-90.23086,
								32.04542
							],
							[
								-90.23101,
								32.0453
							],
							[
								-90.23108,
								32.04526
							],
							[
								-90.23137,
								32.0451
							],
							[
								-90.23144,
								32.04506
							],
							[
								-90.23155,
								32.04501
							],
							[
								-90.23183,
								32.04485
							],
							[
								-90.23189,
								32.0448
							],
							[
								-90.23217,
								32.04458
							],
							[
								-90.2323,
								32.04444
							],
							[
								-90.23243,
								32.04429
							],
							[
								-90.2325,
								32.0442
							],
							[
								-90.23255,
								32.04415
							],
							[
								-90.23297,
								32.04361
							],
							[
								-90.23308,
								32.04345
							],
							[
								-90.2332,
								32.04326
							],
							[
								-90.23327,
								32.04317
							],
							[
								-90.23332,
								32.04308
							],
							[
								-90.23338,
								32.04298
							],
							[
								-90.23344,
								32.04285
							],
							[
								-90.23348,
								32.04279
							],
							[
								-90.2335,
								32.04275
							],
							[
								-90.23354,
								32.04269
							],
							[
								-90.23367,
								32.04246
							],
							[
								-90.23386,
								32.04215
							],
							[
								-90.23388,
								32.04211
							],
							[
								-90.23394,
								32.04202
							],
							[
								-90.23409,
								32.04172
							],
							[
								-90.2342,
								32.04145
							],
							[
								-90.23421,
								32.04142
							],
							[
								-90.23426,
								32.04132
							],
							[
								-90.23431,
								32.04122
							],
							[
								-90.23433,
								32.04119
							],
							[
								-90.2344,
								32.04102
							],
							[
								-90.23447,
								32.04089
							],
							[
								-90.23452,
								32.04075
							],
							[
								-90.23457,
								32.04065
							],
							[
								-90.23466,
								32.04049
							],
							[
								-90.2348,
								32.04031
							],
							[
								-90.23486,
								32.04022
							],
							[
								-90.2349,
								32.04015
							],
							[
								-90.23493,
								32.04008
							],
							[
								-90.23506,
								32.03986
							],
							[
								-90.23521,
								32.03959
							],
							[
								-90.23526,
								32.03952
							],
							[
								-90.23527,
								32.03949
							],
							[
								-90.23537,
								32.03933
							],
							[
								-90.23539,
								32.0393
							],
							[
								-90.23543,
								32.03924
							],
							[
								-90.23547,
								32.03918
							],
							[
								-90.23553,
								32.03908
							],
							[
								-90.23562,
								32.03896
							],
							[
								-90.23569,
								32.03887
							],
							[
								-90.23571,
								32.03884
							],
							[
								-90.23589,
								32.03864
							],
							[
								-90.23603,
								32.03845
							],
							[
								-90.2361,
								32.03837
							],
							[
								-90.23612,
								32.03833
							],
							[
								-90.23622,
								32.03822
							],
							[
								-90.23641,
								32.03794
							],
							[
								-90.23645,
								32.03788
							],
							[
								-90.23663,
								32.03764
							],
							[
								-90.23665,
								32.0376
							],
							[
								-90.23674,
								32.03748
							],
							[
								-90.23681,
								32.03739
							],
							[
								-90.23686,
								32.03733
							],
							[
								-90.23695,
								32.03726
							],
							[
								-90.2371,
								32.03719
							],
							[
								-90.23722,
								32.03715
							],
							[
								-90.23738,
								32.03712
							],
							[
								-90.23751,
								32.0371
							],
							[
								-90.23784,
								32.03706
							],
							[
								-90.23789,
								32.03705
							],
							[
								-90.23801,
								32.03705
							],
							[
								-90.23823,
								32.03705
							],
							[
								-90.23844,
								32.03706
							],
							[
								-90.23882,
								32.03709
							],
							[
								-90.23895,
								32.0371
							],
							[
								-90.23924,
								32.03714
							],
							[
								-90.23941,
								32.03717
							],
							[
								-90.23949,
								32.0372
							],
							[
								-90.23985,
								32.03729
							],
							[
								-90.24002,
								32.03732
							],
							[
								-90.24043,
								32.0374
							],
							[
								-90.24085,
								32.03748
							],
							[
								-90.24118,
								32.03753
							],
							[
								-90.24177,
								32.03757
							],
							[
								-90.24186,
								32.03757
							],
							[
								-90.24211,
								32.03755
							],
							[
								-90.24228,
								32.03753
							],
							[
								-90.2424,
								32.0375
							],
							[
								-90.24248,
								32.03748
							],
							[
								-90.24264,
								32.03742
							],
							[
								-90.24267,
								32.03739
							],
							[
								-90.24275,
								32.03736
							],
							[
								-90.24278,
								32.03734
							],
							[
								-90.24285,
								32.0373
							],
							[
								-90.24291,
								32.03725
							],
							[
								-90.24323,
								32.03701
							],
							[
								-90.24384,
								32.03651
							],
							[
								-90.24416,
								32.03622
							],
							[
								-90.24436,
								32.03599
							],
							[
								-90.24452,
								32.03582
							],
							[
								-90.24459,
								32.03573
							],
							[
								-90.2447,
								32.03554
							],
							[
								-90.24475,
								32.03544
							],
							[
								-90.24482,
								32.03527
							],
							[
								-90.24488,
								32.03502
							],
							[
								-90.24505,
								32.03458
							],
							[
								-90.24517,
								32.03435
							],
							[
								-90.2452,
								32.03431
							],
							[
								-90.24524,
								32.03424
							],
							[
								-90.24533,
								32.03412
							],
							[
								-90.24544,
								32.03401
							],
							[
								-90.24555,
								32.03392
							],
							[
								-90.24556,
								32.03391
							],
							[
								-90.24573,
								32.0338
							],
							[
								-90.2458,
								32.03376
							],
							[
								-90.24583,
								32.03374
							],
							[
								-90.24596,
								32.03364
							],
							[
								-90.24603,
								32.0336
							],
							[
								-90.24612,
								32.03352
							],
							[
								-90.24639,
								32.03335
							],
							[
								-90.24649,
								32.03328
							],
							[
								-90.2467,
								32.03311
							],
							[
								-90.24681,
								32.03301
							],
							[
								-90.24688,
								32.03295
							],
							[
								-90.24717,
								32.03269
							],
							[
								-90.2472,
								32.03267
							],
							[
								-90.24724,
								32.03263
							],
							[
								-90.24735,
								32.03252
							],
							[
								-90.24739,
								32.03248
							],
							[
								-90.24751,
								32.03234
							],
							[
								-90.24764,
								32.03215
							],
							[
								-90.24768,
								32.03211
							],
							[
								-90.24769,
								32.03209
							],
							[
								-90.2478,
								32.0319
							],
							[
								-90.2479,
								32.03166
							],
							[
								-90.24792,
								32.03152
							],
							[
								-90.24793,
								32.03131
							],
							[
								-90.2479,
								32.03113
							],
							[
								-90.24785,
								32.03092
							],
							[
								-90.24779,
								32.03077
							],
							[
								-90.24775,
								32.03068
							],
							[
								-90.24771,
								32.03062
							],
							[
								-90.24764,
								32.03053
							],
							[
								-90.24756,
								32.03045
							],
							[
								-90.24751,
								32.03039
							],
							[
								-90.24735,
								32.03025
							],
							[
								-90.24729,
								32.03021
							],
							[
								-90.2471,
								32.03012
							],
							[
								-90.24694,
								32.03007
							],
							[
								-90.24685,
								32.02999
							],
							[
								-90.2468,
								32.02994
							],
							[
								-90.24654,
								32.0297
							],
							[
								-90.2459,
								32.02912
							],
							[
								-90.24548,
								32.02876
							],
							[
								-90.24509,
								32.02843
							],
							[
								-90.24486,
								32.02822
							],
							[
								-90.24478,
								32.02813
							],
							[
								-90.24444,
								32.02773
							],
							[
								-90.24437,
								32.02764
							],
							[
								-90.24419,
								32.02735
							],
							[
								-90.24408,
								32.02712
							],
							[
								-90.24404,
								32.02705
							],
							[
								-90.244,
								32.02695
							],
							[
								-90.24393,
								32.02678
							],
							[
								-90.24387,
								32.02657
							],
							[
								-90.24384,
								32.02643
							],
							[
								-90.24382,
								32.02633
							],
							[
								-90.24381,
								32.02607
							],
							[
								-90.24381,
								32.02586
							],
							[
								-90.24383,
								32.02543
							],
							[
								-90.24392,
								32.02461
							],
							[
								-90.24394,
								32.02421
							],
							[
								-90.24394,
								32.02393
							],
							[
								-90.24391,
								32.02364
							],
							[
								-90.24388,
								32.02347
							],
							[
								-90.2438,
								32.02315
							],
							[
								-90.24371,
								32.02287
							],
							[
								-90.24363,
								32.02271
							],
							[
								-90.24359,
								32.02261
							],
							[
								-90.24357,
								32.02258
							],
							[
								-90.24352,
								32.02251
							],
							[
								-90.24345,
								32.02243
							],
							[
								-90.24339,
								32.02237
							],
							[
								-90.24312,
								32.02215
							],
							[
								-90.24308,
								32.02213
							],
							[
								-90.24304,
								32.02212
							],
							[
								-90.24287,
								32.0221
							],
							[
								-90.24283,
								32.02211
							],
							[
								-90.24254,
								32.02215
							],
							[
								-90.24233,
								32.0222
							],
							[
								-90.24226,
								32.02223
							],
							[
								-90.24215,
								32.02229
							],
							[
								-90.24208,
								32.02234
							],
							[
								-90.24186,
								32.0225
							],
							[
								-90.24122,
								32.02302
							],
							[
								-90.24088,
								32.02329
							],
							[
								-90.24067,
								32.02342
							],
							[
								-90.24036,
								32.02361
							],
							[
								-90.24029,
								32.02364
							],
							[
								-90.24022,
								32.02368
							],
							[
								-90.24004,
								32.02377
							],
							[
								-90.23985,
								32.02386
							],
							[
								-90.23967,
								32.02395
							],
							[
								-90.23959,
								32.02398
							],
							[
								-90.23952,
								32.02401
							],
							[
								-90.2394,
								32.02405
							],
							[
								-90.23928,
								32.02409
							],
							[
								-90.23924,
								32.02411
							],
							[
								-90.23912,
								32.02414
							],
							[
								-90.23901,
								32.02419
							],
							[
								-90.23897,
								32.0242
							],
							[
								-90.23889,
								32.02423
							],
							[
								-90.23873,
								32.02427
							],
							[
								-90.23861,
								32.02431
							],
							[
								-90.23809,
								32.02447
							],
							[
								-90.23797,
								32.0245
							],
							[
								-90.23785,
								32.02454
							],
							[
								-90.23728,
								32.0247
							],
							[
								-90.2372,
								32.02471
							],
							[
								-90.23708,
								32.02475
							],
							[
								-90.23688,
								32.02481
							],
							[
								-90.23664,
								32.02488
							],
							[
								-90.23623,
								32.02496
							],
							[
								-90.23581,
								32.02503
							],
							[
								-90.23543,
								32.02507
							],
							[
								-90.23509,
								32.02508
							],
							[
								-90.23475,
								32.02507
							],
							[
								-90.23467,
								32.02506
							],
							[
								-90.23463,
								32.02505
							],
							[
								-90.23431,
								32.02495
							],
							[
								-90.2342,
								32.02489
							],
							[
								-90.23406,
								32.02481
							],
							[
								-90.23391,
								32.02468
							],
							[
								-90.23379,
								32.02458
							],
							[
								-90.2336,
								32.02434
							],
							[
								-90.23356,
								32.02428
							],
							[
								-90.23348,
								32.02411
							],
							[
								-90.23342,
								32.02398
							],
							[
								-90.23339,
								32.02391
							],
							[
								-90.23336,
								32.02381
							],
							[
								-90.23334,
								32.02366
							],
							[
								-90.23334,
								32.02356
							],
							[
								-90.23336,
								32.02349
							],
							[
								-90.23337,
								32.02338
							],
							[
								-90.23345,
								32.02317
							],
							[
								-90.23349,
								32.02311
							],
							[
								-90.23356,
								32.02302
							],
							[
								-90.23364,
								32.02294
							],
							[
								-90.23373,
								32.02286
							],
							[
								-90.23387,
								32.02278
							],
							[
								-90.23403,
								32.02272
							],
							[
								-90.23407,
								32.02271
							],
							[
								-90.23427,
								32.02267
							],
							[
								-90.23449,
								32.02265
							],
							[
								-90.23461,
								32.02263
							],
							[
								-90.23474,
								32.02261
							],
							[
								-90.23486,
								32.02259
							],
							[
								-90.23503,
								32.02257
							],
							[
								-90.23523,
								32.02252
							],
							[
								-90.23535,
								32.02248
							],
							[
								-90.23547,
								32.02245
							],
							[
								-90.23564,
								32.02242
							],
							[
								-90.23573,
								32.02242
							],
							[
								-90.23589,
								32.02241
							],
							[
								-90.23611,
								32.02242
							],
							[
								-90.23619,
								32.02243
							],
							[
								-90.23644,
								32.02248
							],
							[
								-90.23677,
								32.02256
							],
							[
								-90.23692,
								32.02261
							],
							[
								-90.237,
								32.02263
							],
							[
								-90.23715,
								32.02269
							],
							[
								-90.23735,
								32.02276
							],
							[
								-90.23738,
								32.02278
							],
							[
								-90.23763,
								32.02284
							],
							[
								-90.2378,
								32.02286
							],
							[
								-90.23788,
								32.02286
							],
							[
								-90.23809,
								32.02284
							],
							[
								-90.23821,
								32.02282
							],
							[
								-90.23833,
								32.02278
							],
							[
								-90.23848,
								32.02271
							],
							[
								-90.23858,
								32.02264
							],
							[
								-90.23868,
								32.02257
							],
							[
								-90.23876,
								32.02249
							],
							[
								-90.23888,
								32.02234
							],
							[
								-90.23896,
								32.02222
							],
							[
								-90.23906,
								32.02198
							],
							[
								-90.23917,
								32.0216
							],
							[
								-90.23927,
								32.02136
							],
							[
								-90.23933,
								32.02123
							],
							[
								-90.23937,
								32.02116
							],
							[
								-90.23946,
								32.02092
							],
							[
								-90.23951,
								32.02082
							],
							[
								-90.23958,
								32.02069
							],
							[
								-90.2396,
								32.02062
							],
							[
								-90.23962,
								32.02055
							],
							[
								-90.23963,
								32.02041
							],
							[
								-90.23963,
								32.0202
							],
							[
								-90.2396,
								32.01995
							],
							[
								-90.23959,
								32.01991
							],
							[
								-90.23956,
								32.01984
							],
							[
								-90.23951,
								32.01978
							],
							[
								-90.23943,
								32.0197
							],
							[
								-90.23931,
								32.0196
							],
							[
								-90.23917,
								32.01951
							],
							[
								-90.23906,
								32.01946
							],
							[
								-90.23902,
								32.01945
							],
							[
								-90.2389,
								32.01941
							],
							[
								-90.23887,
								32.01939
							],
							[
								-90.23879,
								32.01936
							],
							[
								-90.23856,
								32.01928
							],
							[
								-90.23836,
								32.01922
							],
							[
								-90.23819,
								32.01918
							],
							[
								-90.23804,
								32.01913
							],
							[
								-90.23791,
								32.0191
							],
							[
								-90.23784,
								32.01907
							],
							[
								-90.23775,
								32.01905
							],
							[
								-90.2376,
								32.01899
							],
							[
								-90.23756,
								32.01898
							],
							[
								-90.2374,
								32.01893
							],
							[
								-90.23732,
								32.01889
							],
							[
								-90.23725,
								32.01887
							],
							[
								-90.23709,
								32.01881
							],
							[
								-90.23701,
								32.01879
							],
							[
								-90.23685,
								32.01873
							],
							[
								-90.23677,
								32.01871
							],
							[
								-90.23657,
								32.01861
							],
							[
								-90.23644,
								32.01855
							],
							[
								-90.23633,
								32.01849
							],
							[
								-90.23623,
								32.01843
							],
							[
								-90.23616,
								32.01839
							],
							[
								-90.23599,
								32.01828
							],
							[
								-90.23558,
								32.01803
							],
							[
								-90.23545,
								32.01794
							],
							[
								-90.23501,
								32.0176
							],
							[
								-90.23475,
								32.01741
							],
							[
								-90.23465,
								32.01734
							],
							[
								-90.23448,
								32.01724
							],
							[
								-90.23441,
								32.0172
							],
							[
								-90.23429,
								32.01715
							],
							[
								-90.23401,
								32.01707
							],
							[
								-90.23397,
								32.01707
							],
							[
								-90.2338,
								32.01707
							],
							[
								-90.23367,
								32.01707
							],
							[
								-90.23359,
								32.01709
							],
							[
								-90.23351,
								32.01711
							],
							[
								-90.23333,
								32.01739
							],
							[
								-90.23317,
								32.0176
							],
							[
								-90.23311,
								32.01767
							],
							[
								-90.23294,
								32.01785
							],
							[
								-90.23286,
								32.01798
							],
							[
								-90.23278,
								32.01806
							],
							[
								-90.23272,
								32.01816
							],
							[
								-90.2327,
								32.01819
							],
							[
								-90.23263,
								32.01828
							],
							[
								-90.2326,
								32.01835
							],
							[
								-90.23241,
								32.01859
							],
							[
								-90.23221,
								32.01886
							],
							[
								-90.23201,
								32.01904
							],
							[
								-90.23186,
								32.01917
							],
							[
								-90.23162,
								32.01937
							],
							[
								-90.23153,
								32.01945
							],
							[
								-90.2313,
								32.01961
							],
							[
								-90.23112,
								32.01971
							],
							[
								-90.23086,
								32.01989
							],
							[
								-90.23044,
								32.0202
							],
							[
								-90.23018,
								32.02038
							],
							[
								-90.22997,
								32.0205
							],
							[
								-90.2299,
								32.02054
							],
							[
								-90.2298,
								32.0206
							],
							[
								-90.22972,
								32.02064
							],
							[
								-90.22958,
								32.02072
							],
							[
								-90.2294,
								32.02081
							],
							[
								-90.22936,
								32.02083
							],
							[
								-90.22925,
								32.02088
							],
							[
								-90.22902,
								32.02097
							],
							[
								-90.22878,
								32.02104
							],
							[
								-90.22833,
								32.02114
							],
							[
								-90.22812,
								32.02117
							],
							[
								-90.22773,
								32.02117
							],
							[
								-90.22765,
								32.02116
							],
							[
								-90.22748,
								32.02114
							],
							[
								-90.22732,
								32.02112
							],
							[
								-90.22694,
								32.02104
							],
							[
								-90.22665,
								32.02099
							],
							[
								-90.22629,
								32.0209
							],
							[
								-90.22617,
								32.02085
							],
							[
								-90.22609,
								32.02083
							],
							[
								-90.22593,
								32.02077
							],
							[
								-90.22577,
								32.02074
							],
							[
								-90.22561,
								32.02069
							],
							[
								-90.22553,
								32.02067
							],
							[
								-90.22541,
								32.02063
							],
							[
								-90.22532,
								32.02062
							],
							[
								-90.22505,
								32.02053
							],
							[
								-90.22502,
								32.02052
							],
							[
								-90.22493,
								32.02049
							],
							[
								-90.22474,
								32.0204
							],
							[
								-90.22451,
								32.02031
							],
							[
								-90.2244,
								32.02026
							],
							[
								-90.2242,
								32.02019
							],
							[
								-90.22413,
								32.02016
							],
							[
								-90.22387,
								32.02004
							],
							[
								-90.22357,
								32.01989
							],
							[
								-90.22333,
								32.01976
							],
							[
								-90.22329,
								32.01974
							],
							[
								-90.22325,
								32.01973
							],
							[
								-90.22318,
								32.01969
							],
							[
								-90.22314,
								32.01967
							],
							[
								-90.22289,
								32.01954
							],
							[
								-90.22271,
								32.01944
							],
							[
								-90.22259,
								32.0194
							],
							[
								-90.22249,
								32.01934
							],
							[
								-90.22245,
								32.01932
							],
							[
								-90.2223,
								32.01925
							],
							[
								-90.22223,
								32.01921
							],
							[
								-90.222,
								32.01913
							],
							[
								-90.22187,
								32.0191
							],
							[
								-90.2218,
								32.01907
							],
							[
								-90.22167,
								32.01904
							],
							[
								-90.22159,
								32.01903
							],
							[
								-90.22147,
								32.019
							],
							[
								-90.2213,
								32.01897
							],
							[
								-90.22122,
								32.01895
							],
							[
								-90.22114,
								32.01894
							],
							[
								-90.22093,
								32.0189
							],
							[
								-90.22072,
								32.01889
							],
							[
								-90.22059,
								32.01889
							],
							[
								-90.2205,
								32.01889
							],
							[
								-90.22034,
								32.01892
							],
							[
								-90.22018,
								32.01897
							],
							[
								-90.22002,
								32.01903
							],
							[
								-90.21995,
								32.01907
							],
							[
								-90.21992,
								32.01909
							],
							[
								-90.21985,
								32.01913
							],
							[
								-90.21978,
								32.01917
							],
							[
								-90.21956,
								32.01935
							],
							[
								-90.21948,
								32.01942
							],
							[
								-90.21932,
								32.0196
							],
							[
								-90.21924,
								32.01976
							],
							[
								-90.21918,
								32.0199
							],
							[
								-90.21909,
								32.02021
							],
							[
								-90.21905,
								32.02039
							],
							[
								-90.21901,
								32.02067
							],
							[
								-90.21898,
								32.02088
							],
							[
								-90.21897,
								32.0209
							],
							[
								-90.2189,
								32.0212
							],
							[
								-90.21879,
								32.02162
							],
							[
								-90.21869,
								32.0219
							],
							[
								-90.21864,
								32.02199
							],
							[
								-90.21851,
								32.02218
							],
							[
								-90.21848,
								32.02224
							],
							[
								-90.21844,
								32.02231
							],
							[
								-90.21822,
								32.02257
							],
							[
								-90.2182,
								32.0226
							],
							[
								-90.21792,
								32.02287
							],
							[
								-90.21774,
								32.02303
							],
							[
								-90.21698,
								32.02365
							],
							[
								-90.2167,
								32.02387
							],
							[
								-90.21654,
								32.02397
							],
							[
								-90.21653,
								32.02398
							],
							[
								-90.21637,
								32.0241
							],
							[
								-90.21614,
								32.02425
							],
							[
								-90.21598,
								32.02437
							],
							[
								-90.21584,
								32.02446
							],
							[
								-90.21542,
								32.02476
							],
							[
								-90.21499,
								32.02504
							],
							[
								-90.21481,
								32.02514
							],
							[
								-90.21477,
								32.02515
							],
							[
								-90.2147,
								32.02519
							],
							[
								-90.21462,
								32.02523
							],
							[
								-90.21455,
								32.02527
							],
							[
								-90.21448,
								32.0253
							],
							[
								-90.21439,
								32.02532
							],
							[
								-90.21431,
								32.02534
							],
							[
								-90.21427,
								32.02535
							],
							[
								-90.21406,
								32.02535
							],
							[
								-90.21402,
								32.02534
							],
							[
								-90.21395,
								32.02531
							],
							[
								-90.21379,
								32.02519
							],
							[
								-90.21364,
								32.02506
							],
							[
								-90.2136,
								32.025
							],
							[
								-90.21343,
								32.02471
							],
							[
								-90.2133,
								32.0244
							],
							[
								-90.21328,
								32.02437
							],
							[
								-90.21327,
								32.0243
							],
							[
								-90.21326,
								32.02412
							],
							[
								-90.21328,
								32.02391
							],
							[
								-90.2133,
								32.02384
							],
							[
								-90.21335,
								32.02374
							],
							[
								-90.21339,
								32.02367
							],
							[
								-90.21343,
								32.02356
							],
							[
								-90.21348,
								32.02351
							],
							[
								-90.21355,
								32.02338
							],
							[
								-90.21361,
								32.02328
							],
							[
								-90.21365,
								32.02322
							],
							[
								-90.21384,
								32.02298
							],
							[
								-90.21394,
								32.02287
							],
							[
								-90.21421,
								32.02264
							],
							[
								-90.21434,
								32.02255
							],
							[
								-90.21437,
								32.02253
							],
							[
								-90.21445,
								32.02249
							],
							[
								-90.21463,
								32.0224
							],
							[
								-90.21479,
								32.02234
							],
							[
								-90.21489,
								32.02228
							],
							[
								-90.21501,
								32.02223
							],
							[
								-90.21508,
								32.02219
							],
							[
								-90.21515,
								32.02215
							],
							[
								-90.21551,
								32.02185
							],
							[
								-90.21562,
								32.02174
							],
							[
								-90.21568,
								32.02169
							],
							[
								-90.2157,
								32.02166
							],
							[
								-90.21582,
								32.02147
							],
							[
								-90.21597,
								32.02125
							],
							[
								-90.216,
								32.0212
							],
							[
								-90.21605,
								32.02115
							],
							[
								-90.21624,
								32.02087
							],
							[
								-90.21646,
								32.02052
							],
							[
								-90.2166,
								32.0203
							],
							[
								-90.21664,
								32.02023
							],
							[
								-90.21671,
								32.02011
							],
							[
								-90.2168,
								32.01998
							],
							[
								-90.2169,
								32.01982
							],
							[
								-90.21697,
								32.01973
							],
							[
								-90.21703,
								32.01964
							],
							[
								-90.21706,
								32.01957
							],
							[
								-90.21715,
								32.01945
							],
							[
								-90.21719,
								32.01939
							],
							[
								-90.2173,
								32.01924
							],
							[
								-90.21742,
								32.01906
							],
							[
								-90.2175,
								32.01896
							],
							[
								-90.21757,
								32.01887
							],
							[
								-90.21771,
								32.01869
							],
							[
								-90.21791,
								32.01846
							],
							[
								-90.21795,
								32.0184
							],
							[
								-90.2181,
								32.01822
							],
							[
								-90.21828,
								32.01798
							],
							[
								-90.21858,
								32.01755
							],
							[
								-90.21868,
								32.01739
							],
							[
								-90.21897,
								32.01699
							],
							[
								-90.21908,
								32.01684
							],
							[
								-90.2192,
								32.01669
							],
							[
								-90.21927,
								32.0166
							],
							[
								-90.21934,
								32.01651
							],
							[
								-90.21957,
								32.01625
							],
							[
								-90.21972,
								32.01608
							],
							[
								-90.21986,
								32.01594
							],
							[
								-90.22001,
								32.01577
							],
							[
								-90.22009,
								32.01568
							],
							[
								-90.22022,
								32.01554
							],
							[
								-90.2203,
								32.01546
							],
							[
								-90.22038,
								32.01537
							],
							[
								-90.22046,
								32.01529
							],
							[
								-90.22065,
								32.0151
							],
							[
								-90.22076,
								32.01499
							],
							[
								-90.22104,
								32.01472
							],
							[
								-90.22112,
								32.01464
							],
							[
								-90.22161,
								32.01419
							],
							[
								-90.22208,
								32.01378
							],
							[
								-90.2221,
								32.01375
							],
							[
								-90.22227,
								32.01359
							],
							[
								-90.22242,
								32.01341
							],
							[
								-90.22246,
								32.01335
							],
							[
								-90.22251,
								32.01329
							],
							[
								-90.22257,
								32.01324
							],
							[
								-90.22263,
								32.01315
							],
							[
								-90.22269,
								32.01305
							],
							[
								-90.22278,
								32.01293
							],
							[
								-90.22291,
								32.01279
							],
							[
								-90.22303,
								32.0126
							],
							[
								-90.2231,
								32.01251
							],
							[
								-90.22313,
								32.01248
							],
							[
								-90.22316,
								32.01241
							],
							[
								-90.2232,
								32.01235
							],
							[
								-90.22331,
								32.01208
							],
							[
								-90.22334,
								32.01197
							],
							[
								-90.22339,
								32.01183
							],
							[
								-90.22346,
								32.01159
							],
							[
								-90.22348,
								32.01156
							],
							[
								-90.22351,
								32.01149
							],
							[
								-90.22353,
								32.01146
							],
							[
								-90.22356,
								32.01139
							],
							[
								-90.22362,
								32.01122
							],
							[
								-90.2237,
								32.01105
							],
							[
								-90.22372,
								32.01102
							],
							[
								-90.22377,
								32.01092
							],
							[
								-90.22384,
								32.01079
							],
							[
								-90.22396,
								32.01064
							],
							[
								-90.22421,
								32.0104
							],
							[
								-90.22455,
								32.01012
							],
							[
								-90.22458,
								32.01009
							],
							[
								-90.22469,
								32.01004
							],
							[
								-90.22483,
								32.00996
							],
							[
								-90.22495,
								32.00991
							],
							[
								-90.22504,
								32.00984
							],
							[
								-90.22515,
								32.00978
							],
							[
								-90.22519,
								32.00977
							],
							[
								-90.22527,
								32.00975
							],
							[
								-90.22544,
								32.00974
							],
							[
								-90.22574,
								32.00974
							],
							[
								-90.22582,
								32.00975
							],
							[
								-90.22612,
								32.00977
							],
							[
								-90.22633,
								32.00981
							],
							[
								-90.22648,
								32.00984
							],
							[
								-90.22653,
								32.00985
							],
							[
								-90.22661,
								32.00987
							],
							[
								-90.22665,
								32.00988
							],
							[
								-90.2268,
								32.00996
							],
							[
								-90.22687,
								32.01
							],
							[
								-90.22704,
								32.01002
							],
							[
								-90.2272,
								32.01006
							],
							[
								-90.2274,
								32.01012
							],
							[
								-90.22748,
								32.01015
							],
							[
								-90.22768,
								32.01021
							],
							[
								-90.22808,
								32.01032
							],
							[
								-90.22829,
								32.01035
							],
							[
								-90.2288,
								32.01037
							],
							[
								-90.22901,
								32.01036
							],
							[
								-90.22931,
								32.01034
							],
							[
								-90.2296,
								32.01031
							],
							[
								-90.22973,
								32.01028
							],
							[
								-90.22981,
								32.01027
							],
							[
								-90.22993,
								32.01024
							],
							[
								-90.2301,
								32.01021
							],
							[
								-90.23022,
								32.01017
							],
							[
								-90.23059,
								32.01008
							],
							[
								-90.23095,
								32.00997
							],
							[
								-90.23102,
								32.00994
							],
							[
								-90.23126,
								32.00986
							],
							[
								-90.23138,
								32.00982
							],
							[
								-90.2315,
								32.00978
							],
							[
								-90.23174,
								32.00971
							],
							[
								-90.23186,
								32.00968
							],
							[
								-90.23202,
								32.00963
							],
							[
								-90.23221,
								32.00956
							],
							[
								-90.23232,
								32.00951
							],
							[
								-90.23246,
								32.00942
							],
							[
								-90.23261,
								32.0093
							],
							[
								-90.23264,
								32.00927
							],
							[
								-90.2327,
								32.00918
							],
							[
								-90.23278,
								32.00906
							],
							[
								-90.23281,
								32.00892
							],
							[
								-90.23283,
								32.00878
							],
							[
								-90.23281,
								32.00863
							],
							[
								-90.23276,
								32.00846
							],
							[
								-90.23272,
								32.0084
							],
							[
								-90.2327,
								32.00836
							],
							[
								-90.23267,
								32.0083
							],
							[
								-90.23258,
								32.00818
							],
							[
								-90.23248,
								32.00806
							],
							[
								-90.23224,
								32.00781
							],
							[
								-90.23211,
								32.00767
							],
							[
								-90.23193,
								32.00747
							],
							[
								-90.23164,
								32.0072
							],
							[
								-90.23131,
								32.00693
							],
							[
								-90.23121,
								32.00686
							],
							[
								-90.23108,
								32.00677
							],
							[
								-90.23095,
								32.00668
							],
							[
								-90.23091,
								32.00666
							],
							[
								-90.23078,
								32.00657
							],
							[
								-90.23068,
								32.0065
							],
							[
								-90.23037,
								32.00626
							],
							[
								-90.23018,
								32.00607
							],
							[
								-90.22998,
								32.00583
							],
							[
								-90.22994,
								32.00577
							],
							[
								-90.22981,
								32.00555
							],
							[
								-90.22968,
								32.00524
							],
							[
								-90.22959,
								32.00504
							],
							[
								-90.22956,
								32.00497
							],
							[
								-90.22946,
								32.00481
							],
							[
								-90.2293,
								32.0046
							],
							[
								-90.22924,
								32.00451
							],
							[
								-90.22917,
								32.00442
							],
							[
								-90.22909,
								32.00429
							],
							[
								-90.22903,
								32.0042
							],
							[
								-90.229,
								32.00415
							],
							[
								-90.22897,
								32.00411
							],
							[
								-90.22895,
								32.00406
							],
							[
								-90.2289,
								32.004
							],
							[
								-90.22885,
								32.0039
							],
							[
								-90.22879,
								32.0038
							],
							[
								-90.2287,
								32.00368
							],
							[
								-90.22849,
								32.00341
							],
							[
								-90.22822,
								32.00309
							],
							[
								-90.22806,
								32.00292
							],
							[
								-90.22791,
								32.00279
							],
							[
								-90.2278,
								32.00269
							],
							[
								-90.22771,
								32.0026
							],
							[
								-90.22763,
								32.00253
							],
							[
								-90.22749,
								32.0024
							],
							[
								-90.22738,
								32.00228
							],
							[
								-90.22731,
								32.0022
							],
							[
								-90.22713,
								32.002
							],
							[
								-90.22707,
								32.0019
							],
							[
								-90.22703,
								32.00184
							],
							[
								-90.22699,
								32.00177
							],
							[
								-90.22696,
								32.00171
							],
							[
								-90.22692,
								32.00161
							],
							[
								-90.22688,
								32.00154
							],
							[
								-90.22686,
								32.00144
							],
							[
								-90.22683,
								32.00137
							],
							[
								-90.22679,
								32.00119
							],
							[
								-90.22677,
								32.00112
							],
							[
								-90.2267,
								32.00091
							],
							[
								-90.22667,
								32.00085
							],
							[
								-90.22663,
								32.00071
							],
							[
								-90.22653,
								32.00044
							],
							[
								-90.22651,
								32.00037
							],
							[
								-90.22647,
								32.00019
							],
							[
								-90.22643,
								32.00005
							],
							[
								-90.22634,
								31.99981
							],
							[
								-90.22622,
								31.99951
							],
							[
								-90.22616,
								31.99933
							],
							[
								-90.22612,
								31.99923
							],
							[
								-90.2261,
								31.9992
							],
							[
								-90.226,
								31.99891
							],
							[
								-90.22592,
								31.99871
							],
							[
								-90.22586,
								31.99857
							],
							[
								-90.2257,
								31.99824
							],
							[
								-90.22565,
								31.99814
							],
							[
								-90.22548,
								31.99792
							],
							[
								-90.22547,
								31.9979
							],
							[
								-90.22499,
								31.99731
							],
							[
								-90.22477,
								31.99709
							],
							[
								-90.22452,
								31.99685
							],
							[
								-90.22436,
								31.99668
							],
							[
								-90.22427,
								31.9966
							],
							[
								-90.22372,
								31.99605
							],
							[
								-90.22367,
								31.996
							],
							[
								-90.22355,
								31.99589
							],
							[
								-90.22348,
								31.9958
							],
							[
								-90.22338,
								31.99568
							],
							[
								-90.22332,
								31.99559
							],
							[
								-90.22315,
								31.99539
							],
							[
								-90.22313,
								31.99536
							],
							[
								-90.22308,
								31.99529
							],
							[
								-90.22294,
								31.99507
							],
							[
								-90.22292,
								31.99504
							],
							[
								-90.22279,
								31.99481
							],
							[
								-90.22272,
								31.99461
							],
							[
								-90.22269,
								31.99451
							],
							[
								-90.22263,
								31.99433
							],
							[
								-90.2226,
								31.99423
							],
							[
								-90.22253,
								31.9938
							],
							[
								-90.22248,
								31.99359
							],
							[
								-90.22246,
								31.99341
							],
							[
								-90.22244,
								31.99323
							],
							[
								-90.22244,
								31.99263
							],
							[
								-90.22245,
								31.99227
							],
							[
								-90.22247,
								31.99205
							],
							[
								-90.22251,
								31.99188
							],
							[
								-90.22255,
								31.9917
							],
							[
								-90.22262,
								31.99135
							],
							[
								-90.22271,
								31.99093
							],
							[
								-90.2228,
								31.99065
							],
							[
								-90.22285,
								31.9905
							],
							[
								-90.22287,
								31.99044
							],
							[
								-90.22291,
								31.9903
							],
							[
								-90.22294,
								31.99012
							],
							[
								-90.22296,
								31.98988
							],
							[
								-90.22296,
								31.9897
							],
							[
								-90.22295,
								31.98962
							],
							[
								-90.22296,
								31.98937
							],
							[
								-90.22295,
								31.98916
							],
							[
								-90.22291,
								31.98902
							],
							[
								-90.22284,
								31.98885
							],
							[
								-90.22281,
								31.9888
							],
							[
								-90.22276,
								31.98874
							],
							[
								-90.22258,
								31.98859
							],
							[
								-90.22243,
								31.98852
							],
							[
								-90.22235,
								31.9885
							],
							[
								-90.22222,
								31.98848
							],
							[
								-90.22214,
								31.98847
							],
							[
								-90.22205,
								31.98847
							],
							[
								-90.2218,
								31.98848
							],
							[
								-90.22142,
								31.98852
							],
							[
								-90.22125,
								31.98855
							],
							[
								-90.22093,
								31.98864
							],
							[
								-90.22088,
								31.98867
							],
							[
								-90.2208,
								31.98869
							],
							[
								-90.22066,
								31.98876
							],
							[
								-90.22049,
								31.98888
							],
							[
								-90.2202,
								31.98909
							],
							[
								-90.22003,
								31.98919
							],
							[
								-90.21996,
								31.98923
							],
							[
								-90.21989,
								31.98927
							],
							[
								-90.21955,
								31.98942
							],
							[
								-90.21939,
								31.98947
							],
							[
								-90.21931,
								31.9895
							],
							[
								-90.21916,
								31.98956
							],
							[
								-90.21904,
								31.98959
							],
							[
								-90.21896,
								31.98962
							],
							[
								-90.2189,
								31.98964
							],
							[
								-90.21884,
								31.98966
							],
							[
								-90.21881,
								31.98968
							],
							[
								-90.2182,
								31.98986
							],
							[
								-90.21804,
								31.98989
							],
							[
								-90.21787,
								31.98992
							],
							[
								-90.2177,
								31.98993
							],
							[
								-90.21745,
								31.98992
							],
							[
								-90.21732,
								31.9899
							],
							[
								-90.21724,
								31.98989
							],
							[
								-90.21701,
								31.9898
							],
							[
								-90.2169,
								31.98974
							],
							[
								-90.21676,
								31.98966
							],
							[
								-90.2166,
								31.98954
							],
							[
								-90.21633,
								31.98931
							],
							[
								-90.21616,
								31.98916
							],
							[
								-90.21611,
								31.9891
							],
							[
								-90.21591,
								31.98891
							],
							[
								-90.21581,
								31.9888
							],
							[
								-90.2156,
								31.98857
							],
							[
								-90.2155,
								31.98845
							],
							[
								-90.21542,
								31.98833
							],
							[
								-90.21525,
								31.98808
							],
							[
								-90.21518,
								31.98795
							],
							[
								-90.21516,
								31.98792
							],
							[
								-90.21499,
								31.98763
							],
							[
								-90.21493,
								31.98753
							],
							[
								-90.21482,
								31.98734
							],
							[
								-90.21473,
								31.98722
							],
							[
								-90.21467,
								31.98712
							],
							[
								-90.21452,
								31.98691
							],
							[
								-90.21434,
								31.98671
							],
							[
								-90.21415,
								31.98652
							],
							[
								-90.21409,
								31.98647
							],
							[
								-90.21405,
								31.98644
							],
							[
								-90.21395,
								31.98638
							],
							[
								-90.21388,
								31.98634
							],
							[
								-90.21377,
								31.98628
							],
							[
								-90.21366,
								31.98624
							],
							[
								-90.21358,
								31.98622
							],
							[
								-90.21349,
								31.9862
							],
							[
								-90.21341,
								31.9862
							],
							[
								-90.21332,
								31.9862
							],
							[
								-90.2132,
								31.98624
							],
							[
								-90.21302,
								31.98633
							],
							[
								-90.21296,
								31.98638
							],
							[
								-90.21282,
								31.98651
							],
							[
								-90.21271,
								31.98663
							],
							[
								-90.21267,
								31.98669
							],
							[
								-90.21254,
								31.98683
							],
							[
								-90.21252,
								31.98686
							],
							[
								-90.21247,
								31.98696
							],
							[
								-90.21234,
								31.98722
							],
							[
								-90.21232,
								31.98726
							],
							[
								-90.21229,
								31.98732
							],
							[
								-90.21222,
								31.98746
							],
							[
								-90.21217,
								31.98755
							],
							[
								-90.21209,
								31.98768
							],
							[
								-90.212,
								31.9878
							],
							[
								-90.21192,
								31.98793
							],
							[
								-90.21191,
								31.98796
							],
							[
								-90.21186,
								31.98802
							],
							[
								-90.21172,
								31.9882
							],
							[
								-90.2116,
								31.98835
							],
							[
								-90.21143,
								31.98859
							],
							[
								-90.21136,
								31.98866
							],
							[
								-90.2113,
								31.98871
							],
							[
								-90.2112,
								31.98878
							],
							[
								-90.21095,
								31.98897
							],
							[
								-90.21081,
								31.98905
							],
							[
								-90.21071,
								31.98911
							],
							[
								-90.21067,
								31.98913
							],
							[
								-90.2104,
								31.98924
							],
							[
								-90.21028,
								31.98927
							],
							[
								-90.21003,
								31.98931
							],
							[
								-90.20969,
								31.98933
							],
							[
								-90.20948,
								31.98934
							],
							[
								-90.20927,
								31.98934
							],
							[
								-90.209,
								31.98931
							],
							[
								-90.20876,
								31.98927
							],
							[
								-90.20864,
								31.98925
							],
							[
								-90.20848,
								31.98921
							],
							[
								-90.20823,
								31.98915
							],
							[
								-90.20807,
								31.98911
							],
							[
								-90.20795,
								31.98907
							],
							[
								-90.20755,
								31.98895
							],
							[
								-90.20748,
								31.98891
							],
							[
								-90.20721,
								31.9888
							],
							[
								-90.20714,
								31.98877
							],
							[
								-90.20703,
								31.98872
							],
							[
								-90.20692,
								31.98866
							],
							[
								-90.20685,
								31.98862
							],
							[
								-90.20675,
								31.98855
							],
							[
								-90.20651,
								31.98835
							],
							[
								-90.20636,
								31.98823
							],
							[
								-90.2061,
								31.98799
							],
							[
								-90.20592,
								31.98779
							],
							[
								-90.20585,
								31.98766
							],
							[
								-90.20581,
								31.98759
							],
							[
								-90.20578,
								31.98753
							],
							[
								-90.20573,
								31.98739
							],
							[
								-90.20567,
								31.98722
							],
							[
								-90.20563,
								31.98712
							],
							[
								-90.2056,
								31.98705
							],
							[
								-90.20559,
								31.98701
							],
							[
								-90.20556,
								31.9869
							],
							[
								-90.20554,
								31.98683
							],
							[
								-90.20552,
								31.98676
							],
							[
								-90.20549,
								31.9867
							],
							[
								-90.20543,
								31.98645
							],
							[
								-90.2054,
								31.98631
							],
							[
								-90.20533,
								31.98588
							],
							[
								-90.20525,
								31.98528
							],
							[
								-90.20523,
								31.98506
							],
							[
								-90.20519,
								31.98461
							],
							[
								-90.20519,
								31.98456
							],
							[
								-90.20515,
								31.98417
							],
							[
								-90.20514,
								31.98403
							],
							[
								-90.20513,
								31.98399
							],
							[
								-90.20514,
								31.98396
							],
							[
								-90.20512,
								31.98363
							],
							[
								-90.20512,
								31.98338
							],
							[
								-90.20514,
								31.98324
							],
							[
								-90.2052,
								31.98285
							],
							[
								-90.20527,
								31.98257
							],
							[
								-90.20528,
								31.98255
							],
							[
								-90.20529,
								31.9825
							],
							[
								-90.20534,
								31.98229
							],
							[
								-90.2054,
								31.98212
							],
							[
								-90.20542,
								31.98205
							],
							[
								-90.20546,
								31.98198
							],
							[
								-90.20548,
								31.98191
							],
							[
								-90.20549,
								31.98184
							],
							[
								-90.20552,
								31.98174
							],
							[
								-90.20557,
								31.9816
							],
							[
								-90.20561,
								31.98146
							],
							[
								-90.2058,
								31.98095
							],
							[
								-90.20584,
								31.98088
							],
							[
								-90.20588,
								31.98078
							],
							[
								-90.20595,
								31.98061
							],
							[
								-90.20601,
								31.98052
							],
							[
								-90.20603,
								31.98045
							],
							[
								-90.20611,
								31.98032
							],
							[
								-90.20623,
								31.98005
							],
							[
								-90.20628,
								31.97991
							],
							[
								-90.20631,
								31.97985
							],
							[
								-90.20635,
								31.97971
							],
							[
								-90.20638,
								31.97964
							],
							[
								-90.20646,
								31.97944
							],
							[
								-90.2065,
								31.97933
							],
							[
								-90.20653,
								31.97923
							],
							[
								-90.20655,
								31.97916
							],
							[
								-90.2066,
								31.97899
							],
							[
								-90.2067,
								31.97867
							],
							[
								-90.20677,
								31.9785
							],
							[
								-90.20679,
								31.97845
							],
							[
								-90.20681,
								31.97837
							],
							[
								-90.20684,
								31.9783
							],
							[
								-90.20686,
								31.97823
							],
							[
								-90.2069,
								31.97813
							],
							[
								-90.20702,
								31.97767
							],
							[
								-90.20704,
								31.97756
							],
							[
								-90.20709,
								31.97724
							],
							[
								-90.20711,
								31.97704
							],
							[
								-90.20711,
								31.97692
							],
							[
								-90.20709,
								31.97656
							],
							[
								-90.20707,
								31.97643
							],
							[
								-90.20706,
								31.97631
							],
							[
								-90.20703,
								31.97613
							],
							[
								-90.207,
								31.97603
							],
							[
								-90.20694,
								31.97585
							],
							[
								-90.20689,
								31.97572
							],
							[
								-90.20679,
								31.97552
							],
							[
								-90.2066,
								31.97524
							],
							[
								-90.20651,
								31.97512
							],
							[
								-90.20647,
								31.97506
							],
							[
								-90.2063,
								31.97485
							],
							[
								-90.20627,
								31.97482
							],
							[
								-90.20622,
								31.97477
							],
							[
								-90.20608,
								31.97463
							],
							[
								-90.20597,
								31.97452
							],
							[
								-90.20586,
								31.97441
							],
							[
								-90.20584,
								31.97438
							],
							[
								-90.20579,
								31.97432
							],
							[
								-90.20567,
								31.97422
							],
							[
								-90.20539,
								31.974
							],
							[
								-90.20505,
								31.97376
							],
							[
								-90.20497,
								31.9737
							],
							[
								-90.20482,
								31.97362
							],
							[
								-90.20449,
								31.97346
							],
							[
								-90.20436,
								31.97337
							],
							[
								-90.20425,
								31.97331
							],
							[
								-90.20419,
								31.97327
							],
							[
								-90.20384,
								31.97301
							],
							[
								-90.20329,
								31.97261
							],
							[
								-90.2031,
								31.97247
							],
							[
								-90.20256,
								31.97204
							],
							[
								-90.20236,
								31.97188
							],
							[
								-90.20191,
								31.97149
							],
							[
								-90.2018,
								31.97138
							],
							[
								-90.20174,
								31.97117
							],
							[
								-90.20169,
								31.97096
							],
							[
								-90.20167,
								31.97089
							],
							[
								-90.20163,
								31.97072
							],
							[
								-90.20161,
								31.9705
							],
							[
								-90.20157,
								31.96982
							],
							[
								-90.20157,
								31.96961
							],
							[
								-90.20155,
								31.9691
							],
							[
								-90.20154,
								31.96889
							],
							[
								-90.20152,
								31.96871
							],
							[
								-90.20146,
								31.96839
							],
							[
								-90.20142,
								31.96822
							],
							[
								-90.20134,
								31.96801
							],
							[
								-90.20128,
								31.96788
							],
							[
								-90.2012,
								31.96779
							],
							[
								-90.20112,
								31.96771
							],
							[
								-90.20109,
								31.96768
							],
							[
								-90.20095,
								31.9676
							],
							[
								-90.20085,
								31.96753
							],
							[
								-90.20079,
								31.96748
							],
							[
								-90.20077,
								31.96745
							],
							[
								-90.20073,
								31.96739
							],
							[
								-90.20066,
								31.96734
							],
							[
								-90.20048,
								31.96726
							],
							[
								-90.20024,
								31.96717
							],
							[
								-90.20009,
								31.96712
							],
							[
								-90.19985,
								31.96703
							],
							[
								-90.19977,
								31.96701
							],
							[
								-90.19955,
								31.9669
							],
							[
								-90.19938,
								31.9668
							],
							[
								-90.19931,
								31.96676
							],
							[
								-90.19927,
								31.96673
							],
							[
								-90.1992,
								31.9667
							],
							[
								-90.19913,
								31.96666
							],
							[
								-90.19906,
								31.96662
							],
							[
								-90.1989,
								31.96657
							],
							[
								-90.19882,
								31.96654
							],
							[
								-90.19869,
								31.96652
							],
							[
								-90.19849,
								31.96647
							],
							[
								-90.19841,
								31.96645
							],
							[
								-90.19833,
								31.96643
							],
							[
								-90.19813,
								31.96637
							],
							[
								-90.19796,
								31.96633
							],
							[
								-90.19792,
								31.96632
							],
							[
								-90.19773,
								31.96625
							],
							[
								-90.19758,
								31.96618
							],
							[
								-90.19744,
								31.9661
							],
							[
								-90.19732,
								31.966
							],
							[
								-90.19729,
								31.96597
							],
							[
								-90.19721,
								31.96585
							],
							[
								-90.19711,
								31.96565
							],
							[
								-90.19704,
								31.96541
							],
							[
								-90.19702,
								31.96533
							],
							[
								-90.19699,
								31.96508
							],
							[
								-90.19699,
								31.96494
							],
							[
								-90.19703,
								31.96462
							],
							[
								-90.19707,
								31.96441
							],
							[
								-90.1971,
								31.96434
							],
							[
								-90.19713,
								31.96427
							],
							[
								-90.19715,
								31.9642
							],
							[
								-90.19717,
								31.9641
							],
							[
								-90.19719,
								31.96403
							],
							[
								-90.19722,
								31.96389
							],
							[
								-90.1973,
								31.96361
							],
							[
								-90.19732,
								31.9635
							],
							[
								-90.19736,
								31.9634
							],
							[
								-90.19741,
								31.96319
							],
							[
								-90.19747,
								31.96283
							],
							[
								-90.19749,
								31.96273
							],
							[
								-90.19751,
								31.96262
							],
							[
								-90.19756,
								31.96216
							],
							[
								-90.19761,
								31.96133
							],
							[
								-90.19763,
								31.96116
							],
							[
								-90.19772,
								31.96019
							],
							[
								-90.19777,
								31.95965
							],
							[
								-90.19783,
								31.9593
							],
							[
								-90.19791,
								31.95902
							],
							[
								-90.19796,
								31.95881
							],
							[
								-90.19798,
								31.95867
							],
							[
								-90.19803,
								31.95842
							],
							[
								-90.19806,
								31.95817
							],
							[
								-90.19811,
								31.95787
							],
							[
								-90.19796,
								31.95767
							],
							[
								-90.1971,
								31.95726
							],
							[
								-90.19619,
								31.95705
							],
							[
								-90.19454,
								31.95654
							],
							[
								-90.19449,
								31.95654
							],
							[
								-90.19364,
								31.95655
							],
							[
								-90.19322,
								31.95655
							],
							[
								-90.19305,
								31.95655
							],
							[
								-90.1928,
								31.95654
							],
							[
								-90.1925,
								31.95652
							],
							[
								-90.19233,
								31.9565
							],
							[
								-90.19217,
								31.95647
							],
							[
								-90.192,
								31.95642
							],
							[
								-90.19169,
								31.95632
							],
							[
								-90.19154,
								31.95625
							],
							[
								-90.19143,
								31.9562
							],
							[
								-90.19121,
								31.95609
							],
							[
								-90.19111,
								31.95603
							],
							[
								-90.19055,
								31.95564
							],
							[
								-90.19051,
								31.95562
							],
							[
								-90.19042,
								31.95555
							],
							[
								-90.19027,
								31.95542
							],
							[
								-90.19016,
								31.95532
							],
							[
								-90.19007,
								31.95525
							],
							[
								-90.19,
								31.95519
							],
							[
								-90.18949,
								31.95471
							],
							[
								-90.18915,
								31.95439
							],
							[
								-90.18905,
								31.95427
							],
							[
								-90.189,
								31.95422
							],
							[
								-90.18893,
								31.95413
							],
							[
								-90.18879,
								31.95395
							],
							[
								-90.18847,
								31.95357
							],
							[
								-90.18836,
								31.95346
							],
							[
								-90.18818,
								31.95326
							],
							[
								-90.18798,
								31.95298
							],
							[
								-90.18791,
								31.95285
							],
							[
								-90.18786,
								31.95279
							],
							[
								-90.18776,
								31.9526
							],
							[
								-90.1877,
								31.95246
							],
							[
								-90.18767,
								31.95239
							],
							[
								-90.18764,
								31.95233
							],
							[
								-90.18759,
								31.95223
							],
							[
								-90.18756,
								31.95213
							],
							[
								-90.18753,
								31.95202
							],
							[
								-90.18748,
								31.95181
							],
							[
								-90.18747,
								31.9517
							],
							[
								-90.18748,
								31.95134
							],
							[
								-90.18749,
								31.9512
							],
							[
								-90.18752,
								31.95095
							],
							[
								-90.18756,
								31.95063
							],
							[
								-90.18762,
								31.95031
							],
							[
								-90.18763,
								31.95024
							],
							[
								-90.18775,
								31.94993
							],
							[
								-90.18789,
								31.94968
							],
							[
								-90.18792,
								31.94966
							],
							[
								-90.18808,
								31.94949
							],
							[
								-90.18838,
								31.94929
							],
							[
								-90.18853,
								31.94922
							],
							[
								-90.18864,
								31.94917
							],
							[
								-90.18883,
								31.94909
							],
							[
								-90.18895,
								31.94905
							],
							[
								-90.18903,
								31.94904
							],
							[
								-90.18924,
								31.94902
							],
							[
								-90.18937,
								31.94902
							],
							[
								-90.18949,
								31.94906
							],
							[
								-90.18956,
								31.9491
							],
							[
								-90.18977,
								31.94928
							],
							[
								-90.18982,
								31.94933
							],
							[
								-90.18992,
								31.94945
							],
							[
								-90.18994,
								31.94948
							],
							[
								-90.18995,
								31.94952
							],
							[
								-90.19,
								31.94969
							],
							[
								-90.19,
								31.94973
							],
							[
								-90.19001,
								31.95005
							],
							[
								-90.18998,
								31.95077
							],
							[
								-90.18998,
								31.95123
							],
							[
								-90.19002,
								31.95163
							],
							[
								-90.19003,
								31.9517
							],
							[
								-90.19004,
								31.95177
							],
							[
								-90.19007,
								31.95188
							],
							[
								-90.19008,
								31.95198
							],
							[
								-90.19009,
								31.95202
							],
							[
								-90.19015,
								31.95215
							],
							[
								-90.1903,
								31.95252
							],
							[
								-90.19038,
								31.95269
							],
							[
								-90.19048,
								31.95285
							],
							[
								-90.1906,
								31.953
							],
							[
								-90.19065,
								31.95305
							],
							[
								-90.19074,
								31.95313
							],
							[
								-90.19083,
								31.95321
							],
							[
								-90.19097,
								31.95329
							],
							[
								-90.19108,
								31.95334
							],
							[
								-90.19119,
								31.95339
							],
							[
								-90.19127,
								31.95343
							],
							[
								-90.19142,
								31.95348
							],
							[
								-90.19155,
								31.95352
							],
							[
								-90.19167,
								31.95355
							],
							[
								-90.19171,
								31.95355
							],
							[
								-90.19205,
								31.95357
							],
							[
								-90.1923,
								31.95353
							],
							[
								-90.19242,
								31.9535
							],
							[
								-90.19246,
								31.95349
							],
							[
								-90.1925,
								31.95347
							],
							[
								-90.19258,
								31.95345
							],
							[
								-90.19262,
								31.95343
							],
							[
								-90.19269,
								31.95339
							],
							[
								-90.19276,
								31.95335
							],
							[
								-90.19291,
								31.95323
							],
							[
								-90.19304,
								31.95309
							],
							[
								-90.19281,
								31.95312
							],
							[
								-90.19187,
								31.94411
							],
							[
								-90.19213,
								31.94388
							],
							[
								-90.19219,
								31.94382
							],
							[
								-90.19242,
								31.94368
							],
							[
								-90.19258,
								31.94359
							],
							[
								-90.19292,
								31.94346
							],
							[
								-90.19427,
								31.94316
							],
							[
								-90.1944,
								31.94313
							],
							[
								-90.19443,
								31.94312
							],
							[
								-90.19452,
								31.94311
							],
							[
								-90.1949,
								31.94307
							],
							[
								-90.19503,
								31.94307
							],
							[
								-90.19511,
								31.94308
							],
							[
								-90.19519,
								31.94309
							],
							[
								-90.1954,
								31.94314
							],
							[
								-90.19566,
								31.94318
							],
							[
								-90.19784,
								31.94291
							],
							[
								-90.19826,
								31.94199
							],
							[
								-90.1983,
								31.9419
							],
							[
								-90.19792,
								31.94161
							],
							[
								-90.1978,
								31.94152
							],
							[
								-90.19769,
								31.94143
							],
							[
								-90.19715,
								31.94102
							],
							[
								-90.19453,
								31.93963
							],
							[
								-90.19373,
								31.93956
							],
							[
								-90.19168,
								31.93939
							],
							[
								-90.19138,
								31.93936
							],
							[
								-90.19067,
								31.93996
							],
							[
								-90.19041,
								31.9402
							],
							[
								-90.1897,
								31.94088
							],
							[
								-90.18852,
								31.94154
							],
							[
								-90.18697,
								31.94161
							],
							[
								-90.18622,
								31.94069
							],
							[
								-90.18573,
								31.93992
							],
							[
								-90.18569,
								31.93986
							],
							[
								-90.18565,
								31.9398
							],
							[
								-90.18559,
								31.9397
							],
							[
								-90.18553,
								31.93961
							],
							[
								-90.18489,
								31.93859
							],
							[
								-90.18421,
								31.93773
							],
							[
								-90.18388,
								31.93763
							],
							[
								-90.18379,
								31.9376
							],
							[
								-90.18303,
								31.93737
							],
							[
								-90.18256,
								31.93757
							],
							[
								-90.18165,
								31.93795
							],
							[
								-90.1803,
								31.93892
							],
							[
								-90.18015,
								31.93967
							],
							[
								-90.18019,
								31.93984
							],
							[
								-90.18037,
								31.94028
							],
							[
								-90.1805,
								31.94063
							],
							[
								-90.18083,
								31.94113
							],
							[
								-90.18058,
								31.94212
							],
							[
								-90.17992,
								31.94248
							],
							[
								-90.1787,
								31.94266
							],
							[
								-90.17844,
								31.94243
							],
							[
								-90.17816,
								31.94217
							],
							[
								-90.17607,
								31.93953
							],
							[
								-90.17409,
								31.93721
							],
							[
								-90.17315,
								31.93633
							],
							[
								-90.17221,
								31.93545
							],
							[
								-90.17207,
								31.93531
							],
							[
								-90.17193,
								31.93518
							],
							[
								-90.17164,
								31.93491
							],
							[
								-90.1709,
								31.93391
							],
							[
								-90.17005,
								31.93278
							],
							[
								-90.1698,
								31.93245
							],
							[
								-90.16832,
								31.93055
							],
							[
								-90.1683,
								31.93049
							],
							[
								-90.16647,
								31.92645
							],
							[
								-90.16646,
								31.92571
							],
							[
								-90.16659,
								31.92424
							],
							[
								-90.16664,
								31.9236
							],
							[
								-90.16738,
								31.92256
							],
							[
								-90.16793,
								31.92179
							],
							[
								-90.16851,
								31.92098
							],
							[
								-90.1689,
								31.92015
							],
							[
								-90.16917,
								31.91957
							],
							[
								-90.16944,
								31.919
							],
							[
								-90.1697,
								31.91843
							],
							[
								-90.16979,
								31.91764
							],
							[
								-90.1701,
								31.91468
							],
							[
								-90.17012,
								31.91179
							],
							[
								-90.17013,
								31.91128
							],
							[
								-90.17013,
								31.91077
							],
							[
								-90.17014,
								31.91033
							],
							[
								-90.17035,
								31.90845
							],
							[
								-90.17035,
								31.90816
							],
							[
								-90.17033,
								31.90562
							],
							[
								-90.17033,
								31.90558
							],
							[
								-90.17028,
								31.90447
							],
							[
								-90.16972,
								31.90387
							],
							[
								-90.16952,
								31.90376
							],
							[
								-90.1691,
								31.90353
							],
							[
								-90.16867,
								31.9033
							],
							[
								-90.16833,
								31.90311
							],
							[
								-90.16799,
								31.90307
							],
							[
								-90.16737,
								31.903
							],
							[
								-90.16676,
								31.90292
							],
							[
								-90.16596,
								31.90283
							],
							[
								-90.16449,
								31.90267
							],
							[
								-90.16391,
								31.90261
							],
							[
								-90.16165,
								31.90186
							],
							[
								-90.16144,
								31.90176
							],
							[
								-90.16019,
								31.90116
							],
							[
								-90.15916,
								31.90054
							],
							[
								-90.15784,
								31.89907
							],
							[
								-90.1555,
								31.89718
							],
							[
								-90.15365,
								31.89627
							],
							[
								-90.15201,
								31.89547
							],
							[
								-90.15175,
								31.89537
							],
							[
								-90.14809,
								31.89399
							],
							[
								-90.14572,
								31.89287
							],
							[
								-90.14408,
								31.8911
							],
							[
								-90.14375,
								31.89058
							],
							[
								-90.14175,
								31.88739
							],
							[
								-90.14163,
								31.88691
							],
							[
								-90.14041,
								31.8823
							],
							[
								-90.13984,
								31.87999
							],
							[
								-90.13839,
								31.87549
							],
							[
								-90.13834,
								31.87532
							]
						]
					]
				]
			}
		},
		{
			"type": "Feature",
			"properties": {
				"locationID": "cou002",
				"Location/feature name (incl. historical names)": "Macon County",
				"Geometry type": "polygon",
				"Geography type": "county",
				"Country": "USA",
				"Region": "",
				"State/Province": "Georgia",
				"County": "Macon",
				"City": "",
				"Neighborhood (incl. boroughs)": "",
				"Street address": "",
				"Notes": "",
				"Source": "",
				"songs": [
					{
						"title": "Going to Georgia",
						"album": "Zopilote Machine",
						"albums": [
							"Zopilote Machine"
						],
						"lyric": "\"The world shines as I cross the Macon county line\""
					}
				]
			},
			"geometry": {
				"type": "MultiPolygon",
				"coordinates": [
					[
						[
							[
								-84.05323,
								32.52273
							],
							[
								-84.05315,
								32.52342
							],
							[
								-84.05314,
								32.52345
							],
							[
								-84.05301,
								32.52782
							],
							[
								-84.05295,
								32.5306
							],
							[
								-84.04559,
								32.5305
							],
							[
								-84.03594,
								32.53036
							],
							[
								-84.03447,
								32.53034
							],
							[
								-84.03397,
								32.53034
							],
							[
								-84.01855,
								32.53012
							],
							[
								-84.01162,
								32.53003
							],
							[
								-84.00453,
								32.52994
							],
							[
								-84.00418,
								32.52994
							],
							[
								-84.00348,
								32.52993
							],
							[
								-84.00336,
								32.52993
							],
							[
								-84.00337,
								32.52972
							],
							[
								-84.00337,
								32.52962
							],
							[
								-84.00351,
								32.52916
							],
							[
								-84.00346,
								32.52831
							],
							[
								-84.0034,
								32.52746
							],
							[
								-84.00336,
								32.52689
							],
							[
								-84.00285,
								32.52626
							],
							[
								-84.00238,
								32.52569
							],
							[
								-84.00191,
								32.52512
							],
							[
								-84.00175,
								32.52492
							],
							[
								-84.00131,
								32.52408
							],
							[
								-84.00132,
								32.52264
							],
							[
								-84.0011,
								32.52233
							],
							[
								-84.00056,
								32.52154
							],
							[
								-84.00058,
								32.52144
							],
							[
								-84.00069,
								32.52101
							],
							[
								-84.00107,
								32.52059
							],
							[
								-84.00144,
								32.52058
							],
							[
								-84.00173,
								32.52078
							],
							[
								-84.00207,
								32.52097
							],
							[
								-84.00237,
								32.52115
							],
							[
								-84.00267,
								32.52132
							],
							[
								-84.00376,
								32.52106
							],
							[
								-84.00438,
								32.52098
							],
							[
								-84.00441,
								32.521
							],
							[
								-84.00479,
								32.52136
							],
							[
								-84.0055,
								32.52152
							],
							[
								-84.00618,
								32.52168
							],
							[
								-84.00636,
								32.52181
							],
							[
								-84.00689,
								32.52218
							],
							[
								-84.00726,
								32.52297
							],
							[
								-84.00758,
								32.52296
							],
							[
								-84.00775,
								32.52295
							],
							[
								-84.0079,
								32.52289
							],
							[
								-84.00814,
								32.52264
							],
							[
								-84.0083,
								32.52239
							],
							[
								-84.00845,
								32.52199
							],
							[
								-84.00848,
								32.52198
							],
							[
								-84.00851,
								32.52196
							],
							[
								-84.00849,
								32.52177
							],
							[
								-84.00877,
								32.52177
							],
							[
								-84.0094,
								32.52177
							],
							[
								-84.02735,
								32.52187
							],
							[
								-84.0287,
								32.52188
							],
							[
								-84.03551,
								32.52191
							],
							[
								-84.03619,
								32.52192
							],
							[
								-84.03903,
								32.52193
							],
							[
								-84.04715,
								32.52198
							],
							[
								-84.04949,
								32.522
							],
							[
								-84.04952,
								32.522
							],
							[
								-84.05136,
								32.52205
							],
							[
								-84.05152,
								32.52205
							],
							[
								-84.05331,
								32.52202
							],
							[
								-84.05323,
								32.52273
							]
						]
					],
					[
						[
							[
								-83.83685,
								32.42295
							],
							[
								-83.83685,
								32.42291
							],
							[
								-83.83684,
								32.4215
							],
							[
								-83.8368,
								32.41479
							],
							[
								-83.8368,
								32.41477
							],
							[
								-83.8368,
								32.41475
							],
							[
								-83.8368,
								32.41472
							],
							[
								-83.83678,
								32.4147
							],
							[
								-83.83672,
								32.41466
							],
							[
								-83.83688,
								32.40562
							],
							[
								-83.8369,
								32.40182
							],
							[
								-83.83691,
								32.40176
							],
							[
								-83.83691,
								32.40175
							],
							[
								-83.83691,
								32.40154
							],
							[
								-83.83691,
								32.40141
							],
							[
								-83.83691,
								32.40132
							],
							[
								-83.83691,
								32.40124
							],
							[
								-83.83692,
								32.40043
							],
							[
								-83.83692,
								32.40019
							],
							[
								-83.83692,
								32.40014
							],
							[
								-83.83692,
								32.40013
							],
							[
								-83.83695,
								32.39531
							],
							[
								-83.83695,
								32.39523
							],
							[
								-83.83696,
								32.39393
							],
							[
								-83.83699,
								32.38879
							],
							[
								-83.83704,
								32.3822
							],
							[
								-83.84253,
								32.38225
							],
							[
								-83.84273,
								32.38225
							],
							[
								-83.8437,
								32.38226
							],
							[
								-83.8464,
								32.38229
							],
							[
								-83.84662,
								32.38229
							],
							[
								-83.84674,
								32.3823
							],
							[
								-83.85654,
								32.3824
							],
							[
								-83.85665,
								32.37978
							],
							[
								-83.85685,
								32.37515
							],
							[
								-83.85659,
								32.36959
							],
							[
								-83.85659,
								32.36929
							],
							[
								-83.85659,
								32.36281
							],
							[
								-83.85659,
								32.35777
							],
							[
								-83.85561,
								32.35777
							],
							[
								-83.84739,
								32.35774
							],
							[
								-83.84705,
								32.35774
							],
							[
								-83.847,
								32.35774
							],
							[
								-83.84699,
								32.35774
							],
							[
								-83.84697,
								32.35774
							],
							[
								-83.84694,
								32.35774
							],
							[
								-83.84688,
								32.35774
							],
							[
								-83.84683,
								32.35774
							],
							[
								-83.84683,
								32.35762
							],
							[
								-83.84683,
								32.35754
							],
							[
								-83.84685,
								32.35681
							],
							[
								-83.84698,
								32.3511
							],
							[
								-83.84706,
								32.34761
							],
							[
								-83.84706,
								32.34758
							],
							[
								-83.84707,
								32.34755
							],
							[
								-83.84707,
								32.34754
							],
							[
								-83.84707,
								32.3474
							],
							[
								-83.84712,
								32.34521
							],
							[
								-83.84717,
								32.3431
							],
							[
								-83.84725,
								32.33948
							],
							[
								-83.84729,
								32.33797
							],
							[
								-83.84733,
								32.33614
							],
							[
								-83.84739,
								32.33333
							],
							[
								-83.8474,
								32.33314
							],
							[
								-83.8474,
								32.33284
							],
							[
								-83.8474,
								32.33281
							],
							[
								-83.84741,
								32.33276
							],
							[
								-83.84743,
								32.33195
							],
							[
								-83.84761,
								32.32351
							],
							[
								-83.8481,
								32.30285
							],
							[
								-83.84837,
								32.29159
							],
							[
								-83.84837,
								32.29153
							],
							[
								-83.84838,
								32.29097
							],
							[
								-83.85421,
								32.29106
							],
							[
								-83.85447,
								32.29107
							],
							[
								-83.86469,
								32.29123
							],
							[
								-83.86482,
								32.29123
							],
							[
								-83.86532,
								32.29123
							],
							[
								-83.86536,
								32.29124
							],
							[
								-83.87024,
								32.29131
							],
							[
								-83.87584,
								32.2914
							],
							[
								-83.88089,
								32.29149
							],
							[
								-83.88149,
								32.29152
							],
							[
								-83.88298,
								32.29164
							],
							[
								-83.88481,
								32.29173
							],
							[
								-83.88548,
								32.29177
							],
							[
								-83.88758,
								32.2919
							],
							[
								-83.88867,
								32.29198
							],
							[
								-83.88905,
								32.29198
							],
							[
								-83.88949,
								32.29203
							],
							[
								-83.88987,
								32.2921
							],
							[
								-83.89419,
								32.29217
							],
							[
								-83.89446,
								32.29217
							],
							[
								-83.8945,
								32.29217
							],
							[
								-83.8946,
								32.29217
							],
							[
								-83.89478,
								32.29218
							],
							[
								-83.89495,
								32.29214
							],
							[
								-83.89507,
								32.2921
							],
							[
								-83.89514,
								32.29207
							],
							[
								-83.89515,
								32.29207
							],
							[
								-83.89533,
								32.29198
							],
							[
								-83.89549,
								32.29188
							],
							[
								-83.89559,
								32.29177
							],
							[
								-83.89569,
								32.29167
							],
							[
								-83.89577,
								32.29155
							],
							[
								-83.89598,
								32.29123
							],
							[
								-83.89605,
								32.2911
							],
							[
								-83.89611,
								32.29098
							],
							[
								-83.89615,
								32.29084
							],
							[
								-83.89618,
								32.29071
							],
							[
								-83.89641,
								32.29025
							],
							[
								-83.89647,
								32.29021
							],
							[
								-83.89652,
								32.29017
							],
							[
								-83.89666,
								32.29012
							],
							[
								-83.89682,
								32.29009
							],
							[
								-83.89691,
								32.29009
							],
							[
								-83.89699,
								32.29009
							],
							[
								-83.89715,
								32.29007
							],
							[
								-83.8973,
								32.29003
							],
							[
								-83.89733,
								32.29001
							],
							[
								-83.89744,
								32.28996
							],
							[
								-83.89757,
								32.28988
							],
							[
								-83.89762,
								32.28981
							],
							[
								-83.89772,
								32.28966
							],
							[
								-83.89778,
								32.28956
							],
							[
								-83.89783,
								32.28943
							],
							[
								-83.89785,
								32.2893
							],
							[
								-83.89783,
								32.28916
							],
							[
								-83.89779,
								32.28903
							],
							[
								-83.89773,
								32.28891
							],
							[
								-83.89766,
								32.28882
							],
							[
								-83.89764,
								32.2888
							],
							[
								-83.8976,
								32.2887
							],
							[
								-83.89755,
								32.28856
							],
							[
								-83.89749,
								32.2883
							],
							[
								-83.89746,
								32.28817
							],
							[
								-83.89745,
								32.28803
							],
							[
								-83.89744,
								32.2879
							],
							[
								-83.89744,
								32.2878
							],
							[
								-83.89742,
								32.28767
							],
							[
								-83.89735,
								32.28755
							],
							[
								-83.89721,
								32.28727
							],
							[
								-83.8971,
								32.2868
							],
							[
								-83.89706,
								32.28669
							],
							[
								-83.89705,
								32.28656
							],
							[
								-83.89706,
								32.28645
							],
							[
								-83.89709,
								32.28634
							],
							[
								-83.89716,
								32.28621
							],
							[
								-83.8972,
								32.28617
							],
							[
								-83.89736,
								32.28597
							],
							[
								-83.89744,
								32.28585
							],
							[
								-83.8975,
								32.28573
							],
							[
								-83.89755,
								32.2856
							],
							[
								-83.89751,
								32.28536
							],
							[
								-83.8975,
								32.28527
							],
							[
								-83.89749,
								32.28509
							],
							[
								-83.89749,
								32.28482
							],
							[
								-83.89749,
								32.28468
							],
							[
								-83.8975,
								32.28456
							],
							[
								-83.89752,
								32.28451
							],
							[
								-83.89754,
								32.28443
							],
							[
								-83.89755,
								32.28433
							],
							[
								-83.89752,
								32.28423
							],
							[
								-83.89752,
								32.28421
							],
							[
								-83.89752,
								32.28417
							],
							[
								-83.89754,
								32.28408
							],
							[
								-83.89755,
								32.28394
							],
							[
								-83.89753,
								32.28381
							],
							[
								-83.89753,
								32.28379
							],
							[
								-83.89746,
								32.28354
							],
							[
								-83.89743,
								32.28342
							],
							[
								-83.89743,
								32.28341
							],
							[
								-83.89738,
								32.28313
							],
							[
								-83.89729,
								32.28287
							],
							[
								-83.89726,
								32.28272
							],
							[
								-83.89725,
								32.28268
							],
							[
								-83.89726,
								32.28266
							],
							[
								-83.89736,
								32.28246
							],
							[
								-83.89746,
								32.2822
							],
							[
								-83.8975,
								32.28178
							],
							[
								-83.89749,
								32.28166
							],
							[
								-83.89749,
								32.28152
							],
							[
								-83.8975,
								32.28139
							],
							[
								-83.89749,
								32.28117
							],
							[
								-83.89749,
								32.28116
							],
							[
								-83.89748,
								32.28098
							],
							[
								-83.89749,
								32.28095
							],
							[
								-83.8975,
								32.28093
							],
							[
								-83.89753,
								32.28086
							],
							[
								-83.89763,
								32.28074
							],
							[
								-83.89775,
								32.28067
							],
							[
								-83.89778,
								32.28065
							],
							[
								-83.89785,
								32.28061
							],
							[
								-83.898,
								32.28061
							],
							[
								-83.89807,
								32.28064
							],
							[
								-83.89814,
								32.28066
							],
							[
								-83.8983,
								32.28068
							],
							[
								-83.89845,
								32.28065
							],
							[
								-83.89857,
								32.28056
							],
							[
								-83.89877,
								32.28026
							],
							[
								-83.89884,
								32.28018
							],
							[
								-83.89899,
								32.28012
							],
							[
								-83.89914,
								32.28013
							],
							[
								-83.89946,
								32.2802
							],
							[
								-83.8996,
								32.28025
							],
							[
								-83.89976,
								32.28026
							],
							[
								-83.89992,
								32.28023
							],
							[
								-83.90005,
								32.28016
							],
							[
								-83.90016,
								32.28007
							],
							[
								-83.90021,
								32.27997
							],
							[
								-83.90029,
								32.27985
							],
							[
								-83.90041,
								32.27976
							],
							[
								-83.9005,
								32.27972
							],
							[
								-83.90055,
								32.2797
							],
							[
								-83.90108,
								32.27963
							],
							[
								-83.9011,
								32.27963
							],
							[
								-83.90125,
								32.27958
							],
							[
								-83.90138,
								32.2795
							],
							[
								-83.90148,
								32.27941
							],
							[
								-83.90161,
								32.27933
							],
							[
								-83.90176,
								32.27929
							],
							[
								-83.90191,
								32.27933
							],
							[
								-83.90207,
								32.2793
							],
							[
								-83.90268,
								32.27919
							],
							[
								-83.90305,
								32.27914
							],
							[
								-83.9033,
								32.27911
							],
							[
								-83.90347,
								32.27908
							],
							[
								-83.90392,
								32.27896
							],
							[
								-83.90421,
								32.27887
							],
							[
								-83.90435,
								32.27881
							],
							[
								-83.9044,
								32.2788
							],
							[
								-83.90451,
								32.27878
							],
							[
								-83.90474,
								32.2788
							],
							[
								-83.90483,
								32.2788
							],
							[
								-83.90499,
								32.27882
							],
							[
								-83.9053,
								32.27886
							],
							[
								-83.90561,
								32.27891
							],
							[
								-83.90576,
								32.27897
							],
							[
								-83.90591,
								32.279
							],
							[
								-83.90607,
								32.27901
							],
							[
								-83.90623,
								32.27898
							],
							[
								-83.90638,
								32.27893
							],
							[
								-83.90652,
								32.27888
							],
							[
								-83.90682,
								32.27878
							],
							[
								-83.90694,
								32.27877
							],
							[
								-83.90713,
								32.27876
							],
							[
								-83.90719,
								32.27875
							],
							[
								-83.90721,
								32.27874
							],
							[
								-83.90788,
								32.2786
							],
							[
								-83.90799,
								32.2785
							],
							[
								-83.90804,
								32.27838
							],
							[
								-83.90807,
								32.27824
							],
							[
								-83.90808,
								32.27811
							],
							[
								-83.90807,
								32.27797
							],
							[
								-83.90807,
								32.27773
							],
							[
								-83.90806,
								32.27746
							],
							[
								-83.90803,
								32.27732
							],
							[
								-83.90816,
								32.27724
							],
							[
								-83.9084,
								32.27691
							],
							[
								-83.90848,
								32.27679
							],
							[
								-83.90873,
								32.2763
							],
							[
								-83.90892,
								32.27609
							],
							[
								-83.90902,
								32.27597
							],
							[
								-83.90925,
								32.2758
							],
							[
								-83.90936,
								32.27572
							],
							[
								-83.90942,
								32.27568
							],
							[
								-83.90951,
								32.2756
							],
							[
								-83.90968,
								32.27557
							],
							[
								-83.90991,
								32.27558
							],
							[
								-83.91021,
								32.27553
							],
							[
								-83.91025,
								32.27552
							],
							[
								-83.91049,
								32.27547
							],
							[
								-83.9106,
								32.27545
							],
							[
								-83.91074,
								32.27551
							],
							[
								-83.91087,
								32.27547
							],
							[
								-83.9109,
								32.27546
							],
							[
								-83.91108,
								32.27543
							],
							[
								-83.91128,
								32.27538
							],
							[
								-83.91148,
								32.27532
							],
							[
								-83.91162,
								32.27527
							],
							[
								-83.91196,
								32.27502
							],
							[
								-83.91213,
								32.27491
							],
							[
								-83.91228,
								32.27478
							],
							[
								-83.91241,
								32.27464
							],
							[
								-83.91254,
								32.27441
							],
							[
								-83.91259,
								32.27413
							],
							[
								-83.91256,
								32.27397
							],
							[
								-83.91247,
								32.27388
							],
							[
								-83.91246,
								32.27387
							],
							[
								-83.91247,
								32.27385
							],
							[
								-83.91256,
								32.27367
							],
							[
								-83.91299,
								32.27329
							],
							[
								-83.913,
								32.27328
							],
							[
								-83.91317,
								32.27322
							],
							[
								-83.91329,
								32.27318
							],
							[
								-83.9135,
								32.27315
							],
							[
								-83.91367,
								32.27305
							],
							[
								-83.91378,
								32.27281
							],
							[
								-83.91386,
								32.27258
							],
							[
								-83.91393,
								32.27245
							],
							[
								-83.91394,
								32.27242
							],
							[
								-83.9141,
								32.2723
							],
							[
								-83.91422,
								32.27225
							],
							[
								-83.91469,
								32.27197
							],
							[
								-83.91483,
								32.27188
							],
							[
								-83.91496,
								32.27185
							],
							[
								-83.91501,
								32.27183
							],
							[
								-83.91514,
								32.27177
							],
							[
								-83.91529,
								32.27173
							],
							[
								-83.91546,
								32.27164
							],
							[
								-83.9156,
								32.2716
							],
							[
								-83.91576,
								32.27162
							],
							[
								-83.91581,
								32.27164
							],
							[
								-83.91594,
								32.27169
							],
							[
								-83.91609,
								32.27166
							],
							[
								-83.91613,
								32.27164
							],
							[
								-83.91622,
								32.27158
							],
							[
								-83.91634,
								32.27154
							],
							[
								-83.91639,
								32.27152
							],
							[
								-83.91652,
								32.27144
							],
							[
								-83.91654,
								32.27142
							],
							[
								-83.91662,
								32.27133
							],
							[
								-83.91677,
								32.27128
							],
							[
								-83.91679,
								32.27127
							],
							[
								-83.91687,
								32.27124
							],
							[
								-83.9171,
								32.27117
							],
							[
								-83.91742,
								32.27107
							],
							[
								-83.91769,
								32.27104
							],
							[
								-83.91786,
								32.271
							],
							[
								-83.91803,
								32.27097
							],
							[
								-83.91828,
								32.27085
							],
							[
								-83.91832,
								32.27083
							],
							[
								-83.91846,
								32.27081
							],
							[
								-83.91862,
								32.27079
							],
							[
								-83.91878,
								32.27078
							],
							[
								-83.91892,
								32.2708
							],
							[
								-83.91908,
								32.27079
							],
							[
								-83.91943,
								32.27069
							],
							[
								-83.91947,
								32.27068
							],
							[
								-83.91958,
								32.27063
							],
							[
								-83.91973,
								32.27063
							],
							[
								-83.91978,
								32.27065
							],
							[
								-83.91988,
								32.27068
							],
							[
								-83.92004,
								32.27068
							],
							[
								-83.92018,
								32.27062
							],
							[
								-83.9203,
								32.27054
							],
							[
								-83.92042,
								32.27042
							],
							[
								-83.92056,
								32.27034
							],
							[
								-83.92078,
								32.27029
							],
							[
								-83.92097,
								32.27028
							],
							[
								-83.92109,
								32.27028
							],
							[
								-83.92127,
								32.27019
							],
							[
								-83.92137,
								32.27011
							],
							[
								-83.92154,
								32.26998
							],
							[
								-83.92166,
								32.26995
							],
							[
								-83.9217,
								32.26993
							],
							[
								-83.92181,
								32.26989
							],
							[
								-83.92189,
								32.26987
							],
							[
								-83.92197,
								32.26986
							],
							[
								-83.92211,
								32.2699
							],
							[
								-83.9223,
								32.26998
							],
							[
								-83.92248,
								32.26994
							],
							[
								-83.92257,
								32.26993
							],
							[
								-83.92263,
								32.26992
							],
							[
								-83.92278,
								32.26987
							],
							[
								-83.92306,
								32.26974
							],
							[
								-83.92311,
								32.26971
							],
							[
								-83.92322,
								32.26968
							],
							[
								-83.92325,
								32.26967
							],
							[
								-83.92328,
								32.26966
							],
							[
								-83.92339,
								32.2696
							],
							[
								-83.92342,
								32.26958
							],
							[
								-83.92351,
								32.26951
							],
							[
								-83.92361,
								32.26941
							],
							[
								-83.92363,
								32.26934
							],
							[
								-83.92365,
								32.26928
							],
							[
								-83.92376,
								32.26919
							],
							[
								-83.92378,
								32.26918
							],
							[
								-83.92389,
								32.26911
							],
							[
								-83.92391,
								32.26902
							],
							[
								-83.92392,
								32.26898
							],
							[
								-83.92396,
								32.26888
							],
							[
								-83.92403,
								32.26876
							],
							[
								-83.92411,
								32.26864
							],
							[
								-83.92418,
								32.26855
							],
							[
								-83.9242,
								32.26853
							],
							[
								-83.92424,
								32.26849
							],
							[
								-83.9243,
								32.26843
							],
							[
								-83.92435,
								32.2684
							],
							[
								-83.92459,
								32.26824
							],
							[
								-83.9248,
								32.26803
							],
							[
								-83.92492,
								32.26795
							],
							[
								-83.92503,
								32.26785
							],
							[
								-83.92512,
								32.26774
							],
							[
								-83.92519,
								32.26761
							],
							[
								-83.92525,
								32.26749
							],
							[
								-83.92536,
								32.26729
							],
							[
								-83.92544,
								32.26714
							],
							[
								-83.92552,
								32.26704
							],
							[
								-83.92565,
								32.26696
							],
							[
								-83.92579,
								32.2669
							],
							[
								-83.92594,
								32.26685
							],
							[
								-83.92597,
								32.26685
							],
							[
								-83.92609,
								32.26686
							],
							[
								-83.9262,
								32.26696
							],
							[
								-83.92629,
								32.26707
							],
							[
								-83.92632,
								32.26711
							],
							[
								-83.92644,
								32.26731
							],
							[
								-83.92659,
								32.26734
							],
							[
								-83.92673,
								32.26728
							],
							[
								-83.92686,
								32.26721
							],
							[
								-83.92717,
								32.26708
							],
							[
								-83.92721,
								32.26707
							],
							[
								-83.92755,
								32.26697
							],
							[
								-83.92791,
								32.26687
							],
							[
								-83.92793,
								32.26687
							],
							[
								-83.92797,
								32.26687
							],
							[
								-83.92806,
								32.26688
							],
							[
								-83.9282,
								32.26682
							],
							[
								-83.92833,
								32.26674
							],
							[
								-83.92845,
								32.26666
							],
							[
								-83.92853,
								32.26654
							],
							[
								-83.92853,
								32.2664
							],
							[
								-83.92852,
								32.26627
							],
							[
								-83.92851,
								32.26613
							],
							[
								-83.92851,
								32.266
							],
							[
								-83.92855,
								32.26587
							],
							[
								-83.92863,
								32.26575
							],
							[
								-83.92874,
								32.26565
							],
							[
								-83.92887,
								32.26558
							],
							[
								-83.92902,
								32.26553
							],
							[
								-83.92937,
								32.2655
							],
							[
								-83.92942,
								32.2655
							],
							[
								-83.92973,
								32.26545
							],
							[
								-83.92989,
								32.26546
							],
							[
								-83.92993,
								32.26547
							],
							[
								-83.93004,
								32.2655
							],
							[
								-83.93013,
								32.26561
							],
							[
								-83.93014,
								32.26564
							],
							[
								-83.93019,
								32.26573
							],
							[
								-83.9303,
								32.26583
							],
							[
								-83.93043,
								32.26585
							],
							[
								-83.93046,
								32.26585
							],
							[
								-83.93062,
								32.26586
							],
							[
								-83.93077,
								32.26586
							],
							[
								-83.93087,
								32.26585
							],
							[
								-83.93106,
								32.26582
							],
							[
								-83.93126,
								32.26582
							],
							[
								-83.93138,
								32.26581
							],
							[
								-83.93153,
								32.26577
							],
							[
								-83.93166,
								32.2657
							],
							[
								-83.93173,
								32.26558
							],
							[
								-83.93173,
								32.26556
							],
							[
								-83.93173,
								32.26545
							],
							[
								-83.9317,
								32.26532
							],
							[
								-83.93168,
								32.26529
							],
							[
								-83.93163,
								32.26517
							],
							[
								-83.93161,
								32.26503
							],
							[
								-83.93163,
								32.2649
							],
							[
								-83.9317,
								32.26478
							],
							[
								-83.9317,
								32.26473
							],
							[
								-83.93171,
								32.26464
							],
							[
								-83.93172,
								32.2645
							],
							[
								-83.93178,
								32.26438
							],
							[
								-83.93189,
								32.26429
							],
							[
								-83.93203,
								32.26421
							],
							[
								-83.93209,
								32.26419
							],
							[
								-83.93212,
								32.26418
							],
							[
								-83.93217,
								32.26416
							],
							[
								-83.93233,
								32.26413
							],
							[
								-83.93261,
								32.26412
							],
							[
								-83.93271,
								32.26411
							],
							[
								-83.93277,
								32.26409
							],
							[
								-83.93292,
								32.26404
							],
							[
								-83.93299,
								32.26401
							],
							[
								-83.93305,
								32.26397
							],
							[
								-83.93319,
								32.26393
							],
							[
								-83.93329,
								32.26387
							],
							[
								-83.93333,
								32.26386
							],
							[
								-83.93342,
								32.26375
							],
							[
								-83.93347,
								32.26362
							],
							[
								-83.93347,
								32.26349
							],
							[
								-83.93346,
								32.26337
							],
							[
								-83.93349,
								32.26323
							],
							[
								-83.93361,
								32.26319
							],
							[
								-83.93387,
								32.26313
							],
							[
								-83.93394,
								32.26312
							],
							[
								-83.93397,
								32.26305
							],
							[
								-83.93398,
								32.26302
							],
							[
								-83.93399,
								32.26299
							],
							[
								-83.93399,
								32.26275
							],
							[
								-83.9339,
								32.26236
							],
							[
								-83.93389,
								32.26228
							],
							[
								-83.93389,
								32.26226
							],
							[
								-83.93395,
								32.26214
							],
							[
								-83.93407,
								32.26205
							],
							[
								-83.93442,
								32.26197
							],
							[
								-83.93481,
								32.26196
							],
							[
								-83.93492,
								32.26195
							],
							[
								-83.93507,
								32.26201
							],
							[
								-83.93515,
								32.26212
							],
							[
								-83.93525,
								32.2622
							],
							[
								-83.93538,
								32.26228
							],
							[
								-83.93544,
								32.2623
							],
							[
								-83.93552,
								32.26233
							],
							[
								-83.93568,
								32.26235
							],
							[
								-83.93581,
								32.26233
							],
							[
								-83.93584,
								32.26233
							],
							[
								-83.93599,
								32.26228
							],
							[
								-83.93609,
								32.26224
							],
							[
								-83.93613,
								32.26223
							],
							[
								-83.93627,
								32.26217
							],
							[
								-83.93641,
								32.26209
							],
							[
								-83.93653,
								32.262
							],
							[
								-83.93663,
								32.2619
							],
							[
								-83.93678,
								32.26172
							],
							[
								-83.93682,
								32.2617
							],
							[
								-83.93705,
								32.26159
							],
							[
								-83.93719,
								32.26154
							],
							[
								-83.93734,
								32.26149
							],
							[
								-83.93749,
								32.26144
							],
							[
								-83.93764,
								32.26141
							],
							[
								-83.93779,
								32.26136
							],
							[
								-83.93792,
								32.26128
							],
							[
								-83.93804,
								32.2612
							],
							[
								-83.93814,
								32.26115
							],
							[
								-83.93818,
								32.26113
							],
							[
								-83.93833,
								32.26108
							],
							[
								-83.93861,
								32.26102
							],
							[
								-83.93876,
								32.26098
							],
							[
								-83.93891,
								32.26093
							],
							[
								-83.93895,
								32.26092
							],
							[
								-83.93903,
								32.26091
							],
							[
								-83.93919,
								32.26088
							],
							[
								-83.93933,
								32.26084
							],
							[
								-83.93949,
								32.26086
							],
							[
								-83.93962,
								32.26093
							],
							[
								-83.93976,
								32.26099
							],
							[
								-83.93991,
								32.26094
							],
							[
								-83.93996,
								32.26091
							],
							[
								-83.94003,
								32.26087
							],
							[
								-83.94018,
								32.26082
							],
							[
								-83.94034,
								32.26082
							],
							[
								-83.94049,
								32.26081
							],
							[
								-83.94065,
								32.26079
							],
							[
								-83.94123,
								32.2606
							],
							[
								-83.94134,
								32.26056
							],
							[
								-83.94149,
								32.26052
							],
							[
								-83.94161,
								32.26051
							],
							[
								-83.94184,
								32.26048
							],
							[
								-83.94198,
								32.26042
							],
							[
								-83.94209,
								32.26032
							],
							[
								-83.94217,
								32.26018
							],
							[
								-83.94226,
								32.26008
							],
							[
								-83.94237,
								32.25998
							],
							[
								-83.94244,
								32.25994
							],
							[
								-83.94247,
								32.25993
							],
							[
								-83.9425,
								32.25991
							],
							[
								-83.94303,
								32.2598
							],
							[
								-83.9431,
								32.25979
							],
							[
								-83.94318,
								32.25978
							],
							[
								-83.94333,
								32.25975
							],
							[
								-83.94349,
								32.25972
							],
							[
								-83.94364,
								32.25968
							],
							[
								-83.94379,
								32.25964
							],
							[
								-83.94396,
								32.25958
							],
							[
								-83.9441,
								32.25953
							],
							[
								-83.94411,
								32.25952
							],
							[
								-83.94424,
								32.25946
							],
							[
								-83.94436,
								32.25937
							],
							[
								-83.94486,
								32.25915
							],
							[
								-83.94515,
								32.25894
							],
							[
								-83.94523,
								32.25883
							],
							[
								-83.94528,
								32.2587
							],
							[
								-83.94529,
								32.25857
							],
							[
								-83.94526,
								32.25844
							],
							[
								-83.94526,
								32.2584
							],
							[
								-83.94525,
								32.25832
							],
							[
								-83.94527,
								32.25819
							],
							[
								-83.94531,
								32.25814
							],
							[
								-83.94535,
								32.25807
							],
							[
								-83.94536,
								32.25805
							],
							[
								-83.94545,
								32.25795
							],
							[
								-83.94556,
								32.25785
							],
							[
								-83.94558,
								32.25785
							],
							[
								-83.94571,
								32.2578
							],
							[
								-83.94589,
								32.25777
							],
							[
								-83.94603,
								32.25771
							],
							[
								-83.94615,
								32.25762
							],
							[
								-83.9463,
								32.25742
							],
							[
								-83.94638,
								32.2573
							],
							[
								-83.94644,
								32.25718
							],
							[
								-83.94657,
								32.25683
							],
							[
								-83.94658,
								32.2568
							],
							[
								-83.9466,
								32.25675
							],
							[
								-83.94674,
								32.25653
							],
							[
								-83.94739,
								32.25567
							],
							[
								-83.94743,
								32.25558
							],
							[
								-83.94747,
								32.25545
							],
							[
								-83.9475,
								32.25532
							],
							[
								-83.9475,
								32.25518
							],
							[
								-83.9475,
								32.25517
							],
							[
								-83.94744,
								32.25506
							],
							[
								-83.94734,
								32.25496
							],
							[
								-83.94729,
								32.25483
							],
							[
								-83.9473,
								32.25477
							],
							[
								-83.94731,
								32.25474
							],
							[
								-83.94732,
								32.25469
							],
							[
								-83.94739,
								32.25458
							],
							[
								-83.94749,
								32.25447
							],
							[
								-83.94757,
								32.2544
							],
							[
								-83.9476,
								32.25437
							],
							[
								-83.94774,
								32.2543
							],
							[
								-83.94789,
								32.25426
							],
							[
								-83.94805,
								32.25426
							],
							[
								-83.94821,
								32.25428
							],
							[
								-83.94825,
								32.25429
							],
							[
								-83.94836,
								32.25432
							],
							[
								-83.9485,
								32.25437
							],
							[
								-83.94864,
								32.25444
							],
							[
								-83.9488,
								32.25445
							],
							[
								-83.94894,
								32.25439
							],
							[
								-83.94898,
								32.25437
							],
							[
								-83.94907,
								32.25432
							],
							[
								-83.94922,
								32.25426
							],
							[
								-83.94936,
								32.2542
							],
							[
								-83.94951,
								32.25416
							],
							[
								-83.94966,
								32.25412
							],
							[
								-83.94979,
								32.2541
							],
							[
								-83.94982,
								32.25409
							],
							[
								-83.94998,
								32.25407
							],
							[
								-83.95014,
								32.25406
							],
							[
								-83.95029,
								32.25406
							],
							[
								-83.95045,
								32.25406
							],
							[
								-83.95061,
								32.25408
							],
							[
								-83.95077,
								32.25409
							],
							[
								-83.95092,
								32.25408
							],
							[
								-83.95108,
								32.25407
							],
							[
								-83.95121,
								32.25404
							],
							[
								-83.95123,
								32.25404
							],
							[
								-83.95136,
								32.25395
							],
							[
								-83.95158,
								32.25376
							],
							[
								-83.9517,
								32.25366
							],
							[
								-83.95176,
								32.25356
							],
							[
								-83.95187,
								32.25346
							],
							[
								-83.95192,
								32.25344
							],
							[
								-83.95201,
								32.25339
							],
							[
								-83.95215,
								32.25333
							],
							[
								-83.95241,
								32.25327
							],
							[
								-83.95266,
								32.25329
							],
							[
								-83.95298,
								32.25335
							],
							[
								-83.95309,
								32.25338
							],
							[
								-83.95324,
								32.25343
							],
							[
								-83.95343,
								32.25351
							],
							[
								-83.95352,
								32.25355
							],
							[
								-83.95368,
								32.25359
							],
							[
								-83.95383,
								32.25362
							],
							[
								-83.95399,
								32.25362
							],
							[
								-83.95414,
								32.2536
							],
							[
								-83.95416,
								32.2536
							],
							[
								-83.9543,
								32.25356
							],
							[
								-83.95444,
								32.25351
							],
							[
								-83.95459,
								32.25345
							],
							[
								-83.95472,
								32.25339
							],
							[
								-83.95484,
								32.25332
							],
							[
								-83.95486,
								32.25331
							],
							[
								-83.95502,
								32.25322
							],
							[
								-83.95506,
								32.25319
							],
							[
								-83.95507,
								32.25318
							],
							[
								-83.95508,
								32.25318
							],
							[
								-83.95519,
								32.25311
							],
							[
								-83.95551,
								32.25291
							],
							[
								-83.95569,
								32.25268
							],
							[
								-83.95578,
								32.25262
							],
							[
								-83.95588,
								32.25251
							],
							[
								-83.95595,
								32.25239
							],
							[
								-83.95603,
								32.25228
							],
							[
								-83.95616,
								32.2522
							],
							[
								-83.95621,
								32.25219
							],
							[
								-83.95629,
								32.25217
							],
							[
								-83.95631,
								32.25216
							],
							[
								-83.95647,
								32.25217
							],
							[
								-83.95662,
								32.2522
							],
							[
								-83.95677,
								32.25226
							],
							[
								-83.95684,
								32.25233
							],
							[
								-83.95687,
								32.25236
							],
							[
								-83.957,
								32.25242
							],
							[
								-83.95716,
								32.25241
							],
							[
								-83.95729,
								32.25239
							],
							[
								-83.9573,
								32.25238
							],
							[
								-83.95743,
								32.25234
							],
							[
								-83.95755,
								32.25225
							],
							[
								-83.95758,
								32.25221
							],
							[
								-83.95773,
								32.25201
							],
							[
								-83.95786,
								32.25195
							],
							[
								-83.95811,
								32.25196
							],
							[
								-83.95815,
								32.25197
							],
							[
								-83.95817,
								32.25197
							],
							[
								-83.95826,
								32.25199
							],
							[
								-83.9584,
								32.25204
							],
							[
								-83.95851,
								32.25207
							],
							[
								-83.95866,
								32.25212
							],
							[
								-83.95882,
								32.25211
							],
							[
								-83.95896,
								32.25204
							],
							[
								-83.95897,
								32.25203
							],
							[
								-83.95909,
								32.25197
							],
							[
								-83.95922,
								32.25189
							],
							[
								-83.95934,
								32.2518
							],
							[
								-83.95945,
								32.2517
							],
							[
								-83.95948,
								32.25166
							],
							[
								-83.95961,
								32.2515
							],
							[
								-83.95973,
								32.25142
							],
							[
								-83.95988,
								32.25136
							],
							[
								-83.9602,
								32.25135
							],
							[
								-83.96033,
								32.25131
							],
							[
								-83.96048,
								32.25128
							],
							[
								-83.9606,
								32.25119
							],
							[
								-83.96064,
								32.2511
							],
							[
								-83.96072,
								32.25098
							],
							[
								-83.96083,
								32.25089
							],
							[
								-83.96145,
								32.25078
							],
							[
								-83.96148,
								32.25077
							],
							[
								-83.96161,
								32.25075
							],
							[
								-83.96164,
								32.25074
							],
							[
								-83.96174,
								32.25068
							],
							[
								-83.96179,
								32.25061
							],
							[
								-83.96183,
								32.25056
							],
							[
								-83.96187,
								32.25028
							],
							[
								-83.96191,
								32.25015
							],
							[
								-83.962,
								32.25003
							],
							[
								-83.96211,
								32.24995
							],
							[
								-83.96226,
								32.2499
							],
							[
								-83.96237,
								32.24977
							],
							[
								-83.96249,
								32.24961
							],
							[
								-83.96262,
								32.24955
							],
							[
								-83.96274,
								32.24946
							],
							[
								-83.96277,
								32.24936
							],
							[
								-83.96289,
								32.24928
							],
							[
								-83.96307,
								32.24919
							],
							[
								-83.96321,
								32.24908
							],
							[
								-83.9634,
								32.24892
							],
							[
								-83.96359,
								32.24875
							],
							[
								-83.96378,
								32.24859
							],
							[
								-83.96394,
								32.24851
							],
							[
								-83.96398,
								32.24849
							],
							[
								-83.96411,
								32.24844
							],
							[
								-83.96425,
								32.24844
							],
							[
								-83.96445,
								32.24838
							],
							[
								-83.96465,
								32.24823
							],
							[
								-83.96477,
								32.24815
							],
							[
								-83.965,
								32.24808
							],
							[
								-83.96512,
								32.248
							],
							[
								-83.96519,
								32.24779
							],
							[
								-83.96536,
								32.24754
							],
							[
								-83.96539,
								32.24744
							],
							[
								-83.96548,
								32.24729
							],
							[
								-83.9655,
								32.24711
							],
							[
								-83.96545,
								32.24704
							],
							[
								-83.96542,
								32.24699
							],
							[
								-83.96527,
								32.24683
							],
							[
								-83.96521,
								32.24663
							],
							[
								-83.96511,
								32.24631
							],
							[
								-83.96512,
								32.24613
							],
							[
								-83.96508,
								32.24588
							],
							[
								-83.9652,
								32.24573
							],
							[
								-83.96524,
								32.24555
							],
							[
								-83.96522,
								32.24548
							],
							[
								-83.96521,
								32.24544
							],
							[
								-83.9652,
								32.24539
							],
							[
								-83.96519,
								32.24521
							],
							[
								-83.96526,
								32.24507
							],
							[
								-83.96529,
								32.24489
							],
							[
								-83.96529,
								32.24471
							],
							[
								-83.96528,
								32.24464
							],
							[
								-83.96527,
								32.2446
							],
							[
								-83.96526,
								32.24452
							],
							[
								-83.96547,
								32.24393
							],
							[
								-83.96548,
								32.24389
							],
							[
								-83.96557,
								32.24366
							],
							[
								-83.96591,
								32.24309
							],
							[
								-83.96593,
								32.24307
							],
							[
								-83.96612,
								32.24301
							],
							[
								-83.96631,
								32.24293
							],
							[
								-83.96654,
								32.24276
							],
							[
								-83.96662,
								32.24261
							],
							[
								-83.96674,
								32.24246
							],
							[
								-83.96689,
								32.24234
							],
							[
								-83.9671,
								32.24235
							],
							[
								-83.96721,
								32.24245
							],
							[
								-83.96739,
								32.24254
							],
							[
								-83.9676,
								32.24252
							],
							[
								-83.96775,
								32.2424
							],
							[
								-83.96793,
								32.24224
							],
							[
								-83.96812,
								32.24218
							],
							[
								-83.9684,
								32.24225
							],
							[
								-83.9686,
								32.2422
							],
							[
								-83.96873,
								32.24206
							],
							[
								-83.96876,
								32.24192
							],
							[
								-83.96876,
								32.24174
							],
							[
								-83.96878,
								32.24156
							],
							[
								-83.96882,
								32.24138
							],
							[
								-83.96889,
								32.24118
							],
							[
								-83.96883,
								32.24102
							],
							[
								-83.96871,
								32.24098
							],
							[
								-83.96858,
								32.24093
							],
							[
								-83.9686,
								32.24085
							],
							[
								-83.96861,
								32.24076
							],
							[
								-83.96868,
								32.24058
							],
							[
								-83.96877,
								32.24042
							],
							[
								-83.96876,
								32.24024
							],
							[
								-83.96865,
								32.24009
							],
							[
								-83.96862,
								32.24007
							],
							[
								-83.96854,
								32.24001
							],
							[
								-83.96857,
								32.23995
							],
							[
								-83.96861,
								32.23984
							],
							[
								-83.96858,
								32.23966
							],
							[
								-83.96851,
								32.23958
							],
							[
								-83.96831,
								32.23943
							],
							[
								-83.96829,
								32.23941
							],
							[
								-83.96845,
								32.23935
							],
							[
								-83.9686,
								32.23919
							],
							[
								-83.96873,
								32.23908
							],
							[
								-83.96898,
								32.23893
							],
							[
								-83.96914,
								32.23882
							],
							[
								-83.96946,
								32.23861
							],
							[
								-83.96963,
								32.23866
							],
							[
								-83.9698,
								32.23866
							],
							[
								-83.97007,
								32.23854
							],
							[
								-83.97035,
								32.23845
							],
							[
								-83.9704,
								32.23829
							],
							[
								-83.97041,
								32.23811
							],
							[
								-83.97038,
								32.23786
							],
							[
								-83.97029,
								32.23777
							],
							[
								-83.97019,
								32.23772
							],
							[
								-83.97005,
								32.23765
							],
							[
								-83.97004,
								32.23755
							],
							[
								-83.97003,
								32.23744
							],
							[
								-83.97006,
								32.23734
							],
							[
								-83.97014,
								32.2372
							],
							[
								-83.97017,
								32.23701
							],
							[
								-83.97018,
								32.23689
							],
							[
								-83.9703,
								32.23677
							],
							[
								-83.97047,
								32.23675
							],
							[
								-83.97075,
								32.23659
							],
							[
								-83.97084,
								32.23639
							],
							[
								-83.97097,
								32.23621
							],
							[
								-83.97102,
								32.23606
							],
							[
								-83.971,
								32.23588
							],
							[
								-83.97102,
								32.23578
							],
							[
								-83.97134,
								32.23582
							],
							[
								-83.97146,
								32.23575
							],
							[
								-83.97146,
								32.23558
							],
							[
								-83.97145,
								32.23538
							],
							[
								-83.97153,
								32.23526
							],
							[
								-83.97187,
								32.23529
							],
							[
								-83.972,
								32.23527
							],
							[
								-83.97214,
								32.23514
							],
							[
								-83.97229,
								32.23487
							],
							[
								-83.97237,
								32.23473
							],
							[
								-83.97263,
								32.2348
							],
							[
								-83.97295,
								32.23473
							],
							[
								-83.97312,
								32.23469
							],
							[
								-83.9731,
								32.23453
							],
							[
								-83.97304,
								32.23448
							],
							[
								-83.973,
								32.23444
							],
							[
								-83.973,
								32.23439
							],
							[
								-83.973,
								32.2343
							],
							[
								-83.97304,
								32.23408
							],
							[
								-83.9731,
								32.23387
							],
							[
								-83.97314,
								32.2336
							],
							[
								-83.97328,
								32.23345
							],
							[
								-83.97343,
								32.23339
							],
							[
								-83.97357,
								32.23325
							],
							[
								-83.97396,
								32.23286
							],
							[
								-83.97415,
								32.23254
							],
							[
								-83.97468,
								32.23232
							],
							[
								-83.97526,
								32.2321
							],
							[
								-83.97536,
								32.23201
							],
							[
								-83.97548,
								32.23188
							],
							[
								-83.97552,
								32.23175
							],
							[
								-83.97549,
								32.23162
							],
							[
								-83.97526,
								32.2313
							],
							[
								-83.97519,
								32.23107
							],
							[
								-83.97523,
								32.23096
							],
							[
								-83.97532,
								32.2308
							],
							[
								-83.97554,
								32.23054
							],
							[
								-83.97565,
								32.2304
							],
							[
								-83.97562,
								32.2301
							],
							[
								-83.97573,
								32.23005
							],
							[
								-83.97577,
								32.22992
							],
							[
								-83.97569,
								32.22976
							],
							[
								-83.97561,
								32.22976
							],
							[
								-83.97552,
								32.22976
							],
							[
								-83.97549,
								32.22967
							],
							[
								-83.97547,
								32.22961
							],
							[
								-83.97551,
								32.22947
							],
							[
								-83.97546,
								32.22934
							],
							[
								-83.97554,
								32.22921
							],
							[
								-83.97563,
								32.22927
							],
							[
								-83.97584,
								32.22933
							],
							[
								-83.97604,
								32.22915
							],
							[
								-83.97587,
								32.22888
							],
							[
								-83.97589,
								32.22872
							],
							[
								-83.97631,
								32.22883
							],
							[
								-83.97661,
								32.22894
							],
							[
								-83.97686,
								32.22895
							],
							[
								-83.97706,
								32.22905
							],
							[
								-83.97726,
								32.22914
							],
							[
								-83.97744,
								32.22913
							],
							[
								-83.97758,
								32.22903
							],
							[
								-83.97778,
								32.22911
							],
							[
								-83.9779,
								32.22904
							],
							[
								-83.978,
								32.22893
							],
							[
								-83.97814,
								32.22886
							],
							[
								-83.97831,
								32.22881
							],
							[
								-83.97845,
								32.22872
							],
							[
								-83.97866,
								32.22852
							],
							[
								-83.97886,
								32.22845
							],
							[
								-83.97897,
								32.22835
							],
							[
								-83.97899,
								32.22824
							],
							[
								-83.97908,
								32.22805
							],
							[
								-83.97927,
								32.22789
							],
							[
								-83.97929,
								32.22779
							],
							[
								-83.9793,
								32.2275
							],
							[
								-83.97942,
								32.2274
							],
							[
								-83.97953,
								32.22744
							],
							[
								-83.97955,
								32.22745
							],
							[
								-83.97957,
								32.22747
							],
							[
								-83.97965,
								32.22754
							],
							[
								-83.97982,
								32.22754
							],
							[
								-83.98004,
								32.22735
							],
							[
								-83.98015,
								32.22712
							],
							[
								-83.98026,
								32.22692
							],
							[
								-83.98041,
								32.22681
							],
							[
								-83.98059,
								32.22673
							],
							[
								-83.98066,
								32.22663
							],
							[
								-83.98068,
								32.22647
							],
							[
								-83.98063,
								32.22634
							],
							[
								-83.98072,
								32.22628
							],
							[
								-83.98089,
								32.22619
							],
							[
								-83.98111,
								32.2262
							],
							[
								-83.98123,
								32.22622
							],
							[
								-83.98136,
								32.22609
							],
							[
								-83.98148,
								32.22595
							],
							[
								-83.98157,
								32.22578
							],
							[
								-83.9817,
								32.22561
							],
							[
								-83.98183,
								32.22546
							],
							[
								-83.98192,
								32.2253
							],
							[
								-83.98199,
								32.22509
							],
							[
								-83.98211,
								32.22488
							],
							[
								-83.98212,
								32.22473
							],
							[
								-83.98202,
								32.22457
							],
							[
								-83.98202,
								32.22447
							],
							[
								-83.98214,
								32.22438
							],
							[
								-83.98224,
								32.22431
							],
							[
								-83.98241,
								32.22426
							],
							[
								-83.98255,
								32.22418
							],
							[
								-83.98264,
								32.22402
							],
							[
								-83.98274,
								32.22389
							],
							[
								-83.9828,
								32.22371
							],
							[
								-83.98282,
								32.22353
							],
							[
								-83.98279,
								32.2233
							],
							[
								-83.98281,
								32.22299
							],
							[
								-83.98275,
								32.22282
							],
							[
								-83.98281,
								32.22265
							],
							[
								-83.9829,
								32.22256
							],
							[
								-83.98302,
								32.22246
							],
							[
								-83.98292,
								32.22226
							],
							[
								-83.98334,
								32.22191
							],
							[
								-83.98391,
								32.22146
							],
							[
								-83.984,
								32.22129
							],
							[
								-83.98402,
								32.22119
							],
							[
								-83.98381,
								32.221
							],
							[
								-83.98393,
								32.2209
							],
							[
								-83.98399,
								32.22086
							],
							[
								-83.98401,
								32.22085
							],
							[
								-83.98413,
								32.22084
							],
							[
								-83.98431,
								32.22104
							],
							[
								-83.98444,
								32.22112
							],
							[
								-83.98458,
								32.22117
							],
							[
								-83.98473,
								32.22113
							],
							[
								-83.98486,
								32.22105
							],
							[
								-83.98522,
								32.22081
							],
							[
								-83.98527,
								32.2203
							],
							[
								-83.98556,
								32.22025
							],
							[
								-83.9857,
								32.22022
							],
							[
								-83.98573,
								32.22009
							],
							[
								-83.98579,
								32.21997
							],
							[
								-83.98595,
								32.21996
							],
							[
								-83.98609,
								32.2199
							],
							[
								-83.98614,
								32.2198
							],
							[
								-83.9863,
								32.21975
							],
							[
								-83.98635,
								32.21964
							],
							[
								-83.98618,
								32.21952
							],
							[
								-83.98616,
								32.21939
							],
							[
								-83.98626,
								32.21928
							],
							[
								-83.98637,
								32.21922
							],
							[
								-83.98647,
								32.21912
							],
							[
								-83.98662,
								32.21906
							],
							[
								-83.98699,
								32.21898
							],
							[
								-83.98714,
								32.21893
							],
							[
								-83.98725,
								32.21883
							],
							[
								-83.9873,
								32.2187
							],
							[
								-83.98741,
								32.21859
							],
							[
								-83.98754,
								32.21867
							],
							[
								-83.98767,
								32.21872
							],
							[
								-83.98781,
								32.21866
							],
							[
								-83.98793,
								32.2186
							],
							[
								-83.98809,
								32.21859
							],
							[
								-83.98823,
								32.21864
							],
							[
								-83.98828,
								32.21867
							],
							[
								-83.98837,
								32.21872
							],
							[
								-83.98852,
								32.21875
							],
							[
								-83.98867,
								32.21871
							],
							[
								-83.98877,
								32.21861
							],
							[
								-83.98879,
								32.21848
							],
							[
								-83.98879,
								32.21836
							],
							[
								-83.9888,
								32.21828
							],
							[
								-83.9888,
								32.21823
							],
							[
								-83.98881,
								32.21809
							],
							[
								-83.98884,
								32.21796
							],
							[
								-83.98889,
								32.21786
							],
							[
								-83.98893,
								32.21773
							],
							[
								-83.98894,
								32.21759
							],
							[
								-83.98895,
								32.21746
							],
							[
								-83.98901,
								32.21734
							],
							[
								-83.98911,
								32.21724
							],
							[
								-83.98942,
								32.21697
							],
							[
								-83.98954,
								32.21688
							],
							[
								-83.98982,
								32.21696
							],
							[
								-83.99008,
								32.21701
							],
							[
								-83.99022,
								32.21699
							],
							[
								-83.99036,
								32.21712
							],
							[
								-83.99053,
								32.2172
							],
							[
								-83.99075,
								32.21726
							],
							[
								-83.99081,
								32.21728
							],
							[
								-83.99098,
								32.21744
							],
							[
								-83.99103,
								32.21748
							],
							[
								-83.99114,
								32.21755
							],
							[
								-83.99147,
								32.21743
							],
							[
								-83.99153,
								32.2174
							],
							[
								-83.99189,
								32.21719
							],
							[
								-83.99198,
								32.21713
							],
							[
								-83.99201,
								32.21688
							],
							[
								-83.99195,
								32.21676
							],
							[
								-83.9919,
								32.21666
							],
							[
								-83.992,
								32.2165
							],
							[
								-83.99245,
								32.21626
							],
							[
								-83.99281,
								32.216
							],
							[
								-83.99301,
								32.21594
							],
							[
								-83.99323,
								32.21594
							],
							[
								-83.99358,
								32.21603
							],
							[
								-83.9937,
								32.21609
							],
							[
								-83.99385,
								32.21613
							],
							[
								-83.99408,
								32.21608
							],
							[
								-83.99419,
								32.21599
							],
							[
								-83.99434,
								32.21596
							],
							[
								-83.99447,
								32.21588
							],
							[
								-83.9945,
								32.21575
							],
							[
								-83.99469,
								32.21567
							],
							[
								-83.99484,
								32.21563
							],
							[
								-83.99484,
								32.21548
							],
							[
								-83.99486,
								32.21535
							],
							[
								-83.99508,
								32.21514
							],
							[
								-83.99515,
								32.21502
							],
							[
								-83.99519,
								32.21487
							],
							[
								-83.99515,
								32.2147
							],
							[
								-83.99514,
								32.21465
							],
							[
								-83.99513,
								32.21462
							],
							[
								-83.99508,
								32.21454
							],
							[
								-83.99507,
								32.21452
							],
							[
								-83.99502,
								32.21421
							],
							[
								-83.99519,
								32.21401
							],
							[
								-83.99527,
								32.21391
							],
							[
								-83.99547,
								32.21362
							],
							[
								-83.99558,
								32.21356
							],
							[
								-83.9956,
								32.21355
							],
							[
								-83.99575,
								32.2135
							],
							[
								-83.9959,
								32.21347
							],
							[
								-83.99603,
								32.21339
							],
							[
								-83.99609,
								32.21331
							],
							[
								-83.99612,
								32.21328
							],
							[
								-83.9963,
								32.21294
							],
							[
								-83.99638,
								32.21268
							],
							[
								-83.99645,
								32.21259
							],
							[
								-83.99659,
								32.21253
							],
							[
								-83.99661,
								32.21238
							],
							[
								-83.99648,
								32.21222
							],
							[
								-83.99647,
								32.21212
							],
							[
								-83.99647,
								32.21209
							],
							[
								-83.99678,
								32.212
							],
							[
								-83.99694,
								32.21199
							],
							[
								-83.9971,
								32.21196
							],
							[
								-83.99724,
								32.2119
							],
							[
								-83.99737,
								32.21182
							],
							[
								-83.99765,
								32.21154
							],
							[
								-83.99798,
								32.21117
							],
							[
								-83.99821,
								32.21084
							],
							[
								-83.99846,
								32.21049
							],
							[
								-83.99851,
								32.21036
							],
							[
								-83.99852,
								32.21023
							],
							[
								-83.99849,
								32.2101
							],
							[
								-83.99848,
								32.20996
							],
							[
								-83.99856,
								32.20983
							],
							[
								-83.99866,
								32.20972
							],
							[
								-83.99878,
								32.20963
							],
							[
								-83.99892,
								32.20958
							],
							[
								-83.99909,
								32.20955
							],
							[
								-83.99963,
								32.20948
							],
							[
								-83.99999,
								32.20936
							],
							[
								-84.00006,
								32.20936
							],
							[
								-84.00015,
								32.20935
							],
							[
								-84.00021,
								32.20934
							],
							[
								-84.0003,
								32.20932
							],
							[
								-84.00045,
								32.20928
							],
							[
								-84.00051,
								32.20926
							],
							[
								-84.0006,
								32.20923
							],
							[
								-84.00073,
								32.20915
							],
							[
								-84.00083,
								32.20905
							],
							[
								-84.00083,
								32.20892
							],
							[
								-84.00077,
								32.2088
							],
							[
								-84.00075,
								32.20873
							],
							[
								-84.00074,
								32.20866
							],
							[
								-84.00077,
								32.20855
							],
							[
								-84.00093,
								32.20853
							],
							[
								-84.0011,
								32.20851
							],
							[
								-84.00113,
								32.20851
							],
							[
								-84.00134,
								32.20849
							],
							[
								-84.00154,
								32.20847
							],
							[
								-84.00156,
								32.20846
							],
							[
								-84.00161,
								32.20846
							],
							[
								-84.00165,
								32.20838
							],
							[
								-84.0019,
								32.20829
							],
							[
								-84.00193,
								32.20828
							],
							[
								-84.00199,
								32.20805
							],
							[
								-84.00205,
								32.20792
							],
							[
								-84.00218,
								32.20785
							],
							[
								-84.00229,
								32.20781
							],
							[
								-84.00232,
								32.2078
							],
							[
								-84.00244,
								32.2077
							],
							[
								-84.00247,
								32.20765
							],
							[
								-84.0025,
								32.20758
							],
							[
								-84.00252,
								32.20746
							],
							[
								-84.00255,
								32.20727
							],
							[
								-84.00252,
								32.20716
							],
							[
								-84.00259,
								32.20703
							],
							[
								-84.00267,
								32.20691
							],
							[
								-84.00269,
								32.20687
							],
							[
								-84.00275,
								32.20667
							],
							[
								-84.00281,
								32.20658
							],
							[
								-84.00296,
								32.20635
							],
							[
								-84.00302,
								32.2062
							],
							[
								-84.00307,
								32.20608
							],
							[
								-84.00316,
								32.20596
							],
							[
								-84.0033,
								32.20582
							],
							[
								-84.00345,
								32.20569
							],
							[
								-84.00349,
								32.20567
							],
							[
								-84.00354,
								32.20565
							],
							[
								-84.00359,
								32.20563
							],
							[
								-84.00369,
								32.20561
							],
							[
								-84.00374,
								32.20561
							],
							[
								-84.00385,
								32.20559
							],
							[
								-84.00395,
								32.20556
							],
							[
								-84.004,
								32.20555
							],
							[
								-84.00402,
								32.20551
							],
							[
								-84.00403,
								32.20546
							],
							[
								-84.00406,
								32.20542
							],
							[
								-84.00409,
								32.20539
							],
							[
								-84.00414,
								32.20537
							],
							[
								-84.0043,
								32.20535
							],
							[
								-84.00435,
								32.20535
							],
							[
								-84.0044,
								32.20536
							],
							[
								-84.00445,
								32.20537
							],
							[
								-84.0045,
								32.20539
							],
							[
								-84.00461,
								32.2054
							],
							[
								-84.00487,
								32.2054
							],
							[
								-84.00498,
								32.20541
							],
							[
								-84.00508,
								32.20544
							],
							[
								-84.00522,
								32.20554
							],
							[
								-84.00525,
								32.20556
							],
							[
								-84.00536,
								32.20565
							],
							[
								-84.0055,
								32.20563
							],
							[
								-84.00561,
								32.20553
							],
							[
								-84.0056,
								32.20548
							],
							[
								-84.0056,
								32.2054
							],
							[
								-84.00549,
								32.20531
							],
							[
								-84.00534,
								32.20528
							],
							[
								-84.00525,
								32.20519
							],
							[
								-84.00524,
								32.20518
							],
							[
								-84.00521,
								32.20506
							],
							[
								-84.0052,
								32.20501
							],
							[
								-84.00522,
								32.20497
							],
							[
								-84.00524,
								32.20493
							],
							[
								-84.00526,
								32.20489
							],
							[
								-84.00527,
								32.20488
							],
							[
								-84.00553,
								32.20475
							],
							[
								-84.00562,
								32.20464
							],
							[
								-84.00566,
								32.2045
							],
							[
								-84.00572,
								32.20423
							],
							[
								-84.00573,
								32.2042
							],
							[
								-84.00583,
								32.20412
							],
							[
								-84.00597,
								32.20406
							],
							[
								-84.00612,
								32.20408
							],
							[
								-84.00614,
								32.20412
							],
							[
								-84.00616,
								32.2042
							],
							[
								-84.00616,
								32.20434
							],
							[
								-84.00623,
								32.20443
							],
							[
								-84.00634,
								32.20443
							],
							[
								-84.00643,
								32.20443
							],
							[
								-84.00653,
								32.20433
							],
							[
								-84.0066,
								32.20423
							],
							[
								-84.00691,
								32.20427
							],
							[
								-84.00707,
								32.20425
							],
							[
								-84.00722,
								32.20419
							],
							[
								-84.00737,
								32.20418
							],
							[
								-84.00753,
								32.2042
							],
							[
								-84.00772,
								32.20418
							],
							[
								-84.00772,
								32.20412
							],
							[
								-84.00782,
								32.20399
							],
							[
								-84.0078,
								32.20381
							],
							[
								-84.00779,
								32.20372
							],
							[
								-84.00779,
								32.20368
							],
							[
								-84.00788,
								32.20361
							],
							[
								-84.00796,
								32.20359
							],
							[
								-84.00804,
								32.20357
							],
							[
								-84.0081,
								32.20343
							],
							[
								-84.00812,
								32.20339
							],
							[
								-84.00814,
								32.20333
							],
							[
								-84.00828,
								32.20324
							],
							[
								-84.00829,
								32.20324
							],
							[
								-84.00839,
								32.20321
							],
							[
								-84.00852,
								32.20318
							],
							[
								-84.00876,
								32.20316
							],
							[
								-84.00901,
								32.20316
							],
							[
								-84.0091,
								32.20316
							],
							[
								-84.0092,
								32.20317
							],
							[
								-84.00923,
								32.20316
							],
							[
								-84.00929,
								32.20316
							],
							[
								-84.00937,
								32.20315
							],
							[
								-84.00942,
								32.20311
							],
							[
								-84.00946,
								32.20307
							],
							[
								-84.00947,
								32.20298
							],
							[
								-84.00934,
								32.20291
							],
							[
								-84.00924,
								32.20285
							],
							[
								-84.00915,
								32.20279
							],
							[
								-84.00908,
								32.20267
							],
							[
								-84.00906,
								32.20253
							],
							[
								-84.00906,
								32.20235
							],
							[
								-84.00907,
								32.20222
							],
							[
								-84.0091,
								32.20213
							],
							[
								-84.00911,
								32.2021
							],
							[
								-84.00927,
								32.20193
							],
							[
								-84.00939,
								32.20182
							],
							[
								-84.00958,
								32.20164
							],
							[
								-84.0098,
								32.20153
							],
							[
								-84.00995,
								32.20151
							],
							[
								-84.0101,
								32.20153
							],
							[
								-84.01025,
								32.20158
							],
							[
								-84.01037,
								32.20167
							],
							[
								-84.01051,
								32.20174
							],
							[
								-84.01065,
								32.20179
							],
							[
								-84.01081,
								32.2018
							],
							[
								-84.01097,
								32.20177
							],
							[
								-84.01157,
								32.20155
							],
							[
								-84.01168,
								32.2015
							],
							[
								-84.01181,
								32.20144
							],
							[
								-84.01192,
								32.2014
							],
							[
								-84.01206,
								32.2014
							],
							[
								-84.01221,
								32.20143
							],
							[
								-84.01234,
								32.20144
							],
							[
								-84.01247,
								32.20143
							],
							[
								-84.0125,
								32.20142
							],
							[
								-84.01264,
								32.20136
							],
							[
								-84.01276,
								32.20127
							],
							[
								-84.01299,
								32.20106
							],
							[
								-84.01312,
								32.20099
							],
							[
								-84.01322,
								32.20088
							],
							[
								-84.01328,
								32.20079
							],
							[
								-84.01329,
								32.20076
							],
							[
								-84.0134,
								32.20047
							],
							[
								-84.01347,
								32.20031
							],
							[
								-84.0135,
								32.20023
							],
							[
								-84.01352,
								32.20012
							],
							[
								-84.01352,
								32.2001
							],
							[
								-84.0135,
								32.20004
							],
							[
								-84.01347,
								32.19995
							],
							[
								-84.01332,
								32.19998
							],
							[
								-84.01323,
								32.19995
							],
							[
								-84.01318,
								32.19994
							],
							[
								-84.01315,
								32.19985
							],
							[
								-84.01315,
								32.19981
							],
							[
								-84.01318,
								32.19968
							],
							[
								-84.01325,
								32.19956
							],
							[
								-84.01335,
								32.19946
							],
							[
								-84.01339,
								32.19944
							],
							[
								-84.01393,
								32.19927
							],
							[
								-84.01428,
								32.1992
							],
							[
								-84.01443,
								32.19918
							],
							[
								-84.01455,
								32.19909
							],
							[
								-84.01455,
								32.19908
							],
							[
								-84.01457,
								32.19904
							],
							[
								-84.0146,
								32.19896
							],
							[
								-84.01459,
								32.19893
							],
							[
								-84.01458,
								32.19889
							],
							[
								-84.01457,
								32.19883
							],
							[
								-84.01448,
								32.19873
							],
							[
								-84.01403,
								32.19836
							],
							[
								-84.01398,
								32.19831
							],
							[
								-84.01393,
								32.19827
							],
							[
								-84.01399,
								32.1981
							],
							[
								-84.01415,
								32.19808
							],
							[
								-84.0143,
								32.19806
							],
							[
								-84.01438,
								32.19805
							],
							[
								-84.01448,
								32.19803
							],
							[
								-84.01464,
								32.19801
							],
							[
								-84.01475,
								32.19802
							],
							[
								-84.0148,
								32.19803
							],
							[
								-84.01482,
								32.19803
							],
							[
								-84.01492,
								32.19803
							],
							[
								-84.01496,
								32.19804
							],
							[
								-84.01504,
								32.19802
							],
							[
								-84.0151,
								32.19801
							],
							[
								-84.01523,
								32.19794
							],
							[
								-84.01524,
								32.19794
							],
							[
								-84.01557,
								32.19782
							],
							[
								-84.01571,
								32.19775
							],
							[
								-84.01574,
								32.19771
							],
							[
								-84.01579,
								32.19765
							],
							[
								-84.0158,
								32.19764
							],
							[
								-84.01582,
								32.19751
							],
							[
								-84.01579,
								32.19743
							],
							[
								-84.01577,
								32.19739
							],
							[
								-84.01574,
								32.19736
							],
							[
								-84.01566,
								32.1973
							],
							[
								-84.01551,
								32.19727
							],
							[
								-84.01539,
								32.19727
							],
							[
								-84.01532,
								32.19719
							],
							[
								-84.0153,
								32.19717
							],
							[
								-84.01529,
								32.19716
							],
							[
								-84.0153,
								32.19711
							],
							[
								-84.0153,
								32.19706
							],
							[
								-84.01531,
								32.19703
							],
							[
								-84.01533,
								32.197
							],
							[
								-84.0155,
								32.19678
							],
							[
								-84.0155,
								32.19673
							],
							[
								-84.0155,
								32.19672
							],
							[
								-84.0155,
								32.19667
							],
							[
								-84.01541,
								32.19663
							],
							[
								-84.01537,
								32.19661
							],
							[
								-84.01522,
								32.19662
							],
							[
								-84.01508,
								32.19655
							],
							[
								-84.01502,
								32.19641
							],
							[
								-84.01504,
								32.1964
							],
							[
								-84.01511,
								32.19635
							],
							[
								-84.01512,
								32.19634
							],
							[
								-84.01513,
								32.19633
							],
							[
								-84.01538,
								32.19632
							],
							[
								-84.01554,
								32.19632
							],
							[
								-84.01563,
								32.19622
							],
							[
								-84.01566,
								32.19617
							],
							[
								-84.01566,
								32.19617
							],
							[
								-84.0157,
								32.19611
							],
							[
								-84.01581,
								32.1961
							],
							[
								-84.01585,
								32.19609
							],
							[
								-84.01609,
								32.19623
							],
							[
								-84.01634,
								32.19644
							],
							[
								-84.01645,
								32.19641
							],
							[
								-84.01648,
								32.1964
							],
							[
								-84.01652,
								32.19627
							],
							[
								-84.01642,
								32.19614
							],
							[
								-84.01649,
								32.19612
							],
							[
								-84.01661,
								32.1961
							],
							[
								-84.01668,
								32.19607
							],
							[
								-84.01673,
								32.19605
							],
							[
								-84.01675,
								32.19604
							],
							[
								-84.01676,
								32.19592
							],
							[
								-84.01667,
								32.19582
							],
							[
								-84.01658,
								32.19571
							],
							[
								-84.01657,
								32.1957
							],
							[
								-84.01651,
								32.19559
							],
							[
								-84.01654,
								32.19552
							],
							[
								-84.01655,
								32.19548
							],
							[
								-84.0166,
								32.1955
							],
							[
								-84.01683,
								32.19558
							],
							[
								-84.0169,
								32.1956
							],
							[
								-84.01712,
								32.19569
							],
							[
								-84.01718,
								32.19566
							],
							[
								-84.01724,
								32.19563
							],
							[
								-84.01729,
								32.19551
							],
							[
								-84.01725,
								32.19542
							],
							[
								-84.01713,
								32.19521
							],
							[
								-84.01714,
								32.19516
							],
							[
								-84.01715,
								32.1951
							],
							[
								-84.01727,
								32.19501
							],
							[
								-84.01737,
								32.19498
							],
							[
								-84.01739,
								32.19498
							],
							[
								-84.01752,
								32.1949
							],
							[
								-84.01759,
								32.19483
							],
							[
								-84.01762,
								32.1948
							],
							[
								-84.01769,
								32.19467
							],
							[
								-84.01789,
								32.19435
							],
							[
								-84.01805,
								32.19417
							],
							[
								-84.0181,
								32.19412
							],
							[
								-84.01812,
								32.19409
							],
							[
								-84.01816,
								32.19391
							],
							[
								-84.01821,
								32.19369
							],
							[
								-84.01832,
								32.19343
							],
							[
								-84.01838,
								32.19327
							],
							[
								-84.01848,
								32.19307
							],
							[
								-84.01854,
								32.19294
							],
							[
								-84.01865,
								32.19286
							],
							[
								-84.01871,
								32.19279
							],
							[
								-84.01876,
								32.19272
							],
							[
								-84.01865,
								32.19269
							],
							[
								-84.01853,
								32.19269
							],
							[
								-84.0184,
								32.19267
							],
							[
								-84.01831,
								32.19263
							],
							[
								-84.01822,
								32.19254
							],
							[
								-84.01816,
								32.19236
							],
							[
								-84.01816,
								32.19222
							],
							[
								-84.01817,
								32.19213
							],
							[
								-84.01817,
								32.19206
							],
							[
								-84.01816,
								32.19196
							],
							[
								-84.01808,
								32.19183
							],
							[
								-84.01806,
								32.19183
							],
							[
								-84.01804,
								32.19179
							],
							[
								-84.01803,
								32.19177
							],
							[
								-84.01798,
								32.19164
							],
							[
								-84.01798,
								32.19162
							],
							[
								-84.01796,
								32.1915
							],
							[
								-84.01797,
								32.19142
							],
							[
								-84.01797,
								32.19137
							],
							[
								-84.01801,
								32.1913
							],
							[
								-84.01803,
								32.19125
							],
							[
								-84.01814,
								32.19115
							],
							[
								-84.01829,
								32.19109
							],
							[
								-84.0185,
								32.19103
							],
							[
								-84.01873,
								32.19096
							],
							[
								-84.01888,
								32.19094
							],
							[
								-84.01899,
								32.19088
							],
							[
								-84.01901,
								32.19087
							],
							[
								-84.01907,
								32.19073
							],
							[
								-84.01904,
								32.1906
							],
							[
								-84.01901,
								32.19047
							],
							[
								-84.01893,
								32.19036
							],
							[
								-84.01892,
								32.19035
							],
							[
								-84.01887,
								32.19034
							],
							[
								-84.01877,
								32.19034
							],
							[
								-84.01862,
								32.19038
							],
							[
								-84.01852,
								32.19032
							],
							[
								-84.01849,
								32.19031
							],
							[
								-84.01849,
								32.19018
							],
							[
								-84.01859,
								32.19007
							],
							[
								-84.01866,
								32.19004
							],
							[
								-84.01871,
								32.19001
							],
							[
								-84.0188,
								32.1899
							],
							[
								-84.01881,
								32.18977
							],
							[
								-84.01875,
								32.18965
							],
							[
								-84.01874,
								32.18964
							],
							[
								-84.01873,
								32.18962
							],
							[
								-84.01869,
								32.1895
							],
							[
								-84.01869,
								32.18945
							],
							[
								-84.01869,
								32.18937
							],
							[
								-84.01876,
								32.18924
							],
							[
								-84.01881,
								32.18921
							],
							[
								-84.01889,
								32.18917
							],
							[
								-84.01904,
								32.18913
							],
							[
								-84.01922,
								32.18917
							],
							[
								-84.01935,
								32.1892
							],
							[
								-84.01938,
								32.1892
							],
							[
								-84.01953,
								32.18917
							],
							[
								-84.01966,
								32.18909
							],
							[
								-84.0198,
								32.18888
							],
							[
								-84.01987,
								32.18881
							],
							[
								-84.0199,
								32.18878
							],
							[
								-84.01996,
								32.18873
							],
							[
								-84.02001,
								32.18868
							],
							[
								-84.02012,
								32.18863
							],
							[
								-84.02014,
								32.1885
							],
							[
								-84.02012,
								32.18837
							],
							[
								-84.02013,
								32.18823
							],
							[
								-84.02023,
								32.18801
							],
							[
								-84.02029,
								32.18789
							],
							[
								-84.02036,
								32.18776
							],
							[
								-84.02049,
								32.18769
							],
							[
								-84.02057,
								32.18758
							],
							[
								-84.02057,
								32.18728
							],
							[
								-84.02062,
								32.18716
							],
							[
								-84.02063,
								32.18714
							],
							[
								-84.02072,
								32.18705
							],
							[
								-84.02073,
								32.18704
							],
							[
								-84.0208,
								32.18701
							],
							[
								-84.02085,
								32.18698
							],
							[
								-84.02086,
								32.18697
							],
							[
								-84.02101,
								32.18695
							],
							[
								-84.02115,
								32.18699
							],
							[
								-84.02118,
								32.18704
							],
							[
								-84.02121,
								32.18711
							],
							[
								-84.02129,
								32.18723
							],
							[
								-84.0213,
								32.18724
							],
							[
								-84.02143,
								32.18726
							],
							[
								-84.02146,
								32.18722
							],
							[
								-84.02151,
								32.18715
							],
							[
								-84.02151,
								32.18703
							],
							[
								-84.02146,
								32.18689
							],
							[
								-84.02143,
								32.18686
							],
							[
								-84.02137,
								32.18678
							],
							[
								-84.02124,
								32.1867
							],
							[
								-84.02081,
								32.18656
							],
							[
								-84.0207,
								32.18646
							],
							[
								-84.02074,
								32.18633
							],
							[
								-84.02079,
								32.18628
							],
							[
								-84.02085,
								32.18622
							],
							[
								-84.02097,
								32.18613
							],
							[
								-84.0211,
								32.18605
							],
							[
								-84.02124,
								32.18599
							],
							[
								-84.02135,
								32.18601
							],
							[
								-84.02137,
								32.18602
							],
							[
								-84.02149,
								32.18608
							],
							[
								-84.02161,
								32.1861
							],
							[
								-84.02164,
								32.1861
							],
							[
								-84.02166,
								32.18608
							],
							[
								-84.02172,
								32.18603
							],
							[
								-84.02174,
								32.18601
							],
							[
								-84.02188,
								32.18594
							],
							[
								-84.02201,
								32.18598
							],
							[
								-84.02206,
								32.18603
							],
							[
								-84.02211,
								32.18608
							],
							[
								-84.02226,
								32.18613
							],
							[
								-84.02231,
								32.18613
							],
							[
								-84.02241,
								32.18613
							],
							[
								-84.02257,
								32.18605
							],
							[
								-84.02261,
								32.18602
							],
							[
								-84.02268,
								32.18595
							],
							[
								-84.02278,
								32.18584
							],
							[
								-84.02285,
								32.18572
							],
							[
								-84.02291,
								32.18561
							],
							[
								-84.02292,
								32.18558
							],
							[
								-84.02295,
								32.18545
							],
							[
								-84.02293,
								32.18532
							],
							[
								-84.02288,
								32.18519
							],
							[
								-84.02281,
								32.18507
							],
							[
								-84.0228,
								32.18505
							],
							[
								-84.02277,
								32.18498
							],
							[
								-84.02276,
								32.18494
							],
							[
								-84.02272,
								32.18481
							],
							[
								-84.02274,
								32.18478
							],
							[
								-84.02276,
								32.18472
							],
							[
								-84.02277,
								32.1847
							],
							[
								-84.0228,
								32.18469
							],
							[
								-84.02286,
								32.18465
							],
							[
								-84.0229,
								32.18463
							],
							[
								-84.02303,
								32.18465
							],
							[
								-84.02311,
								32.18467
							],
							[
								-84.02326,
								32.18469
							],
							[
								-84.02329,
								32.18468
							],
							[
								-84.02343,
								32.18465
							],
							[
								-84.02348,
								32.18456
							],
							[
								-84.0235,
								32.18454
							],
							[
								-84.02342,
								32.18432
							],
							[
								-84.02341,
								32.18424
							],
							[
								-84.02341,
								32.18422
							],
							[
								-84.02346,
								32.18419
							],
							[
								-84.02356,
								32.18413
							],
							[
								-84.02364,
								32.18409
							],
							[
								-84.02374,
								32.18408
							],
							[
								-84.02375,
								32.18408
							],
							[
								-84.02384,
								32.18411
							],
							[
								-84.02391,
								32.18411
							],
							[
								-84.02406,
								32.18425
							],
							[
								-84.02409,
								32.18428
							],
							[
								-84.02411,
								32.18428
							],
							[
								-84.02416,
								32.18429
							],
							[
								-84.0242,
								32.1843
							],
							[
								-84.02422,
								32.18431
							],
							[
								-84.02424,
								32.18431
							],
							[
								-84.0244,
								32.18428
							],
							[
								-84.0245,
								32.18415
							],
							[
								-84.02458,
								32.18405
							],
							[
								-84.02476,
								32.18407
							],
							[
								-84.02487,
								32.18417
							],
							[
								-84.0249,
								32.18425
							],
							[
								-84.02495,
								32.18437
							],
							[
								-84.02507,
								32.18446
							],
							[
								-84.02518,
								32.18442
							],
							[
								-84.02522,
								32.18436
							],
							[
								-84.02526,
								32.1843
							],
							[
								-84.02527,
								32.18417
							],
							[
								-84.02532,
								32.18411
							],
							[
								-84.02536,
								32.18407
							],
							[
								-84.02537,
								32.18406
							],
							[
								-84.02542,
								32.18405
							],
							[
								-84.0255,
								32.18402
							],
							[
								-84.02562,
								32.18397
							],
							[
								-84.0257,
								32.18386
							],
							[
								-84.0257,
								32.18384
							],
							[
								-84.0257,
								32.18372
							],
							[
								-84.02573,
								32.18351
							],
							[
								-84.02582,
								32.18343
							],
							[
								-84.02597,
								32.18339
							],
							[
								-84.02614,
								32.18339
							],
							[
								-84.02621,
								32.1834
							],
							[
								-84.02641,
								32.18342
							],
							[
								-84.02642,
								32.18342
							],
							[
								-84.02658,
								32.1834
							],
							[
								-84.02669,
								32.18334
							],
							[
								-84.02672,
								32.18333
							],
							[
								-84.02689,
								32.1831
							],
							[
								-84.02699,
								32.18299
							],
							[
								-84.02708,
								32.18289
							],
							[
								-84.02709,
								32.18288
							],
							[
								-84.02712,
								32.18286
							],
							[
								-84.0272,
								32.18279
							],
							[
								-84.02731,
								32.18276
							],
							[
								-84.02747,
								32.18275
							],
							[
								-84.02763,
								32.18277
							],
							[
								-84.02792,
								32.18294
							],
							[
								-84.02808,
								32.18297
							],
							[
								-84.02823,
								32.18296
							],
							[
								-84.02834,
								32.18292
							],
							[
								-84.02845,
								32.18282
							],
							[
								-84.02851,
								32.18269
							],
							[
								-84.02853,
								32.18259
							],
							[
								-84.02859,
								32.18247
							],
							[
								-84.0287,
								32.18237
							],
							[
								-84.02885,
								32.18235
							],
							[
								-84.02898,
								32.18242
							],
							[
								-84.02904,
								32.18254
							],
							[
								-84.02909,
								32.18271
							],
							[
								-84.02911,
								32.18271
							],
							[
								-84.02926,
								32.18274
							],
							[
								-84.02932,
								32.1827
							],
							[
								-84.02939,
								32.18266
							],
							[
								-84.02947,
								32.18255
							],
							[
								-84.02956,
								32.18224
							],
							[
								-84.02962,
								32.18214
							],
							[
								-84.02965,
								32.18204
							],
							[
								-84.02965,
								32.18201
							],
							[
								-84.02965,
								32.18188
							],
							[
								-84.02964,
								32.18185
							],
							[
								-84.0296,
								32.18175
							],
							[
								-84.02953,
								32.18167
							],
							[
								-84.02951,
								32.18166
							],
							[
								-84.02945,
								32.18163
							],
							[
								-84.02939,
								32.1816
							],
							[
								-84.02924,
								32.18156
							],
							[
								-84.02908,
								32.18156
							],
							[
								-84.02896,
								32.18149
							],
							[
								-84.02889,
								32.18137
							],
							[
								-84.02889,
								32.18096
							],
							[
								-84.02892,
								32.18062
							],
							[
								-84.02893,
								32.1805
							],
							[
								-84.02894,
								32.18037
							],
							[
								-84.029,
								32.18024
							],
							[
								-84.0291,
								32.18014
							],
							[
								-84.02917,
								32.18011
							],
							[
								-84.02922,
								32.18009
							],
							[
								-84.02926,
								32.18009
							],
							[
								-84.02936,
								32.18008
							],
							[
								-84.02938,
								32.18008
							],
							[
								-84.02947,
								32.1801
							],
							[
								-84.02953,
								32.18012
							],
							[
								-84.02979,
								32.18018
							],
							[
								-84.02993,
								32.18016
							],
							[
								-84.02999,
								32.18009
							],
							[
								-84.03002,
								32.18006
							],
							[
								-84.02997,
								32.17993
							],
							[
								-84.02995,
								32.17988
							],
							[
								-84.02987,
								32.17972
							],
							[
								-84.02987,
								32.17964
							],
							[
								-84.02988,
								32.17958
							],
							[
								-84.02995,
								32.17945
							],
							[
								-84.02998,
								32.17944
							],
							[
								-84.02999,
								32.17943
							],
							[
								-84.03011,
								32.1794
							],
							[
								-84.03017,
								32.17941
							],
							[
								-84.03026,
								32.17942
							],
							[
								-84.03043,
								32.17951
							],
							[
								-84.03047,
								32.17953
							],
							[
								-84.03051,
								32.17955
							],
							[
								-84.03057,
								32.17959
							],
							[
								-84.03063,
								32.17953
							],
							[
								-84.03068,
								32.17948
							],
							[
								-84.03073,
								32.17939
							],
							[
								-84.03087,
								32.17917
							],
							[
								-84.03096,
								32.17907
							],
							[
								-84.031,
								32.17895
							],
							[
								-84.03101,
								32.17893
							],
							[
								-84.03106,
								32.17889
							],
							[
								-84.03109,
								32.17885
							],
							[
								-84.03115,
								32.17873
							],
							[
								-84.0311,
								32.17852
							],
							[
								-84.03105,
								32.1784
							],
							[
								-84.03091,
								32.17835
							],
							[
								-84.03069,
								32.17848
							],
							[
								-84.03059,
								32.17858
							],
							[
								-84.03047,
								32.17851
							],
							[
								-84.03042,
								32.17843
							],
							[
								-84.0304,
								32.17839
							],
							[
								-84.03036,
								32.17834
							],
							[
								-84.03015,
								32.17809
							],
							[
								-84.03014,
								32.17807
							],
							[
								-84.03011,
								32.178
							],
							[
								-84.0301,
								32.17798
							],
							[
								-84.03009,
								32.17795
							],
							[
								-84.03005,
								32.17782
							],
							[
								-84.03003,
								32.1777
							],
							[
								-84.03003,
								32.17769
							],
							[
								-84.03004,
								32.17755
							],
							[
								-84.03005,
								32.17751
							],
							[
								-84.03007,
								32.17742
							],
							[
								-84.03014,
								32.1769
							],
							[
								-84.03008,
								32.17678
							],
							[
								-84.03004,
								32.17673
							],
							[
								-84.03001,
								32.17668
							],
							[
								-84.02988,
								32.17661
							],
							[
								-84.02954,
								32.17648
							],
							[
								-84.02945,
								32.17639
							],
							[
								-84.0294,
								32.17627
							],
							[
								-84.0294,
								32.17613
							],
							[
								-84.0295,
								32.17606
							],
							[
								-84.02961,
								32.17596
							],
							[
								-84.0296,
								32.17589
							],
							[
								-84.0296,
								32.17585
							],
							[
								-84.02958,
								32.17585
							],
							[
								-84.02945,
								32.17581
							],
							[
								-84.02929,
								32.17579
							],
							[
								-84.02898,
								32.17581
							],
							[
								-84.02887,
								32.17578
							],
							[
								-84.02871,
								32.17577
							],
							[
								-84.02865,
								32.17578
							],
							[
								-84.02864,
								32.17578
							],
							[
								-84.02842,
								32.1758
							],
							[
								-84.02826,
								32.17571
							],
							[
								-84.0281,
								32.17564
							],
							[
								-84.02795,
								32.17551
							],
							[
								-84.02777,
								32.17529
							],
							[
								-84.02766,
								32.17506
							],
							[
								-84.02757,
								32.1749
							],
							[
								-84.02749,
								32.17476
							],
							[
								-84.02743,
								32.17457
							],
							[
								-84.02736,
								32.17436
							],
							[
								-84.02726,
								32.17424
							],
							[
								-84.02708,
								32.1741
							],
							[
								-84.02689,
								32.17397
							],
							[
								-84.02666,
								32.17383
							],
							[
								-84.02651,
								32.17371
							],
							[
								-84.02633,
								32.17352
							],
							[
								-84.02625,
								32.17341
							],
							[
								-84.02615,
								32.17322
							],
							[
								-84.02608,
								32.17295
							],
							[
								-84.0261,
								32.17258
							],
							[
								-84.02618,
								32.1723
							],
							[
								-84.0263,
								32.17213
							],
							[
								-84.02658,
								32.17188
							],
							[
								-84.02696,
								32.17164
							],
							[
								-84.02717,
								32.17149
							],
							[
								-84.02738,
								32.1713
							],
							[
								-84.02756,
								32.17118
							],
							[
								-84.0276,
								32.17117
							],
							[
								-84.0278,
								32.1713
							],
							[
								-84.02801,
								32.17136
							],
							[
								-84.02827,
								32.17138
							],
							[
								-84.02853,
								32.17133
							],
							[
								-84.02881,
								32.17117
							],
							[
								-84.02906,
								32.17097
							],
							[
								-84.02948,
								32.1708
							],
							[
								-84.02986,
								32.17075
							],
							[
								-84.03028,
								32.17076
							],
							[
								-84.03064,
								32.17067
							],
							[
								-84.03103,
								32.17052
							],
							[
								-84.03131,
								32.17053
							],
							[
								-84.03159,
								32.17068
							],
							[
								-84.03169,
								32.17083
							],
							[
								-84.03169,
								32.1711
							],
							[
								-84.03155,
								32.17139
							],
							[
								-84.03132,
								32.17176
							],
							[
								-84.03112,
								32.17224
							],
							[
								-84.03105,
								32.17261
							],
							[
								-84.03115,
								32.17294
							],
							[
								-84.0314,
								32.17321
							],
							[
								-84.03172,
								32.1734
							],
							[
								-84.03215,
								32.17347
							],
							[
								-84.0326,
								32.1735
							],
							[
								-84.03307,
								32.17341
							],
							[
								-84.03374,
								32.17336
							],
							[
								-84.03438,
								32.17334
							],
							[
								-84.03478,
								32.17341
							],
							[
								-84.03524,
								32.17352
							],
							[
								-84.03555,
								32.17363
							],
							[
								-84.03591,
								32.17378
							],
							[
								-84.03624,
								32.17397
							],
							[
								-84.03651,
								32.17417
							],
							[
								-84.03678,
								32.17429
							],
							[
								-84.0371,
								32.17438
							],
							[
								-84.03773,
								32.17444
							],
							[
								-84.03817,
								32.17446
							],
							[
								-84.03863,
								32.1744
							],
							[
								-84.0392,
								32.17437
							],
							[
								-84.03955,
								32.17446
							],
							[
								-84.03979,
								32.17456
							],
							[
								-84.04007,
								32.17483
							],
							[
								-84.04024,
								32.17507
							],
							[
								-84.04029,
								32.17535
							],
							[
								-84.04019,
								32.17567
							],
							[
								-84.04001,
								32.17605
							],
							[
								-84.0398,
								32.17645
							],
							[
								-84.03968,
								32.1769
							],
							[
								-84.03961,
								32.17717
							],
							[
								-84.03968,
								32.1775
							],
							[
								-84.03985,
								32.17783
							],
							[
								-84.04024,
								32.17809
							],
							[
								-84.04065,
								32.17817
							],
							[
								-84.04108,
								32.17827
							],
							[
								-84.04168,
								32.17827
							],
							[
								-84.04223,
								32.17824
							],
							[
								-84.04264,
								32.17834
							],
							[
								-84.04305,
								32.1786
							],
							[
								-84.04341,
								32.17884
							],
							[
								-84.04375,
								32.17911
							],
							[
								-84.04394,
								32.17944
							],
							[
								-84.044,
								32.17975
							],
							[
								-84.044,
								32.18028
							],
							[
								-84.0439,
								32.18085
							],
							[
								-84.04376,
								32.18119
							],
							[
								-84.04351,
								32.18146
							],
							[
								-84.04352,
								32.18149
							],
							[
								-84.04353,
								32.1815
							],
							[
								-84.04357,
								32.18168
							],
							[
								-84.04362,
								32.18187
							],
							[
								-84.04367,
								32.18207
							],
							[
								-84.04376,
								32.18241
							],
							[
								-84.04381,
								32.18246
							],
							[
								-84.04407,
								32.18246
							],
							[
								-84.04411,
								32.18246
							],
							[
								-84.04419,
								32.18246
							],
							[
								-84.04431,
								32.18246
							],
							[
								-84.04475,
								32.1823
							],
							[
								-84.04507,
								32.18221
							],
							[
								-84.04581,
								32.18236
							],
							[
								-84.04591,
								32.18236
							],
							[
								-84.04607,
								32.18236
							],
							[
								-84.04623,
								32.18236
							],
							[
								-84.04631,
								32.18236
							],
							[
								-84.04635,
								32.18241
							],
							[
								-84.04636,
								32.18242
							],
							[
								-84.04645,
								32.1825
							],
							[
								-84.0465,
								32.18256
							],
							[
								-84.04657,
								32.18258
							],
							[
								-84.0467,
								32.18261
							],
							[
								-84.04684,
								32.18265
							],
							[
								-84.04685,
								32.18265
							],
							[
								-84.0469,
								32.18266
							],
							[
								-84.04721,
								32.18276
							],
							[
								-84.04751,
								32.18276
							],
							[
								-84.04791,
								32.18286
							],
							[
								-84.04803,
								32.18299
							],
							[
								-84.04841,
								32.18336
							],
							[
								-84.04853,
								32.18355
							],
							[
								-84.0486,
								32.18366
							],
							[
								-84.04864,
								32.18371
							],
							[
								-84.04871,
								32.18381
							],
							[
								-84.04877,
								32.18391
							],
							[
								-84.04881,
								32.18396
							],
							[
								-84.049,
								32.18416
							],
							[
								-84.04904,
								32.18425
							],
							[
								-84.04909,
								32.18436
							],
							[
								-84.0491,
								32.18439
							],
							[
								-84.04912,
								32.18445
							],
							[
								-84.04916,
								32.18454
							],
							[
								-84.04918,
								32.1846
							],
							[
								-84.0492,
								32.18466
							],
							[
								-84.0492,
								32.18475
							],
							[
								-84.04921,
								32.18484
							],
							[
								-84.04921,
								32.18506
							],
							[
								-84.04925,
								32.18507
							],
							[
								-84.04937,
								32.1851
							],
							[
								-84.04943,
								32.18512
							],
							[
								-84.04949,
								32.18513
							],
							[
								-84.04957,
								32.18515
							],
							[
								-84.04965,
								32.18517
							],
							[
								-84.04969,
								32.18518
							],
							[
								-84.04977,
								32.1852
							],
							[
								-84.04985,
								32.18522
							],
							[
								-84.05026,
								32.18533
							],
							[
								-84.0504,
								32.18536
							],
							[
								-84.05054,
								32.18526
							],
							[
								-84.0506,
								32.18521
							],
							[
								-84.0508,
								32.18506
							],
							[
								-84.05084,
								32.18505
							],
							[
								-84.05089,
								32.18502
							],
							[
								-84.05101,
								32.18496
							],
							[
								-84.05104,
								32.18496
							],
							[
								-84.05113,
								32.18496
							],
							[
								-84.05121,
								32.18496
							],
							[
								-84.05128,
								32.18496
							],
							[
								-84.0513,
								32.18496
							],
							[
								-84.0515,
								32.18483
							],
							[
								-84.0516,
								32.18476
							],
							[
								-84.0517,
								32.18476
							],
							[
								-84.052,
								32.18476
							],
							[
								-84.05206,
								32.18468
							],
							[
								-84.05209,
								32.18464
							],
							[
								-84.05211,
								32.1846
							],
							[
								-84.05217,
								32.18452
							],
							[
								-84.05221,
								32.18446
							],
							[
								-84.0523,
								32.18418
							],
							[
								-84.05231,
								32.18416
							],
							[
								-84.05238,
								32.18416
							],
							[
								-84.05245,
								32.18416
							],
							[
								-84.0525,
								32.18416
							],
							[
								-84.05274,
								32.18422
							],
							[
								-84.0529,
								32.18426
							],
							[
								-84.05298,
								32.18426
							],
							[
								-84.05321,
								32.18426
							],
							[
								-84.05328,
								32.18428
							],
							[
								-84.0533,
								32.18428
							],
							[
								-84.05339,
								32.18431
							],
							[
								-84.05348,
								32.18433
							],
							[
								-84.0535,
								32.18434
							],
							[
								-84.05353,
								32.18434
							],
							[
								-84.05355,
								32.18435
							],
							[
								-84.05356,
								32.18435
							],
							[
								-84.05361,
								32.18436
							],
							[
								-84.05371,
								32.18429
							],
							[
								-84.05378,
								32.18424
							],
							[
								-84.05383,
								32.18421
							],
							[
								-84.05391,
								32.18416
							],
							[
								-84.054,
								32.18402
							],
							[
								-84.05411,
								32.18386
							],
							[
								-84.05418,
								32.18386
							],
							[
								-84.05425,
								32.18386
							],
							[
								-84.05429,
								32.18386
							],
							[
								-84.0543,
								32.18386
							],
							[
								-84.05437,
								32.18399
							],
							[
								-84.05438,
								32.18402
							],
							[
								-84.05441,
								32.18406
							],
							[
								-84.05468,
								32.18406
							],
							[
								-84.05488,
								32.18406
							],
							[
								-84.05491,
								32.18406
							],
							[
								-84.0551,
								32.18393
							],
							[
								-84.05513,
								32.18391
							],
							[
								-84.0552,
								32.18387
							],
							[
								-84.05512,
								32.18372
							],
							[
								-84.05511,
								32.18369
							],
							[
								-84.05515,
								32.18364
							],
							[
								-84.05518,
								32.1836
							],
							[
								-84.05529,
								32.18356
							],
							[
								-84.0554,
								32.18356
							],
							[
								-84.05552,
								32.18356
							],
							[
								-84.05555,
								32.18356
							],
							[
								-84.056,
								32.18356
							],
							[
								-84.0567,
								32.18346
							],
							[
								-84.05678,
								32.18348
							],
							[
								-84.05693,
								32.18352
							],
							[
								-84.05698,
								32.18353
							],
							[
								-84.05704,
								32.18355
							],
							[
								-84.05711,
								32.18356
							],
							[
								-84.05724,
								32.18365
							],
							[
								-84.05726,
								32.18366
							],
							[
								-84.05731,
								32.1837
							],
							[
								-84.05741,
								32.18376
							],
							[
								-84.05757,
								32.18368
							],
							[
								-84.05758,
								32.18368
							],
							[
								-84.05761,
								32.18366
							],
							[
								-84.05768,
								32.18369
							],
							[
								-84.05772,
								32.1837
							],
							[
								-84.0578,
								32.18373
							],
							[
								-84.05786,
								32.18374
							],
							[
								-84.05791,
								32.18376
							],
							[
								-84.05795,
								32.18376
							],
							[
								-84.05807,
								32.18376
							],
							[
								-84.05819,
								32.18376
							],
							[
								-84.05831,
								32.18376
							],
							[
								-84.05841,
								32.1837
							],
							[
								-84.05847,
								32.18367
							],
							[
								-84.05877,
								32.18348
							],
							[
								-84.05881,
								32.18346
							],
							[
								-84.05921,
								32.18346
							],
							[
								-84.05971,
								32.18346
							],
							[
								-84.05995,
								32.18329
							],
							[
								-84.06001,
								32.18326
							],
							[
								-84.06003,
								32.18328
							],
							[
								-84.06019,
								32.18339
							],
							[
								-84.06028,
								32.18345
							],
							[
								-84.06031,
								32.18346
							],
							[
								-84.06033,
								32.18347
							],
							[
								-84.06039,
								32.18349
							],
							[
								-84.06061,
								32.18356
							],
							[
								-84.061,
								32.18356
							],
							[
								-84.06111,
								32.18356
							],
							[
								-84.06151,
								32.18336
							],
							[
								-84.06154,
								32.18338
							],
							[
								-84.06162,
								32.18341
							],
							[
								-84.06181,
								32.18348
							],
							[
								-84.062,
								32.18356
							],
							[
								-84.06221,
								32.18376
							],
							[
								-84.06222,
								32.18377
							],
							[
								-84.06226,
								32.1838
							],
							[
								-84.06233,
								32.18385
							],
							[
								-84.06241,
								32.18389
							],
							[
								-84.06251,
								32.18396
							],
							[
								-84.06265,
								32.18409
							],
							[
								-84.06271,
								32.18416
							],
							[
								-84.06288,
								32.18433
							],
							[
								-84.06291,
								32.18436
							],
							[
								-84.06306,
								32.18442
							],
							[
								-84.06319,
								32.18446
							],
							[
								-84.06326,
								32.18446
							],
							[
								-84.06331,
								32.18446
							],
							[
								-84.06336,
								32.18443
							],
							[
								-84.06359,
								32.18429
							],
							[
								-84.06368,
								32.18424
							],
							[
								-84.06381,
								32.18416
							],
							[
								-84.06406,
								32.18416
							],
							[
								-84.06411,
								32.18416
							],
							[
								-84.06434,
								32.1843
							],
							[
								-84.06439,
								32.18433
							],
							[
								-84.06443,
								32.18436
							],
							[
								-84.06481,
								32.18426
							],
							[
								-84.0649,
								32.18426
							],
							[
								-84.06501,
								32.18426
							],
							[
								-84.06508,
								32.18434
							],
							[
								-84.06521,
								32.18446
							],
							[
								-84.06537,
								32.18446
							],
							[
								-84.06548,
								32.18446
							],
							[
								-84.06549,
								32.18446
							],
							[
								-84.06551,
								32.18446
							],
							[
								-84.06555,
								32.18449
							],
							[
								-84.06583,
								32.18466
							],
							[
								-84.066,
								32.18464
							],
							[
								-84.06603,
								32.18465
							],
							[
								-84.06608,
								32.18463
							],
							[
								-84.06618,
								32.1846
							],
							[
								-84.06631,
								32.18452
							],
							[
								-84.0664,
								32.18447
							],
							[
								-84.06648,
								32.18448
							],
							[
								-84.06651,
								32.18446
							],
							[
								-84.06656,
								32.18448
							],
							[
								-84.06671,
								32.18456
							],
							[
								-84.06684,
								32.18463
							],
							[
								-84.06691,
								32.18466
							],
							[
								-84.06701,
								32.18461
							],
							[
								-84.06703,
								32.1846
							],
							[
								-84.06711,
								32.18456
							],
							[
								-84.06712,
								32.18455
							],
							[
								-84.06716,
								32.18451
							],
							[
								-84.06721,
								32.18446
							],
							[
								-84.06735,
								32.1846
							],
							[
								-84.06736,
								32.18462
							],
							[
								-84.0674,
								32.18465
							],
							[
								-84.06741,
								32.18466
							],
							[
								-84.06742,
								32.18465
							],
							[
								-84.06761,
								32.18456
							],
							[
								-84.06762,
								32.18459
							],
							[
								-84.06764,
								32.18462
							],
							[
								-84.06764,
								32.18464
							],
							[
								-84.06768,
								32.1847
							],
							[
								-84.06769,
								32.18472
							],
							[
								-84.06771,
								32.18476
							],
							[
								-84.06763,
								32.18492
							],
							[
								-84.06761,
								32.18495
							],
							[
								-84.06761,
								32.18496
							],
							[
								-84.06776,
								32.18496
							],
							[
								-84.06781,
								32.18496
							],
							[
								-84.06808,
								32.18487
							],
							[
								-84.06811,
								32.18486
							],
							[
								-84.06818,
								32.18486
							],
							[
								-84.06828,
								32.18486
							],
							[
								-84.06829,
								32.18486
							],
							[
								-84.06831,
								32.18486
							],
							[
								-84.06831,
								32.1849
							],
							[
								-84.06831,
								32.18496
							],
							[
								-84.06833,
								32.18497
							],
							[
								-84.06843,
								32.18501
							],
							[
								-84.06854,
								32.18505
							],
							[
								-84.06857,
								32.18507
							],
							[
								-84.06861,
								32.18508
							],
							[
								-84.06867,
								32.18511
							],
							[
								-84.06881,
								32.18516
							],
							[
								-84.06886,
								32.18515
							],
							[
								-84.06895,
								32.18512
							],
							[
								-84.06905,
								32.1851
							],
							[
								-84.06915,
								32.18508
							],
							[
								-84.06921,
								32.18506
							],
							[
								-84.06937,
								32.18511
							],
							[
								-84.06947,
								32.18514
							],
							[
								-84.06957,
								32.18516
							],
							[
								-84.06961,
								32.18516
							],
							[
								-84.06963,
								32.18516
							],
							[
								-84.06974,
								32.18516
							],
							[
								-84.06991,
								32.18516
							],
							[
								-84.07006,
								32.18501
							],
							[
								-84.07011,
								32.18496
							],
							[
								-84.07022,
								32.18496
							],
							[
								-84.07029,
								32.18496
							],
							[
								-84.07051,
								32.18496
							],
							[
								-84.07054,
								32.18494
							],
							[
								-84.07055,
								32.18493
							],
							[
								-84.07071,
								32.18486
							],
							[
								-84.07084,
								32.18486
							],
							[
								-84.07089,
								32.18486
							],
							[
								-84.07091,
								32.18486
							],
							[
								-84.07094,
								32.18482
							],
							[
								-84.07107,
								32.1847
							],
							[
								-84.07108,
								32.18469
							],
							[
								-84.07111,
								32.18466
							],
							[
								-84.0712,
								32.18457
							],
							[
								-84.07125,
								32.18452
							],
							[
								-84.07131,
								32.18446
							],
							[
								-84.07138,
								32.18446
							],
							[
								-84.07141,
								32.18446
							],
							[
								-84.07164,
								32.18446
							],
							[
								-84.07168,
								32.18446
							],
							[
								-84.07171,
								32.18446
							],
							[
								-84.07173,
								32.18445
							],
							[
								-84.07184,
								32.18438
							],
							[
								-84.07191,
								32.18434
							],
							[
								-84.07201,
								32.18426
							],
							[
								-84.07208,
								32.18419
							],
							[
								-84.07211,
								32.18416
							],
							[
								-84.07216,
								32.18414
							],
							[
								-84.07222,
								32.18412
							],
							[
								-84.07228,
								32.1841
							],
							[
								-84.07236,
								32.18408
							],
							[
								-84.07239,
								32.18407
							],
							[
								-84.07241,
								32.18406
							],
							[
								-84.07245,
								32.18411
							],
							[
								-84.07248,
								32.18414
							],
							[
								-84.0725,
								32.18416
							],
							[
								-84.07253,
								32.18419
							],
							[
								-84.07261,
								32.18426
							],
							[
								-84.07271,
								32.18426
							],
							[
								-84.07277,
								32.18426
							],
							[
								-84.07281,
								32.18426
							],
							[
								-84.07284,
								32.18428
							],
							[
								-84.07287,
								32.18429
							],
							[
								-84.07289,
								32.18431
							],
							[
								-84.07292,
								32.18432
							],
							[
								-84.07301,
								32.18436
							],
							[
								-84.0731,
								32.18427
							],
							[
								-84.07312,
								32.18424
							],
							[
								-84.07314,
								32.18421
							],
							[
								-84.07315,
								32.18419
							],
							[
								-84.07316,
								32.18418
							],
							[
								-84.07319,
								32.18416
							],
							[
								-84.07328,
								32.18409
							],
							[
								-84.0733,
								32.18407
							],
							[
								-84.07332,
								32.18407
							],
							[
								-84.07337,
								32.18404
							],
							[
								-84.07344,
								32.18402
							],
							[
								-84.07361,
								32.18396
							],
							[
								-84.07363,
								32.18396
							],
							[
								-84.07365,
								32.18396
							],
							[
								-84.07367,
								32.18396
							],
							[
								-84.07381,
								32.18396
							],
							[
								-84.07386,
								32.18401
							],
							[
								-84.07391,
								32.18406
							],
							[
								-84.07397,
								32.18406
							],
							[
								-84.07401,
								32.18407
							],
							[
								-84.07403,
								32.18406
							],
							[
								-84.07411,
								32.18406
							],
							[
								-84.07418,
								32.1841
							],
							[
								-84.07419,
								32.18411
							],
							[
								-84.07431,
								32.18416
							],
							[
								-84.07438,
								32.18431
							],
							[
								-84.07441,
								32.18436
							],
							[
								-84.07446,
								32.18439
							],
							[
								-84.07453,
								32.18443
							],
							[
								-84.07455,
								32.18444
							],
							[
								-84.0746,
								32.18446
							],
							[
								-84.0746,
								32.18449
							],
							[
								-84.07461,
								32.18466
							],
							[
								-84.07461,
								32.1847
							],
							[
								-84.07461,
								32.18476
							],
							[
								-84.07476,
								32.18484
							],
							[
								-84.07481,
								32.18486
							],
							[
								-84.07481,
								32.18489
							],
							[
								-84.07481,
								32.18496
							],
							[
								-84.07484,
								32.18499
							],
							[
								-84.07488,
								32.18501
							],
							[
								-84.07491,
								32.18503
							],
							[
								-84.07497,
								32.18507
							],
							[
								-84.07507,
								32.18514
							],
							[
								-84.07509,
								32.18515
							],
							[
								-84.07511,
								32.18516
							],
							[
								-84.07516,
								32.18513
							],
							[
								-84.0752,
								32.18511
							],
							[
								-84.07531,
								32.18506
							],
							[
								-84.07544,
								32.18506
							],
							[
								-84.07561,
								32.18506
							],
							[
								-84.07565,
								32.18506
							],
							[
								-84.07572,
								32.18506
							],
							[
								-84.07578,
								32.18506
							],
							[
								-84.07591,
								32.18506
							],
							[
								-84.07593,
								32.18508
							],
							[
								-84.07597,
								32.18512
							],
							[
								-84.07598,
								32.18514
							],
							[
								-84.07603,
								32.18518
							],
							[
								-84.07608,
								32.18523
							],
							[
								-84.07611,
								32.18526
							],
							[
								-84.07611,
								32.18535
							],
							[
								-84.07611,
								32.18536
							],
							[
								-84.07619,
								32.18541
							],
							[
								-84.07631,
								32.18546
							],
							[
								-84.07639,
								32.18546
							],
							[
								-84.07651,
								32.18546
							],
							[
								-84.07666,
								32.18561
							],
							[
								-84.07671,
								32.18566
							],
							[
								-84.07685,
								32.18566
							],
							[
								-84.07691,
								32.18566
							],
							[
								-84.0769,
								32.1857
							],
							[
								-84.07691,
								32.18586
							],
							[
								-84.07701,
								32.18596
							],
							[
								-84.07706,
								32.18598
							],
							[
								-84.07708,
								32.18599
							],
							[
								-84.07713,
								32.186
							],
							[
								-84.07731,
								32.18606
							],
							[
								-84.07701,
								32.18626
							],
							[
								-84.07676,
								32.18626
							],
							[
								-84.07674,
								32.18626
							],
							[
								-84.07671,
								32.18626
							],
							[
								-84.07672,
								32.18628
							],
							[
								-84.07673,
								32.18629
							],
							[
								-84.07684,
								32.18646
							],
							[
								-84.07684,
								32.18648
							],
							[
								-84.07687,
								32.18651
							],
							[
								-84.07691,
								32.18656
							],
							[
								-84.07705,
								32.1866
							],
							[
								-84.07731,
								32.18666
							],
							[
								-84.07741,
								32.18676
							],
							[
								-84.07761,
								32.18686
							],
							[
								-84.07766,
								32.18684
							],
							[
								-84.07774,
								32.18682
							],
							[
								-84.07781,
								32.1868
							],
							[
								-84.07783,
								32.18679
							],
							[
								-84.07787,
								32.18677
							],
							[
								-84.07792,
								32.18677
							],
							[
								-84.07799,
								32.18679
							],
							[
								-84.07821,
								32.18686
							],
							[
								-84.07827,
								32.18686
							],
							[
								-84.07828,
								32.18686
							],
							[
								-84.0784,
								32.18686
							],
							[
								-84.07842,
								32.18686
							],
							[
								-84.07851,
								32.18686
							],
							[
								-84.07868,
								32.18677
							],
							[
								-84.07869,
								32.18677
							],
							[
								-84.07891,
								32.18666
							],
							[
								-84.07899,
								32.18658
							],
							[
								-84.07901,
								32.18656
							],
							[
								-84.07931,
								32.18656
							],
							[
								-84.07941,
								32.18656
							],
							[
								-84.07947,
								32.18656
							],
							[
								-84.0795,
								32.18656
							],
							[
								-84.07954,
								32.18659
							],
							[
								-84.07968,
								32.18674
							],
							[
								-84.07977,
								32.18683
							],
							[
								-84.07983,
								32.18688
							],
							[
								-84.07994,
								32.187
							],
							[
								-84.07995,
								32.18701
							],
							[
								-84.07997,
								32.18703
							],
							[
								-84.08001,
								32.18706
							],
							[
								-84.08016,
								32.18698
							],
							[
								-84.08021,
								32.18696
							],
							[
								-84.08021,
								32.18699
							],
							[
								-84.08021,
								32.18702
							],
							[
								-84.08021,
								32.18706
							],
							[
								-84.08028,
								32.1871
							],
							[
								-84.08041,
								32.18716
							],
							[
								-84.08061,
								32.18716
							],
							[
								-84.08074,
								32.18734
							],
							[
								-84.08078,
								32.18739
							],
							[
								-84.08081,
								32.18743
							],
							[
								-84.08082,
								32.18745
							],
							[
								-84.08085,
								32.18745
							],
							[
								-84.08088,
								32.18745
							],
							[
								-84.08101,
								32.18746
							],
							[
								-84.08104,
								32.18744
							],
							[
								-84.08115,
								32.18739
							],
							[
								-84.08121,
								32.18736
							],
							[
								-84.08122,
								32.18737
							],
							[
								-84.08123,
								32.18738
							],
							[
								-84.08126,
								32.18741
							],
							[
								-84.08131,
								32.18746
							],
							[
								-84.08136,
								32.18757
							],
							[
								-84.08141,
								32.18766
							],
							[
								-84.08151,
								32.18776
							],
							[
								-84.08148,
								32.18779
							],
							[
								-84.08144,
								32.18783
							],
							[
								-84.0814,
								32.18787
							],
							[
								-84.08131,
								32.18798
							],
							[
								-84.0813,
								32.18798
							],
							[
								-84.08131,
								32.18802
							],
							[
								-84.08131,
								32.18805
							],
							[
								-84.08131,
								32.18806
							],
							[
								-84.08137,
								32.18806
							],
							[
								-84.0814,
								32.18806
							],
							[
								-84.08143,
								32.18806
							],
							[
								-84.08149,
								32.18806
							],
							[
								-84.08163,
								32.18806
							],
							[
								-84.08167,
								32.18806
							],
							[
								-84.08171,
								32.18806
							],
							[
								-84.08186,
								32.18806
							],
							[
								-84.08191,
								32.18806
							],
							[
								-84.08211,
								32.18816
							],
							[
								-84.08215,
								32.18828
							],
							[
								-84.08221,
								32.18846
							],
							[
								-84.08221,
								32.18856
							],
							[
								-84.08231,
								32.18861
							],
							[
								-84.08241,
								32.18866
							],
							[
								-84.08241,
								32.18876
							],
							[
								-84.08241,
								32.18896
							],
							[
								-84.08231,
								32.18926
							],
							[
								-84.08232,
								32.18929
							],
							[
								-84.08235,
								32.18935
							],
							[
								-84.08241,
								32.18946
							],
							[
								-84.08251,
								32.18966
							],
							[
								-84.08251,
								32.18981
							],
							[
								-84.08251,
								32.18986
							],
							[
								-84.08258,
								32.18986
							],
							[
								-84.08261,
								32.18986
							],
							[
								-84.08271,
								32.18976
							],
							[
								-84.08274,
								32.18974
							],
							[
								-84.08278,
								32.18971
							],
							[
								-84.0828,
								32.1897
							],
							[
								-84.08289,
								32.18964
							],
							[
								-84.08297,
								32.18959
							],
							[
								-84.08301,
								32.18956
							],
							[
								-84.08302,
								32.18958
							],
							[
								-84.08308,
								32.18964
							],
							[
								-84.08321,
								32.18976
							],
							[
								-84.08323,
								32.18976
							],
							[
								-84.08329,
								32.18976
							],
							[
								-84.08332,
								32.18976
							],
							[
								-84.08334,
								32.18976
							],
							[
								-84.08341,
								32.18976
							],
							[
								-84.08343,
								32.18978
							],
							[
								-84.0835,
								32.18986
							],
							[
								-84.0835,
								32.18991
							],
							[
								-84.08351,
								32.18996
							],
							[
								-84.08352,
								32.18997
							],
							[
								-84.08354,
								32.18998
							],
							[
								-84.0837,
								32.19006
							],
							[
								-84.08371,
								32.19006
							],
							[
								-84.0838,
								32.19015
							],
							[
								-84.08381,
								32.19016
							],
							[
								-84.08378,
								32.19021
							],
							[
								-84.08371,
								32.19036
							],
							[
								-84.08371,
								32.19046
							],
							[
								-84.08384,
								32.19059
							],
							[
								-84.08391,
								32.19066
							],
							[
								-84.08401,
								32.19076
							],
							[
								-84.0841,
								32.19086
							],
							[
								-84.08423,
								32.19099
							],
							[
								-84.08431,
								32.19106
							],
							[
								-84.08432,
								32.19107
							],
							[
								-84.08441,
								32.19111
							],
							[
								-84.0845,
								32.19116
							],
							[
								-84.0845,
								32.19116
							],
							[
								-84.08459,
								32.19119
							],
							[
								-84.08481,
								32.19126
							],
							[
								-84.08531,
								32.19106
							],
							[
								-84.08559,
								32.19106
							],
							[
								-84.08571,
								32.19106
							],
							[
								-84.08577,
								32.19106
							],
							[
								-84.08583,
								32.19106
							],
							[
								-84.0859,
								32.19106
							],
							[
								-84.08613,
								32.19115
							],
							[
								-84.08618,
								32.19117
							],
							[
								-84.0864,
								32.19126
							],
							[
								-84.0867,
								32.19136
							],
							[
								-84.0871,
								32.19136
							],
							[
								-84.08733,
								32.19144
							],
							[
								-84.08737,
								32.19145
							],
							[
								-84.08741,
								32.19146
							],
							[
								-84.0875,
								32.19149
							],
							[
								-84.08771,
								32.19156
							],
							[
								-84.08773,
								32.19157
							],
							[
								-84.08774,
								32.19157
							],
							[
								-84.08786,
								32.1916
							],
							[
								-84.08811,
								32.19166
							],
							[
								-84.08822,
								32.19169
							],
							[
								-84.08851,
								32.19176
							],
							[
								-84.08879,
								32.1919
							],
							[
								-84.08884,
								32.19193
							],
							[
								-84.08891,
								32.19196
							],
							[
								-84.08907,
								32.19192
							],
							[
								-84.08931,
								32.19186
							],
							[
								-84.08941,
								32.19186
							],
							[
								-84.08971,
								32.19186
							],
							[
								-84.08978,
								32.1919
							],
							[
								-84.08991,
								32.19196
							],
							[
								-84.09019,
								32.19189
							],
							[
								-84.09031,
								32.19186
							],
							[
								-84.09051,
								32.19206
							],
							[
								-84.09088,
								32.19215
							],
							[
								-84.09121,
								32.19206
							],
							[
								-84.09158,
								32.19215
							],
							[
								-84.09165,
								32.19213
							],
							[
								-84.09168,
								32.19213
							],
							[
								-84.0917,
								32.19212
							],
							[
								-84.09171,
								32.19212
							],
							[
								-84.09174,
								32.19211
							],
							[
								-84.09194,
								32.19208
							],
							[
								-84.09201,
								32.19206
							],
							[
								-84.09213,
								32.19206
							],
							[
								-84.09221,
								32.19206
							],
							[
								-84.0924,
								32.19206
							],
							[
								-84.09245,
								32.19206
							],
							[
								-84.09271,
								32.19206
							],
							[
								-84.09281,
								32.19206
							],
							[
								-84.09293,
								32.19212
							],
							[
								-84.09301,
								32.19216
							],
							[
								-84.09321,
								32.19206
							],
							[
								-84.09326,
								32.19201
							],
							[
								-84.09331,
								32.19196
							],
							[
								-84.09341,
								32.19201
							],
							[
								-84.09351,
								32.19206
							],
							[
								-84.09361,
								32.1921
							],
							[
								-84.09381,
								32.19216
							],
							[
								-84.09392,
								32.19209
							],
							[
								-84.09411,
								32.19197
							],
							[
								-84.09418,
								32.19196
							],
							[
								-84.09421,
								32.19195
							],
							[
								-84.09441,
								32.19196
							],
							[
								-84.09448,
								32.19192
							],
							[
								-84.09461,
								32.19186
							],
							[
								-84.09491,
								32.19186
							],
							[
								-84.095,
								32.19186
							],
							[
								-84.09511,
								32.19186
							],
							[
								-84.09526,
								32.19194
							],
							[
								-84.0953,
								32.19196
							],
							[
								-84.09551,
								32.19196
							],
							[
								-84.09569,
								32.1919
							],
							[
								-84.09581,
								32.19186
							],
							[
								-84.09601,
								32.19186
							],
							[
								-84.09621,
								32.19186
							],
							[
								-84.09661,
								32.19186
							],
							[
								-84.09709,
								32.19196
							],
							[
								-84.09711,
								32.19196
							],
							[
								-84.09713,
								32.19196
							],
							[
								-84.09736,
								32.19196
							],
							[
								-84.09741,
								32.19196
							],
							[
								-84.09744,
								32.19196
							],
							[
								-84.09758,
								32.19196
							],
							[
								-84.09761,
								32.19196
							],
							[
								-84.09788,
								32.19205
							],
							[
								-84.09791,
								32.19206
							],
							[
								-84.09831,
								32.19196
							],
							[
								-84.09842,
								32.19196
							],
							[
								-84.09861,
								32.19196
							],
							[
								-84.09866,
								32.19196
							],
							[
								-84.09891,
								32.19196
							],
							[
								-84.09926,
								32.19187
							],
							[
								-84.09931,
								32.19186
							],
							[
								-84.09958,
								32.19195
							],
							[
								-84.09961,
								32.19196
							],
							[
								-84.09967,
								32.19199
							],
							[
								-84.09969,
								32.192
							],
							[
								-84.09971,
								32.19201
							],
							[
								-84.09979,
								32.19205
							],
							[
								-84.0998,
								32.19206
							],
							[
								-84.10013,
								32.19198
							],
							[
								-84.10021,
								32.19196
							],
							[
								-84.10041,
								32.19186
							],
							[
								-84.10061,
								32.19186
							],
							[
								-84.10079,
								32.19177
							],
							[
								-84.10089,
								32.19172
							],
							[
								-84.10101,
								32.19166
							],
							[
								-84.10131,
								32.19166
							],
							[
								-84.10161,
								32.19136
							],
							[
								-84.10166,
								32.19136
							],
							[
								-84.10172,
								32.19136
							],
							[
								-84.10181,
								32.19136
							],
							[
								-84.10192,
								32.19147
							],
							[
								-84.10197,
								32.19152
							],
							[
								-84.10201,
								32.19156
							],
							[
								-84.10231,
								32.19146
							],
							[
								-84.10251,
								32.19146
							],
							[
								-84.10261,
								32.19146
							],
							[
								-84.10271,
								32.19141
							],
							[
								-84.10281,
								32.19136
							],
							[
								-84.10288,
								32.19136
							],
							[
								-84.10301,
								32.19136
							],
							[
								-84.10305,
								32.19132
							],
							[
								-84.10311,
								32.19126
							],
							[
								-84.10321,
								32.19133
							],
							[
								-84.10322,
								32.19134
							],
							[
								-84.10331,
								32.19136
							],
							[
								-84.10353,
								32.19121
							],
							[
								-84.10356,
								32.19123
							],
							[
								-84.1037,
								32.19126
							],
							[
								-84.10375,
								32.19126
							],
							[
								-84.10381,
								32.19126
							],
							[
								-84.10421,
								32.19116
							],
							[
								-84.10445,
								32.19121
							],
							[
								-84.10471,
								32.19126
							],
							[
								-84.10501,
								32.19126
							],
							[
								-84.10511,
								32.19126
							],
							[
								-84.10521,
								32.19116
							],
							[
								-84.10531,
								32.19116
							],
							[
								-84.10541,
								32.19096
							],
							[
								-84.10571,
								32.19096
							],
							[
								-84.10591,
								32.19096
							],
							[
								-84.10621,
								32.19075
							],
							[
								-84.10627,
								32.19075
							],
							[
								-84.10641,
								32.19076
							],
							[
								-84.10651,
								32.19076
							],
							[
								-84.10671,
								32.19066
							],
							[
								-84.10678,
								32.19059
							],
							[
								-84.10681,
								32.19056
							],
							[
								-84.1069,
								32.19051
							],
							[
								-84.10721,
								32.19036
							],
							[
								-84.10734,
								32.19038
							],
							[
								-84.10738,
								32.19038
							],
							[
								-84.10744,
								32.1904
							],
							[
								-84.10754,
								32.19041
							],
							[
								-84.10763,
								32.19042
							],
							[
								-84.1079,
								32.19046
							],
							[
								-84.10799,
								32.19047
							],
							[
								-84.10804,
								32.19048
							],
							[
								-84.1081,
								32.19049
							],
							[
								-84.10815,
								32.19049
							],
							[
								-84.10818,
								32.1905
							],
							[
								-84.1082,
								32.1905
							],
							[
								-84.10844,
								32.19054
							],
							[
								-84.1085,
								32.19055
							],
							[
								-84.10861,
								32.19056
							],
							[
								-84.1087,
								32.19056
							],
							[
								-84.10881,
								32.19056
							],
							[
								-84.10911,
								32.19056
							],
							[
								-84.10914,
								32.19053
							],
							[
								-84.10927,
								32.1904
							],
							[
								-84.1094,
								32.19027
							],
							[
								-84.10956,
								32.19042
							],
							[
								-84.10961,
								32.19046
							],
							[
								-84.10961,
								32.19055
							],
							[
								-84.10961,
								32.19066
							],
							[
								-84.10966,
								32.19066
							],
							[
								-84.10979,
								32.19066
							],
							[
								-84.10992,
								32.19065
							],
							[
								-84.11021,
								32.19056
							],
							[
								-84.11047,
								32.19056
							],
							[
								-84.11051,
								32.19056
							],
							[
								-84.11063,
								32.19062
							],
							[
								-84.11091,
								32.19076
							],
							[
								-84.11095,
								32.19084
							],
							[
								-84.11099,
								32.19093
							],
							[
								-84.11101,
								32.19096
							],
							[
								-84.11106,
								32.19098
							],
							[
								-84.11131,
								32.19106
							],
							[
								-84.11169,
								32.19094
							],
							[
								-84.11176,
								32.19098
							],
							[
								-84.11192,
								32.19099
							],
							[
								-84.11194,
								32.19098
							],
							[
								-84.11211,
								32.19106
							],
							[
								-84.11227,
								32.19101
							],
							[
								-84.1124,
								32.19097
							],
							[
								-84.11242,
								32.19096
							],
							[
								-84.11248,
								32.19096
							],
							[
								-84.11249,
								32.19096
							],
							[
								-84.11266,
								32.19096
							],
							[
								-84.11268,
								32.19096
							],
							[
								-84.1128,
								32.19096
							],
							[
								-84.11293,
								32.19084
							],
							[
								-84.11301,
								32.19076
							],
							[
								-84.1132,
								32.19066
							],
							[
								-84.11329,
								32.19057
							],
							[
								-84.11331,
								32.19056
							],
							[
								-84.11371,
								32.19049
							],
							[
								-84.11391,
								32.19046
							],
							[
								-84.11421,
								32.19056
							],
							[
								-84.11436,
								32.19056
							],
							[
								-84.11461,
								32.19056
							],
							[
								-84.11472,
								32.19045
							],
							[
								-84.11481,
								32.19036
							],
							[
								-84.11495,
								32.19031
							],
							[
								-84.11511,
								32.19026
							],
							[
								-84.11514,
								32.19027
							],
							[
								-84.11551,
								32.19036
							],
							[
								-84.11586,
								32.19029
							],
							[
								-84.11589,
								32.19028
							],
							[
								-84.11601,
								32.19026
							],
							[
								-84.11619,
								32.19032
							],
							[
								-84.11622,
								32.19033
							],
							[
								-84.1163,
								32.19036
							],
							[
								-84.11646,
								32.19036
							],
							[
								-84.11659,
								32.19037
							],
							[
								-84.11681,
								32.19026
							],
							[
								-84.11695,
								32.19033
							],
							[
								-84.11697,
								32.19034
							],
							[
								-84.11701,
								32.19036
							],
							[
								-84.11712,
								32.19031
							],
							[
								-84.11716,
								32.19028
							],
							[
								-84.11721,
								32.19026
							],
							[
								-84.1173,
								32.19022
							],
							[
								-84.11741,
								32.19016
							],
							[
								-84.11748,
								32.19014
							],
							[
								-84.11771,
								32.19006
							],
							[
								-84.11785,
								32.18991
							],
							[
								-84.11787,
								32.1899
							],
							[
								-84.11791,
								32.18986
							],
							[
								-84.11802,
								32.18989
							],
							[
								-84.11811,
								32.18991
							],
							[
								-84.11822,
								32.18994
							],
							[
								-84.11831,
								32.18996
							],
							[
								-84.11838,
								32.18997
							],
							[
								-84.11841,
								32.18996
							],
							[
								-84.11843,
								32.18995
							],
							[
								-84.11861,
								32.18996
							],
							[
								-84.11884,
								32.19001
							],
							[
								-84.11885,
								32.19002
							],
							[
								-84.11901,
								32.19006
							],
							[
								-84.11911,
								32.18999
							],
							[
								-84.11916,
								32.18996
							],
							[
								-84.11931,
								32.18986
							],
							[
								-84.11934,
								32.18988
							],
							[
								-84.11951,
								32.18996
							],
							[
								-84.11959,
								32.18999
							],
							[
								-84.11973,
								32.19004
							],
							[
								-84.11978,
								32.19005
							],
							[
								-84.11981,
								32.19006
							],
							[
								-84.11987,
								32.19006
							],
							[
								-84.11999,
								32.19006
							],
							[
								-84.12011,
								32.19006
							],
							[
								-84.12018,
								32.18992
							],
							[
								-84.12019,
								32.1899
							],
							[
								-84.12027,
								32.18973
							],
							[
								-84.12031,
								32.18966
							],
							[
								-84.12036,
								32.18971
							],
							[
								-84.12041,
								32.18976
							],
							[
								-84.12048,
								32.18976
							],
							[
								-84.12056,
								32.18976
							],
							[
								-84.12071,
								32.18976
							],
							[
								-84.12078,
								32.18962
							],
							[
								-84.12081,
								32.18956
							],
							[
								-84.12088,
								32.18956
							],
							[
								-84.12101,
								32.18956
							],
							[
								-84.12131,
								32.18956
							],
							[
								-84.12144,
								32.18956
							],
							[
								-84.12159,
								32.18956
							],
							[
								-84.12191,
								32.18956
							],
							[
								-84.12193,
								32.18955
							],
							[
								-84.12194,
								32.18954
							],
							[
								-84.12196,
								32.18953
							],
							[
								-84.1223,
								32.18937
							],
							[
								-84.12256,
								32.18928
							],
							[
								-84.12261,
								32.18926
							],
							[
								-84.12291,
								32.18946
							],
							[
								-84.12301,
								32.18956
							],
							[
								-84.12331,
								32.18966
							],
							[
								-84.12341,
								32.18976
							],
							[
								-84.12353,
								32.1898
							],
							[
								-84.12371,
								32.18986
							],
							[
								-84.12388,
								32.18977
							],
							[
								-84.12391,
								32.18976
							],
							[
								-84.12414,
								32.18976
							],
							[
								-84.12421,
								32.18976
							],
							[
								-84.12444,
								32.18976
							],
							[
								-84.12451,
								32.18976
							],
							[
								-84.12461,
								32.18976
							],
							[
								-84.12465,
								32.18975
							],
							[
								-84.12467,
								32.18974
							],
							[
								-84.1248,
								32.18974
							],
							[
								-84.12492,
								32.18973
							],
							[
								-84.12496,
								32.18973
							],
							[
								-84.12512,
								32.18969
							],
							[
								-84.1252,
								32.18964
							],
							[
								-84.12525,
								32.18962
							],
							[
								-84.12533,
								32.18951
							],
							[
								-84.12546,
								32.18945
							],
							[
								-84.12558,
								32.18945
							],
							[
								-84.12574,
								32.18944
							],
							[
								-84.1259,
								32.18946
							],
							[
								-84.12605,
								32.1895
							],
							[
								-84.1262,
								32.18951
							],
							[
								-84.12647,
								32.18944
							],
							[
								-84.12663,
								32.18944
							],
							[
								-84.12676,
								32.18946
							],
							[
								-84.12701,
								32.18949
							],
							[
								-84.12716,
								32.18945
							],
							[
								-84.12734,
								32.18937
							],
							[
								-84.1275,
								32.18937
							],
							[
								-84.12762,
								32.18942
							],
							[
								-84.12775,
								32.18942
							],
							[
								-84.12777,
								32.18942
							],
							[
								-84.12785,
								32.18941
							],
							[
								-84.12793,
								32.18939
							],
							[
								-84.12839,
								32.18926
							],
							[
								-84.12851,
								32.18922
							],
							[
								-84.12917,
								32.18902
							],
							[
								-84.12948,
								32.18885
							],
							[
								-84.12965,
								32.18876
							],
							[
								-84.12978,
								32.18867
							],
							[
								-84.12989,
								32.18858
							],
							[
								-84.12998,
								32.1885
							],
							[
								-84.13003,
								32.18834
							],
							[
								-84.13012,
								32.18824
							],
							[
								-84.13033,
								32.1882
							],
							[
								-84.13049,
								32.18819
							],
							[
								-84.13062,
								32.18813
							],
							[
								-84.13069,
								32.18809
							],
							[
								-84.13076,
								32.18805
							],
							[
								-84.13091,
								32.18802
							],
							[
								-84.13101,
								32.18803
							],
							[
								-84.13106,
								32.18803
							],
							[
								-84.13129,
								32.18806
							],
							[
								-84.13152,
								32.1881
							],
							[
								-84.13167,
								32.18806
							],
							[
								-84.13179,
								32.18798
							],
							[
								-84.13186,
								32.18785
							],
							[
								-84.13189,
								32.18772
							],
							[
								-84.1319,
								32.18762
							],
							[
								-84.13197,
								32.18723
							],
							[
								-84.13201,
								32.18709
							],
							[
								-84.13207,
								32.18697
							],
							[
								-84.13211,
								32.18692
							],
							[
								-84.13216,
								32.18686
							],
							[
								-84.13225,
								32.18678
							],
							[
								-84.13241,
								32.1867
							],
							[
								-84.13259,
								32.18667
							],
							[
								-84.13291,
								32.18662
							],
							[
								-84.13306,
								32.18658
							],
							[
								-84.1332,
								32.18652
							],
							[
								-84.13334,
								32.18646
							],
							[
								-84.13344,
								32.1864
							],
							[
								-84.13382,
								32.18617
							],
							[
								-84.13394,
								32.18608
							],
							[
								-84.13412,
								32.18599
							],
							[
								-84.13424,
								32.18591
							],
							[
								-84.13434,
								32.18585
							],
							[
								-84.13446,
								32.18576
							],
							[
								-84.13456,
								32.18559
							],
							[
								-84.13474,
								32.18539
							],
							[
								-84.13472,
								32.18722
							],
							[
								-84.1347,
								32.18943
							],
							[
								-84.1347,
								32.18951
							],
							[
								-84.1347,
								32.18958
							],
							[
								-84.1347,
								32.18962
							],
							[
								-84.13467,
								32.19355
							],
							[
								-84.13466,
								32.19449
							],
							[
								-84.13466,
								32.19451
							],
							[
								-84.13466,
								32.19476
							],
							[
								-84.13465,
								32.19535
							],
							[
								-84.13465,
								32.19593
							],
							[
								-84.13464,
								32.19733
							],
							[
								-84.13463,
								32.19839
							],
							[
								-84.13462,
								32.19974
							],
							[
								-84.13457,
								32.2052
							],
							[
								-84.13457,
								32.20594
							],
							[
								-84.13456,
								32.20598
							],
							[
								-84.13452,
								32.20616
							],
							[
								-84.1345,
								32.20723
							],
							[
								-84.13438,
								32.2132
							],
							[
								-84.13437,
								32.21395
							],
							[
								-84.13421,
								32.22184
							],
							[
								-84.13421,
								32.2221
							],
							[
								-84.1341,
								32.22797
							],
							[
								-84.14964,
								32.22856
							],
							[
								-84.1507,
								32.2286
							],
							[
								-84.1509,
								32.22861
							],
							[
								-84.15713,
								32.22885
							],
							[
								-84.16266,
								32.22906
							],
							[
								-84.1632,
								32.22908
							],
							[
								-84.16333,
								32.22908
							],
							[
								-84.17076,
								32.22933
							],
							[
								-84.17196,
								32.22937
							],
							[
								-84.18166,
								32.2297
							],
							[
								-84.1817,
								32.2297
							],
							[
								-84.18174,
								32.22971
							],
							[
								-84.18177,
								32.22971
							],
							[
								-84.1818,
								32.22971
							],
							[
								-84.18185,
								32.22971
							],
							[
								-84.1819,
								32.22971
							],
							[
								-84.18662,
								32.22989
							],
							[
								-84.19729,
								32.23029
							],
							[
								-84.19768,
								32.2303
							],
							[
								-84.19979,
								32.23038
							],
							[
								-84.19987,
								32.23039
							],
							[
								-84.19992,
								32.23039
							],
							[
								-84.19994,
								32.23039
							],
							[
								-84.20021,
								32.2304
							],
							[
								-84.20484,
								32.23057
							],
							[
								-84.22014,
								32.23115
							],
							[
								-84.22014,
								32.23374
							],
							[
								-84.22014,
								32.23383
							],
							[
								-84.21995,
								32.24347
							],
							[
								-84.21994,
								32.24386
							],
							[
								-84.21981,
								32.25016
							],
							[
								-84.21966,
								32.25979
							],
							[
								-84.21966,
								32.25983
							],
							[
								-84.21962,
								32.26232
							],
							[
								-84.21954,
								32.26705
							],
							[
								-84.21954,
								32.26707
							],
							[
								-84.21941,
								32.27556
							],
							[
								-84.2194,
								32.27684
							],
							[
								-84.2194,
								32.27692
							],
							[
								-84.21937,
								32.27943
							],
							[
								-84.21937,
								32.27948
							],
							[
								-84.21925,
								32.29127
							],
							[
								-84.21925,
								32.29134
							],
							[
								-84.21925,
								32.29144
							],
							[
								-84.21921,
								32.29506
							],
							[
								-84.22775,
								32.2953
							],
							[
								-84.23105,
								32.29539
							],
							[
								-84.23597,
								32.29552
							],
							[
								-84.2362,
								32.29553
							],
							[
								-84.23622,
								32.29553
							],
							[
								-84.23624,
								32.29553
							],
							[
								-84.23632,
								32.29553
							],
							[
								-84.23638,
								32.29553
							],
							[
								-84.24156,
								32.29568
							],
							[
								-84.24441,
								32.29576
							],
							[
								-84.24721,
								32.29583
							],
							[
								-84.24723,
								32.29582
							],
							[
								-84.24733,
								32.29583
							],
							[
								-84.24736,
								32.29583
							],
							[
								-84.24738,
								32.29584
							],
							[
								-84.24769,
								32.29584
							],
							[
								-84.24801,
								32.29585
							],
							[
								-84.24812,
								32.29586
							],
							[
								-84.2498,
								32.2959
							],
							[
								-84.24991,
								32.29591
							],
							[
								-84.25093,
								32.29596
							],
							[
								-84.25512,
								32.29612
							],
							[
								-84.25591,
								32.29616
							],
							[
								-84.25586,
								32.299
							],
							[
								-84.25586,
								32.29905
							],
							[
								-84.25586,
								32.29911
							],
							[
								-84.25586,
								32.29918
							],
							[
								-84.25566,
								32.3105
							],
							[
								-84.2556,
								32.31398
							],
							[
								-84.25556,
								32.31664
							],
							[
								-84.25556,
								32.31667
							],
							[
								-84.25554,
								32.31768
							],
							[
								-84.2554,
								32.3257
							],
							[
								-84.25504,
								32.34589
							],
							[
								-84.25502,
								32.34597
							],
							[
								-84.255,
								32.34875
							],
							[
								-84.255,
								32.34879
							],
							[
								-84.25499,
								32.3499
							],
							[
								-84.25499,
								32.34992
							],
							[
								-84.25487,
								32.35672
							],
							[
								-84.25478,
								32.36239
							],
							[
								-84.25471,
								32.36626
							],
							[
								-84.25471,
								32.36628
							],
							[
								-84.25461,
								32.37205
							],
							[
								-84.25461,
								32.37408
							],
							[
								-84.25461,
								32.37515
							],
							[
								-84.25445,
								32.38153
							],
							[
								-84.25431,
								32.38665
							],
							[
								-84.25431,
								32.39081
							],
							[
								-84.25431,
								32.39086
							],
							[
								-84.25431,
								32.39557
							],
							[
								-84.25411,
								32.39576
							],
							[
								-84.25397,
								32.39583
							],
							[
								-84.25392,
								32.39585
							],
							[
								-84.25387,
								32.39586
							],
							[
								-84.25383,
								32.39588
							],
							[
								-84.25378,
								32.39591
							],
							[
								-84.25374,
								32.39594
							],
							[
								-84.25371,
								32.39598
							],
							[
								-84.25368,
								32.39602
							],
							[
								-84.25361,
								32.39613
							],
							[
								-84.25353,
								32.39626
							],
							[
								-84.25351,
								32.3963
							],
							[
								-84.25347,
								32.39638
							],
							[
								-84.25341,
								32.39646
							],
							[
								-84.25335,
								32.39653
							],
							[
								-84.25327,
								32.39659
							],
							[
								-84.25321,
								32.39663
							],
							[
								-84.25295,
								32.39678
							],
							[
								-84.25252,
								32.39712
							],
							[
								-84.2519,
								32.39769
							],
							[
								-84.25155,
								32.39807
							],
							[
								-84.25135,
								32.39831
							],
							[
								-84.25133,
								32.39832
							],
							[
								-84.25129,
								32.39838
							],
							[
								-84.25122,
								32.39845
							],
							[
								-84.25114,
								32.39851
							],
							[
								-84.2511,
								32.39854
							],
							[
								-84.25102,
								32.39857
							],
							[
								-84.25061,
								32.39871
							],
							[
								-84.25033,
								32.39885
							],
							[
								-84.24991,
								32.39904
							],
							[
								-84.24984,
								32.39908
							],
							[
								-84.24978,
								32.39912
							],
							[
								-84.24967,
								32.39921
							],
							[
								-84.24961,
								32.39926
							],
							[
								-84.24959,
								32.39928
							],
							[
								-84.24954,
								32.39934
							],
							[
								-84.24951,
								32.39938
							],
							[
								-84.24944,
								32.39945
							],
							[
								-84.2494,
								32.39948
							],
							[
								-84.24935,
								32.3995
							],
							[
								-84.24926,
								32.39954
							],
							[
								-84.24921,
								32.39955
							],
							[
								-84.24915,
								32.39956
							],
							[
								-84.24905,
								32.3996
							],
							[
								-84.24896,
								32.39964
							],
							[
								-84.24887,
								32.39969
							],
							[
								-84.24879,
								32.39975
							],
							[
								-84.24873,
								32.39982
							],
							[
								-84.2487,
								32.39986
							],
							[
								-84.24865,
								32.39994
							],
							[
								-84.24864,
								32.39999
							],
							[
								-84.24863,
								32.40003
							],
							[
								-84.24862,
								32.40008
							],
							[
								-84.24863,
								32.40017
							],
							[
								-84.24865,
								32.40021
							],
							[
								-84.24863,
								32.4003
							],
							[
								-84.2486,
								32.40039
							],
							[
								-84.24855,
								32.40047
							],
							[
								-84.2485,
								32.40055
							],
							[
								-84.24846,
								32.40058
							],
							[
								-84.2484,
								32.40064
							],
							[
								-84.2483,
								32.40066
							],
							[
								-84.24825,
								32.40067
							],
							[
								-84.24819,
								32.40067
							],
							[
								-84.24809,
								32.40067
							],
							[
								-84.24798,
								32.40066
							],
							[
								-84.24788,
								32.40062
							],
							[
								-84.24783,
								32.40061
							],
							[
								-84.24779,
								32.40058
							],
							[
								-84.24774,
								32.40056
							],
							[
								-84.24769,
								32.40055
							],
							[
								-84.24764,
								32.40054
							],
							[
								-84.24759,
								32.40054
							],
							[
								-84.24753,
								32.40055
							],
							[
								-84.24748,
								32.40056
							],
							[
								-84.24743,
								32.40057
							],
							[
								-84.24738,
								32.40057
							],
							[
								-84.24732,
								32.40056
							],
							[
								-84.24728,
								32.40054
							],
							[
								-84.24723,
								32.40052
							],
							[
								-84.24718,
								32.40048
							],
							[
								-84.24709,
								32.40043
							],
							[
								-84.24699,
								32.4004
							],
							[
								-84.24689,
								32.40037
							],
							[
								-84.24679,
								32.40036
							],
							[
								-84.24668,
								32.40036
							],
							[
								-84.24657,
								32.40037
							],
							[
								-84.24647,
								32.40039
							],
							[
								-84.24627,
								32.40045
							],
							[
								-84.24612,
								32.40048
							],
							[
								-84.24596,
								32.4005
							],
							[
								-84.24575,
								32.40052
							],
							[
								-84.24554,
								32.40052
							],
							[
								-84.24531,
								32.4005
							],
							[
								-84.2452,
								32.4005
							],
							[
								-84.2451,
								32.40052
							],
							[
								-84.24499,
								32.40054
							],
							[
								-84.24489,
								32.40057
							],
							[
								-84.2448,
								32.40061
							],
							[
								-84.24468,
								32.40067
							],
							[
								-84.24466,
								32.40068
							],
							[
								-84.24457,
								32.40072
							],
							[
								-84.24446,
								32.40074
							],
							[
								-84.24436,
								32.40075
							],
							[
								-84.24425,
								32.40074
							],
							[
								-84.2442,
								32.40073
							],
							[
								-84.24412,
								32.40071
							],
							[
								-84.24408,
								32.40068
							],
							[
								-84.24403,
								32.40066
							],
							[
								-84.24399,
								32.40064
							],
							[
								-84.24393,
								32.40063
							],
							[
								-84.24388,
								32.40062
							],
							[
								-84.24383,
								32.40062
							],
							[
								-84.24378,
								32.40063
							],
							[
								-84.24373,
								32.40064
							],
							[
								-84.24364,
								32.40068
							],
							[
								-84.24334,
								32.4008
							],
							[
								-84.24312,
								32.40093
							],
							[
								-84.243,
								32.40101
							],
							[
								-84.24295,
								32.40103
							],
							[
								-84.2429,
								32.40104
							],
							[
								-84.24285,
								32.40103
							],
							[
								-84.2428,
								32.40102
							],
							[
								-84.24276,
								32.40099
							],
							[
								-84.24274,
								32.40096
							],
							[
								-84.24272,
								32.40093
							],
							[
								-84.2423,
								32.40067
							],
							[
								-84.24219,
								32.40058
							],
							[
								-84.24209,
								32.40047
							],
							[
								-84.242,
								32.40036
							],
							[
								-84.24192,
								32.40023
							],
							[
								-84.24172,
								32.40003
							],
							[
								-84.24138,
								32.39976
							],
							[
								-84.2413,
								32.3997
							],
							[
								-84.24121,
								32.39965
							],
							[
								-84.24111,
								32.39961
							],
							[
								-84.24101,
								32.39959
							],
							[
								-84.24085,
								32.39957
							],
							[
								-84.24084,
								32.39957
							],
							[
								-84.2408,
								32.39957
							],
							[
								-84.24075,
								32.39959
							],
							[
								-84.24071,
								32.39962
							],
							[
								-84.24068,
								32.39965
							],
							[
								-84.24066,
								32.3997
							],
							[
								-84.24063,
								32.39977
							],
							[
								-84.24061,
								32.39981
							],
							[
								-84.24057,
								32.39984
							],
							[
								-84.24052,
								32.39986
							],
							[
								-84.24047,
								32.39986
							],
							[
								-84.24041,
								32.39986
							],
							[
								-84.24033,
								32.39983
							],
							[
								-84.24023,
								32.3998
							],
							[
								-84.24014,
								32.39976
							],
							[
								-84.24005,
								32.3997
							],
							[
								-84.24,
								32.39966
							],
							[
								-84.24009,
								32.39953
							],
							[
								-84.24013,
								32.39951
							],
							[
								-84.24018,
								32.39948
							],
							[
								-84.24021,
								32.39945
							],
							[
								-84.24024,
								32.39941
							],
							[
								-84.24025,
								32.39937
							],
							[
								-84.24026,
								32.39932
							],
							[
								-84.24025,
								32.39928
							],
							[
								-84.24023,
								32.39924
							],
							[
								-84.2402,
								32.3992
							],
							[
								-84.24015,
								32.39917
							],
							[
								-84.24006,
								32.39913
							],
							[
								-84.24001,
								32.39911
							],
							[
								-84.23991,
								32.39909
							],
							[
								-84.2398,
								32.39908
							],
							[
								-84.2397,
								32.3991
							],
							[
								-84.23945,
								32.39917
							],
							[
								-84.23937,
								32.39924
							],
							[
								-84.23933,
								32.39926
							],
							[
								-84.23923,
								32.3993
							],
							[
								-84.23918,
								32.39932
							],
							[
								-84.23908,
								32.39933
							],
							[
								-84.23897,
								32.39933
							],
							[
								-84.23888,
								32.39931
							],
							[
								-84.23884,
								32.39933
							],
							[
								-84.23879,
								32.39936
							],
							[
								-84.23875,
								32.39939
							],
							[
								-84.23869,
								32.39946
							],
							[
								-84.23867,
								32.3995
							],
							[
								-84.23865,
								32.39954
							],
							[
								-84.23864,
								32.39959
							],
							[
								-84.23861,
								32.39963
							],
							[
								-84.23859,
								32.39964
							],
							[
								-84.23857,
								32.39965
							],
							[
								-84.23852,
								32.39967
							],
							[
								-84.23847,
								32.39966
							],
							[
								-84.23838,
								32.39962
							],
							[
								-84.23826,
								32.39967
							],
							[
								-84.23822,
								32.39971
							],
							[
								-84.23816,
								32.39979
							],
							[
								-84.23814,
								32.39983
							],
							[
								-84.23813,
								32.39987
							],
							[
								-84.23814,
								32.39992
							],
							[
								-84.23816,
								32.39996
							],
							[
								-84.23824,
								32.40011
							],
							[
								-84.2383,
								32.40018
							],
							[
								-84.23836,
								32.40026
							],
							[
								-84.23842,
								32.40038
							],
							[
								-84.23847,
								32.40051
							],
							[
								-84.23847,
								32.40055
							],
							[
								-84.23846,
								32.4006
							],
							[
								-84.23843,
								32.40063
							],
							[
								-84.23839,
								32.40066
							],
							[
								-84.23834,
								32.40068
							],
							[
								-84.23831,
								32.40068
							],
							[
								-84.23829,
								32.40069
							],
							[
								-84.2382,
								32.40066
							],
							[
								-84.23815,
								32.40067
							],
							[
								-84.2381,
								32.40068
							],
							[
								-84.23805,
								32.4007
							],
							[
								-84.238,
								32.40072
							],
							[
								-84.23791,
								32.40079
							],
							[
								-84.23786,
								32.40081
							],
							[
								-84.23781,
								32.40082
							],
							[
								-84.23776,
								32.40082
							],
							[
								-84.2377,
								32.40081
							],
							[
								-84.23762,
								32.40076
							],
							[
								-84.23744,
								32.4007
							],
							[
								-84.23739,
								32.40069
							],
							[
								-84.23733,
								32.40069
							],
							[
								-84.23728,
								32.40069
							],
							[
								-84.23723,
								32.4007
							],
							[
								-84.23718,
								32.40071
							],
							[
								-84.23713,
								32.40073
							],
							[
								-84.23709,
								32.40076
							],
							[
								-84.23706,
								32.4008
							],
							[
								-84.23705,
								32.40084
							],
							[
								-84.23709,
								32.40096
							],
							[
								-84.2371,
								32.40101
							],
							[
								-84.2371,
								32.40105
							],
							[
								-84.23709,
								32.4011
							],
							[
								-84.23708,
								32.40114
							],
							[
								-84.23705,
								32.40118
							],
							[
								-84.23702,
								32.40122
							],
							[
								-84.23699,
								32.40125
							],
							[
								-84.23695,
								32.40128
							],
							[
								-84.2369,
								32.4013
							],
							[
								-84.23685,
								32.40131
							],
							[
								-84.2368,
								32.40132
							],
							[
								-84.23674,
								32.40131
							],
							[
								-84.23669,
								32.40131
							],
							[
								-84.23664,
								32.40129
							],
							[
								-84.23659,
								32.40128
							],
							[
								-84.23654,
								32.40125
							],
							[
								-84.2365,
								32.40123
							],
							[
								-84.23648,
								32.40121
							],
							[
								-84.23644,
								32.40118
							],
							[
								-84.23643,
								32.40117
							],
							[
								-84.23621,
								32.40101
							],
							[
								-84.23607,
								32.40095
							],
							[
								-84.23592,
								32.4009
							],
							[
								-84.23582,
								32.40087
							],
							[
								-84.23576,
								32.40087
							],
							[
								-84.23571,
								32.40085
							],
							[
								-84.23567,
								32.40083
							],
							[
								-84.23563,
								32.4008
							],
							[
								-84.2356,
								32.40077
							],
							[
								-84.23557,
								32.40073
							],
							[
								-84.23556,
								32.40063
							],
							[
								-84.23554,
								32.40058
							],
							[
								-84.23552,
								32.40054
							],
							[
								-84.23548,
								32.40051
							],
							[
								-84.23544,
								32.40048
							],
							[
								-84.23539,
								32.40047
							],
							[
								-84.2353,
								32.40046
							],
							[
								-84.23525,
								32.40047
							],
							[
								-84.2352,
								32.40048
							],
							[
								-84.23514,
								32.40048
							],
							[
								-84.23509,
								32.40046
							],
							[
								-84.23504,
								32.40045
							],
							[
								-84.235,
								32.40042
							],
							[
								-84.23497,
								32.40039
							],
							[
								-84.23493,
								32.40033
							],
							[
								-84.23488,
								32.40031
							],
							[
								-84.23483,
								32.40029
							],
							[
								-84.23478,
								32.4003
							],
							[
								-84.23473,
								32.40032
							],
							[
								-84.23469,
								32.40037
							],
							[
								-84.23467,
								32.40041
							],
							[
								-84.23464,
								32.40045
							],
							[
								-84.2346,
								32.40048
							],
							[
								-84.23458,
								32.40049
							],
							[
								-84.23456,
								32.4005
							],
							[
								-84.23453,
								32.40051
							],
							[
								-84.2345,
								32.40051
							],
							[
								-84.23445,
								32.40052
							],
							[
								-84.2344,
								32.40051
							],
							[
								-84.23436,
								32.4005
							],
							[
								-84.23414,
								32.4005
							],
							[
								-84.23354,
								32.40053
							],
							[
								-84.23343,
								32.40053
							],
							[
								-84.23333,
								32.40051
							],
							[
								-84.23323,
								32.40047
							],
							[
								-84.23318,
								32.40045
							],
							[
								-84.23304,
								32.40036
							],
							[
								-84.23295,
								32.40031
							],
							[
								-84.23285,
								32.40029
							],
							[
								-84.2328,
								32.40028
							],
							[
								-84.23274,
								32.40028
							],
							[
								-84.23264,
								32.40029
							],
							[
								-84.23255,
								32.40033
							],
							[
								-84.23245,
								32.40036
							],
							[
								-84.2324,
								32.40037
							],
							[
								-84.23229,
								32.40037
							],
							[
								-84.23219,
								32.40036
							],
							[
								-84.23213,
								32.40034
							],
							[
								-84.23202,
								32.40033
							],
							[
								-84.23192,
								32.4003
							],
							[
								-84.23177,
								32.40025
							],
							[
								-84.23173,
								32.40023
							],
							[
								-84.23169,
								32.4002
							],
							[
								-84.23164,
								32.40018
							],
							[
								-84.23159,
								32.40017
							],
							[
								-84.23153,
								32.40017
							],
							[
								-84.23143,
								32.40018
							],
							[
								-84.23117,
								32.40025
							],
							[
								-84.23088,
								32.40034
							],
							[
								-84.23073,
								32.40037
							],
							[
								-84.23058,
								32.40041
							],
							[
								-84.23043,
								32.40047
							],
							[
								-84.23032,
								32.40053
							],
							[
								-84.23,
								32.40081
							],
							[
								-84.23,
								32.40082
							],
							[
								-84.22991,
								32.40088
							],
							[
								-84.22983,
								32.40095
							],
							[
								-84.22978,
								32.40096
							],
							[
								-84.22973,
								32.40098
							],
							[
								-84.22968,
								32.40099
							],
							[
								-84.22963,
								32.40098
							],
							[
								-84.2295,
								32.40092
							],
							[
								-84.22944,
								32.40087
							],
							[
								-84.22918,
								32.40084
							],
							[
								-84.22913,
								32.40084
							],
							[
								-84.22908,
								32.40082
							],
							[
								-84.22903,
								32.4008
							],
							[
								-84.22899,
								32.40074
							],
							[
								-84.22891,
								32.40069
							],
							[
								-84.22886,
								32.40067
							],
							[
								-84.22881,
								32.40065
							],
							[
								-84.22871,
								32.40064
							],
							[
								-84.22859,
								32.40063
							],
							[
								-84.22853,
								32.40064
							],
							[
								-84.22848,
								32.40064
							],
							[
								-84.22843,
								32.40062
							],
							[
								-84.22837,
								32.40058
							],
							[
								-84.22831,
								32.40053
							],
							[
								-84.22825,
								32.4005
							],
							[
								-84.22813,
								32.40051
							],
							[
								-84.22804,
								32.40051
							],
							[
								-84.22784,
								32.4004
							],
							[
								-84.22778,
								32.4004
							],
							[
								-84.22768,
								32.40042
							],
							[
								-84.22758,
								32.40045
							],
							[
								-84.22754,
								32.40047
							],
							[
								-84.22749,
								32.4005
							],
							[
								-84.22742,
								32.40055
							],
							[
								-84.22738,
								32.40057
							],
							[
								-84.22733,
								32.40058
							],
							[
								-84.22727,
								32.40058
							],
							[
								-84.22722,
								32.40057
							],
							[
								-84.22718,
								32.40055
							],
							[
								-84.22669,
								32.40058
							],
							[
								-84.22664,
								32.40059
							],
							[
								-84.2266,
								32.4006
							],
							[
								-84.22645,
								32.40065
							],
							[
								-84.2262,
								32.40071
							],
							[
								-84.22607,
								32.4008
							],
							[
								-84.22601,
								32.40081
							],
							[
								-84.22597,
								32.40083
							],
							[
								-84.22593,
								32.40087
							],
							[
								-84.22307,
								32.40086
							],
							[
								-84.21508,
								32.40085
							],
							[
								-84.20773,
								32.40085
							],
							[
								-84.19832,
								32.40085
							],
							[
								-84.19791,
								32.40085
							],
							[
								-84.19781,
								32.401
							],
							[
								-84.19779,
								32.40102
							],
							[
								-84.19776,
								32.40107
							],
							[
								-84.19597,
								32.40353
							],
							[
								-84.18834,
								32.41403
							],
							[
								-84.18833,
								32.41405
							],
							[
								-84.18827,
								32.41413
							],
							[
								-84.18819,
								32.41423
							],
							[
								-84.18818,
								32.41426
							],
							[
								-84.18804,
								32.41444
							],
							[
								-84.18789,
								32.41465
							],
							[
								-84.18788,
								32.41467
							],
							[
								-84.18706,
								32.41579
							],
							[
								-84.18565,
								32.41774
							],
							[
								-84.18548,
								32.41797
							],
							[
								-84.18531,
								32.41821
							],
							[
								-84.18502,
								32.41862
							],
							[
								-84.18473,
								32.41902
							],
							[
								-84.18061,
								32.42478
							],
							[
								-84.17369,
								32.43445
							],
							[
								-84.16961,
								32.44016
							],
							[
								-84.16521,
								32.44631
							],
							[
								-84.16514,
								32.44641
							],
							[
								-84.15631,
								32.45875
							],
							[
								-84.15353,
								32.4626
							],
							[
								-84.14739,
								32.47111
							],
							[
								-84.14412,
								32.47562
							],
							[
								-84.14396,
								32.47585
							],
							[
								-84.1438,
								32.47608
							],
							[
								-84.14365,
								32.47627
							],
							[
								-84.14351,
								32.47646
							],
							[
								-84.13696,
								32.48554
							],
							[
								-84.1336,
								32.49019
							],
							[
								-84.13233,
								32.49195
							],
							[
								-84.13227,
								32.49204
							],
							[
								-84.12785,
								32.49816
							],
							[
								-84.12766,
								32.49842
							],
							[
								-84.12665,
								32.50015
							],
							[
								-84.12491,
								32.50248
							],
							[
								-84.12335,
								32.50451
							],
							[
								-84.1233,
								32.50457
							],
							[
								-84.12235,
								32.50592
							],
							[
								-84.12217,
								32.5059
							],
							[
								-84.12058,
								32.50577
							],
							[
								-84.11768,
								32.50557
							],
							[
								-84.11733,
								32.50555
							],
							[
								-84.1127,
								32.50567
							],
							[
								-84.11132,
								32.50572
							],
							[
								-84.11129,
								32.50727
							],
							[
								-84.11129,
								32.5073
							],
							[
								-84.11129,
								32.50802
							],
							[
								-84.11123,
								32.51412
							],
							[
								-84.10159,
								32.51414
							],
							[
								-84.09127,
								32.51415
							],
							[
								-84.08144,
								32.51417
							],
							[
								-84.07232,
								32.51418
							],
							[
								-84.07216,
								32.5219
							],
							[
								-84.06923,
								32.52193
							],
							[
								-84.06543,
								32.52194
							],
							[
								-84.0621,
								32.52195
							],
							[
								-84.06208,
								32.52195
							],
							[
								-84.06156,
								32.52196
							],
							[
								-84.06118,
								32.52195
							],
							[
								-84.06085,
								32.52193
							],
							[
								-84.06041,
								32.52187
							],
							[
								-84.05372,
								32.52201
							],
							[
								-84.05331,
								32.52202
							],
							[
								-84.05342,
								32.51984
							],
							[
								-84.05341,
								32.51973
							],
							[
								-84.05339,
								32.51963
							],
							[
								-84.05335,
								32.51925
							],
							[
								-84.05343,
								32.51747
							],
							[
								-84.05363,
								32.51351
							],
							[
								-84.05363,
								32.51331
							],
							[
								-84.03433,
								32.51348
							],
							[
								-84.03446,
								32.50015
							],
							[
								-84.03411,
								32.49745
							],
							[
								-84.02321,
								32.4973
							],
							[
								-84.02146,
								32.49727
							],
							[
								-84.0214,
								32.49727
							],
							[
								-84.02138,
								32.49727
							],
							[
								-84.02133,
								32.49727
							],
							[
								-84.02109,
								32.49727
							],
							[
								-84.02106,
								32.49727
							],
							[
								-84.02086,
								32.49726
							],
							[
								-84.0208,
								32.49726
							],
							[
								-84.02045,
								32.49726
							],
							[
								-84.02014,
								32.49726
							],
							[
								-84.01993,
								32.49725
							],
							[
								-84.01972,
								32.49725
							],
							[
								-84.01969,
								32.49725
							],
							[
								-84.01956,
								32.4972
							],
							[
								-84.01954,
								32.49719
							],
							[
								-84.01941,
								32.49715
							],
							[
								-84.01901,
								32.49705
							],
							[
								-84.01831,
								32.49695
							],
							[
								-84.01781,
								32.49695
							],
							[
								-84.01769,
								32.497
							],
							[
								-84.01758,
								32.49704
							],
							[
								-84.01731,
								32.49715
							],
							[
								-84.01728,
								32.49744
							],
							[
								-84.01727,
								32.49754
							],
							[
								-84.01722,
								32.49805
							],
							[
								-84.01741,
								32.49865
							],
							[
								-84.01734,
								32.49878
							],
							[
								-84.01731,
								32.49885
							],
							[
								-84.01761,
								32.49935
							],
							[
								-84.01771,
								32.49935
							],
							[
								-84.01805,
								32.49934
							],
							[
								-84.01881,
								32.49935
							],
							[
								-84.0191,
								32.49941
							],
							[
								-84.01913,
								32.49941
							],
							[
								-84.01931,
								32.49945
							],
							[
								-84.01931,
								32.49977
							],
							[
								-84.01931,
								32.49996
							],
							[
								-84.01931,
								32.50015
							],
							[
								-84.0196,
								32.50078
							],
							[
								-84.01989,
								32.5014
							],
							[
								-84.01991,
								32.50144
							],
							[
								-84.01999,
								32.50183
							],
							[
								-84.01931,
								32.50288
							],
							[
								-84.01881,
								32.50328
							],
							[
								-84.01868,
								32.5036
							],
							[
								-84.01872,
								32.50388
							],
							[
								-84.01892,
								32.5041
							],
							[
								-84.01944,
								32.50426
							],
							[
								-84.01963,
								32.50431
							],
							[
								-84.01968,
								32.50429
							],
							[
								-84.01995,
								32.5042
							],
							[
								-84.02026,
								32.50397
							],
							[
								-84.02087,
								32.50358
							],
							[
								-84.02165,
								32.50395
							],
							[
								-84.02172,
								32.50399
							],
							[
								-84.02199,
								32.50409
							],
							[
								-84.02208,
								32.50441
							],
							[
								-84.02228,
								32.50563
							],
							[
								-84.02192,
								32.50601
							],
							[
								-84.02155,
								32.50621
							],
							[
								-84.02109,
								32.50608
							],
							[
								-84.02068,
								32.50609
							],
							[
								-84.02041,
								32.50606
							],
							[
								-84.01981,
								32.5061
							],
							[
								-84.01945,
								32.50586
							],
							[
								-84.01939,
								32.50581
							],
							[
								-84.01934,
								32.50576
							],
							[
								-84.01922,
								32.50565
							],
							[
								-84.01892,
								32.50539
							],
							[
								-84.01863,
								32.50527
							],
							[
								-84.01826,
								32.50534
							],
							[
								-84.01802,
								32.50576
							],
							[
								-84.01813,
								32.50632
							],
							[
								-84.01815,
								32.50641
							],
							[
								-84.01807,
								32.50641
							],
							[
								-84.01799,
								32.50642
							],
							[
								-84.01781,
								32.50643
							],
							[
								-84.01774,
								32.50643
							],
							[
								-83.99991,
								32.5062
							],
							[
								-83.98743,
								32.50609
							],
							[
								-83.98739,
								32.50813
							],
							[
								-83.98729,
								32.5141
							],
							[
								-83.98729,
								32.51434
							],
							[
								-83.98509,
								32.51431
							],
							[
								-83.98052,
								32.51425
							],
							[
								-83.98008,
								32.51425
							],
							[
								-83.97869,
								32.51425
							],
							[
								-83.97121,
								32.51425
							],
							[
								-83.97115,
								32.5089
							],
							[
								-83.97114,
								32.50777
							],
							[
								-83.97111,
								32.50593
							],
							[
								-83.969,
								32.50591
							],
							[
								-83.96784,
								32.5059
							],
							[
								-83.96135,
								32.5059
							],
							[
								-83.96094,
								32.5059
							],
							[
								-83.96079,
								32.5059
							],
							[
								-83.96032,
								32.50589
							],
							[
								-83.95756,
								32.50585
							],
							[
								-83.95444,
								32.50581
							],
							[
								-83.95397,
								32.50581
							],
							[
								-83.94745,
								32.50573
							],
							[
								-83.93701,
								32.50571
							],
							[
								-83.93697,
								32.50571
							],
							[
								-83.93573,
								32.5057
							],
							[
								-83.93305,
								32.5057
							],
							[
								-83.93266,
								32.50569
							],
							[
								-83.93253,
								32.50569
							],
							[
								-83.93247,
								32.50569
							],
							[
								-83.93246,
								32.50582
							],
							[
								-83.93229,
								32.50928
							],
							[
								-83.93229,
								32.50938
							],
							[
								-83.93221,
								32.51165
							],
							[
								-83.93206,
								32.51166
							],
							[
								-83.93184,
								32.51168
							],
							[
								-83.93161,
								32.5117
							],
							[
								-83.93152,
								32.5117
							],
							[
								-83.93066,
								32.51168
							],
							[
								-83.93026,
								32.51166
							],
							[
								-83.92788,
								32.51154
							],
							[
								-83.92567,
								32.51144
							],
							[
								-83.92336,
								32.51136
							],
							[
								-83.92337,
								32.51123
							],
							[
								-83.92342,
								32.51062
							],
							[
								-83.92353,
								32.50949
							],
							[
								-83.92363,
								32.50838
							],
							[
								-83.92377,
								32.50695
							],
							[
								-83.92378,
								32.50685
							],
							[
								-83.9238,
								32.50655
							],
							[
								-83.92384,
								32.50611
							],
							[
								-83.92387,
								32.50568
							],
							[
								-83.92391,
								32.5051
							],
							[
								-83.92393,
								32.50492
							],
							[
								-83.924,
								32.50449
							],
							[
								-83.92408,
								32.50416
							],
							[
								-83.92424,
								32.50353
							],
							[
								-83.92447,
								32.50283
							],
							[
								-83.92457,
								32.5025
							],
							[
								-83.92471,
								32.50211
							],
							[
								-83.92491,
								32.50152
							],
							[
								-83.92492,
								32.50147
							],
							[
								-83.92493,
								32.50144
							],
							[
								-83.92505,
								32.50108
							],
							[
								-83.92507,
								32.50103
							],
							[
								-83.92521,
								32.50059
							],
							[
								-83.92531,
								32.50027
							],
							[
								-83.92532,
								32.50024
							],
							[
								-83.92534,
								32.50017
							],
							[
								-83.92535,
								32.50016
							],
							[
								-83.92538,
								32.50007
							],
							[
								-83.92547,
								32.49982
							],
							[
								-83.92568,
								32.49918
							],
							[
								-83.92591,
								32.49854
							],
							[
								-83.92605,
								32.49817
							],
							[
								-83.9262,
								32.49769
							],
							[
								-83.9266,
								32.49658
							],
							[
								-83.92674,
								32.49616
							],
							[
								-83.92675,
								32.49614
							],
							[
								-83.927,
								32.49544
							],
							[
								-83.92712,
								32.49512
							],
							[
								-83.92737,
								32.49443
							],
							[
								-83.92748,
								32.4941
							],
							[
								-83.9275,
								32.49403
							],
							[
								-83.92758,
								32.4938
							],
							[
								-83.92769,
								32.49348
							],
							[
								-83.92783,
								32.49312
							],
							[
								-83.92785,
								32.49304
							],
							[
								-83.92807,
								32.49242
							],
							[
								-83.92819,
								32.49208
							],
							[
								-83.92828,
								32.49182
							],
							[
								-83.92846,
								32.49131
							],
							[
								-83.92859,
								32.49099
							],
							[
								-83.92876,
								32.49049
							],
							[
								-83.92914,
								32.48919
							],
							[
								-83.92965,
								32.48796
							],
							[
								-83.92969,
								32.48783
							],
							[
								-83.92971,
								32.48778
							],
							[
								-83.92978,
								32.48759
							],
							[
								-83.92983,
								32.48747
							],
							[
								-83.92987,
								32.48734
							],
							[
								-83.92994,
								32.48716
							],
							[
								-83.93,
								32.48696
							],
							[
								-83.93044,
								32.48571
							],
							[
								-83.93075,
								32.48482
							],
							[
								-83.93112,
								32.48374
							],
							[
								-83.93095,
								32.48374
							],
							[
								-83.92904,
								32.48362
							],
							[
								-83.92302,
								32.48326
							],
							[
								-83.92294,
								32.48907
							],
							[
								-83.92283,
								32.49743
							],
							[
								-83.91069,
								32.49717
							],
							[
								-83.9099,
								32.49716
							],
							[
								-83.90293,
								32.49701
							],
							[
								-83.90254,
								32.497
							],
							[
								-83.9005,
								32.49698
							],
							[
								-83.90043,
								32.49692
							],
							[
								-83.90038,
								32.49684
							],
							[
								-83.90032,
								32.49679
							],
							[
								-83.9003,
								32.49678
							],
							[
								-83.90026,
								32.49676
							],
							[
								-83.9002,
								32.49674
							],
							[
								-83.9001,
								32.49672
							],
							[
								-83.89999,
								32.49671
							],
							[
								-83.8999,
								32.49668
							],
							[
								-83.89981,
								32.49663
							],
							[
								-83.89974,
								32.49656
							],
							[
								-83.89958,
								32.49644
							],
							[
								-83.89951,
								32.49638
							],
							[
								-83.89943,
								32.49631
							],
							[
								-83.89937,
								32.49624
							],
							[
								-83.89925,
								32.49609
							],
							[
								-83.89918,
								32.49602
							],
							[
								-83.89911,
								32.49596
							],
							[
								-83.89902,
								32.4959
							],
							[
								-83.89893,
								32.49585
							],
							[
								-83.89885,
								32.49579
							],
							[
								-83.89879,
								32.49572
							],
							[
								-83.89874,
								32.49564
							],
							[
								-83.89871,
								32.49555
							],
							[
								-83.89866,
								32.49547
							],
							[
								-83.89859,
								32.49541
							],
							[
								-83.89851,
								32.49535
							],
							[
								-83.89842,
								32.49529
							],
							[
								-83.89833,
								32.49526
							],
							[
								-83.89823,
								32.49523
							],
							[
								-83.89806,
								32.4952
							],
							[
								-83.89796,
								32.49518
							],
							[
								-83.89776,
								32.49511
							],
							[
								-83.89758,
								32.49502
							],
							[
								-83.8974,
								32.49493
							],
							[
								-83.89714,
								32.49477
							],
							[
								-83.89696,
								32.49467
							],
							[
								-83.89677,
								32.49458
							],
							[
								-83.89668,
								32.49454
							],
							[
								-83.89658,
								32.49452
							],
							[
								-83.89647,
								32.4945
							],
							[
								-83.89637,
								32.4945
							],
							[
								-83.89615,
								32.49452
							],
							[
								-83.89594,
								32.49453
							],
							[
								-83.89584,
								32.49453
							],
							[
								-83.89573,
								32.49452
							],
							[
								-83.89563,
								32.49449
							],
							[
								-83.89553,
								32.49446
							],
							[
								-83.89543,
								32.49442
							],
							[
								-83.89534,
								32.49438
							],
							[
								-83.89525,
								32.49433
							],
							[
								-83.89517,
								32.49428
							],
							[
								-83.89507,
								32.49424
							],
							[
								-83.89497,
								32.49421
							],
							[
								-83.89486,
								32.4942
							],
							[
								-83.89476,
								32.4942
							],
							[
								-83.89466,
								32.49423
							],
							[
								-83.89457,
								32.49428
							],
							[
								-83.89451,
								32.49435
							],
							[
								-83.89441,
								32.49439
							],
							[
								-83.89431,
								32.49441
							],
							[
								-83.8942,
								32.49441
							],
							[
								-83.89411,
								32.49445
							],
							[
								-83.894,
								32.49444
							],
							[
								-83.89392,
								32.49439
							],
							[
								-83.89388,
								32.49431
							],
							[
								-83.8938,
								32.49424
							],
							[
								-83.89371,
								32.4942
							],
							[
								-83.89361,
								32.49423
							],
							[
								-83.89355,
								32.4943
							],
							[
								-83.89344,
								32.49431
							],
							[
								-83.89334,
								32.4943
							],
							[
								-83.8932,
								32.49432
							],
							[
								-83.89302,
								32.49439
							],
							[
								-83.89287,
								32.49439
							],
							[
								-83.89278,
								32.49435
							],
							[
								-83.89258,
								32.49414
							],
							[
								-83.89247,
								32.49414
							],
							[
								-83.89239,
								32.49419
							],
							[
								-83.8923,
								32.49424
							],
							[
								-83.89223,
								32.49431
							],
							[
								-83.89213,
								32.49435
							],
							[
								-83.89203,
								32.49436
							],
							[
								-83.89182,
								32.4944
							],
							[
								-83.89172,
								32.49443
							],
							[
								-83.89163,
								32.49448
							],
							[
								-83.89155,
								32.49454
							],
							[
								-83.89145,
								32.49458
							],
							[
								-83.89136,
								32.49461
							],
							[
								-83.89125,
								32.49462
							],
							[
								-83.89114,
								32.49462
							],
							[
								-83.89094,
								32.49457
							],
							[
								-83.89084,
								32.49454
							],
							[
								-83.89074,
								32.49451
							],
							[
								-83.89063,
								32.4945
							],
							[
								-83.89053,
								32.49448
							],
							[
								-83.89043,
								32.49448
							],
							[
								-83.88989,
								32.49454
							],
							[
								-83.88984,
								32.49436
							],
							[
								-83.88977,
								32.49429
							],
							[
								-83.88969,
								32.49423
							],
							[
								-83.88959,
								32.4942
							],
							[
								-83.88938,
								32.4942
							],
							[
								-83.88917,
								32.49421
							],
							[
								-83.88885,
								32.4942
							],
							[
								-83.88882,
								32.4942
							],
							[
								-83.88863,
								32.49422
							],
							[
								-83.88837,
								32.49421
							],
							[
								-83.88827,
								32.49419
							],
							[
								-83.88818,
								32.49415
							],
							[
								-83.88809,
								32.4941
							],
							[
								-83.88803,
								32.49402
							],
							[
								-83.88796,
								32.49395
							],
							[
								-83.88789,
								32.49389
							],
							[
								-83.88781,
								32.49383
							],
							[
								-83.88772,
								32.49378
							],
							[
								-83.88762,
								32.49375
							],
							[
								-83.88752,
								32.49372
							],
							[
								-83.88741,
								32.4937
							],
							[
								-83.88731,
								32.4937
							],
							[
								-83.8872,
								32.49371
							],
							[
								-83.8871,
								32.49375
							],
							[
								-83.887,
								32.49377
							],
							[
								-83.8869,
								32.49379
							],
							[
								-83.88679,
								32.49379
							],
							[
								-83.88668,
								32.49378
							],
							[
								-83.88658,
								32.49377
							],
							[
								-83.88648,
								32.49374
							],
							[
								-83.88639,
								32.4937
							],
							[
								-83.88631,
								32.49364
							],
							[
								-83.88608,
								32.49335
							],
							[
								-83.88588,
								32.49312
							],
							[
								-83.88571,
								32.49289
							],
							[
								-83.88561,
								32.49274
							],
							[
								-83.88551,
								32.49258
							],
							[
								-83.88539,
								32.49242
							],
							[
								-83.88533,
								32.49235
							],
							[
								-83.88526,
								32.49228
							],
							[
								-83.88511,
								32.49215
							],
							[
								-83.88503,
								32.4921
							],
							[
								-83.88494,
								32.49205
							],
							[
								-83.88484,
								32.49201
							],
							[
								-83.88475,
								32.49198
							],
							[
								-83.88454,
								32.49194
							],
							[
								-83.88433,
								32.49193
							],
							[
								-83.88422,
								32.49193
							],
							[
								-83.88411,
								32.49193
							],
							[
								-83.88359,
								32.49199
							],
							[
								-83.88348,
								32.492
							],
							[
								-83.88341,
								32.49206
							],
							[
								-83.88331,
								32.49208
							],
							[
								-83.88322,
								32.49203
							],
							[
								-83.88303,
								32.49206
							],
							[
								-83.8828,
								32.49203
							],
							[
								-83.8827,
								32.492
							],
							[
								-83.8826,
								32.49197
							],
							[
								-83.88251,
								32.49193
							],
							[
								-83.88242,
								32.49188
							],
							[
								-83.88234,
								32.49182
							],
							[
								-83.88226,
								32.49176
							],
							[
								-83.88219,
								32.49169
							],
							[
								-83.88213,
								32.49162
							],
							[
								-83.88208,
								32.49154
							],
							[
								-83.88203,
								32.49146
							],
							[
								-83.882,
								32.49137
							],
							[
								-83.88197,
								32.49128
							],
							[
								-83.88196,
								32.49119
							],
							[
								-83.88195,
								32.49111
							],
							[
								-83.88192,
								32.49102
							],
							[
								-83.88187,
								32.49094
							],
							[
								-83.88177,
								32.4909
							],
							[
								-83.88168,
								32.49086
							],
							[
								-83.88159,
								32.4908
							],
							[
								-83.88151,
								32.49074
							],
							[
								-83.88142,
								32.4907
							],
							[
								-83.88132,
								32.49066
							],
							[
								-83.88122,
								32.49066
							],
							[
								-83.88111,
								32.49065
							],
							[
								-83.88101,
								32.49066
							],
							[
								-83.8809,
								32.49066
							],
							[
								-83.88079,
								32.49066
							],
							[
								-83.88058,
								32.49063
							],
							[
								-83.88038,
								32.49058
							],
							[
								-83.88028,
								32.49055
							],
							[
								-83.88018,
								32.49053
							],
							[
								-83.88007,
								32.49052
							],
							[
								-83.87996,
								32.49052
							],
							[
								-83.87986,
								32.49054
							],
							[
								-83.87976,
								32.49055
							],
							[
								-83.87965,
								32.49054
							],
							[
								-83.87955,
								32.49052
							],
							[
								-83.87945,
								32.49048
							],
							[
								-83.87936,
								32.49043
							],
							[
								-83.87922,
								32.49029
							],
							[
								-83.87909,
								32.49015
							],
							[
								-83.87903,
								32.49008
							],
							[
								-83.87896,
								32.49001
							],
							[
								-83.87888,
								32.48995
							],
							[
								-83.8788,
								32.48989
							],
							[
								-83.87872,
								32.48983
							],
							[
								-83.87863,
								32.48979
							],
							[
								-83.87853,
								32.48975
							],
							[
								-83.87843,
								32.48972
							],
							[
								-83.87812,
								32.48967
							],
							[
								-83.87791,
								32.48963
							],
							[
								-83.87769,
								32.4896
							],
							[
								-83.87759,
								32.48956
							],
							[
								-83.8775,
								32.48951
							],
							[
								-83.87742,
								32.48946
							],
							[
								-83.87734,
								32.4894
							],
							[
								-83.87727,
								32.48933
							],
							[
								-83.87721,
								32.48926
							],
							[
								-83.87715,
								32.48918
							],
							[
								-83.87711,
								32.4891
							],
							[
								-83.87707,
								32.48902
							],
							[
								-83.87701,
								32.48884
							],
							[
								-83.87697,
								32.48866
							],
							[
								-83.87688,
								32.48822
							],
							[
								-83.87686,
								32.48813
							],
							[
								-83.87683,
								32.48804
							],
							[
								-83.87679,
								32.48796
							],
							[
								-83.87674,
								32.48788
							],
							[
								-83.87648,
								32.48749
							],
							[
								-83.87631,
								32.48726
							],
							[
								-83.87615,
								32.48703
							],
							[
								-83.87605,
								32.48687
							],
							[
								-83.87601,
								32.48678
							],
							[
								-83.87598,
								32.4867
							],
							[
								-83.87595,
								32.48661
							],
							[
								-83.87592,
								32.48652
							],
							[
								-83.8759,
								32.48643
							],
							[
								-83.87589,
								32.48635
							],
							[
								-83.87589,
								32.48625
							],
							[
								-83.87588,
								32.48616
							],
							[
								-83.87584,
								32.48608
							],
							[
								-83.87572,
								32.48593
							],
							[
								-83.87559,
								32.48579
							],
							[
								-83.87544,
								32.48566
							],
							[
								-83.87529,
								32.48553
							],
							[
								-83.87513,
								32.48542
							],
							[
								-83.87496,
								32.48531
							],
							[
								-83.87488,
								32.48525
							],
							[
								-83.8748,
								32.48519
							],
							[
								-83.87467,
								32.48508
							],
							[
								-83.87463,
								32.485
							],
							[
								-83.87447,
								32.48457
							],
							[
								-83.87427,
								32.48396
							],
							[
								-83.87398,
								32.483
							],
							[
								-83.87395,
								32.48285
							],
							[
								-83.87376,
								32.48262
							],
							[
								-83.87365,
								32.48246
							],
							[
								-83.87361,
								32.48238
							],
							[
								-83.87358,
								32.48229
							],
							[
								-83.87356,
								32.4822
							],
							[
								-83.87356,
								32.48202
							],
							[
								-83.87355,
								32.48184
							],
							[
								-83.87352,
								32.48157
							],
							[
								-83.87349,
								32.4814
							],
							[
								-83.87344,
								32.48122
							],
							[
								-83.87341,
								32.48114
							],
							[
								-83.87337,
								32.48105
							],
							[
								-83.87332,
								32.48097
							],
							[
								-83.87327,
								32.48089
							],
							[
								-83.87313,
								32.4806
							],
							[
								-83.87297,
								32.48033
							],
							[
								-83.87283,
								32.48004
							],
							[
								-83.87255,
								32.4795
							],
							[
								-83.8725,
								32.47942
							],
							[
								-83.87245,
								32.47935
							],
							[
								-83.87239,
								32.47927
							],
							[
								-83.87232,
								32.4792
							],
							[
								-83.87225,
								32.47913
							],
							[
								-83.87217,
								32.47907
							],
							[
								-83.87209,
								32.47901
							],
							[
								-83.87191,
								32.47891
							],
							[
								-83.87173,
								32.47882
							],
							[
								-83.87154,
								32.47874
							],
							[
								-83.87134,
								32.47867
							],
							[
								-83.87114,
								32.47861
							],
							[
								-83.87094,
								32.47856
							],
							[
								-83.87073,
								32.47852
							],
							[
								-83.87052,
								32.4785
							],
							[
								-83.8702,
								32.47848
							],
							[
								-83.86999,
								32.47847
							],
							[
								-83.86988,
								32.47846
							],
							[
								-83.86978,
								32.47845
							],
							[
								-83.86967,
								32.47843
							],
							[
								-83.86957,
								32.47841
							],
							[
								-83.86947,
								32.47838
							],
							[
								-83.86927,
								32.47831
							],
							[
								-83.86917,
								32.47828
							],
							[
								-83.86897,
								32.47824
							],
							[
								-83.86876,
								32.4782
							],
							[
								-83.86834,
								32.47816
							],
							[
								-83.86823,
								32.47814
							],
							[
								-83.86813,
								32.47813
							],
							[
								-83.86802,
								32.47814
							],
							[
								-83.86762,
								32.47825
							],
							[
								-83.86758,
								32.47827
							],
							[
								-83.8675,
								32.47828
							],
							[
								-83.86732,
								32.47828
							],
							[
								-83.86709,
								32.47822
							],
							[
								-83.86668,
								32.47803
							],
							[
								-83.8664,
								32.47794
							],
							[
								-83.8661,
								32.47782
							],
							[
								-83.86549,
								32.47778
							],
							[
								-83.86536,
								32.47776
							],
							[
								-83.86525,
								32.47774
							],
							[
								-83.86515,
								32.47771
							],
							[
								-83.86505,
								32.47768
							],
							[
								-83.86496,
								32.47763
							],
							[
								-83.86487,
								32.47759
							],
							[
								-83.86478,
								32.47753
							],
							[
								-83.86471,
								32.47747
							],
							[
								-83.86463,
								32.47741
							],
							[
								-83.8645,
								32.47727
							],
							[
								-83.86436,
								32.47713
							],
							[
								-83.86413,
								32.47695
							],
							[
								-83.86396,
								32.47683
							],
							[
								-83.86379,
								32.47672
							],
							[
								-83.86362,
								32.47662
							],
							[
								-83.86334,
								32.47649
							],
							[
								-83.86324,
								32.47646
							],
							[
								-83.86314,
								32.47643
							],
							[
								-83.86304,
								32.4764
							],
							[
								-83.86293,
								32.47638
							],
							[
								-83.86283,
								32.47637
							],
							[
								-83.86272,
								32.47637
							],
							[
								-83.86262,
								32.47636
							],
							[
								-83.86251,
								32.47635
							],
							[
								-83.86241,
								32.47632
							],
							[
								-83.86221,
								32.47626
							],
							[
								-83.86201,
								32.47619
							],
							[
								-83.86183,
								32.4761
							],
							[
								-83.86165,
								32.47601
							],
							[
								-83.86146,
								32.47592
							],
							[
								-83.86136,
								32.47588
							],
							[
								-83.86116,
								32.47582
							],
							[
								-83.86075,
								32.47572
							],
							[
								-83.86035,
								32.47561
							],
							[
								-83.86001,
								32.4755
							],
							[
								-83.85988,
								32.47545
							],
							[
								-83.85973,
								32.47545
							],
							[
								-83.85962,
								32.47544
							],
							[
								-83.85952,
								32.47544
							],
							[
								-83.85941,
								32.47546
							],
							[
								-83.85931,
								32.47548
							],
							[
								-83.8592,
								32.47548
							],
							[
								-83.8591,
								32.47548
							],
							[
								-83.85899,
								32.47547
							],
							[
								-83.85889,
								32.47544
							],
							[
								-83.85878,
								32.47543
							],
							[
								-83.85857,
								32.47541
							],
							[
								-83.85847,
								32.47541
							],
							[
								-83.85836,
								32.47542
							],
							[
								-83.85826,
								32.47544
							],
							[
								-83.85815,
								32.47545
							],
							[
								-83.85805,
								32.47546
							],
							[
								-83.85794,
								32.47546
							],
							[
								-83.85783,
								32.47546
							],
							[
								-83.85762,
								32.47545
							],
							[
								-83.85731,
								32.4754
							],
							[
								-83.857,
								32.47534
							],
							[
								-83.85618,
								32.47514
							],
							[
								-83.85608,
								32.47512
							],
							[
								-83.85597,
								32.47513
							],
							[
								-83.85587,
								32.47516
							],
							[
								-83.85578,
								32.4752
							],
							[
								-83.85568,
								32.47524
							],
							[
								-83.85558,
								32.47526
							],
							[
								-83.85547,
								32.47526
							],
							[
								-83.85537,
								32.47525
							],
							[
								-83.85527,
								32.47521
							],
							[
								-83.85517,
								32.47518
							],
							[
								-83.85507,
								32.47515
							],
							[
								-83.85497,
								32.47513
							],
							[
								-83.8548,
								32.47509
							],
							[
								-83.85465,
								32.4751
							],
							[
								-83.85426,
								32.47504
							],
							[
								-83.85385,
								32.47491
							],
							[
								-83.85334,
								32.47478
							],
							[
								-83.85325,
								32.47474
							],
							[
								-83.85316,
								32.47469
							],
							[
								-83.85308,
								32.47463
							],
							[
								-83.853,
								32.47457
							],
							[
								-83.85286,
								32.47444
							],
							[
								-83.85263,
								32.47425
							],
							[
								-83.85256,
								32.47418
							],
							[
								-83.85248,
								32.47412
							],
							[
								-83.85229,
								32.47405
							],
							[
								-83.85209,
								32.47398
							],
							[
								-83.8519,
								32.47393
							],
							[
								-83.85175,
								32.47373
							],
							[
								-83.85166,
								32.47368
							],
							[
								-83.85156,
								32.47366
							],
							[
								-83.85135,
								32.4737
							],
							[
								-83.85125,
								32.47373
							],
							[
								-83.85115,
								32.47377
							],
							[
								-83.85105,
								32.47375
							],
							[
								-83.85099,
								32.47367
							],
							[
								-83.8509,
								32.47362
							],
							[
								-83.8508,
								32.47358
							],
							[
								-83.85062,
								32.47349
							],
							[
								-83.85058,
								32.47341
							],
							[
								-83.85048,
								32.47338
							],
							[
								-83.85038,
								32.47335
							],
							[
								-83.85029,
								32.4733
							],
							[
								-83.8502,
								32.47325
							],
							[
								-83.85012,
								32.47319
							],
							[
								-83.84984,
								32.47307
							],
							[
								-83.84963,
								32.47303
							],
							[
								-83.84954,
								32.47299
							],
							[
								-83.84945,
								32.47293
							],
							[
								-83.84938,
								32.47287
							],
							[
								-83.84933,
								32.47279
							],
							[
								-83.84931,
								32.4727
							],
							[
								-83.8494,
								32.47244
							],
							[
								-83.84939,
								32.47235
							],
							[
								-83.84934,
								32.47227
							],
							[
								-83.84928,
								32.4722
							],
							[
								-83.84921,
								32.47213
							],
							[
								-83.84902,
								32.47191
							],
							[
								-83.84891,
								32.47176
							],
							[
								-83.84887,
								32.47168
							],
							[
								-83.84883,
								32.47159
							],
							[
								-83.8488,
								32.47151
							],
							[
								-83.84875,
								32.47143
							],
							[
								-83.84854,
								32.47122
							],
							[
								-83.84847,
								32.47115
							],
							[
								-83.84834,
								32.47101
							],
							[
								-83.84828,
								32.47094
							],
							[
								-83.84814,
								32.47067
							],
							[
								-83.84811,
								32.47062
							],
							[
								-83.84796,
								32.47019
							],
							[
								-83.84785,
								32.46984
							],
							[
								-83.84781,
								32.46975
							],
							[
								-83.84777,
								32.46967
							],
							[
								-83.84773,
								32.46959
							],
							[
								-83.84767,
								32.46951
							],
							[
								-83.84762,
								32.46944
							],
							[
								-83.84723,
								32.46901
							],
							[
								-83.84703,
								32.4688
							],
							[
								-83.8468,
								32.46861
							],
							[
								-83.84672,
								32.46855
							],
							[
								-83.84668,
								32.46851
							],
							[
								-83.84657,
								32.46222
							],
							[
								-83.84657,
								32.46221
							],
							[
								-83.84655,
								32.46101
							],
							[
								-83.84637,
								32.44963
							],
							[
								-83.84634,
								32.44817
							],
							[
								-83.84634,
								32.44814
							],
							[
								-83.84634,
								32.44813
							],
							[
								-83.84634,
								32.44807
							],
							[
								-83.84634,
								32.44804
							],
							[
								-83.84634,
								32.44797
							],
							[
								-83.84634,
								32.44796
							],
							[
								-83.8463,
								32.44534
							],
							[
								-83.84622,
								32.44006
							],
							[
								-83.84621,
								32.44001
							],
							[
								-83.84621,
								32.43999
							],
							[
								-83.84621,
								32.4395
							],
							[
								-83.8462,
								32.43941
							],
							[
								-83.8462,
								32.43939
							],
							[
								-83.84618,
								32.43939
							],
							[
								-83.84582,
								32.43938
							],
							[
								-83.84577,
								32.43938
							],
							[
								-83.84129,
								32.43935
							],
							[
								-83.84097,
								32.43935
							],
							[
								-83.83667,
								32.43931
							],
							[
								-83.83684,
								32.42392
							],
							[
								-83.83685,
								32.42295
							]
						]
					]
				]
			}
		},
		{
			"type": "Feature",
			"properties": {
				"locationID": "cou003",
				"Location/feature name (incl. historical names)": "Catalina Island",
				"Geometry type": "polygon",
				"Geography type": "region",
				"Country": "USA",
				"Region": "",
				"State/Province": "California",
				"County": "",
				"City": "",
				"Neighborhood (incl. boroughs)": "",
				"Street address": "",
				"Notes": "",
				"Source": "",
				"songs": [
					{
						"title": "Alpha Double Negative: Going to Catalina",
						"album": "Songs for Petronius",
						"albums": [
							"Songs for Petronius",
							"Nothing for Juice"
						],
						"lyric": "[title]"
					}
				]
			},
			"geometry": {
				"type": "MultiPolygon",
				"coordinates": [
					[
						[
							[
								-118.60442,
								33.47855
							],
							[
								-118.60724,
								33.47845
							],
							[
								-118.60392,
								33.47349
							],
							[
								-118.60119,
								33.46985
							],
							[
								-118.59397,
								33.4672
							],
							[
								-118.59512,
								33.46517
							],
							[
								-118.59274,
								33.46239
							],
							[
								-118.58989,
								33.46152
							],
							[
								-118.58609,
								33.45624
							],
							[
								-118.57944,
								33.4493
							],
							[
								-118.5759,
								33.44826
							],
							[
								-118.57332,
								33.44363
							],
							[
								-118.57539,
								33.44018
							],
							[
								-118.57093,
								33.43935
							],
							[
								-118.56585,
								33.4375
							],
							[
								-118.56344,
								33.43438
							],
							[
								-118.55872,
								33.43342
							],
							[
								-118.55518,
								33.43338
							],
							[
								-118.55258,
								33.43562
							],
							[
								-118.54806,
								33.43562
							],
							[
								-118.54544,
								33.43416
							],
							[
								-118.54236,
								33.43482
							],
							[
								-118.53738,
								33.43461
							],
							[
								-118.53642,
								33.43066
							],
							[
								-118.53368,
								33.42918
							],
							[
								-118.52323,
								33.43073
							],
							[
								-118.51627,
								33.42507
							],
							[
								-118.51591,
								33.42242
							],
							[
								-118.51407,
								33.42352
							],
							[
								-118.51336,
								33.42768
							],
							[
								-118.5117,
								33.42967
							],
							[
								-118.50766,
								33.42669
							],
							[
								-118.50395,
								33.42423
							],
							[
								-118.49817,
								33.42145
							],
							[
								-118.49506,
								33.42213
							],
							[
								-118.48875,
								33.41983
							],
							[
								-118.48769,
								33.41439
							],
							[
								-118.48495,
								33.41213
							],
							[
								-118.48745,
								33.40923
							],
							[
								-118.48626,
								33.40467
							],
							[
								-118.48557,
								33.40118
							],
							[
								-118.48224,
								33.39611
							],
							[
								-118.48104,
								33.38899
							],
							[
								-118.47846,
								33.38632
							],
							[
								-118.47652,
								33.38582
							],
							[
								-118.47533,
								33.38324
							],
							[
								-118.47842,
								33.38185
							],
							[
								-118.48246,
								33.38026
							],
							[
								-118.48109,
								33.37595
							],
							[
								-118.48579,
								33.37292
							],
							[
								-118.48261,
								33.36991
							],
							[
								-118.48722,
								33.36577
							],
							[
								-118.48959,
								33.36041
							],
							[
								-118.48877,
								33.35665
							],
							[
								-118.48745,
								33.35088
							],
							[
								-118.48294,
								33.34433
							],
							[
								-118.47414,
								33.3342
							],
							[
								-118.46537,
								33.32606
							],
							[
								-118.45631,
								33.32182
							],
							[
								-118.44107,
								33.31856
							],
							[
								-118.43635,
								33.3201
							],
							[
								-118.43111,
								33.31918
							],
							[
								-118.42426,
								33.31784
							],
							[
								-118.41377,
								33.32024
							],
							[
								-118.40854,
								33.32149
							],
							[
								-118.40294,
								33.3209
							],
							[
								-118.39306,
								33.31966
							],
							[
								-118.38456,
								33.32102
							],
							[
								-118.37477,
								33.32006
							],
							[
								-118.36781,
								33.31725
							],
							[
								-118.36033,
								33.31533
							],
							[
								-118.35404,
								33.31311
							],
							[
								-118.34325,
								33.30523
							],
							[
								-118.32524,
								33.29908
							],
							[
								-118.31679,
								33.30114
							],
							[
								-118.31204,
								33.3066
							],
							[
								-118.30682,
								33.30839
							],
							[
								-118.30508,
								33.31032
							],
							[
								-118.30539,
								33.31593
							],
							[
								-118.30539,
								33.3209
							],
							[
								-118.30777,
								33.32348
							],
							[
								-118.30895,
								33.33043
							],
							[
								-118.30907,
								33.3309
							],
							[
								-118.31021,
								33.33579
							],
							[
								-118.31022,
								33.33478
							],
							[
								-118.31653,
								33.34083
							],
							[
								-118.31848,
								33.34269
							],
							[
								-118.32184,
								33.3443
							],
							[
								-118.32274,
								33.34473
							],
							[
								-118.32446,
								33.34878
							],
							[
								-118.32916,
								33.35148
							],
							[
								-118.33131,
								33.35585
							],
							[
								-118.33249,
								33.35823
							],
							[
								-118.35128,
								33.37394
							],
							[
								-118.3587,
								33.38163
							],
							[
								-118.36509,
								33.38837
							],
							[
								-118.36813,
								33.38953
							],
							[
								-118.37016,
								33.39601
							],
							[
								-118.36727,
								33.40109
							],
							[
								-118.3683,
								33.40711
							],
							[
								-118.37032,
								33.40928
							],
							[
								-118.37717,
								33.41082
							],
							[
								-118.38204,
								33.40988
							],
							[
								-118.39096,
								33.41796
							],
							[
								-118.39525,
								33.4162
							],
							[
								-118.40644,
								33.42156
							],
							[
								-118.4091,
								33.4212
							],
							[
								-118.42358,
								33.42726
							],
							[
								-118.43017,
								33.42828
							],
							[
								-118.4348,
								33.42678
							],
							[
								-118.4369,
								33.42864
							],
							[
								-118.44228,
								33.42865
							],
							[
								-118.44581,
								33.42891
							],
							[
								-118.44953,
								33.43267
							],
							[
								-118.45464,
								33.43396
							],
							[
								-118.47034,
								33.44296
							],
							[
								-118.47348,
								33.44288
							],
							[
								-118.47765,
								33.44839
							],
							[
								-118.48222,
								33.44831
							],
							[
								-118.48626,
								33.44672
							],
							[
								-118.48935,
								33.44534
							],
							[
								-118.49363,
								33.44256
							],
							[
								-118.49743,
								33.44196
							],
							[
								-118.50029,
								33.44335
							],
							[
								-118.49957,
								33.44593
							],
							[
								-118.50021,
								33.44959
							],
							[
								-118.50285,
								33.4533
							],
							[
								-118.51054,
								33.45531
							],
							[
								-118.52263,
								33.46202
							],
							[
								-118.52477,
								33.46636
							],
							[
								-118.52824,
								33.4666
							],
							[
								-118.5307,
								33.46807
							],
							[
								-118.53428,
								33.47349
							],
							[
								-118.53862,
								33.47702
							],
							[
								-118.54453,
								33.47412
							],
							[
								-118.5576,
								33.47472
							],
							[
								-118.57035,
								33.47531
							],
							[
								-118.58025,
								33.4751
							],
							[
								-118.58594,
								33.47382
							],
							[
								-118.59878,
								33.47794
							],
							[
								-118.60442,
								33.47855
							]
						]
					]
				]
			}
		},
		{
			"type": "Feature",
			"properties": {
				"locationID": "cou004",
				"Location/feature name (incl. historical names)": "Cheshire County",
				"Geometry type": "polygon",
				"Geography type": "county",
				"Country": "United Kingdom",
				"Region": "",
				"State/Province": "",
				"County": "Cheshire",
				"City": "",
				"Neighborhood (incl. boroughs)": "",
				"Street address": "",
				"Notes": "",
				"Source": "",
				"songs": [
					{
						"title": "Cheshire County",
						"album": "Nine Black Poppies",
						"albums": [
							"Nine Black Poppies"
						],
						"lyric": "[title]"
					}
				]
			},
			"geometry": {
				"type": "MultiPolygon",
				"coordinates": [
					[
						[
							[
								-1.97685,
								53.20737
							],
							[
								-1.97083,
								53.23027
							],
							[
								-1.99056,
								53.24166
							],
							[
								-1.99556,
								53.26416
							],
							[
								-1.99806,
								53.33583
							],
							[
								-2.00111,
								53.34722
							],
							[
								-2.01861,
								53.36333
							],
							[
								-2.01674,
								53.37048
							],
							[
								-2.03528,
								53.36777
							],
							[
								-2.04944,
								53.35222
							],
							[
								-2.08083,
								53.36111
							],
							[
								-2.12,
								53.35944
							],
							[
								-2.13056,
								53.35249
							],
							[
								-2.14028,
								53.32777
							],
							[
								-2.15945,
								53.32139
							],
							[
								-2.17444,
								53.33083
							],
							[
								-2.17222,
								53.33861
							],
							[
								-2.17611,
								53.34555
							],
							[
								-2.20361,
								53.35388
							],
							[
								-2.23833,
								53.355
							],
							[
								-2.26028,
								53.34499
							],
							[
								-2.28333,
								53.34222
							],
							[
								-2.31667,
								53.35999
							],
							[
								-2.36472,
								53.3625
							],
							[
								-2.395,
								53.3736
							],
							[
								-2.42877,
								53.38039
							],
							[
								-2.43414,
								53.37276
							],
							[
								-2.44702,
								53.35504
							],
							[
								-2.50903,
								53.33089
							],
							[
								-2.53158,
								53.31961
							],
							[
								-2.55493,
								53.31237
							],
							[
								-2.56942,
								53.31237
							],
							[
								-2.5807,
								53.31559
							],
							[
								-2.59036,
								53.32525
							],
							[
								-2.60566,
								53.33814
							],
							[
								-2.61371,
								53.34055
							],
							[
								-2.62901,
								53.34216
							],
							[
								-2.66283,
								53.35746
							],
							[
								-2.68056,
								53.37888
							],
							[
								-2.74111,
								53.38833
							],
							[
								-2.77222,
								53.365
							],
							[
								-2.77472,
								53.36055
							],
							[
								-2.76722,
								53.34777
							],
							[
								-2.77083,
								53.34
							],
							[
								-2.78694,
								53.33666
							],
							[
								-2.80333,
								53.34389
							],
							[
								-2.80841,
								53.32847
							],
							[
								-2.8075,
								53.32847
							],
							[
								-2.8075,
								53.32819
							],
							[
								-2.80639,
								53.32819
							],
							[
								-2.80639,
								53.32791
							],
							[
								-2.80583,
								53.32791
							],
							[
								-2.80583,
								53.32764
							],
							[
								-2.80472,
								53.32764
							],
							[
								-2.80472,
								53.32736
							],
							[
								-2.80417,
								53.32736
							],
							[
								-2.80417,
								53.32708
							],
							[
								-2.80361,
								53.32708
							],
							[
								-2.80361,
								53.32681
							],
							[
								-2.80306,
								53.32681
							],
							[
								-2.80306,
								53.32653
							],
							[
								-2.80194,
								53.32653
							],
							[
								-2.80194,
								53.32625
							],
							[
								-2.80139,
								53.32625
							],
							[
								-2.80139,
								53.32597
							],
							[
								-2.80083,
								53.32597
							],
							[
								-2.80083,
								53.32542
							],
							[
								-2.80028,
								53.32542
							],
							[
								-2.80028,
								53.32514
							],
							[
								-2.79972,
								53.32514
							],
							[
								-2.79972,
								53.32486
							],
							[
								-2.79917,
								53.32486
							],
							[
								-2.79917,
								53.32458
							],
							[
								-2.79861,
								53.32458
							],
							[
								-2.79861,
								53.32431
							],
							[
								-2.79806,
								53.32431
							],
							[
								-2.79806,
								53.32403
							],
							[
								-2.7975,
								53.32403
							],
							[
								-2.7975,
								53.32347
							],
							[
								-2.79694,
								53.32347
							],
							[
								-2.79694,
								53.32292
							],
							[
								-2.79528,
								53.32292
							],
							[
								-2.79528,
								53.32264
							],
							[
								-2.79472,
								53.32264
							],
							[
								-2.79472,
								53.32208
							],
							[
								-2.78917,
								53.32208
							],
							[
								-2.78917,
								53.32236
							],
							[
								-2.78694,
								53.32236
							],
							[
								-2.78694,
								53.32264
							],
							[
								-2.78528,
								53.32264
							],
							[
								-2.78528,
								53.32292
							],
							[
								-2.78472,
								53.32292
							],
							[
								-2.78472,
								53.32319
							],
							[
								-2.78417,
								53.32319
							],
							[
								-2.78417,
								53.32375
							],
							[
								-2.78361,
								53.32375
							],
							[
								-2.78361,
								53.32403
							],
							[
								-2.78305,
								53.32403
							],
							[
								-2.78305,
								53.32458
							],
							[
								-2.7825,
								53.32458
							],
							[
								-2.7825,
								53.32486
							],
							[
								-2.78084,
								53.32486
							],
							[
								-2.78084,
								53.325
							],
							[
								-2.78083,
								53.3257
							],
							[
								-2.78053,
								53.3257
							],
							[
								-2.78028,
								53.3257
							],
							[
								-2.78028,
								53.32626
							],
							[
								-2.78028,
								53.32653
							],
							[
								-2.78016,
								53.32653
							],
							[
								-2.77972,
								53.32653
							],
							[
								-2.77972,
								53.32681
							],
							[
								-2.77917,
								53.32681
							],
							[
								-2.77917,
								53.32736
							],
							[
								-2.77861,
								53.32736
							],
							[
								-2.77861,
								53.32791
							],
							[
								-2.77472,
								53.32791
							],
							[
								-2.77472,
								53.32764
							],
							[
								-2.76306,
								53.32764
							],
							[
								-2.76306,
								53.32736
							],
							[
								-2.76194,
								53.32736
							],
							[
								-2.76194,
								53.32681
							],
							[
								-2.76139,
								53.32681
							],
							[
								-2.76139,
								53.32625
							],
							[
								-2.76083,
								53.32625
							],
							[
								-2.76083,
								53.32486
							],
							[
								-2.76028,
								53.32486
							],
							[
								-2.76028,
								53.32458
							],
							[
								-2.75972,
								53.32458
							],
							[
								-2.75972,
								53.32431
							],
							[
								-2.75917,
								53.32431
							],
							[
								-2.75917,
								53.32347
							],
							[
								-2.75861,
								53.32347
							],
							[
								-2.75861,
								53.32264
							],
							[
								-2.75806,
								53.32264
							],
							[
								-2.75806,
								53.32153
							],
							[
								-2.7575,
								53.32153
							],
							[
								-2.7575,
								53.32097
							],
							[
								-2.75694,
								53.32097
							],
							[
								-2.75694,
								53.32069
							],
							[
								-2.75639,
								53.32069
							],
							[
								-2.75639,
								53.32014
							],
							[
								-2.75583,
								53.32014
							],
							[
								-2.75583,
								53.31986
							],
							[
								-2.75528,
								53.31986
							],
							[
								-2.75528,
								53.31958
							],
							[
								-2.75472,
								53.31958
							],
							[
								-2.75472,
								53.31903
							],
							[
								-2.75445,
								53.31903
							],
							[
								-2.75417,
								53.31903
							],
							[
								-2.75417,
								53.31875
							],
							[
								-2.75361,
								53.31875
							],
							[
								-2.75361,
								53.31847
							],
							[
								-2.75306,
								53.31847
							],
							[
								-2.75306,
								53.3182
							],
							[
								-2.7525,
								53.3182
							],
							[
								-2.7525,
								53.31764
							],
							[
								-2.75194,
								53.31764
							],
							[
								-2.75194,
								53.31736
							],
							[
								-2.75139,
								53.31736
							],
							[
								-2.75139,
								53.31708
							],
							[
								-2.75083,
								53.31708
							],
							[
								-2.75083,
								53.31681
							],
							[
								-2.74972,
								53.31681
							],
							[
								-2.74972,
								53.31653
							],
							[
								-2.74917,
								53.31653
							],
							[
								-2.74917,
								53.31625
							],
							[
								-2.74861,
								53.31625
							],
							[
								-2.74861,
								53.31597
							],
							[
								-2.74806,
								53.31597
							],
							[
								-2.74806,
								53.31569
							],
							[
								-2.7475,
								53.31569
							],
							[
								-2.7475,
								53.31514
							],
							[
								-2.74694,
								53.31514
							],
							[
								-2.74694,
								53.31486
							],
							[
								-2.74639,
								53.31486
							],
							[
								-2.74639,
								53.31458
							],
							[
								-2.74583,
								53.31458
							],
							[
								-2.74583,
								53.31403
							],
							[
								-2.74528,
								53.31403
							],
							[
								-2.74528,
								53.31347
							],
							[
								-2.74472,
								53.31347
							],
							[
								-2.74472,
								53.31236
							],
							[
								-2.74417,
								53.31236
							],
							[
								-2.74417,
								53.31153
							],
							[
								-2.74361,
								53.31153
							],
							[
								-2.74361,
								53.31097
							],
							[
								-2.74306,
								53.31097
							],
							[
								-2.74306,
								53.31014
							],
							[
								-2.7425,
								53.31014
							],
							[
								-2.7425,
								53.30986
							],
							[
								-2.74194,
								53.30986
							],
							[
								-2.74194,
								53.30931
							],
							[
								-2.74139,
								53.30931
							],
							[
								-2.74139,
								53.30875
							],
							[
								-2.74083,
								53.30875
							],
							[
								-2.74083,
								53.30847
							],
							[
								-2.74028,
								53.30847
							],
							[
								-2.74028,
								53.30819
							],
							[
								-2.73972,
								53.30819
							],
							[
								-2.73972,
								53.30792
							],
							[
								-2.73806,
								53.30792
							],
							[
								-2.73806,
								53.30764
							],
							[
								-2.73305,
								53.30764
							],
							[
								-2.73305,
								53.30736
							],
							[
								-2.7325,
								53.30736
							],
							[
								-2.7325,
								53.3068
							],
							[
								-2.73305,
								53.3068
							],
							[
								-2.73305,
								53.30653
							],
							[
								-2.73861,
								53.30653
							],
							[
								-2.73861,
								53.3068
							],
							[
								-2.74028,
								53.3068
							],
							[
								-2.74028,
								53.30708
							],
							[
								-2.74083,
								53.30708
							],
							[
								-2.74083,
								53.30736
							],
							[
								-2.74194,
								53.30736
							],
							[
								-2.74194,
								53.30764
							],
							[
								-2.7425,
								53.30764
							],
							[
								-2.7425,
								53.30792
							],
							[
								-2.74306,
								53.30792
							],
							[
								-2.74306,
								53.30847
							],
							[
								-2.74361,
								53.30847
							],
							[
								-2.74361,
								53.30903
							],
							[
								-2.74417,
								53.30903
							],
							[
								-2.74417,
								53.30958
							],
							[
								-2.74472,
								53.30958
							],
							[
								-2.74472,
								53.30986
							],
							[
								-2.74528,
								53.30986
							],
							[
								-2.74528,
								53.3107
							],
							[
								-2.74583,
								53.3107
							],
							[
								-2.74583,
								53.31125
							],
							[
								-2.74639,
								53.31125
							],
							[
								-2.74639,
								53.31208
							],
							[
								-2.75028,
								53.31208
							],
							[
								-2.75028,
								53.31236
							],
							[
								-2.75083,
								53.31236
							],
							[
								-2.75083,
								53.31292
							],
							[
								-2.75139,
								53.31292
							],
							[
								-2.75139,
								53.31319
							],
							[
								-2.75194,
								53.31319
							],
							[
								-2.75194,
								53.31292
							],
							[
								-2.7525,
								53.31292
							],
							[
								-2.7525,
								53.31264
							],
							[
								-2.75306,
								53.31264
							],
							[
								-2.75306,
								53.31236
							],
							[
								-2.75361,
								53.31236
							],
							[
								-2.75361,
								53.31208
							],
							[
								-2.75417,
								53.31208
							],
							[
								-2.75417,
								53.31153
							],
							[
								-2.75528,
								53.31153
							],
							[
								-2.75528,
								53.31125
							],
							[
								-2.75583,
								53.31125
							],
							[
								-2.75583,
								53.31097
							],
							[
								-2.75639,
								53.31097
							],
							[
								-2.75639,
								53.3107
							],
							[
								-2.75694,
								53.3107
							],
							[
								-2.75694,
								53.31042
							],
							[
								-2.75806,
								53.31042
							],
							[
								-2.75806,
								53.31014
							],
							[
								-2.75861,
								53.31014
							],
							[
								-2.75861,
								53.30986
							],
							[
								-2.76028,
								53.30986
							],
							[
								-2.76028,
								53.30958
							],
							[
								-2.76139,
								53.30958
							],
							[
								-2.76139,
								53.30903
							],
							[
								-2.7625,
								53.30903
							],
							[
								-2.7625,
								53.30847
							],
							[
								-2.76306,
								53.30847
							],
							[
								-2.76306,
								53.30819
							],
							[
								-2.76361,
								53.30819
							],
							[
								-2.76361,
								53.30792
							],
							[
								-2.76417,
								53.30792
							],
							[
								-2.76417,
								53.30764
							],
							[
								-2.76472,
								53.30764
							],
							[
								-2.76472,
								53.30736
							],
							[
								-2.76528,
								53.30736
							],
							[
								-2.76528,
								53.30708
							],
							[
								-2.76583,
								53.30708
							],
							[
								-2.76583,
								53.3068
							],
							[
								-2.76639,
								53.3068
							],
							[
								-2.76639,
								53.30653
							],
							[
								-2.7675,
								53.30653
							],
							[
								-2.7675,
								53.30625
							],
							[
								-2.76805,
								53.30625
							],
							[
								-2.76805,
								53.3057
							],
							[
								-2.76861,
								53.3057
							],
							[
								-2.76861,
								53.30542
							],
							[
								-2.76972,
								53.30542
							],
							[
								-2.76972,
								53.30514
							],
							[
								-2.77028,
								53.30514
							],
							[
								-2.77028,
								53.30486
							],
							[
								-2.77139,
								53.30486
							],
							[
								-2.77139,
								53.30459
							],
							[
								-2.77194,
								53.30459
							],
							[
								-2.77194,
								53.30403
							],
							[
								-2.7725,
								53.30403
							],
							[
								-2.7725,
								53.30375
							],
							[
								-2.77361,
								53.30375
							],
							[
								-2.77361,
								53.30347
							],
							[
								-2.77417,
								53.30347
							],
							[
								-2.77417,
								53.3032
							],
							[
								-2.77528,
								53.3032
							],
							[
								-2.77528,
								53.30292
							],
							[
								-2.77583,
								53.30292
							],
							[
								-2.77583,
								53.30264
							],
							[
								-2.77694,
								53.30264
							],
							[
								-2.77694,
								53.3032
							],
							[
								-2.77639,
								53.3032
							],
							[
								-2.77639,
								53.30403
							],
							[
								-2.77694,
								53.30403
							],
							[
								-2.77694,
								53.30459
							],
							[
								-2.77806,
								53.30459
							],
							[
								-2.77806,
								53.30486
							],
							[
								-2.77917,
								53.30486
							],
							[
								-2.77917,
								53.30514
							],
							[
								-2.78194,
								53.30514
							],
							[
								-2.78194,
								53.30486
							],
							[
								-2.78528,
								53.30486
							],
							[
								-2.78528,
								53.30514
							],
							[
								-2.78805,
								53.30514
							],
							[
								-2.78805,
								53.30486
							],
							[
								-2.78861,
								53.30486
							],
							[
								-2.78861,
								53.30431
							],
							[
								-2.78917,
								53.30431
							],
							[
								-2.78917,
								53.30459
							],
							[
								-2.79028,
								53.30459
							],
							[
								-2.79028,
								53.30486
							],
							[
								-2.79139,
								53.30486
							],
							[
								-2.79139,
								53.30514
							],
							[
								-2.79195,
								53.30514
							],
							[
								-2.79195,
								53.3057
							],
							[
								-2.79305,
								53.3057
							],
							[
								-2.79305,
								53.30542
							],
							[
								-2.79361,
								53.30542
							],
							[
								-2.79361,
								53.30514
							],
							[
								-2.79417,
								53.30514
							],
							[
								-2.79417,
								53.30486
							],
							[
								-2.79583,
								53.30486
							],
							[
								-2.79583,
								53.30514
							],
							[
								-2.79861,
								53.30514
							],
							[
								-2.79861,
								53.30486
							],
							[
								-2.80028,
								53.30486
							],
							[
								-2.80028,
								53.30459
							],
							[
								-2.80083,
								53.30459
							],
							[
								-2.80083,
								53.30431
							],
							[
								-2.80139,
								53.30431
							],
							[
								-2.80139,
								53.30403
							],
							[
								-2.8025,
								53.30403
							],
							[
								-2.8025,
								53.30431
							],
							[
								-2.80306,
								53.30431
							],
							[
								-2.80306,
								53.30459
							],
							[
								-2.80361,
								53.30459
							],
							[
								-2.80361,
								53.30486
							],
							[
								-2.80472,
								53.30486
							],
							[
								-2.80472,
								53.30459
							],
							[
								-2.80694,
								53.30459
							],
							[
								-2.80694,
								53.30486
							],
							[
								-2.80861,
								53.30486
							],
							[
								-2.80861,
								53.30514
							],
							[
								-2.80917,
								53.30514
							],
							[
								-2.80917,
								53.30486
							],
							[
								-2.80972,
								53.30486
							],
							[
								-2.80972,
								53.30431
							],
							[
								-2.81083,
								53.30431
							],
							[
								-2.81083,
								53.30459
							],
							[
								-2.81139,
								53.30459
							],
							[
								-2.81139,
								53.30486
							],
							[
								-2.81195,
								53.30486
							],
							[
								-2.81195,
								53.30459
							],
							[
								-2.81305,
								53.30459
							],
							[
								-2.81305,
								53.30431
							],
							[
								-2.81417,
								53.30431
							],
							[
								-2.81417,
								53.30375
							],
							[
								-2.81472,
								53.30375
							],
							[
								-2.81472,
								53.30347
							],
							[
								-2.81528,
								53.30347
							],
							[
								-2.81528,
								53.3032
							],
							[
								-2.81583,
								53.3032
							],
							[
								-2.81583,
								53.30292
							],
							[
								-2.81639,
								53.30292
							],
							[
								-2.81639,
								53.30264
							],
							[
								-2.81695,
								53.30264
							],
							[
								-2.81695,
								53.30236
							],
							[
								-2.8175,
								53.30236
							],
							[
								-2.8175,
								53.30208
							],
							[
								-2.81861,
								53.30208
							],
							[
								-2.81861,
								53.30181
							],
							[
								-2.81917,
								53.30181
							],
							[
								-2.81917,
								53.30153
							],
							[
								-2.81972,
								53.30153
							],
							[
								-2.81972,
								53.30125
							],
							[
								-2.82028,
								53.30125
							],
							[
								-2.82028,
								53.30097
							],
							[
								-2.82083,
								53.30097
							],
							[
								-2.82083,
								53.30042
							],
							[
								-2.82139,
								53.30042
							],
							[
								-2.82139,
								53.30014
							],
							[
								-2.82194,
								53.30014
							],
							[
								-2.82194,
								53.29958
							],
							[
								-2.8225,
								53.29958
							],
							[
								-2.8225,
								53.2993
							],
							[
								-2.82306,
								53.2993
							],
							[
								-2.82306,
								53.29903
							],
							[
								-2.82361,
								53.29903
							],
							[
								-2.82361,
								53.29875
							],
							[
								-2.82472,
								53.29875
							],
							[
								-2.82472,
								53.29847
							],
							[
								-2.82639,
								53.29847
							],
							[
								-2.82639,
								53.29819
							],
							[
								-2.8275,
								53.29819
							],
							[
								-2.8275,
								53.29792
							],
							[
								-2.82806,
								53.29792
							],
							[
								-2.82806,
								53.29764
							],
							[
								-2.82861,
								53.29764
							],
							[
								-2.82861,
								53.29736
							],
							[
								-2.82972,
								53.29736
							],
							[
								-2.82972,
								53.29709
							],
							[
								-2.83083,
								53.29709
							],
							[
								-2.83083,
								53.29681
							],
							[
								-2.83139,
								53.29681
							],
							[
								-2.83139,
								53.29653
							],
							[
								-2.83194,
								53.29653
							],
							[
								-2.83194,
								53.29625
							],
							[
								-2.83306,
								53.29625
							],
							[
								-2.83306,
								53.29597
							],
							[
								-2.83417,
								53.29597
							],
							[
								-2.83417,
								53.2957
							],
							[
								-2.83528,
								53.2957
							],
							[
								-2.83528,
								53.29542
							],
							[
								-2.83583,
								53.29542
							],
							[
								-2.83583,
								53.29514
							],
							[
								-2.83639,
								53.29514
							],
							[
								-2.83639,
								53.29486
							],
							[
								-2.8375,
								53.29486
							],
							[
								-2.8375,
								53.29458
							],
							[
								-2.83806,
								53.29458
							],
							[
								-2.83806,
								53.2943
							],
							[
								-2.83861,
								53.2943
							],
							[
								-2.83861,
								53.29403
							],
							[
								-2.84139,
								53.29403
							],
							[
								-2.84139,
								53.29375
							],
							[
								-2.8425,
								53.29375
							],
							[
								-2.8425,
								53.29347
							],
							[
								-2.84306,
								53.29347
							],
							[
								-2.84306,
								53.29264
							],
							[
								-2.84361,
								53.29264
							],
							[
								-2.84361,
								53.29236
							],
							[
								-2.84417,
								53.29236
							],
							[
								-2.84417,
								53.29208
							],
							[
								-2.84639,
								53.29208
							],
							[
								-2.84639,
								53.29236
							],
							[
								-2.84694,
								53.29236
							],
							[
								-2.84694,
								53.29264
							],
							[
								-2.84861,
								53.29264
							],
							[
								-2.84861,
								53.29236
							],
							[
								-2.85083,
								53.29236
							],
							[
								-2.85083,
								53.29264
							],
							[
								-2.85194,
								53.29264
							],
							[
								-2.85194,
								53.29236
							],
							[
								-2.85206,
								53.29236
							],
							[
								-2.8525,
								53.29236
							],
							[
								-2.8525,
								53.29292
							],
							[
								-2.85306,
								53.29292
							],
							[
								-2.85306,
								53.29208
							],
							[
								-2.85361,
								53.29208
							],
							[
								-2.85361,
								53.2918
							],
							[
								-2.85472,
								53.2918
							],
							[
								-2.85472,
								53.29208
							],
							[
								-2.85694,
								53.29208
							],
							[
								-2.85694,
								53.29236
							],
							[
								-2.85806,
								53.29236
							],
							[
								-2.85806,
								53.29264
							],
							[
								-2.85917,
								53.29264
							],
							[
								-2.85917,
								53.29236
							],
							[
								-2.86139,
								53.29236
							],
							[
								-2.86139,
								53.29208
							],
							[
								-2.8625,
								53.29208
							],
							[
								-2.8625,
								53.29125
							],
							[
								-2.86305,
								53.29125
							],
							[
								-2.86305,
								53.29097
							],
							[
								-2.86361,
								53.29097
							],
							[
								-2.86361,
								53.29069
							],
							[
								-2.86417,
								53.29069
							],
							[
								-2.86417,
								53.29042
							],
							[
								-2.86472,
								53.29042
							],
							[
								-2.86472,
								53.29014
							],
							[
								-2.86639,
								53.29014
							],
							[
								-2.86639,
								53.29042
							],
							[
								-2.86694,
								53.29042
							],
							[
								-2.86694,
								53.29014
							],
							[
								-2.86917,
								53.29014
							],
							[
								-2.86917,
								53.28986
							],
							[
								-2.87083,
								53.28986
							],
							[
								-2.87083,
								53.28959
							],
							[
								-2.87139,
								53.28959
							],
							[
								-2.87139,
								53.28931
							],
							[
								-2.87583,
								53.28931
							],
							[
								-2.87583,
								53.28903
							],
							[
								-2.87639,
								53.28903
							],
							[
								-2.87639,
								53.28931
							],
							[
								-2.87806,
								53.28931
							],
							[
								-2.87806,
								53.28959
							],
							[
								-2.87861,
								53.28959
							],
							[
								-2.87861,
								53.28986
							],
							[
								-2.87917,
								53.28986
							],
							[
								-2.87917,
								53.29014
							],
							[
								-2.87972,
								53.29014
							],
							[
								-2.87972,
								53.29042
							],
							[
								-2.88083,
								53.29042
							],
							[
								-2.88083,
								53.29014
							],
							[
								-2.88194,
								53.29014
							],
							[
								-2.88194,
								53.29042
							],
							[
								-2.8825,
								53.29042
							],
							[
								-2.8825,
								53.29069
							],
							[
								-2.88306,
								53.29069
							],
							[
								-2.88306,
								53.29097
							],
							[
								-2.88417,
								53.29097
							],
							[
								-2.88417,
								53.29125
							],
							[
								-2.88472,
								53.29125
							],
							[
								-2.88472,
								53.29153
							],
							[
								-2.88528,
								53.29153
							],
							[
								-2.88528,
								53.2918
							],
							[
								-2.88583,
								53.2918
							],
							[
								-2.88583,
								53.29208
							],
							[
								-2.88694,
								53.29208
							],
							[
								-2.88694,
								53.29236
							],
							[
								-2.8875,
								53.29236
							],
							[
								-2.8875,
								53.29292
							],
							[
								-2.88861,
								53.29292
							],
							[
								-2.88861,
								53.29319
							],
							[
								-2.88972,
								53.29319
							],
							[
								-2.88972,
								53.29347
							],
							[
								-2.89028,
								53.29347
							],
							[
								-2.89028,
								53.29403
							],
							[
								-2.89083,
								53.29403
							],
							[
								-2.89083,
								53.29458
							],
							[
								-2.89139,
								53.29458
							],
							[
								-2.89139,
								53.29542
							],
							[
								-2.89195,
								53.29542
							],
							[
								-2.89195,
								53.2957
							],
							[
								-2.8925,
								53.2957
							],
							[
								-2.8925,
								53.29597
							],
							[
								-2.89305,
								53.29597
							],
							[
								-2.89305,
								53.29653
							],
							[
								-2.89361,
								53.29653
							],
							[
								-2.89361,
								53.29681
							],
							[
								-2.89417,
								53.29681
							],
							[
								-2.89417,
								53.29709
							],
							[
								-2.89472,
								53.29709
							],
							[
								-2.89472,
								53.29736
							],
							[
								-2.89528,
								53.29736
							],
							[
								-2.89528,
								53.29764
							],
							[
								-2.89583,
								53.29764
							],
							[
								-2.89583,
								53.29792
							],
							[
								-2.89639,
								53.29792
							],
							[
								-2.89639,
								53.29819
							],
							[
								-2.89695,
								53.29819
							],
							[
								-2.89695,
								53.29847
							],
							[
								-2.8975,
								53.29847
							],
							[
								-2.8975,
								53.29875
							],
							[
								-2.89805,
								53.29875
							],
							[
								-2.89805,
								53.29903
							],
							[
								-2.89861,
								53.29903
							],
							[
								-2.89861,
								53.2993
							],
							[
								-2.89917,
								53.2993
							],
							[
								-2.89917,
								53.29958
							],
							[
								-2.89972,
								53.29958
							],
							[
								-2.89972,
								53.29986
							],
							[
								-2.90028,
								53.29986
							],
							[
								-2.90028,
								53.30014
							],
							[
								-2.90083,
								53.30014
							],
							[
								-2.90083,
								53.30069
							],
							[
								-2.90139,
								53.30069
							],
							[
								-2.90139,
								53.30097
							],
							[
								-2.90194,
								53.30097
							],
							[
								-2.90194,
								53.30125
							],
							[
								-2.9025,
								53.30125
							],
							[
								-2.9025,
								53.30153
							],
							[
								-2.90583,
								53.30153
							],
							[
								-2.90583,
								53.30181
							],
							[
								-2.90639,
								53.30181
							],
							[
								-2.90639,
								53.30264
							],
							[
								-2.90694,
								53.30264
							],
							[
								-2.90694,
								53.3032
							],
							[
								-2.9075,
								53.3032
							],
							[
								-2.9075,
								53.30347
							],
							[
								-2.90861,
								53.30347
							],
							[
								-2.90861,
								53.30375
							],
							[
								-2.90917,
								53.30375
							],
							[
								-2.90917,
								53.30459
							],
							[
								-2.90972,
								53.30459
							],
							[
								-2.90972,
								53.30486
							],
							[
								-2.91028,
								53.30486
							],
							[
								-2.91028,
								53.30514
							],
							[
								-2.91083,
								53.30514
							],
							[
								-2.91083,
								53.30542
							],
							[
								-2.91194,
								53.30542
							],
							[
								-2.91194,
								53.3057
							],
							[
								-2.9125,
								53.3057
							],
							[
								-2.9125,
								53.30597
							],
							[
								-2.91361,
								53.30597
							],
							[
								-2.91361,
								53.3057
							],
							[
								-2.91472,
								53.3057
							],
							[
								-2.91472,
								53.30542
							],
							[
								-2.91583,
								53.30542
							],
							[
								-2.91583,
								53.3057
							],
							[
								-2.91695,
								53.3057
							],
							[
								-2.91695,
								53.30597
							],
							[
								-2.9175,
								53.30597
							],
							[
								-2.9175,
								53.30625
							],
							[
								-2.91917,
								53.30625
							],
							[
								-2.91917,
								53.30597
							],
							[
								-2.92028,
								53.30597
							],
							[
								-2.92028,
								53.3057
							],
							[
								-2.9225,
								53.3057
							],
							[
								-2.9225,
								53.30597
							],
							[
								-2.92361,
								53.30597
							],
							[
								-2.92361,
								53.30625
							],
							[
								-2.92417,
								53.30625
							],
							[
								-2.92417,
								53.30653
							],
							[
								-2.92472,
								53.30653
							],
							[
								-2.92472,
								53.3068
							],
							[
								-2.92499,
								53.3068
							],
							[
								-2.92829,
								53.30216
							],
							[
								-2.935,
								53.29305
							],
							[
								-2.945,
								53.28944
							],
							[
								-2.97444,
								53.29666
							],
							[
								-3.02528,
								53.29361
							],
							[
								-3.06667,
								53.30555
							],
							[
								-3.09821,
								53.28576
							],
							[
								-3.09917,
								53.28576
							],
							[
								-3.09972,
								53.28569
							],
							[
								-3.09972,
								53.28542
							],
							[
								-3.10028,
								53.28542
							],
							[
								-3.10028,
								53.28486
							],
							[
								-3.1025,
								53.28486
							],
							[
								-3.1025,
								53.28431
							],
							[
								-3.10417,
								53.28431
							],
							[
								-3.10417,
								53.28458
							],
							[
								-3.10528,
								53.28458
							],
							[
								-3.10528,
								53.28401
							],
							[
								-3.10528,
								53.28375
							],
							[
								-3.1052,
								53.28375
							],
							[
								-3.10472,
								53.28375
							],
							[
								-3.10472,
								53.28319
							],
							[
								-3.10361,
								53.28319
							],
							[
								-3.10361,
								53.28292
							],
							[
								-3.10306,
								53.28292
							],
							[
								-3.10306,
								53.28272
							],
							[
								-3.10306,
								53.28264
							],
							[
								-3.10139,
								53.28264
							],
							[
								-3.10139,
								53.28236
							],
							[
								-3.10083,
								53.28236
							],
							[
								-3.10083,
								53.28208
							],
							[
								-3.10028,
								53.28208
							],
							[
								-3.10028,
								53.28181
							],
							[
								-3.09972,
								53.28181
							],
							[
								-3.09972,
								53.28153
							],
							[
								-3.09806,
								53.28153
							],
							[
								-3.09806,
								53.28181
							],
							[
								-3.09639,
								53.28181
							],
							[
								-3.09639,
								53.28208
							],
							[
								-3.09583,
								53.28208
							],
							[
								-3.09583,
								53.28292
							],
							[
								-3.09528,
								53.28292
							],
							[
								-3.09528,
								53.28319
							],
							[
								-3.09472,
								53.28319
							],
							[
								-3.09472,
								53.28375
							],
							[
								-3.09139,
								53.28375
							],
							[
								-3.09139,
								53.28403
							],
							[
								-3.09028,
								53.28403
							],
							[
								-3.09028,
								53.28431
							],
							[
								-3.08861,
								53.28431
							],
							[
								-3.08861,
								53.28375
							],
							[
								-3.08917,
								53.28375
							],
							[
								-3.08917,
								53.28264
							],
							[
								-3.09028,
								53.28264
							],
							[
								-3.09028,
								53.28292
							],
							[
								-3.09083,
								53.28292
							],
							[
								-3.09083,
								53.28264
							],
							[
								-3.09139,
								53.28264
							],
							[
								-3.09139,
								53.28236
							],
							[
								-3.09361,
								53.28236
							],
							[
								-3.09361,
								53.28208
							],
							[
								-3.09417,
								53.28208
							],
							[
								-3.09417,
								53.28125
							],
							[
								-3.09361,
								53.28125
							],
							[
								-3.09361,
								53.28097
							],
							[
								-3.09306,
								53.28097
							],
							[
								-3.09306,
								53.28042
							],
							[
								-3.09361,
								53.28042
							],
							[
								-3.09361,
								53.27986
							],
							[
								-3.09417,
								53.27986
							],
							[
								-3.09417,
								53.27903
							],
							[
								-3.09361,
								53.27903
							],
							[
								-3.09361,
								53.27931
							],
							[
								-3.09306,
								53.27931
							],
							[
								-3.09306,
								53.27958
							],
							[
								-3.0925,
								53.27958
							],
							[
								-3.0925,
								53.27986
							],
							[
								-3.09028,
								53.27986
							],
							[
								-3.09028,
								53.28014
							],
							[
								-3.08861,
								53.28014
							],
							[
								-3.08861,
								53.27986
							],
							[
								-3.08806,
								53.27986
							],
							[
								-3.08806,
								53.27958
							],
							[
								-3.08528,
								53.27958
							],
							[
								-3.08528,
								53.27931
							],
							[
								-3.07917,
								53.27931
							],
							[
								-3.07917,
								53.27903
							],
							[
								-3.07806,
								53.27903
							],
							[
								-3.07806,
								53.27931
							],
							[
								-3.0775,
								53.27931
							],
							[
								-3.0775,
								53.27958
							],
							[
								-3.07694,
								53.27958
							],
							[
								-3.07694,
								53.27986
							],
							[
								-3.07528,
								53.27986
							],
							[
								-3.07528,
								53.27958
							],
							[
								-3.07417,
								53.27958
							],
							[
								-3.07417,
								53.27875
							],
							[
								-3.07528,
								53.27875
							],
							[
								-3.07528,
								53.27903
							],
							[
								-3.07639,
								53.27903
							],
							[
								-3.07639,
								53.27875
							],
							[
								-3.07694,
								53.27875
							],
							[
								-3.07694,
								53.27847
							],
							[
								-3.08028,
								53.27847
							],
							[
								-3.08028,
								53.27819
							],
							[
								-3.08361,
								53.27819
							],
							[
								-3.08361,
								53.27792
							],
							[
								-3.08528,
								53.27792
							],
							[
								-3.08528,
								53.27819
							],
							[
								-3.08583,
								53.27819
							],
							[
								-3.08583,
								53.27847
							],
							[
								-3.08639,
								53.27847
							],
							[
								-3.08639,
								53.27875
							],
							[
								-3.0875,
								53.27875
							],
							[
								-3.0875,
								53.27847
							],
							[
								-3.08806,
								53.27847
							],
							[
								-3.08806,
								53.27792
							],
							[
								-3.08861,
								53.27792
							],
							[
								-3.08861,
								53.27653
							],
							[
								-3.08917,
								53.27653
							],
							[
								-3.08917,
								53.27542
							],
							[
								-3.08861,
								53.27542
							],
							[
								-3.08861,
								53.2757
							],
							[
								-3.0875,
								53.2757
							],
							[
								-3.0875,
								53.27486
							],
							[
								-3.08806,
								53.27486
							],
							[
								-3.08806,
								53.27458
							],
							[
								-3.08933,
								53.27458
							],
							[
								-3.08972,
								53.27458
							],
							[
								-3.08972,
								53.27477
							],
							[
								-3.08972,
								53.27486
							],
							[
								-3.08992,
								53.27486
							],
							[
								-3.09028,
								53.27486
							],
							[
								-3.09028,
								53.27503
							],
							[
								-3.09028,
								53.27542
							],
							[
								-3.09083,
								53.27542
							],
							[
								-3.09083,
								53.2757
							],
							[
								-3.09171,
								53.2757
							],
							[
								-3.09194,
								53.2757
							],
							[
								-3.09194,
								53.27581
							],
							[
								-3.09194,
								53.27597
							],
							[
								-3.09229,
								53.27597
							],
							[
								-3.0925,
								53.27597
							],
							[
								-3.0925,
								53.27607
							],
							[
								-3.0925,
								53.27653
							],
							[
								-3.09306,
								53.27653
							],
							[
								-3.09306,
								53.27681
							],
							[
								-3.09408,
								53.27681
							],
							[
								-3.09472,
								53.27681
							],
							[
								-3.09472,
								53.27708
							],
							[
								-3.09583,
								53.27708
							],
							[
								-3.09583,
								53.27681
							],
							[
								-3.09639,
								53.27681
							],
							[
								-3.09639,
								53.27653
							],
							[
								-3.09694,
								53.27653
							],
							[
								-3.09694,
								53.27625
							],
							[
								-3.0975,
								53.27625
							],
							[
								-3.0975,
								53.27542
							],
							[
								-3.09861,
								53.27542
							],
							[
								-3.09861,
								53.27514
							],
							[
								-3.09917,
								53.27514
							],
							[
								-3.09917,
								53.27486
							],
							[
								-3.09972,
								53.27486
							],
							[
								-3.09972,
								53.27458
							],
							[
								-3.10028,
								53.27458
							],
							[
								-3.10028,
								53.27431
							],
							[
								-3.10083,
								53.27431
							],
							[
								-3.10083,
								53.27403
							],
							[
								-3.09972,
								53.27403
							],
							[
								-3.09972,
								53.27375
							],
							[
								-3.09917,
								53.27375
							],
							[
								-3.09917,
								53.27347
							],
							[
								-3.09861,
								53.27347
							],
							[
								-3.09861,
								53.27375
							],
							[
								-3.09806,
								53.27375
							],
							[
								-3.09806,
								53.27403
							],
							[
								-3.09639,
								53.27403
							],
							[
								-3.09639,
								53.27375
							],
							[
								-3.09472,
								53.27375
							],
							[
								-3.09472,
								53.27347
							],
							[
								-3.09417,
								53.27347
							],
							[
								-3.09417,
								53.27319
							],
							[
								-3.09361,
								53.27319
							],
							[
								-3.09361,
								53.27291
							],
							[
								-3.09306,
								53.27291
							],
							[
								-3.09306,
								53.27264
							],
							[
								-3.09194,
								53.27264
							],
							[
								-3.09194,
								53.27236
							],
							[
								-3.08861,
								53.27236
							],
							[
								-3.08861,
								53.27264
							],
							[
								-3.08695,
								53.27264
							],
							[
								-3.08695,
								53.27208
							],
							[
								-3.0875,
								53.27208
							],
							[
								-3.0875,
								53.27181
							],
							[
								-3.09028,
								53.27181
							],
							[
								-3.09028,
								53.27153
							],
							[
								-3.09306,
								53.27153
							],
							[
								-3.09306,
								53.27097
							],
							[
								-3.0925,
								53.27097
							],
							[
								-3.0925,
								53.27014
							],
							[
								-3.09194,
								53.27014
							],
							[
								-3.09194,
								53.26931
							],
							[
								-3.09306,
								53.26931
							],
							[
								-3.09306,
								53.26986
							],
							[
								-3.09361,
								53.26986
							],
							[
								-3.09361,
								53.2707
							],
							[
								-3.09417,
								53.2707
							],
							[
								-3.09417,
								53.27125
							],
							[
								-3.0975,
								53.27125
							],
							[
								-3.0975,
								53.27097
							],
							[
								-3.10306,
								53.27097
							],
							[
								-3.10306,
								53.26931
							],
							[
								-3.1025,
								53.26931
							],
							[
								-3.1025,
								53.2668
							],
							[
								-3.10194,
								53.2668
							],
							[
								-3.10194,
								53.26514
							],
							[
								-3.10139,
								53.26514
							],
							[
								-3.10139,
								53.26375
							],
							[
								-3.10083,
								53.26375
							],
							[
								-3.10083,
								53.2632
							],
							[
								-3.10028,
								53.2632
							],
							[
								-3.10028,
								53.26264
							],
							[
								-3.09861,
								53.26264
							],
							[
								-3.09861,
								53.26153
							],
							[
								-3.09806,
								53.26153
							],
							[
								-3.09806,
								53.26097
							],
							[
								-3.0975,
								53.26097
							],
							[
								-3.0975,
								53.26069
							],
							[
								-3.09694,
								53.26069
							],
							[
								-3.09694,
								53.26042
							],
							[
								-3.09639,
								53.26042
							],
							[
								-3.09639,
								53.25986
							],
							[
								-3.09583,
								53.25986
							],
							[
								-3.09583,
								53.2593
							],
							[
								-3.09528,
								53.2593
							],
							[
								-3.09528,
								53.25819
							],
							[
								-3.09472,
								53.25819
							],
							[
								-3.09472,
								53.25875
							],
							[
								-3.09417,
								53.25875
							],
							[
								-3.09417,
								53.25903
							],
							[
								-3.09361,
								53.25903
							],
							[
								-3.09361,
								53.2593
							],
							[
								-3.09306,
								53.2593
							],
							[
								-3.09306,
								53.25958
							],
							[
								-3.09194,
								53.25958
							],
							[
								-3.09194,
								53.25875
							],
							[
								-3.0925,
								53.25875
							],
							[
								-3.0925,
								53.25847
							],
							[
								-3.09306,
								53.25847
							],
							[
								-3.09306,
								53.25819
							],
							[
								-3.09361,
								53.25819
							],
							[
								-3.09361,
								53.25791
							],
							[
								-3.09306,
								53.25791
							],
							[
								-3.09306,
								53.25708
							],
							[
								-3.0925,
								53.25708
							],
							[
								-3.0925,
								53.25672
							],
							[
								-3.0886,
								53.26001
							],
							[
								-3.08111,
								53.25055
							],
							[
								-3.03722,
								53.25111
							],
							[
								-3.00139,
								53.23944
							],
							[
								-2.95528,
								53.21555
							],
							[
								-2.9125,
								53.18639
							],
							[
								-2.90917,
								53.17139
							],
							[
								-2.9575,
								53.15166
							],
							[
								-2.95917,
								53.14722
							],
							[
								-2.95681,
								53.14467
							],
							[
								-2.93833,
								53.12472
							],
							[
								-2.89389,
								53.10416
							],
							[
								-2.89549,
								53.10075
							],
							[
								-2.86438,
								53.0536
							],
							[
								-2.85695,
								53.03249
							],
							[
								-2.86047,
								53.02193
							],
							[
								-2.8275,
								53.00222
							],
							[
								-2.81278,
								52.98416
							],
							[
								-2.77445,
								52.98499
							],
							[
								-2.72774,
								52.96661
							],
							[
								-2.62278,
								52.98583
							],
							[
								-2.58945,
								52.97694
							],
							[
								-2.57778,
								52.95361
							],
							[
								-2.55806,
								52.95638
							],
							[
								-2.52722,
								52.94722
							],
							[
								-2.51278,
								52.96166
							],
							[
								-2.47889,
								52.95416
							],
							[
								-2.44945,
								52.95694
							],
							[
								-2.43084,
								52.965
							],
							[
								-2.42361,
								52.97861
							],
							[
								-2.37878,
								52.98961
							],
							[
								-2.36639,
								53.00027
							],
							[
								-2.37389,
								53.03722
							],
							[
								-2.36583,
								53.05222
							],
							[
								-2.33556,
								53.05611
							],
							[
								-2.30556,
								53.07916
							],
							[
								-2.27222,
								53.0775
							],
							[
								-2.24639,
								53.08389
							],
							[
								-2.2436,
								53.08589
							],
							[
								-2.20491,
								53.11367
							],
							[
								-2.15778,
								53.1475
							],
							[
								-2.13472,
								53.15028
							],
							[
								-2.13083,
								53.15778
							],
							[
								-2.14,
								53.17
							],
							[
								-2.13806,
								53.17388
							],
							[
								-2.125,
								53.175
							],
							[
								-2.10167,
								53.16583
							],
							[
								-2.06833,
								53.16583
							],
							[
								-2.03056,
								53.18472
							],
							[
								-2.00556,
								53.1861
							],
							[
								-1.97685,
								53.20737
							]
						]
					]
				]
			}
		}
	]
}